{
    "objects": [
        {
            "attributes": {
                "description": "Filebeat Okta module Kibana dashboard",
                "hits": 0,
                "kibanaSavedObjectMeta": {
                    "searchSourceJSON": "{\"query\": {\"query\": \"\", \"language\": \"kuery\"}, \"filter\": []}"
                },
                "optionsJSON": "{\"useMargins\": true, \"hidePanelTitles\": false}",
                "panelsJSON": "[{\"version\": \"8.0.0-SNAPSHOT\", \"panelIndex\": \"8013824b-5a66-494c-acc5-3df8b7678879\", \"gridData\": {\"y\": 0, \"i\": \"8013824b-5a66-494c-acc5-3df8b7678879\", \"h\": 22, \"w\": 48, \"x\": 0}, \"embeddableConfig\": {\"mapCenter\": {\"lat\": 26.54701, \"lon\": -44.69098, \"zoom\": 2.75}, \"hiddenLayers\": [], \"isLayerTOCOpen\": false, \"openTOCDetails\": []}, \"panelRefName\": \"panel_0\"}, {\"version\": \"8.0.0-SNAPSHOT\", \"panelIndex\": \"c6a66fe5-21a2-4308-8563-d4a7f5135d25\", \"gridData\": {\"y\": 22, \"i\": \"c6a66fe5-21a2-4308-8563-d4a7f5135d25\", \"h\": 11, \"w\": 10, \"x\": 0}, \"embeddableConfig\": {}, \"panelRefName\": \"panel_1\"}, {\"version\": \"8.0.0-SNAPSHOT\", \"panelIndex\": \"195db901-dc2b-4b7d-80c3-742e2712ac2a\", \"gridData\": {\"y\": 22, \"i\": \"195db901-dc2b-4b7d-80c3-742e2712ac2a\", \"h\": 11, \"w\": 9, \"x\": 10}, \"embeddableConfig\": {}, \"panelRefName\": \"panel_2\"}, {\"version\": \"8.0.0-SNAPSHOT\", \"panelIndex\": \"dc5128e2-0b4d-4dd5-bbc2-624f64467a77\", \"gridData\": {\"y\": 22, \"i\": \"dc5128e2-0b4d-4dd5-bbc2-624f64467a77\", \"h\": 11, \"w\": 19, \"x\": 29}, \"embeddableConfig\": {}, \"panelRefName\": \"panel_3\"}, {\"version\": \"8.0.0-SNAPSHOT\", \"panelIndex\": \"a25a43ed-3262-486c-a482-1fac52f26128\", \"gridData\": {\"y\": 22, \"i\": \"a25a43ed-3262-486c-a482-1fac52f26128\", \"h\": 11, \"w\": 10, \"x\": 19}, \"embeddableConfig\": {}, \"panelRefName\": \"panel_4\"}, {\"version\": \"8.0.0-SNAPSHOT\", \"panelIndex\": \"c0d5bac3-7e50-4ef9-a401-5a596ec84ee9\", \"gridData\": {\"y\": 33, \"i\": \"c0d5bac3-7e50-4ef9-a401-5a596ec84ee9\", \"h\": 16, \"w\": 48, \"x\": 0}, \"embeddableConfig\": {}, \"panelRefName\": \"panel_5\"}]",
                "timeRestore": false,
                "title": "[Filebeat Okta] Overview",
                "version": 1
            },
            "id": "749203a0-67b1-11ea-a76f-bf44814e437d",
            "migrationVersion": {
                "dashboard": "7.3.0"
            },
            "references": [
                {
                    "id": "281ca660-67b1-11ea-a76f-bf44814e437d",
                    "name": "panel_0",
                    "type": "map"
                },
                {
                    "id": "545d6a00-67ae-11ea-a76f-bf44814e437d",
                    "name": "panel_1",
                    "type": "visualization"
                },
                {
                    "id": "7c6ec080-67c6-11ea-a76f-bf44814e437d",
                    "name": "panel_2",
                    "type": "visualization"
                },
                {
                    "id": "cda883a0-67c6-11ea-a76f-bf44814e437d",
                    "name": "panel_3",
                    "type": "visualization"
                },
                {
                    "id": "0a784b30-67c7-11ea-a76f-bf44814e437d",
                    "name": "panel_4",
                    "type": "visualization"
                },
                {
                    "id": "21028750-67ca-11ea-a76f-bf44814e437d",
                    "name": "panel_5",
                    "type": "search"
                }
            ],
            "type": "dashboard",
            "updated_at": "2020-03-17T00:05:24.763Z",
            "version": "Wzk5LDJd"
        },
        {
            "attributes": {
                "bounds": {
                    "coordinates": [
                        [
                            [
                                -138.87786,
                                64.23743
                            ],
                            [
                                -138.87786,
                                -28.21681
                            ],
                            [
                                49.49591,
                                -28.21681
                            ],
                            [
                                49.49591,
                                64.23743
                            ],
                            [
                                -138.87786,
                                64.23743
                            ]
                        ]
                    ],
                    "type": "Polygon"
                },
                "description": "",
                "layerListJSON": "[{\"sourceDescriptor\":{\"type\":\"EMS_TMS\",\"isAutoSelect\":true},\"id\":\"6908e81b-1695-4445-aee4-8bc8c9f65600\",\"label\":null,\"minZoom\":0,\"maxZoom\":24,\"alpha\":1,\"visible\":true,\"style\":{},\"type\":\"VECTOR_TILE\"},{\"sourceDescriptor\":{\"id\":\"4b8bd321-4b90-4d97-83e0-2b12bf091f66\",\"geoField\":\"client.geo.location\",\"filterByMapBounds\":false,\"type\":\"ES_SEARCH\",\"tooltipProperties\":[],\"sortField\":\"\",\"sortOrder\":\"desc\",\"useTopHits\":false,\"topHitsSize\":1,\"applyGlobalQuery\":false,\"indexPatternRefName\":\"layer_1_source_index_pattern\"},\"style\":{\"type\":\"VECTOR\",\"properties\":{\"icon\":{\"type\":\"STATIC\",\"options\":{\"value\":\"airfield\"}},\"fillColor\":{\"type\":\"STATIC\",\"options\":{\"color\":\"#54B399\"}},\"lineColor\":{\"type\":\"STATIC\",\"options\":{\"color\":\"#41937c\"}},\"lineWidth\":{\"type\":\"STATIC\",\"options\":{\"size\":1}},\"iconSize\":{\"type\":\"STATIC\",\"options\":{\"size\":6}},\"iconOrientation\":{\"type\":\"STATIC\",\"options\":{\"orientation\":0}},\"labelText\":{\"type\":\"STATIC\",\"options\":{\"value\":\"\"}},\"labelColor\":{\"type\":\"STATIC\",\"options\":{\"color\":\"#000000\"}},\"labelSize\":{\"type\":\"STATIC\",\"options\":{\"size\":14}},\"labelBorderColor\":{\"type\":\"STATIC\",\"options\":{\"color\":\"#FFFFFF\"}},\"symbolizeAs\":{\"options\":{\"value\":\"circle\"}},\"labelBorderSize\":{\"options\":{\"size\":\"SMALL\"}}},\"isTimeAware\":true},\"id\":\"dc52e707-92d7-4de7-becf-a3a8bfaa2c2d\",\"label\":\"Okta \",\"minZoom\":0,\"maxZoom\":24,\"alpha\":0.75,\"visible\":true,\"type\":\"VECTOR\",\"query\":{\"query\":\"event.dataset : \\\"okta.system\\\" \",\"language\":\"kuery\"}}]",
                "mapStateJSON": "{\"zoom\":2.75,\"center\":{\"lon\":-44.69098,\"lat\":26.54701},\"timeFilters\":{\"from\":\"now-15w\",\"to\":\"now\"},\"refreshConfig\":{\"isPaused\":false,\"interval\":0},\"query\":{\"query\":\"\",\"language\":\"kuery\"},\"filters\":[{\"$state\":{\"store\":\"appState\"},\"meta\":{\"alias\":null,\"disabled\":false,\"index\":\"filebeat-*\",\"key\":\"event.dataset\",\"negate\":false,\"params\":{\"query\":\"okta.system\"},\"type\":\"phrase\"},\"query\":{\"match_phrase\":{\"event.dataset\":\"okta.system\"}}}]}",
                "title": "Geolocation [Filebeat Okta]",
                "uiStateJSON": "{\"isLayerTOCOpen\": true, \"openTOCDetails\": []}"
            },
            "id": "281ca660-67b1-11ea-a76f-bf44814e437d",
            "references": [
                {
                    "id": "filebeat-*",
                    "name": "layer_1_source_index_pattern",
                    "type": "index-pattern"
                }
            ],
            "type": "map",
            "updated_at": "2020-03-16T18:08:36.806Z",
            "version": "WzYyLDJd"
        },
        {
            "attributes": {
                "description": "",
                "kibanaSavedObjectMeta": {
                    "searchSourceJSON": "{\"query\": {\"query\": \"\", \"language\": \"kuery\"}, \"indexRefName\": \"kibanaSavedObjectMeta.searchSourceJSON.index\", \"filter\": [{\"query\": {\"match_phrase\": {\"event.dataset\": \"okta.system\"}}, \"meta\": {\"negate\": false, \"key\": \"event.dataset\", \"disabled\": false, \"params\": {\"query\": \"okta.system\"}, \"alias\": null, \"type\": \"phrase\", \"indexRefName\": \"kibanaSavedObjectMeta.searchSourceJSON.filter[0].meta.index\"}, \"$state\": {\"store\": \"appState\"}}]}"
                },
                "title": "Event Outcome [Filebeat Okta]",
                "uiStateJSON": "{}",
                "version": 1,
                "visState": "{\"params\": {\"addLegend\": true, \"addTooltip\": true, \"legendPosition\": \"right\", \"isDonut\": true, \"type\": \"pie\", \"labels\": {\"truncate\": 100, \"values\": true, \"last_level\": true, \"show\": false}}, \"title\": \"Event Outcome [Filebeat Okta]\", \"type\": \"pie\", \"aggs\": [{\"params\": {}, \"schema\": \"metric\", \"type\": \"count\", \"enabled\": true, \"id\": \"1\"}, {\"params\": {\"field\": \"event.outcome\", \"missingBucket\": false, \"order\": \"desc\", \"missingBucketLabel\": \"Missing\", \"size\": 5, \"otherBucketLabel\": \"Other\", \"orderBy\": \"1\", \"otherBucket\": false}, \"schema\": \"segment\", \"type\": \"terms\", \"enabled\": true, \"id\": \"2\"}]}"
            },
            "id": "545d6a00-67ae-11ea-a76f-bf44814e437d",
            "migrationVersion": {
                "visualization": "7.4.2"
            },
            "references": [
                {
                    "id": "filebeat-*",
                    "name": "kibanaSavedObjectMeta.searchSourceJSON.index",
                    "type": "index-pattern"
                },
                {
                    "id": "filebeat-*",
                    "name": "kibanaSavedObjectMeta.searchSourceJSON.filter[0].meta.index",
                    "type": "index-pattern"
                }
            ],
            "type": "visualization",
            "updated_at": "2020-03-16T17:59:26.029Z",
            "version": "WzU5LDJd"
        },
        {
            "attributes": {
                "description": "",
                "kibanaSavedObjectMeta": {
                    "searchSourceJSON": "{\"query\": {\"query\": \"\", \"language\": \"kuery\"}, \"indexRefName\": \"kibanaSavedObjectMeta.searchSourceJSON.index\", \"filter\": [{\"query\": {\"match_phrase\": {\"event.dataset\": \"okta.system\"}}, \"meta\": {\"negate\": false, \"key\": \"event.dataset\", \"disabled\": false, \"params\": {\"query\": \"okta.system\"}, \"alias\": null, \"type\": \"phrase\", \"indexRefName\": \"kibanaSavedObjectMeta.searchSourceJSON.filter[0].meta.index\"}, \"$state\": {\"store\": \"appState\"}}]}"
                },
                "title": "Transaction Types [Filebeat Okta]",
                "uiStateJSON": "{}",
                "version": 1,
                "visState": "{\"params\": {\"addLegend\": true, \"addTooltip\": true, \"legendPosition\": \"right\", \"isDonut\": true, \"type\": \"pie\", \"labels\": {\"truncate\": 100, \"values\": true, \"last_level\": true, \"show\": false}}, \"title\": \"Transaction Types [Filebeat Okta]\", \"type\": \"pie\", \"aggs\": [{\"params\": {}, \"schema\": \"metric\", \"type\": \"count\", \"enabled\": true, \"id\": \"1\"}, {\"params\": {\"field\": \"okta.transaction.type\", \"missingBucket\": false, \"order\": \"desc\", \"missingBucketLabel\": \"Missing\", \"size\": 5, \"otherBucketLabel\": \"Other\", \"orderBy\": \"1\", \"otherBucket\": false}, \"schema\": \"segment\", \"type\": \"terms\", \"enabled\": true, \"id\": \"2\"}]}"
            },
            "id": "7c6ec080-67c6-11ea-a76f-bf44814e437d",
            "migrationVersion": {
                "visualization": "7.4.2"
            },
            "references": [
                {
                    "id": "filebeat-*",
                    "name": "kibanaSavedObjectMeta.searchSourceJSON.index",
                    "type": "index-pattern"
                },
                {
                    "id": "filebeat-*",
                    "name": "kibanaSavedObjectMeta.searchSourceJSON.filter[0].meta.index",
                    "type": "index-pattern"
                }
            ],
            "type": "visualization",
            "updated_at": "2020-03-16T20:41:17.703Z",
            "version": "WzY3LDJd"
        },
        {
            "attributes": {
                "description": "",
                "kibanaSavedObjectMeta": {
                    "searchSourceJSON": "{}"
                },
                "title": "Time Series [Filebeat Okta]",
                "uiStateJSON": "{}",
                "version": 1,
                "visState": "{\"params\": {\"axis_position\": \"left\", \"isModelInvalid\": false, \"default_index_pattern\": \"filebeat-*\", \"type\": \"timeseries\", \"show_grid\": 1, \"index_pattern\": \"filebeat-*\", \"id\": \"61ca57f0-469d-11e7-af02-69e470af7417\", \"default_timefield\": \"@timestamp\", \"series\": [{\"color\": \"#68BC00\", \"axis_position\": \"right\", \"separate_axis\": 0, \"fill\": 0.5, \"formatter\": \"number\", \"split_mode\": \"everything\", \"id\": \"61ca57f1-469d-11e7-af02-69e470af7417\", \"line_width\": 1, \"chart_type\": \"line\", \"stacked\": \"none\", \"point_size\": 1, \"filter\": {\"query\": \"event.dataset : \\\"okta.system\\\"\", \"language\": \"kuery\"}, \"metrics\": [{\"type\": \"count\", \"id\": \"61ca57f2-469d-11e7-af02-69e470af7417\"}]}], \"axis_formatter\": \"number\", \"bar_color_rules\": [{\"id\": \"abd68650-67c6-11ea-8c7d-ed286611413e\"}], \"axis_scale\": \"normal\", \"time_field\": \"\", \"show_legend\": 1, \"interval\": \"\"}, \"title\": \"Time Series [Filebeat Okta]\", \"type\": \"metrics\", \"aggs\": []}"
            },
            "id": "cda883a0-67c6-11ea-a76f-bf44814e437d",
            "migrationVersion": {
                "visualization": "7.4.2"
            },
            "references": [],
            "type": "visualization",
            "updated_at": "2020-03-16T20:43:33.977Z",
            "version": "WzcwLDJd"
        },
        {
            "attributes": {
                "description": "",
                "kibanaSavedObjectMeta": {
                    "searchSourceJSON": "{\"query\": {\"query\": \"\", \"language\": \"kuery\"}, \"indexRefName\": \"kibanaSavedObjectMeta.searchSourceJSON.index\", \"filter\": [{\"query\": {\"match_phrase\": {\"event.dataset\": \"okta.system\"}}, \"meta\": {\"negate\": false, \"key\": \"event.dataset\", \"disabled\": false, \"params\": {\"query\": \"okta.system\"}, \"alias\": null, \"type\": \"phrase\", \"indexRefName\": \"kibanaSavedObjectMeta.searchSourceJSON.filter[0].meta.index\"}, \"$state\": {\"store\": \"appState\"}}]}"
                },
                "title": "Actor Types [Filebeat Okta]",
                "uiStateJSON": "{}",
                "version": 1,
                "visState": "{\"params\": {\"addLegend\": true, \"addTooltip\": true, \"legendPosition\": \"right\", \"isDonut\": true, \"type\": \"pie\", \"labels\": {\"truncate\": 100, \"values\": true, \"last_level\": true, \"show\": false}}, \"title\": \"Actor Types [Filebeat Okta]\", \"type\": \"pie\", \"aggs\": [{\"params\": {}, \"schema\": \"metric\", \"type\": \"count\", \"enabled\": true, \"id\": \"1\"}, {\"params\": {\"field\": \"okta.actor.type\", \"missingBucket\": false, \"order\": \"desc\", \"missingBucketLabel\": \"Missing\", \"size\": 5, \"otherBucketLabel\": \"Other\", \"orderBy\": \"1\", \"otherBucket\": false}, \"schema\": \"segment\", \"type\": \"terms\", \"enabled\": true, \"id\": \"2\"}]}"
            },
            "id": "0a784b30-67c7-11ea-a76f-bf44814e437d",
            "migrationVersion": {
                "visualization": "7.4.2"
            },
            "references": [
                {
                    "id": "filebeat-*",
                    "name": "kibanaSavedObjectMeta.searchSourceJSON.index",
                    "type": "index-pattern"
                },
                {
                    "id": "filebeat-*",
                    "name": "kibanaSavedObjectMeta.searchSourceJSON.filter[0].meta.index",
                    "type": "index-pattern"
                }
            ],
            "type": "visualization",
            "updated_at": "2020-03-16T20:45:16.003Z",
            "version": "WzcyLDJd"
        },
        {
            "attributes": {
                "columns": [
                    "_source"
                ],
                "description": "",
                "hits": 0,
                "kibanaSavedObjectMeta": {
                    "searchSourceJSON": "{\"version\": true, \"query\": {\"query\": \"\", \"language\": \"kuery\"}, \"highlightAll\": true, \"indexRefName\": \"kibanaSavedObjectMeta.searchSourceJSON.index\", \"filter\": [{\"query\": {\"match_phrase\": {\"event.dataset\": \"okta.system\"}}, \"meta\": {\"negate\": false, \"key\": \"event.dataset\", \"disabled\": false, \"params\": {\"query\": \"okta.system\"}, \"alias\": null, \"type\": \"phrase\", \"indexRefName\": \"kibanaSavedObjectMeta.searchSourceJSON.filter[0].meta.index\"}, \"$state\": {\"store\": \"appState\"}}, {\"query\": {\"match_phrase\": {\"event.outcome\": \"FAILURE\"}}, \"meta\": {\"negate\": false, \"key\": \"event.outcome\", \"disabled\": false, \"params\": {\"query\": \"FAILURE\"}, \"alias\": null, \"type\": \"phrase\", \"indexRefName\": \"kibanaSavedObjectMeta.searchSourceJSON.filter[1].meta.index\"}, \"$state\": {\"store\": \"appState\"}}]}"
                },
                "sort": [
                    [
                        "@timestamp",
                        "desc"
                    ],
                    [
                        "event.created",
                        "desc"
                    ]
                ],
                "title": "Okta Failure Events",
                "version": 1
            },
            "id": "21028750-67ca-11ea-a76f-bf44814e437d",
            "migrationVersion": {
                "search": "7.4.0"
            },
            "references": [
                {
                    "id": "filebeat-*",
                    "name": "kibanaSavedObjectMeta.searchSourceJSON.index",
                    "type": "index-pattern"
                },
                {
                    "id": "filebeat-*",
                    "name": "kibanaSavedObjectMeta.searchSourceJSON.filter[0].meta.index",
                    "type": "index-pattern"
                },
                {
                    "id": "filebeat-*",
                    "name": "kibanaSavedObjectMeta.searchSourceJSON.filter[1].meta.index",
                    "type": "index-pattern"
                }
            ],
            "type": "search",
            "updated_at": "2020-03-16T21:11:52.041Z",
            "version": "Wzg5LDJd"
        }
    ],
    "version": "8.0.0-SNAPSHOT"
}