{
    "objects": [
        {
            "attributes": {
                "description": "Overview of CoreDNS",
                "hits": 0,
                "kibanaSavedObjectMeta": {
                    "searchSourceJSON": "{\"query\": {\"query\": \"\", \"language\": \"kuery\"}, \"filter\": []}"
                },
                "optionsJSON": "{\"useMargins\": true, \"hidePanelTitles\": false}",
                "panelsJSON": "[{\"version\": \"8.0.0-SNAPSHOT\", \"panelIndex\": \"1\", \"gridData\": {\"y\": 7, \"i\": \"1\", \"h\": 14, \"w\": 41, \"x\": 4}, \"embeddableConfig\": {}, \"panelRefName\": \"panel_0\"}, {\"version\": \"8.0.0-SNAPSHOT\", \"panelIndex\": \"2\", \"gridData\": {\"y\": 0, \"i\": \"2\", \"h\": 7, \"w\": 20, \"x\": 4}, \"embeddableConfig\": {}, \"panelRefName\": \"panel_1\"}, {\"version\": \"8.0.0-SNAPSHOT\", \"panelIndex\": \"3\", \"gridData\": {\"y\": 0, \"i\": \"3\", \"h\": 7, \"w\": 21, \"x\": 24}, \"embeddableConfig\": {}, \"panelRefName\": \"panel_2\"}, {\"version\": \"8.0.0-SNAPSHOT\", \"panelIndex\": \"4\", \"gridData\": {\"y\": 21, \"i\": \"4\", \"h\": 6, \"w\": 41, \"x\": 4}, \"embeddableConfig\": {}, \"panelRefName\": \"panel_3\"}]",
                "timeRestore": false,
                "title": "[Filebeat CoreDNS] Overview",
                "version": 1
            },
            "id": "53aa1f70-443e-11e9-8548-ab7fbe04f038",
            "migrationVersion": {
                "dashboard": "7.0.0"
            },
            "references": [
                {
                    "id": "3ad75810-4429-11e9-8548-ab7fbe04f038",
                    "name": "panel_0",
                    "type": "visualization"
                },
                {
                    "id": "9dc640e0-4432-11e9-8548-ab7fbe04f038",
                    "name": "panel_1",
                    "type": "visualization"
                },
                {
                    "id": "75743f70-443c-11e9-8548-ab7fbe04f038",
                    "name": "panel_2",
                    "type": "visualization"
                },
                {
                    "id": "cfde7fb0-443d-11e9-8548-ab7fbe04f038",
                    "name": "panel_3",
                    "type": "visualization"
                }
            ],
            "type": "dashboard",
            "updated_at": "2019-03-11T20:43:54.420Z",
            "version": "WzE0ODgsM10="
        },
        {
            "attributes": {
                "description": "",
                "kibanaSavedObjectMeta": {
                    "searchSourceJSON": "{\"query\": {\"query\": \"\", \"language\": \"kuery\"}, \"indexRefName\": \"kibanaSavedObjectMeta.searchSourceJSON.index\", \"filter\": []}"
                },
                "title": "Top Domains [Filebeat CoreDNS]",
                "uiStateJSON": "{}",
                "version": 1,
                "visState": "{\"params\": {\"scale\": \"linear\", \"orientation\": \"single\", \"metric\": {\"params\": {}, \"aggType\": \"count\", \"accessor\": 0, \"format\": {\"id\": \"number\"}}, \"showLabel\": true, \"minFontSize\": 18, \"maxFontSize\": 72}, \"title\": \"Top Domains [Filebeat CoreDNS]\", \"type\": \"tagcloud\", \"aggs\": [{\"params\": {}, \"schema\": \"metric\", \"type\": \"count\", \"enabled\": true, \"id\": \"1\"}, {\"params\": {\"field\": \"coredns.query.name\", \"missingBucket\": false, \"order\": \"desc\", \"missingBucketLabel\": \"Missing\", \"size\": 10, \"otherBucketLabel\": \"Other\", \"orderBy\": \"1\", \"otherBucket\": false}, \"schema\": \"segment\", \"type\": \"terms\", \"enabled\": true, \"id\": \"2\"}]}"
            },
            "id": "3ad75810-4429-11e9-8548-ab7fbe04f038",
            "migrationVersion": {
                "visualization": "7.0.0"
            },
            "references": [
                {
                    "id": "filebeat-*",
                    "name": "kibanaSavedObjectMeta.searchSourceJSON.index",
                    "type": "index-pattern"
                }
            ],
            "type": "visualization",
            "updated_at": "2019-03-11T18:12:28.303Z",
            "version": "WzE0ODMsM10="
        },
        {
            "attributes": {
                "description": "",
                "kibanaSavedObjectMeta": {
                    "searchSourceJSON": "{\"query\": {\"query\": \"\", \"language\": \"kuery\"}, \"indexRefName\": \"kibanaSavedObjectMeta.searchSourceJSON.index\", \"filter\": []}"
                },
                "title": "Total DNS Queries [Filebeat CoreDNS]",
                "uiStateJSON": "{}",
                "version": 1,
                "visState": "{\"params\": {\"addLegend\": false, \"type\": \"metric\", \"metric\": {\"invertColors\": false, \"colorsRange\": [{\"to\": 10000, \"from\": 0}], \"metricColorMode\": \"None\", \"useRanges\": false, \"colorSchema\": \"Green to Red\", \"labels\": {\"show\": true}, \"style\": {\"fontSize\": 60, \"labelColor\": false, \"bgColor\": false, \"bgFill\": \"#000\", \"subText\": \"\"}, \"percentageMode\": false}, \"addTooltip\": true}, \"title\": \"Total DNS Queries [Filebeat CoreDNS]\", \"type\": \"metric\", \"aggs\": [{\"params\": {}, \"schema\": \"metric\", \"type\": \"count\", \"enabled\": true, \"id\": \"1\"}]}"
            },
            "id": "9dc640e0-4432-11e9-8548-ab7fbe04f038",
            "migrationVersion": {
                "visualization": "7.0.0"
            },
            "references": [
                {
                    "id": "filebeat-*",
                    "name": "kibanaSavedObjectMeta.searchSourceJSON.index",
                    "type": "index-pattern"
                }
            ],
            "type": "visualization",
            "updated_at": "2019-03-11T19:19:39.757Z",
            "version": "WzE0ODQsM10="
        },
        {
            "attributes": {
                "description": "",
                "kibanaSavedObjectMeta": {
                    "searchSourceJSON": "{\"query\": {\"query\": \"\", \"language\": \"kuery\"}, \"indexRefName\": \"kibanaSavedObjectMeta.searchSourceJSON.index\", \"filter\": []}"
                },
                "title": "Unique Domains [Filebeat CoreDNS]",
                "uiStateJSON": "{}",
                "version": 1,
                "visState": "{\"params\": {\"addLegend\": false, \"type\": \"metric\", \"metric\": {\"invertColors\": false, \"colorsRange\": [{\"to\": 10000, \"from\": 0}], \"metricColorMode\": \"None\", \"useRanges\": false, \"colorSchema\": \"Green to Red\", \"labels\": {\"show\": true}, \"percentageMode\": false, \"bucket\": {\"params\": {}, \"aggType\": \"terms\", \"accessor\": 0, \"format\": {\"params\": {\"otherBucketLabel\": \"Other\", \"id\": \"string\", \"missingBucketLabel\": \"Missing\"}, \"id\": \"terms\"}}, \"style\": {\"fontSize\": 60, \"labelColor\": false, \"bgColor\": false, \"bgFill\": \"#000\", \"subText\": \"\"}, \"metrics\": [{\"params\": {}, \"aggType\": \"cardinality\", \"accessor\": 0, \"format\": {\"id\": \"number\"}}]}, \"addTooltip\": true}, \"title\": \"Unique Domains [Filebeat CoreDNS]\", \"type\": \"metric\", \"aggs\": [{\"params\": {\"field\": \"coredns.query.name\", \"customLabel\": \"Unique Domains\"}, \"schema\": \"metric\", \"type\": \"cardinality\", \"enabled\": true, \"id\": \"1\"}]}"
            },
            "id": "75743f70-443c-11e9-8548-ab7fbe04f038",
            "migrationVersion": {
                "visualization": "7.0.0"
            },
            "references": [
                {
                    "id": "filebeat-*",
                    "name": "kibanaSavedObjectMeta.searchSourceJSON.index",
                    "type": "index-pattern"
                }
            ],
            "type": "visualization",
            "updated_at": "2019-03-12T01:26:19.218Z",
            "version": "WzE0OTMsM10="
        },
        {
            "attributes": {
                "description": "",
                "kibanaSavedObjectMeta": {
                    "searchSourceJSON": "{\"query\": {\"query\": \"tags:\\\"coredns\\\"\", \"language\": \"kuery\"}, \"filter\": []}"
                },
                "title": "Time Series Visualizer [Filebeat CoreDNS]",
                "uiStateJSON": "{}",
                "version": 1,
                "visState": "{\"params\": {\"gauge_inner_width\": 10, \"axis_position\": \"left\", \"gauge_width\": 10, \"gauge_color_rules\": [{\"id\": \"6996a6e0-443f-11e9-94ba-69b05a5f82b8\"}], \"show_grid\": 1, \"default_index_pattern\": \"filebeat-*\", \"type\": \"timeseries\", \"background_color_rules\": [{\"id\": \"65ad37b0-443f-11e9-94ba-69b05a5f82b8\"}], \"index_pattern\": \"filebeat-*\", \"id\": \"61ca57f0-469d-11e7-af02-69e470af7417\", \"series\": [{\"label\": \"CoreDNS Kubernetes\", \"color\": \"#68BC00\", \"axis_position\": \"right\", \"separate_axis\": 0, \"fill\": 0.5, \"formatter\": \"number\", \"split_mode\": \"filter\", \"id\": \"61ca57f1-469d-11e7-af02-69e470af7417\", \"line_width\": 1, \"chart_type\": \"line\", \"terms_field\": \"fileset.name\", \"stacked\": \"none\", \"point_size\": 1, \"filter\": \"fileset.name:kubernetes\", \"metrics\": [{\"type\": \"count\", \"id\": \"61ca57f2-469d-11e7-af02-69e470af7417\"}]}, {\"label\": \"CoreDNS Native\", \"color\": \"#68BC00\", \"axis_position\": \"right\", \"separate_axis\": 0, \"fill\": 0.5, \"formatter\": \"number\", \"split_mode\": \"filter\", \"id\": \"3c8999f0-443f-11e9-94ba-69b05a5f82b8\", \"line_width\": 1, \"chart_type\": \"line\", \"stacked\": \"none\", \"point_size\": 1, \"filter\": \"fileset.name:log\", \"metrics\": [{\"type\": \"count\", \"id\": \"3c8999f1-443f-11e9-94ba-69b05a5f82b8\"}]}], \"axis_formatter\": \"number\", \"bar_color_rules\": [{\"id\": \"e1f6cda0-443e-11e9-94ba-69b05a5f82b8\"}], \"axis_scale\": \"normal\", \"gauge_style\": \"half\", \"time_field\": \"@timestamp\", \"show_legend\": 1, \"interval\": \"auto\"}, \"title\": \"Time Series Visualizer [Filebeat CoreDNS]\", \"type\": \"metrics\", \"aggs\": []}"
            },
            "id": "cfde7fb0-443d-11e9-8548-ab7fbe04f038",
            "migrationVersion": {
                "visualization": "7.0.0"
            },
            "references": [],
            "type": "visualization",
            "updated_at": "2019-03-11T20:51:52.103Z",
            "version": "WzE0ODksM10="
        }
    ],
    "version": "8.0.0-SNAPSHOT"
}