{
    "objects": [
        {
            "attributes": {
                "description": "",
                "kibanaSavedObjectMeta": {
                    "searchSourceJSON": "{\"filter\": []}"
                },
                "savedSearchId": "8030c1b0-fa77-11e6-ae9b-81e5311e8cab-ecs",
                "title": "New users [Filebeat System] ECS",
                "uiStateJSON": "{\"vis\": {\"params\": {\"sort\": {\"direction\": null, \"columnIndex\": null}}}}",
                "version": 1,
                "visState": "{\"listeners\": {}, \"params\": {\"showPartialRows\": false, \"totalFunc\": \"sum\", \"sort\": {\"direction\": null, \"columnIndex\": null}, \"showMeticsAtAllLevels\": false, \"perPage\": 10, \"showTotal\": false}, \"type\": \"table\", \"aggs\": [{\"params\": {}, \"schema\": \"metric\", \"type\": \"count\", \"enabled\": true, \"id\": \"1\"}, {\"params\": {\"field\": \"host.hostname\", \"orderBy\": \"1\", \"order\": \"desc\", \"customLabel\": \"Host\", \"size\": 5}, \"schema\": \"bucket\", \"type\": \"terms\", \"enabled\": true, \"id\": \"2\"}, {\"params\": {\"field\": \"user.name\", \"orderBy\": \"1\", \"order\": \"desc\", \"customLabel\": \"User\", \"size\": 5}, \"schema\": \"bucket\", \"type\": \"terms\", \"enabled\": true, \"id\": \"3\"}, {\"params\": {\"field\": \"user.id\", \"orderBy\": \"1\", \"order\": \"desc\", \"customLabel\": \"UID\", \"size\": 5}, \"schema\": \"bucket\", \"type\": \"terms\", \"enabled\": true, \"id\": \"4\"}, {\"params\": {\"field\": \"group.id\", \"orderBy\": \"1\", \"order\": \"desc\", \"customLabel\": \"GID\", \"size\": 5}, \"schema\": \"bucket\", \"type\": \"terms\", \"enabled\": true, \"id\": \"5\"}, {\"params\": {\"field\": \"system.auth.useradd.home\", \"orderBy\": \"1\", \"order\": \"desc\", \"customLabel\": \"Home\", \"size\": 5}, \"schema\": \"bucket\", \"type\": \"terms\", \"enabled\": true, \"id\": \"6\"}, {\"params\": {\"field\": \"system.auth.useradd.shell\", \"orderBy\": \"1\", \"order\": \"desc\", \"customLabel\": \"Shell\", \"size\": 5}, \"schema\": \"bucket\", \"type\": \"terms\", \"enabled\": true, \"id\": \"7\"}], \"title\": \"New users ECS\"}"
            },
            "id": "f398d2f0-fa77-11e6-ae9b-81e5311e8cab-ecs",
            "type": "visualization",
            "version": 2
        },
        {
            "attributes": {
                "description": "",
                "kibanaSavedObjectMeta": {
                    "searchSourceJSON": "{\"filter\": []}"
                },
                "savedSearchId": "8030c1b0-fa77-11e6-ae9b-81e5311e8cab-ecs",
                "title": "New users over time [Filebeat System] ECS",
                "uiStateJSON": "{}",
                "version": 1,
                "visState": "{\"listeners\": {}, \"params\": {\"addLegend\": true, \"defaultYExtents\": false, \"mode\": \"stacked\", \"addTooltip\": true, \"legendPosition\": \"bottom\", \"times\": [], \"scale\": \"linear\", \"setYExtents\": false, \"addTimeMarker\": false}, \"type\": \"histogram\", \"aggs\": [{\"params\": {}, \"schema\": \"metric\", \"type\": \"count\", \"enabled\": true, \"id\": \"1\"}, {\"params\": {\"customInterval\": \"2h\", \"extended_bounds\": {}, \"min_doc_count\": 1, \"interval\": \"auto\", \"field\": \"@timestamp\"}, \"schema\": \"segment\", \"type\": \"date_histogram\", \"enabled\": true, \"id\": \"2\"}, {\"params\": {\"field\": \"user.name\", \"orderBy\": \"1\", \"order\": \"desc\", \"size\": 5}, \"schema\": \"group\", \"type\": \"terms\", \"enabled\": true, \"id\": \"3\"}], \"title\": \"New users over time ECS\"}"
            },
            "id": "5dd15c00-fa78-11e6-ae9b-81e5311e8cab-ecs",
            "type": "visualization",
            "version": 2
        },
        {
            "attributes": {
                "description": "",
                "kibanaSavedObjectMeta": {
                    "searchSourceJSON": "{\"filter\": []}"
                },
                "savedSearchId": "8030c1b0-fa77-11e6-ae9b-81e5311e8cab-ecs",
                "title": "New users by shell [Filebeat System] ECS",
                "uiStateJSON": "{\"vis\": {\"legendOpen\": true, \"colors\": {\"/sbin/nologin\": \"#7EB26D\", \"/bin/false\": \"#508642\", \"/bin/bash\": \"#E24D42\"}}}",
                "version": 1,
                "visState": "{\"listeners\": {}, \"params\": {\"addLegend\": true, \"legendPosition\": \"right\", \"isDonut\": false, \"addTooltip\": true}, \"type\": \"pie\", \"aggs\": [{\"params\": {}, \"schema\": \"metric\", \"type\": \"count\", \"enabled\": true, \"id\": \"1\"}, {\"params\": {\"field\": \"system.auth.useradd.shell\", \"orderBy\": \"1\", \"order\": \"desc\", \"size\": 5}, \"schema\": \"segment\", \"type\": \"terms\", \"enabled\": true, \"id\": \"2\"}, {\"params\": {\"field\": \"user.name\", \"orderBy\": \"1\", \"order\": \"desc\", \"size\": 5}, \"schema\": \"segment\", \"type\": \"terms\", \"enabled\": true, \"id\": \"3\"}], \"title\": \"New users by shell ECS\"}"
            },
            "id": "e121b140-fa78-11e6-a1df-a78bd7504d38-ecs",
            "type": "visualization",
            "version": 2
        },
        {
            "attributes": {
                "description": "",
                "kibanaSavedObjectMeta": {
                    "searchSourceJSON": "{\"filter\": []}"
                },
                "savedSearchId": "8030c1b0-fa77-11e6-ae9b-81e5311e8cab-ecs",
                "title": "New users by home directory [Filebeat System] ECS",
                "uiStateJSON": "{\"vis\": {\"legendOpen\": true, \"colors\": {\"/sbin/nologin\": \"#7EB26D\", \"/nonexistent\": \"#629E51\", \"/bin/false\": \"#508642\", \"/bin/bash\": \"#E24D42\"}}}",
                "version": 1,
                "visState": "{\"listeners\": {}, \"params\": {\"addLegend\": true, \"legendPosition\": \"right\", \"isDonut\": false, \"addTooltip\": true}, \"type\": \"pie\", \"aggs\": [{\"params\": {}, \"schema\": \"metric\", \"type\": \"count\", \"enabled\": true, \"id\": \"1\"}, {\"params\": {\"field\": \"system.auth.useradd.home\", \"orderBy\": \"1\", \"order\": \"desc\", \"size\": 5}, \"schema\": \"segment\", \"type\": \"terms\", \"enabled\": true, \"id\": \"2\"}, {\"params\": {\"field\": \"user.name\", \"orderBy\": \"1\", \"order\": \"desc\", \"size\": 5}, \"schema\": \"segment\", \"type\": \"terms\", \"enabled\": true, \"id\": \"3\"}], \"title\": \"New users by home directory ECS\"}"
            },
            "id": "d56ee420-fa79-11e6-a1df-a78bd7504d38-ecs",
            "type": "visualization",
            "version": 2
        },
        {
            "attributes": {
                "description": "",
                "kibanaSavedObjectMeta": {
                    "searchSourceJSON": "{\"filter\": []}"
                },
                "savedSearchId": "eb0039f0-fa7f-11e6-a1df-a78bd7504d38-ecs",
                "title": "New groups [Filebeat System] ECS",
                "uiStateJSON": "{\"vis\": {\"params\": {\"sort\": {\"direction\": null, \"columnIndex\": null}}}}",
                "version": 1,
                "visState": "{\"listeners\": {}, \"params\": {\"showPartialRows\": false, \"totalFunc\": \"sum\", \"sort\": {\"direction\": null, \"columnIndex\": null}, \"showMeticsAtAllLevels\": false, \"perPage\": 10, \"showTotal\": false}, \"type\": \"table\", \"aggs\": [{\"params\": {}, \"schema\": \"metric\", \"type\": \"count\", \"enabled\": true, \"id\": \"1\"}, {\"params\": {\"field\": \"group.name\", \"orderBy\": \"1\", \"order\": \"desc\", \"size\": 5}, \"schema\": \"bucket\", \"type\": \"terms\", \"enabled\": true, \"id\": \"2\"}, {\"params\": {\"field\": \"group.id\", \"orderBy\": \"1\", \"order\": \"desc\", \"size\": 5}, \"schema\": \"bucket\", \"type\": \"terms\", \"enabled\": true, \"id\": \"3\"}], \"title\": \"New groups ECS\"}"
            },
            "id": "12667040-fa80-11e6-a1df-a78bd7504d38-ecs",
            "type": "visualization",
            "version": 2
        },
        {
            "attributes": {
                "description": "",
                "kibanaSavedObjectMeta": {
                    "searchSourceJSON": "{\"filter\": []}"
                },
                "savedSearchId": "eb0039f0-fa7f-11e6-a1df-a78bd7504d38-ecs",
                "title": "New groups over time [Filebeat System] ECS",
                "uiStateJSON": "{}",
                "version": 1,
                "visState": "{\"listeners\": {}, \"params\": {\"addLegend\": true, \"defaultYExtents\": false, \"mode\": \"stacked\", \"addTooltip\": true, \"legendPosition\": \"bottom\", \"times\": [], \"scale\": \"linear\", \"setYExtents\": false, \"addTimeMarker\": false}, \"type\": \"histogram\", \"aggs\": [{\"params\": {}, \"schema\": \"metric\", \"type\": \"count\", \"enabled\": true, \"id\": \"1\"}, {\"params\": {\"customInterval\": \"2h\", \"extended_bounds\": {}, \"min_doc_count\": 1, \"interval\": \"auto\", \"field\": \"@timestamp\"}, \"schema\": \"segment\", \"type\": \"date_histogram\", \"enabled\": true, \"id\": \"2\"}, {\"params\": {\"field\": \"group.name\", \"orderBy\": \"1\", \"order\": \"desc\", \"size\": 5}, \"schema\": \"group\", \"type\": \"terms\", \"enabled\": true, \"id\": \"3\"}], \"title\": \"New groups over time ECS\"}"
            },
            "id": "346bb290-fa80-11e6-a1df-a78bd7504d38-ecs",
            "type": "visualization",
            "version": 2
        },
        {
            "attributes": {
                "description": "",
                "kibanaSavedObjectMeta": {
                    "searchSourceJSON": "{}"
                },
                "title": "Dashboards [Filebeat System] ECS",
                "uiStateJSON": "{}",
                "version": 1,
                "visState": "{\"params\": {\"markdown\": \"[Syslog](#/dashboard/Filebeat-syslog-dashboard-ecs) | [Sudo commands](#/dashboard/277876d0-fa2c-11e6-bbd3-29c986c96e5a-ecs) | [SSH logins](#/dashboard/5517a150-f9ce-11e6-8115-a7c18106d86a-ecs) | [New users and groups](#/dashboard/0d3f2380-fa78-11e6-ae9b-81e5311e8cab-ecs)\", \"fontSize\": 12}, \"title\": \"Dashboards [Filebeat System] ECS\", \"type\": \"markdown\", \"aggs\": []}"
            },
            "id": "327417e0-8462-11e7-bab8-bd2f0fb42c54-ecs",
            "type": "visualization",
            "version": 1
        },
        {
            "attributes": {
                "columns": [
                    "user.name",
                    "user.id",
                    "group.id",
                    "system.auth.useradd.home",
                    "system.auth.useradd.shell"
                ],
                "description": "",
                "hits": 0,
                "kibanaSavedObjectMeta": {
                    "searchSourceJSON": "{\"index\": \"filebeat-*\", \"highlightAll\": true, \"query\": {\"query\": \"system.auth.useradd:*\", \"language\": \"kuery\"}, \"filter\": []}"
                },
                "sort": [
                    "@timestamp",
                    "desc"
                ],
                "title": "useradd logs [Filebeat System] ECS",
                "version": 1
            },
            "id": "8030c1b0-fa77-11e6-ae9b-81e5311e8cab-ecs",
            "type": "search",
            "version": 2
        },
        {
            "attributes": {
                "columns": [
                    "group.name",
                    "group.id"
                ],
                "description": "",
                "hits": 0,
                "kibanaSavedObjectMeta": {
                    "searchSourceJSON": "{\"index\": \"filebeat-*\", \"highlightAll\": true, \"query\": {\"query\": \"system.auth.groupadd:*\", \"language\": \"kuery\"}, \"filter\": []}"
                },
                "sort": [
                    "@timestamp",
                    "desc"
                ],
                "title": "groupadd logs [Filebeat System] ECS",
                "version": 1
            },
            "id": "eb0039f0-fa7f-11e6-a1df-a78bd7504d38-ecs",
            "type": "search",
            "version": 2
        },
        {
            "attributes": {
                "description": "New users and groups dashboard for the System module in Filebeat",
                "hits": 0,
                "kibanaSavedObjectMeta": {
                    "searchSourceJSON": "{\"version\": true, \"query\": {\"query\": \"\", \"language\": \"kuery\"}, \"highlightAll\": true, \"filter\": []}"
                },
                "optionsJSON": "{\"darkTheme\": false}",
                "panelsJSON": "[{\"size_y\": 3, \"panelIndex\": 1, \"row\": 2, \"col\": 1, \"type\": \"visualization\", \"size_x\": 6, \"id\": \"f398d2f0-fa77-11e6-ae9b-81e5311e8cab-ecs\"}, {\"size_y\": 3, \"panelIndex\": 2, \"row\": 2, \"col\": 7, \"type\": \"visualization\", \"size_x\": 6, \"id\": \"5dd15c00-fa78-11e6-ae9b-81e5311e8cab-ecs\"}, {\"size_y\": 3, \"panelIndex\": 3, \"row\": 5, \"col\": 1, \"type\": \"visualization\", \"size_x\": 6, \"id\": \"e121b140-fa78-11e6-a1df-a78bd7504d38-ecs\"}, {\"size_y\": 3, \"panelIndex\": 4, \"row\": 5, \"col\": 7, \"type\": \"visualization\", \"size_x\": 6, \"id\": \"d56ee420-fa79-11e6-a1df-a78bd7504d38-ecs\"}, {\"size_y\": 3, \"panelIndex\": 5, \"row\": 8, \"col\": 1, \"type\": \"visualization\", \"size_x\": 6, \"id\": \"12667040-fa80-11e6-a1df-a78bd7504d38-ecs\"}, {\"size_y\": 3, \"panelIndex\": 6, \"row\": 8, \"col\": 7, \"type\": \"visualization\", \"size_x\": 6, \"id\": \"346bb290-fa80-11e6-a1df-a78bd7504d38-ecs\"}, {\"size_y\": 1, \"panelIndex\": 7, \"row\": 1, \"col\": 1, \"type\": \"visualization\", \"size_x\": 12, \"id\": \"327417e0-8462-11e7-bab8-bd2f0fb42c54-ecs\"}]",
                "timeRestore": false,
                "title": "[Filebeat System] New users and groups ECS",
                "uiStateJSON": "{\"P-1\": {\"vis\": {\"params\": {\"sort\": {\"direction\": null, \"columnIndex\": null}}}}, \"P-5\": {\"vis\": {\"params\": {\"sort\": {\"direction\": null, \"columnIndex\": null}}}}}",
                "version": 1
            },
            "id": "0d3f2380-fa78-11e6-ae9b-81e5311e8cab-ecs",
            "type": "dashboard",
            "version": 6
        }
    ],
    "version": "6.0.0-beta1-SNAPSHOT"
}