{
    "objects": [
        {
            "attributes": {
                "description": "Sample dashboard for Cisco ASA Firewall devices",
                "hits": 0,
                "kibanaSavedObjectMeta": {
                    "searchSourceJSON": "{\"query\": {\"query\": \"\", \"language\": \"kuery\"}, \"filter\": []}"
                },
                "optionsJSON": "{\"useMargins\": true, \"hidePanelTitles\": false}",
                "panelsJSON": "[{\"title\": \"Destination Port and Transport\", \"panelIndex\": \"1\", \"embeddableConfig\": {\"vis\": {\"legendOpen\": false}}, \"panelRefName\": \"panel_0\", \"version\": \"7.0.0-SNAPSHOT\", \"gridData\": {\"y\": 15, \"i\": \"1\", \"h\": 15, \"w\": 12, \"x\": 12}}, {\"title\": \"Source Port and Transport\", \"panelIndex\": \"2\", \"embeddableConfig\": {\"vis\": {\"legendOpen\": false}}, \"panelRefName\": \"panel_1\", \"version\": \"7.0.0-SNAPSHOT\", \"gridData\": {\"y\": 15, \"i\": \"2\", \"h\": 15, \"w\": 12, \"x\": 0}}, {\"title\": \"ASA Firewall Events Over Time\", \"panelIndex\": \"3\", \"embeddableConfig\": {\"vis\": {\"legendOpen\": false}}, \"panelRefName\": \"panel_2\", \"version\": \"7.0.0-SNAPSHOT\", \"gridData\": {\"y\": 0, \"i\": \"3\", \"h\": 15, \"w\": 24, \"x\": 0}}, {\"title\": \"ASA Flows by Network Bytes\", \"panelIndex\": \"4\", \"embeddableConfig\": {\"vis\": {\"legendOpen\": false}}, \"panelRefName\": \"panel_3\", \"version\": \"7.0.0-SNAPSHOT\", \"gridData\": {\"y\": 0, \"i\": \"4\", \"h\": 15, \"w\": 24, \"x\": 24}}, {\"title\": \"Blocked by Source\", \"panelIndex\": \"5\", \"embeddableConfig\": {}, \"panelRefName\": \"panel_4\", \"version\": \"7.0.0-SNAPSHOT\", \"gridData\": {\"y\": 15, \"i\": \"5\", \"h\": 15, \"w\": 12, \"x\": 24}}, {\"title\": \"Top ACL by Blocked\", \"panelIndex\": \"8\", \"embeddableConfig\": {}, \"panelRefName\": \"panel_5\", \"version\": \"7.0.0-SNAPSHOT\", \"gridData\": {\"y\": 15, \"i\": \"8\", \"h\": 15, \"w\": 12, \"x\": 36}}, {\"version\": \"7.0.0-SNAPSHOT\", \"panelIndex\": \"9\", \"gridData\": {\"y\": 30, \"i\": \"9\", \"h\": 12, \"w\": 48, \"x\": 0}, \"embeddableConfig\": {}, \"panelRefName\": \"panel_6\"}]",
                "timeRestore": false,
                "title": "[Filebeat Cisco] ASA Firewall",
                "version": 1
            },
            "id": "a555b160-4987-11e9-b8ce-ed898b5ef295",
            "migrationVersion": {
                "dashboard": "7.0.0"
            },
            "references": [
                {
                    "id": "118da960-4987-11e9-b8ce-ed898b5ef295",
                    "name": "panel_0",
                    "type": "visualization"
                },
                {
                    "id": "5d0322d0-4987-11e9-b8ce-ed898b5ef295",
                    "name": "panel_1",
                    "type": "visualization"
                },
                {
                    "id": "a3b5ab10-4989-11e9-b8ce-ed898b5ef295",
                    "name": "panel_2",
                    "type": "visualization"
                },
                {
                    "id": "80d0c1b0-498a-11e9-b8ce-ed898b5ef295",
                    "name": "panel_3",
                    "type": "visualization"
                },
                {
                    "id": "d05cdf60-498b-11e9-b8ce-ed898b5ef295",
                    "name": "panel_4",
                    "type": "visualization"
                },
                {
                    "id": "08ef4d90-499b-11e9-b8ce-ed898b5ef295",
                    "name": "panel_5",
                    "type": "visualization"
                },
                {
                    "id": "fd89b1e0-49a2-11e9-b8ce-ed898b5ef295",
                    "name": "panel_6",
                    "type": "visualization"
                }
            ],
            "type": "dashboard",
            "updated_at": "2019-03-18T18:39:06.844Z",
            "version": "WzI2MiwxXQ=="
        },
        {
            "attributes": {
                "description": "",
                "kibanaSavedObjectMeta": {
                    "searchSourceJSON": "{\"query\": {\"query\": \"\", \"language\": \"kuery\"}, \"filter\": []}"
                },
                "savedSearchRefName": "search_0",
                "title": "Destination Port and Transport [Filebeat Cisco]",
                "uiStateJSON": "{}",
                "version": 1,
                "visState": "{\"params\": {\"addLegend\": true, \"addTooltip\": true, \"legendPosition\": \"right\", \"isDonut\": true, \"type\": \"pie\", \"labels\": {\"truncate\": 100, \"values\": true, \"last_level\": true, \"show\": false}}, \"title\": \"Destination Port and Transport [Filebeat Cisco]\", \"type\": \"pie\", \"aggs\": [{\"params\": {}, \"schema\": \"metric\", \"type\": \"count\", \"enabled\": true, \"id\": \"1\"}, {\"params\": {\"field\": \"network.transport\", \"missingBucket\": false, \"order\": \"desc\", \"missingBucketLabel\": \"Missing\", \"size\": 5, \"otherBucketLabel\": \"Other\", \"orderBy\": \"1\", \"otherBucket\": false}, \"schema\": \"segment\", \"type\": \"terms\", \"enabled\": true, \"id\": \"2\"}, {\"params\": {\"field\": \"destination.port\", \"missingBucket\": false, \"order\": \"desc\", \"missingBucketLabel\": \"Missing\", \"size\": 5, \"otherBucketLabel\": \"Other\", \"orderBy\": \"1\", \"otherBucket\": false}, \"schema\": \"segment\", \"type\": \"terms\", \"enabled\": true, \"id\": \"3\"}]}"
            },
            "id": "118da960-4987-11e9-b8ce-ed898b5ef295",
            "migrationVersion": {
                "visualization": "7.0.0"
            },
            "references": [
                {
                    "id": "753406e0-4986-11e9-b8ce-ed898b5ef295",
                    "name": "search_0",
                    "type": "search"
                }
            ],
            "type": "visualization",
            "updated_at": "2019-03-18T14:07:22.932Z",
            "version": "WzI0NiwxXQ=="
        },
        {
            "attributes": {
                "description": "",
                "kibanaSavedObjectMeta": {
                    "searchSourceJSON": "{\"query\": {\"query\": \"\", \"language\": \"kuery\"}, \"filter\": []}"
                },
                "savedSearchRefName": "search_0",
                "title": "Source Port and Transport [Filebeat Cisco]",
                "uiStateJSON": "{}",
                "version": 1,
                "visState": "{\"params\": {\"addLegend\": true, \"addTooltip\": true, \"legendPosition\": \"right\", \"isDonut\": true, \"type\": \"pie\", \"labels\": {\"truncate\": 100, \"values\": true, \"last_level\": true, \"show\": false}}, \"title\": \"Source Port and Transport [Filebeat Cisco]\", \"type\": \"pie\", \"aggs\": [{\"params\": {}, \"schema\": \"metric\", \"type\": \"count\", \"enabled\": true, \"id\": \"1\"}, {\"params\": {\"field\": \"network.transport\", \"missingBucket\": false, \"order\": \"desc\", \"missingBucketLabel\": \"Missing\", \"size\": 5, \"otherBucketLabel\": \"Other\", \"orderBy\": \"1\", \"otherBucket\": false}, \"schema\": \"segment\", \"type\": \"terms\", \"enabled\": true, \"id\": \"2\"}, {\"params\": {\"field\": \"source.port\", \"missingBucket\": false, \"order\": \"desc\", \"missingBucketLabel\": \"Missing\", \"size\": 5, \"otherBucketLabel\": \"Other\", \"orderBy\": \"1\", \"otherBucket\": false}, \"schema\": \"segment\", \"type\": \"terms\", \"enabled\": true, \"id\": \"3\"}]}"
            },
            "id": "5d0322d0-4987-11e9-b8ce-ed898b5ef295",
            "migrationVersion": {
                "visualization": "7.0.0"
            },
            "references": [
                {
                    "id": "753406e0-4986-11e9-b8ce-ed898b5ef295",
                    "name": "search_0",
                    "type": "search"
                }
            ],
            "type": "visualization",
            "updated_at": "2019-03-18T14:08:54.141Z",
            "version": "WzI0NywxXQ=="
        },
        {
            "attributes": {
                "description": "",
                "kibanaSavedObjectMeta": {
                    "searchSourceJSON": "{\"query\": {\"query\": \"\", \"language\": \"kuery\"}, \"filter\": []}"
                },
                "savedSearchRefName": "search_0",
                "title": "ASA Events Over Time [Filebeat Cisco]",
                "uiStateJSON": "{}",
                "version": 1,
                "visState": "{\"params\": {\"addLegend\": true, \"seriesParams\": [{\"valueAxis\": \"ValueAxis-1\", \"mode\": \"stacked\", \"showCircles\": true, \"data\": {\"label\": \"Count\", \"id\": \"1\"}, \"type\": \"histogram\", \"drawLinesBetweenPoints\": true, \"show\": \"true\"}], \"grid\": {\"categoryLines\": false}, \"categoryAxes\": [{\"title\": {}, \"position\": \"bottom\", \"scale\": {\"type\": \"linear\"}, \"labels\": {\"truncate\": 100, \"show\": true}, \"type\": \"category\", \"id\": \"CategoryAxis-1\", \"style\": {}, \"show\": true}], \"addTooltip\": true, \"legendPosition\": \"right\", \"type\": \"histogram\", \"times\": [], \"valueAxes\": [{\"title\": {\"text\": \"Count\"}, \"position\": \"left\", \"name\": \"LeftAxis-1\", \"scale\": {\"type\": \"linear\", \"mode\": \"normal\"}, \"labels\": {\"show\": true, \"truncate\": 100, \"rotate\": 0, \"filter\": false}, \"type\": \"value\", \"id\": \"ValueAxis-1\", \"style\": {}, \"show\": true}], \"addTimeMarker\": false}, \"title\": \"ASA Events Over Time [Filebeat Cisco]\", \"type\": \"histogram\", \"aggs\": [{\"params\": {}, \"schema\": \"metric\", \"type\": \"count\", \"enabled\": true, \"id\": \"1\"}, {\"params\": {\"field\": \"event.outcome\", \"missingBucket\": false, \"order\": \"desc\", \"missingBucketLabel\": \"Missing\", \"size\": 5, \"otherBucketLabel\": \"Other\", \"orderBy\": \"1\", \"otherBucket\": false}, \"schema\": \"group\", \"type\": \"terms\", \"enabled\": true, \"id\": \"2\"}, {\"params\": {\"field\": \"@timestamp\", \"extended_bounds\": {}, \"interval\": \"auto\", \"useNormalizedEsInterval\": true, \"time_zone\": \"Europe/Madrid\", \"customInterval\": \"2h\", \"min_doc_count\": 1, \"timeRange\": {\"to\": \"now+1y\", \"from\": \"now-15y\"}, \"drop_partials\": false}, \"schema\": \"segment\", \"type\": \"date_histogram\", \"enabled\": true, \"id\": \"3\"}]}"
            },
            "id": "a3b5ab10-4989-11e9-b8ce-ed898b5ef295",
            "migrationVersion": {
                "visualization": "7.0.0"
            },
            "references": [
                {
                    "id": "96c6ff60-4986-11e9-b8ce-ed898b5ef295",
                    "name": "search_0",
                    "type": "search"
                }
            ],
            "type": "visualization",
            "updated_at": "2019-03-18T14:27:16.950Z",
            "version": "WzI1MSwxXQ=="
        },
        {
            "attributes": {
                "description": "",
                "kibanaSavedObjectMeta": {
                    "searchSourceJSON": "{\"query\": {\"query\": \"\", \"language\": \"kuery\"}, \"filter\": []}"
                },
                "savedSearchRefName": "search_0",
                "title": "ASA Flows by Network Bytes [Filebeat Cisco]",
                "uiStateJSON": "{}",
                "version": 1,
                "visState": "{\"params\": {\"addLegend\": true, \"seriesParams\": [{\"valueAxis\": \"ValueAxis-1\", \"mode\": \"stacked\", \"showCircles\": true, \"data\": {\"label\": \"Total bytes\", \"id\": \"3\"}, \"type\": \"histogram\", \"drawLinesBetweenPoints\": true, \"show\": true}], \"grid\": {\"categoryLines\": false}, \"categoryAxes\": [{\"title\": {}, \"position\": \"bottom\", \"scale\": {\"type\": \"linear\"}, \"labels\": {\"truncate\": 100, \"show\": true}, \"type\": \"category\", \"id\": \"CategoryAxis-1\", \"style\": {}, \"show\": true}], \"addTooltip\": true, \"legendPosition\": \"right\", \"type\": \"histogram\", \"times\": [], \"valueAxes\": [{\"title\": {\"text\": \"Total bytes\"}, \"position\": \"left\", \"name\": \"LeftAxis-1\", \"scale\": {\"type\": \"linear\", \"mode\": \"normal\"}, \"labels\": {\"show\": true, \"truncate\": 100, \"rotate\": 0, \"filter\": false}, \"type\": \"value\", \"id\": \"ValueAxis-1\", \"style\": {}, \"show\": true}], \"addTimeMarker\": false}, \"title\": \"ASA Flows by Network Bytes [Filebeat Cisco]\", \"type\": \"histogram\", \"aggs\": [{\"params\": {\"field\": \"@timestamp\", \"extended_bounds\": {}, \"interval\": \"auto\", \"useNormalizedEsInterval\": true, \"time_zone\": \"Europe/Madrid\", \"customInterval\": \"2h\", \"min_doc_count\": 1, \"timeRange\": {\"to\": \"now+1y\", \"from\": \"now-15y\"}, \"drop_partials\": false}, \"schema\": \"segment\", \"type\": \"date_histogram\", \"enabled\": true, \"id\": \"2\"}, {\"params\": {\"field\": \"network.bytes\", \"customLabel\": \"Total bytes\"}, \"schema\": \"metric\", \"type\": \"sum\", \"enabled\": true, \"id\": \"3\"}]}"
            },
            "id": "80d0c1b0-498a-11e9-b8ce-ed898b5ef295",
            "migrationVersion": {
                "visualization": "7.0.0"
            },
            "references": [
                {
                    "id": "753406e0-4986-11e9-b8ce-ed898b5ef295",
                    "name": "search_0",
                    "type": "search"
                }
            ],
            "type": "visualization",
            "updated_at": "2019-03-18T14:31:22.699Z",
            "version": "WzI1MiwxXQ=="
        },
        {
            "attributes": {
                "description": "",
                "kibanaSavedObjectMeta": {
                    "searchSourceJSON": "{\"query\": {\"query\": \"\", \"language\": \"kuery\"}, \"filter\": []}"
                },
                "savedSearchRefName": "search_0",
                "title": "ASA Firewall Blocked by Source [Filebeat Cisco]",
                "uiStateJSON": "{\"vis\": {\"params\": {\"sort\": {\"direction\": null, \"columnIndex\": null}}}}",
                "version": 1,
                "visState": "{\"params\": {\"showMetricsAtAllLevels\": false, \"showPartialRows\": false, \"totalFunc\": \"sum\", \"sort\": {\"direction\": null, \"columnIndex\": null}, \"perPage\": 10, \"showTotal\": false}, \"title\": \"ASA Firewall Blocked by Source [Filebeat Cisco]\", \"type\": \"table\", \"aggs\": [{\"params\": {\"customLabel\": \"\"}, \"schema\": \"metric\", \"type\": \"count\", \"enabled\": true, \"id\": \"1\"}, {\"params\": {\"field\": \"source.ip\", \"missingBucket\": false, \"order\": \"desc\", \"missingBucketLabel\": \"Missing\", \"size\": 5, \"otherBucketLabel\": \"Other\", \"orderBy\": \"1\", \"otherBucket\": false}, \"schema\": \"bucket\", \"type\": \"terms\", \"enabled\": true, \"id\": \"2\"}]}"
            },
            "id": "d05cdf60-498b-11e9-b8ce-ed898b5ef295",
            "migrationVersion": {
                "visualization": "7.0.0"
            },
            "references": [
                {
                    "id": "96c6ff60-4986-11e9-b8ce-ed898b5ef295",
                    "name": "search_0",
                    "type": "search"
                }
            ],
            "type": "visualization",
            "updated_at": "2019-03-18T14:42:05.159Z",
            "version": "WzI1NCwxXQ=="
        },
        {
            "attributes": {
                "description": "",
                "kibanaSavedObjectMeta": {
                    "searchSourceJSON": "{\"query\": {\"query\": \"event.outcome:\\\"deny\\\"\", \"language\": \"kuery\"}, \"filter\": []}"
                },
                "savedSearchRefName": "search_0",
                "title": "ASA Top ACL by Blocked [Filebeat Cisco]",
                "uiStateJSON": "{\"vis\": {\"params\": {\"sort\": {\"direction\": null, \"columnIndex\": null}}}}",
                "version": 1,
                "visState": "{\"params\": {\"showMetricsAtAllLevels\": false, \"showPartialRows\": false, \"totalFunc\": \"sum\", \"sort\": {\"direction\": null, \"columnIndex\": null}, \"perPage\": 10, \"showTotal\": false}, \"title\": \"ASA Top ACL by Blocked [Filebeat Cisco]\", \"type\": \"table\", \"aggs\": [{\"params\": {\"customLabel\": \"\"}, \"schema\": \"metric\", \"type\": \"count\", \"enabled\": true, \"id\": \"1\"}, {\"params\": {\"field\": \"cisco.asa.rule_name\", \"missingBucket\": false, \"order\": \"desc\", \"missingBucketLabel\": \"Missing\", \"size\": 5, \"otherBucketLabel\": \"Other\", \"otherBucket\": false, \"orderBy\": \"1\", \"customLabel\": \"ACL ID\"}, \"schema\": \"bucket\", \"type\": \"terms\", \"enabled\": true, \"id\": \"2\"}]}"
            },
            "id": "08ef4d90-499b-11e9-b8ce-ed898b5ef295",
            "migrationVersion": {
                "visualization": "7.0.0"
            },
            "references": [
                {
                    "id": "96c6ff60-4986-11e9-b8ce-ed898b5ef295",
                    "name": "search_0",
                    "type": "search"
                }
            ],
            "type": "visualization",
            "updated_at": "2019-03-18T16:29:43.017Z",
            "version": "WzI1NywxXQ=="
        },
        {
            "attributes": {
                "description": "",
                "kibanaSavedObjectMeta": {
                    "searchSourceJSON": "{\"query\": {\"query\": \"\", \"language\": \"kuery\"}, \"filter\": []}"
                },
                "savedSearchRefName": "search_0",
                "title": "Top ASA Messages [Filebeat Cisco]",
                "uiStateJSON": "{\"vis\": {\"params\": {\"sort\": {\"direction\": \"desc\", \"columnIndex\": 1}}}}",
                "version": 1,
                "visState": "{\"params\": {\"showMetricsAtAllLevels\": false, \"showPartialRows\": false, \"totalFunc\": \"sum\", \"sort\": {\"direction\": null, \"columnIndex\": null}, \"perPage\": 10, \"showTotal\": true}, \"title\": \"Top ASA Messages [Filebeat Cisco]\", \"type\": \"table\", \"aggs\": [{\"params\": {\"field\": \"cisco.asa.message_id\", \"missingBucket\": false, \"order\": \"desc\", \"missingBucketLabel\": \"Missing\", \"size\": 15, \"otherBucketLabel\": \"Other\", \"otherBucket\": false, \"orderBy\": \"_key\", \"customLabel\": \"ID\"}, \"schema\": \"bucket\", \"type\": \"terms\", \"enabled\": true, \"id\": \"2\"}, {\"params\": {}, \"schema\": \"metric\", \"type\": \"count\", \"enabled\": true, \"id\": \"3\"}, {\"params\": {\"field\": \"log.level\", \"sortOrder\": \"desc\", \"size\": 1, \"aggregate\": \"concat\", \"customLabel\": \"Severity\", \"sortField\": \"@timestamp\"}, \"schema\": \"metric\", \"type\": \"top_hits\", \"enabled\": true, \"id\": \"4\"}, {\"params\": {\"field\": \"event.original\", \"sortOrder\": \"desc\", \"size\": 1, \"aggregate\": \"concat\", \"customLabel\": \"Sample message\", \"sortField\": \"@timestamp\"}, \"schema\": \"metric\", \"type\": \"top_hits\", \"enabled\": true, \"id\": \"1\"}]}"
            },
            "id": "fd89b1e0-49a2-11e9-b8ce-ed898b5ef295",
            "migrationVersion": {
                "visualization": "7.0.0"
            },
            "references": [
                {
                    "id": "14fce5e0-498f-11e9-b8ce-ed898b5ef295",
                    "name": "search_0",
                    "type": "search"
                }
            ],
            "type": "visualization",
            "updated_at": "2019-03-18T17:26:39.870Z",
            "version": "WzI1OSwxXQ=="
        },
        {
            "attributes": {
                "columns": [
                    "_source"
                ],
                "description": "",
                "hits": 0,
                "kibanaSavedObjectMeta": {
                    "searchSourceJSON": "{\"version\": true, \"query\": {\"query\": \"cisco.asa.message_id:* and event.action:\\\"flow-expiration\\\"\", \"language\": \"kuery\"}, \"highlightAll\": true, \"indexRefName\": \"kibanaSavedObjectMeta.searchSourceJSON.index\", \"filter\": []}"
                },
                "sort": [
                    "@timestamp",
                    "desc"
                ],
                "title": "ASA Firewall flows [Filebeat Cisco]",
                "version": 1
            },
            "id": "753406e0-4986-11e9-b8ce-ed898b5ef295",
            "migrationVersion": {
                "search": "7.0.0"
            },
            "references": [
                {
                    "id": "filebeat-*",
                    "name": "kibanaSavedObjectMeta.searchSourceJSON.index",
                    "type": "index-pattern"
                }
            ],
            "type": "search",
            "updated_at": "2019-03-18T14:02:44.176Z",
            "version": "WzI0MywxXQ=="
        },
        {
            "attributes": {
                "columns": [
                    "_source"
                ],
                "description": "",
                "hits": 0,
                "kibanaSavedObjectMeta": {
                    "searchSourceJSON": "{\"version\": true, \"query\": {\"query\": \"cisco.asa.message_id:* and event.action:\\\"firewall-rule\\\"\", \"language\": \"kuery\"}, \"highlightAll\": true, \"indexRefName\": \"kibanaSavedObjectMeta.searchSourceJSON.index\", \"filter\": []}"
                },
                "sort": [
                    "@timestamp",
                    "desc"
                ],
                "title": "ASA Firewall Events [Filebeat Cisco]",
                "version": 1
            },
            "id": "96c6ff60-4986-11e9-b8ce-ed898b5ef295",
            "migrationVersion": {
                "search": "7.0.0"
            },
            "references": [
                {
                    "id": "filebeat-*",
                    "name": "kibanaSavedObjectMeta.searchSourceJSON.index",
                    "type": "index-pattern"
                }
            ],
            "type": "search",
            "updated_at": "2019-03-18T14:03:21.558Z",
            "version": "WzI0NCwxXQ=="
        },
        {
            "attributes": {
                "columns": [
                    "_source"
                ],
                "description": "",
                "hits": 0,
                "kibanaSavedObjectMeta": {
                    "searchSourceJSON": "{\"version\": true, \"query\": {\"query\": \"cisco.asa.message_id :*\", \"language\": \"kuery\"}, \"highlightAll\": true, \"indexRefName\": \"kibanaSavedObjectMeta.searchSourceJSON.index\", \"filter\": []}"
                },
                "sort": [
                    "@timestamp",
                    "desc"
                ],
                "title": "All ASA Logs [Filebeat Cisco]",
                "version": 1
            },
            "id": "14fce5e0-498f-11e9-b8ce-ed898b5ef295",
            "migrationVersion": {
                "search": "7.0.0"
            },
            "references": [
                {
                    "id": "filebeat-*",
                    "name": "kibanaSavedObjectMeta.searchSourceJSON.index",
                    "type": "index-pattern"
                }
            ],
            "type": "search",
            "updated_at": "2019-03-18T15:04:09.277Z",
            "version": "WzI1NiwxXQ=="
        }
    ],
    "version": "7.0.0-SNAPSHOT"
}