{
    "objects": [
        {
            "attributes": {
                "description": "Sample dashboard for Office 365 Management Activity events",
                "hits": 0,
                "kibanaSavedObjectMeta": {
                    "searchSourceJSON": "{\"query\": {\"query\": \"\", \"language\": \"kuery\"}, \"filter\": []}"
                },
                "optionsJSON": "{\"useMargins\": true, \"hidePanelTitles\": false}",
                "panelsJSON": "[{\"title\": \"Total audit events\", \"panelIndex\": \"b6942e2a-81dc-40e4-a932-8b7a864b28bc\", \"embeddableConfig\": {\"title\": \"Total audit events\"}, \"panelRefName\": \"panel_0\", \"version\": \"7.6.0\", \"gridData\": {\"y\": 0, \"i\": \"b6942e2a-81dc-40e4-a932-8b7a864b28bc\", \"h\": 6, \"w\": 10, \"x\": 0}}, {\"title\": \"Event histogram by service\", \"panelIndex\": \"9673e6df-4b1e-4771-b1c6-c41c9bfc7272\", \"embeddableConfig\": {\"title\": \"Event histogram by service\"}, \"panelRefName\": \"panel_1\", \"version\": \"7.6.0\", \"gridData\": {\"y\": 0, \"i\": \"9673e6df-4b1e-4771-b1c6-c41c9bfc7272\", \"h\": 14, \"w\": 38, \"x\": 10}}, {\"title\": \"Events by type\", \"panelIndex\": \"70ab7239-c65c-41da-8242-da61750745d7\", \"embeddableConfig\": {\"legendOpen\": true, \"title\": \"Events by type\", \"colors\": {\"event\": \"#7EB26D\", \"alert\": \"#EF843C\"}, \"vis\": {\"legendOpen\": true, \"colors\": {\"event\": \"#7EB26D\", \"alert\": \"#E24D42\"}}}, \"panelRefName\": \"panel_2\", \"version\": \"7.6.0\", \"gridData\": {\"y\": 6, \"i\": \"70ab7239-c65c-41da-8242-da61750745d7\", \"h\": 8, \"w\": 10, \"x\": 0}}, {\"title\": \"Top users by authentication failures\", \"panelIndex\": \"775ced7d-7c58-44bc-8d4e-2a757d2c218c\", \"embeddableConfig\": {\"legendOpen\": false, \"title\": \"Top users by authentication failures\", \"colors\": {\"failure\": \"#E24D42\", \"success\": \"#629E51\"}, \"vis\": {\"legendOpen\": true, \"colors\": {\"failure\": \"#E24D42\", \"success\": \"#629E51\"}}}, \"panelRefName\": \"panel_3\", \"version\": \"7.6.0\", \"gridData\": {\"y\": 14, \"i\": \"775ced7d-7c58-44bc-8d4e-2a757d2c218c\", \"h\": 17, \"w\": 10, \"x\": 0}}, {\"title\": \"Client geolocation map\", \"panelIndex\": \"15fe975b-6b8b-4445-872d-e06c041e2c31\", \"embeddableConfig\": {\"mapCenter\": {\"lat\": 42.68781, \"lon\": -48.94209, \"zoom\": 1.88}, \"title\": \"Client geolocation map\", \"hiddenLayers\": [], \"isLayerTOCOpen\": false, \"openTOCDetails\": []}, \"panelRefName\": \"panel_4\", \"version\": \"7.6.0\", \"gridData\": {\"y\": 14, \"i\": \"15fe975b-6b8b-4445-872d-e06c041e2c31\", \"h\": 17, \"w\": 38, \"x\": 10}}, {\"title\": \"Data Loss Prevention alerts\", \"panelIndex\": \"481f1778-caad-4971-b598-bb61c94bf998\", \"embeddableConfig\": {\"title\": \"Data Loss Prevention alerts\"}, \"panelRefName\": \"panel_5\", \"version\": \"7.6.0\", \"gridData\": {\"y\": 31, \"i\": \"481f1778-caad-4971-b598-bb61c94bf998\", \"h\": 13, \"w\": 48, \"x\": 0}}]",
                "timeRestore": false,
                "title": "[Filebeat o365] Audit Dashboard ECS",
                "version": 1
            },
            "id": "712e2c00-685d-11ea-8d6a-292ef5d68366",
            "migrationVersion": {
                "dashboard": "7.3.0"
            },
            "references": [
                {
                    "id": "0be1adb0-6860-11ea-8d6a-292ef5d68366",
                    "name": "panel_0",
                    "type": "visualization"
                },
                {
                    "id": "8b033510-685a-11ea-8d6a-292ef5d68366",
                    "name": "panel_1",
                    "type": "visualization"
                },
                {
                    "id": "d43c95a0-6864-11ea-8d6a-292ef5d68366",
                    "name": "panel_2",
                    "type": "visualization"
                },
                {
                    "id": "897d0c70-6869-11ea-8d6a-292ef5d68366",
                    "name": "panel_3",
                    "type": "visualization"
                },
                {
                    "id": "dbae13c0-685c-11ea-8d6a-292ef5d68366",
                    "name": "panel_4",
                    "type": "map"
                },
                {
                    "id": "8b8e5a10-6886-11ea-8d6a-292ef5d68366",
                    "name": "panel_5",
                    "type": "search"
                }
            ],
            "type": "dashboard",
            "updated_at": "2020-03-17T19:40:51.528Z",
            "version": "WzY3MywyXQ=="
        },
        {
            "attributes": {
                "description": "",
                "kibanaSavedObjectMeta": {
                    "searchSourceJSON": "{}"
                },
                "savedSearchRefName": "search_0",
                "title": "Audit Event Count [Filebeat o365]",
                "uiStateJSON": "{}",
                "version": 1,
                "visState": "{\"params\": {\"addLegend\": false, \"dimensions\": {\"metrics\": [{\"format\": {\"params\": {}, \"id\": \"number\"}, \"accessor\": 0, \"type\": \"vis_dimension\"}]}, \"type\": \"metric\", \"metric\": {\"invertColors\": false, \"colorsRange\": [{\"type\": \"range\", \"to\": 10000, \"from\": 0}], \"metricColorMode\": \"None\", \"useRanges\": false, \"colorSchema\": \"Green to Red\", \"labels\": {\"show\": true}, \"style\": {\"fontSize\": 40, \"labelColor\": false, \"bgColor\": false, \"bgFill\": \"#000\", \"subText\": \"\"}, \"percentageMode\": false}, \"addTooltip\": true}, \"title\": \"Audit Event Count [Filebeat o365]\", \"type\": \"metric\", \"aggs\": [{\"params\": {}, \"schema\": \"metric\", \"type\": \"count\", \"enabled\": true, \"id\": \"1\"}]}"
            },
            "id": "0be1adb0-6860-11ea-8d6a-292ef5d68366",
            "migrationVersion": {
                "visualization": "7.4.2"
            },
            "references": [
                {
                    "id": "fdc14020-6859-11ea-8d6a-292ef5d68366",
                    "name": "search_0",
                    "type": "search"
                }
            ],
            "type": "visualization",
            "updated_at": "2020-03-17T15:42:14.802Z",
            "version": "WzU5OCwxXQ=="
        },
        {
            "attributes": {
                "description": "",
                "kibanaSavedObjectMeta": {
                    "searchSourceJSON": "{}"
                },
                "savedSearchRefName": "search_0",
                "title": "Events Histogram [Filebeat o365]",
                "uiStateJSON": "{}",
                "version": 1,
                "visState": "{\"params\": {\"addLegend\": true, \"categoryAxes\": [{\"title\": {}, \"position\": \"bottom\", \"scale\": {\"type\": \"linear\"}, \"labels\": {\"truncate\": 100, \"show\": true, \"filter\": true}, \"type\": \"category\", \"id\": \"CategoryAxis-1\", \"style\": {}, \"show\": true}], \"seriesParams\": [{\"valueAxis\": \"ValueAxis-1\", \"mode\": \"stacked\", \"showCircles\": true, \"lineWidth\": 2, \"data\": {\"label\": \"Count\", \"id\": \"1\"}, \"type\": \"histogram\", \"drawLinesBetweenPoints\": true, \"show\": true}], \"legendPosition\": \"right\", \"labels\": {\"show\": false}, \"times\": [], \"thresholdLine\": {\"color\": \"#E7664C\", \"width\": 1, \"value\": 10, \"show\": false, \"style\": \"full\"}, \"grid\": {\"categoryLines\": false}, \"dimensions\": {\"y\": [{\"label\": \"Count\", \"params\": {}, \"aggType\": \"count\", \"accessor\": 2, \"format\": {\"id\": \"number\"}}], \"series\": [{\"label\": \"event.code: Descending\", \"params\": {}, \"aggType\": \"terms\", \"accessor\": 0, \"format\": {\"params\": {\"parsedUrl\": {\"basePath\": \"\", \"pathname\": \"/app/kibana\", \"origin\": \"http://localhost:5601\"}, \"otherBucketLabel\": \"Other\", \"id\": \"string\", \"missingBucketLabel\": \"Missing\"}, \"id\": \"terms\"}}], \"x\": {\"label\": \"@timestamp per 12 hours\", \"params\": {\"date\": true, \"bounds\": {\"min\": \"2020-02-05T03:25:59.045Z\", \"max\": \"2020-02-29T10:59:01.067Z\"}, \"format\": \"YYYY-MM-DD HH:mm\", \"intervalESUnit\": \"h\", \"intervalESValue\": 12, \"interval\": \"PT12H\"}, \"aggType\": \"date_histogram\", \"accessor\": 1, \"format\": {\"params\": {\"pattern\": \"YYYY-MM-DD HH:mm\"}, \"id\": \"date\"}}}, \"valueAxes\": [{\"title\": {\"text\": \"Count\"}, \"position\": \"left\", \"name\": \"LeftAxis-1\", \"scale\": {\"type\": \"linear\", \"mode\": \"normal\"}, \"labels\": {\"show\": true, \"truncate\": 100, \"rotate\": 0, \"filter\": false}, \"type\": \"value\", \"id\": \"ValueAxis-1\", \"style\": {}, \"show\": true}], \"type\": \"histogram\", \"addTooltip\": true, \"addTimeMarker\": false}, \"title\": \"Events Histogram [Filebeat o365]\", \"type\": \"histogram\", \"aggs\": [{\"params\": {}, \"schema\": \"metric\", \"type\": \"count\", \"enabled\": true, \"id\": \"1\"}, {\"params\": {\"field\": \"event.code\", \"missingBucket\": false, \"order\": \"desc\", \"missingBucketLabel\": \"Missing\", \"size\": 50, \"otherBucketLabel\": \"Other\", \"orderBy\": \"1\", \"otherBucket\": true}, \"schema\": \"group\", \"type\": \"terms\", \"enabled\": true, \"id\": \"2\"}, {\"params\": {\"field\": \"@timestamp\", \"extended_bounds\": {}, \"interval\": \"auto\", \"scaleMetricValues\": false, \"useNormalizedEsInterval\": true, \"min_doc_count\": 1, \"timeRange\": {\"to\": \"2020-02-29T10:59:01.067Z\", \"from\": \"2020-02-05T03:25:59.045Z\"}, \"drop_partials\": false}, \"schema\": \"segment\", \"type\": \"date_histogram\", \"enabled\": true, \"id\": \"3\"}]}"
            },
            "id": "8b033510-685a-11ea-8d6a-292ef5d68366",
            "migrationVersion": {
                "visualization": "7.4.2"
            },
            "references": [
                {
                    "id": "fdc14020-6859-11ea-8d6a-292ef5d68366",
                    "name": "search_0",
                    "type": "search"
                }
            ],
            "type": "visualization",
            "updated_at": "2020-03-17T14:21:07.680Z",
            "version": "WzU3MSwxXQ=="
        },
        {
            "attributes": {
                "description": "",
                "kibanaSavedObjectMeta": {
                    "searchSourceJSON": "{}"
                },
                "savedSearchRefName": "search_0",
                "title": "Audit Event Type [Filebeat o365]",
                "uiStateJSON": "{}",
                "version": 1,
                "visState": "{\"params\": {\"addLegend\": true, \"addTooltip\": true, \"type\": \"pie\", \"legendPosition\": \"right\", \"dimensions\": {\"metric\": {\"label\": \"Count\", \"params\": {}, \"aggType\": \"count\", \"accessor\": 0, \"format\": {\"id\": \"number\"}}}, \"isDonut\": true, \"labels\": {\"truncate\": 100, \"values\": true, \"last_level\": true, \"show\": false}}, \"title\": \"Audit Event Type [Filebeat o365]\", \"type\": \"pie\", \"aggs\": [{\"params\": {}, \"schema\": \"metric\", \"type\": \"count\", \"enabled\": true, \"id\": \"1\"}, {\"params\": {\"field\": \"event.kind\", \"missingBucket\": true, \"order\": \"desc\", \"missingBucketLabel\": \"Missing\", \"size\": 5, \"otherBucketLabel\": \"Other\", \"orderBy\": \"1\", \"otherBucket\": true}, \"schema\": \"segment\", \"type\": \"terms\", \"enabled\": true, \"id\": \"2\"}]}"
            },
            "id": "d43c95a0-6864-11ea-8d6a-292ef5d68366",
            "migrationVersion": {
                "visualization": "7.4.2"
            },
            "references": [
                {
                    "id": "fdc14020-6859-11ea-8d6a-292ef5d68366",
                    "name": "search_0",
                    "type": "search"
                }
            ],
            "type": "visualization",
            "updated_at": "2020-03-17T15:34:45.498Z",
            "version": "WzU5NiwxXQ=="
        },
        {
            "attributes": {
                "description": "",
                "kibanaSavedObjectMeta": {
                    "searchSourceJSON": "{\"query\": {\"query\": \"\", \"language\": \"kuery\"}, \"filter\": [{\"query\": {\"match_phrase\": {\"event.category\": \"authentication\"}}, \"meta\": {\"negate\": false, \"key\": \"event.category\", \"disabled\": false, \"params\": {\"query\": \"authentication\"}, \"alias\": null, \"type\": \"phrase\", \"indexRefName\": \"kibanaSavedObjectMeta.searchSourceJSON.filter[0].meta.index\"}, \"$state\": {\"store\": \"appState\"}}]}"
                },
                "savedSearchRefName": "search_0",
                "title": "Top Authentication Failures [Filebeat o365]",
                "uiStateJSON": "{\"vis\": {\"legendOpen\": true, \"colors\": {\"failure\": \"#E24D42\", \"success\": \"#629E51\"}}}",
                "version": 1,
                "visState": "{\"params\": {\"addLegend\": true, \"categoryAxes\": [{\"title\": {}, \"position\": \"left\", \"scale\": {\"type\": \"linear\"}, \"labels\": {\"show\": true, \"truncate\": 200, \"rotate\": 0, \"filter\": false}, \"type\": \"category\", \"id\": \"CategoryAxis-1\", \"style\": {}, \"show\": false}], \"seriesParams\": [{\"valueAxis\": \"ValueAxis-1\", \"mode\": \"stacked\", \"showCircles\": true, \"lineWidth\": 2, \"data\": {\"label\": \"Count\", \"id\": \"1\"}, \"type\": \"histogram\", \"drawLinesBetweenPoints\": true, \"show\": true}], \"legendPosition\": \"bottom\", \"labels\": {\"show\": true}, \"type\": \"histogram\", \"times\": [], \"thresholdLine\": {\"color\": \"#E7664C\", \"width\": 1, \"value\": 10, \"show\": false, \"style\": \"full\"}, \"grid\": {\"categoryLines\": false, \"valueAxis\": \"\"}, \"orderBucketsBySum\": true, \"valueAxes\": [{\"title\": {\"text\": \"Count\"}, \"position\": \"bottom\", \"name\": \"LeftAxis-1\", \"scale\": {\"type\": \"linear\", \"mode\": \"normal\"}, \"labels\": {\"show\": false, \"truncate\": 100, \"rotate\": 75, \"filter\": true}, \"type\": \"value\", \"id\": \"ValueAxis-1\", \"style\": {}, \"show\": false}], \"dimensions\": {\"y\": [{\"label\": \"Count\", \"params\": {}, \"aggType\": \"count\", \"accessor\": 2, \"format\": {\"id\": \"number\"}}], \"series\": [{\"label\": \"event.outcome: Ascending\", \"params\": {}, \"aggType\": \"terms\", \"accessor\": 0, \"format\": {\"params\": {\"parsedUrl\": {\"basePath\": \"\", \"pathname\": \"/app/kibana\", \"origin\": \"http://localhost:5601\"}, \"otherBucketLabel\": \"Other\", \"id\": \"string\", \"missingBucketLabel\": \"Missing\"}, \"id\": \"terms\"}}], \"x\": null, \"splitRow\": [{\"label\": \"user.name: Descending\", \"params\": {}, \"aggType\": \"terms\", \"accessor\": 1, \"format\": {\"params\": {\"parsedUrl\": {\"basePath\": \"\", \"pathname\": \"/app/kibana\", \"origin\": \"http://localhost:5601\"}, \"otherBucketLabel\": \"Other\", \"id\": \"string\", \"missingBucketLabel\": \"Missing\"}, \"id\": \"terms\"}}]}, \"addTooltip\": true, \"addTimeMarker\": false}, \"title\": \"Top Authentication Failures [Filebeat o365]\", \"type\": \"horizontal_bar\", \"aggs\": [{\"params\": {\"customLabel\": \"\"}, \"schema\": \"metric\", \"type\": \"count\", \"enabled\": true, \"id\": \"1\"}, {\"params\": {\"field\": \"event.outcome\", \"missingBucket\": false, \"order\": \"asc\", \"missingBucketLabel\": \"Missing\", \"size\": 2, \"otherBucketLabel\": \"Other\", \"orderBy\": \"_key\", \"otherBucket\": false}, \"schema\": \"group\", \"type\": \"terms\", \"enabled\": true, \"id\": \"3\"}, {\"params\": {\"field\": \"user.name\", \"missingBucket\": false, \"order\": \"desc\", \"missingBucketLabel\": \"Missing\", \"row\": true, \"size\": 15, \"otherBucketLabel\": \"Other\", \"orderBy\": \"1\", \"otherBucket\": false}, \"schema\": \"split\", \"type\": \"terms\", \"enabled\": true, \"id\": \"2\"}]}"
            },
            "id": "897d0c70-6869-11ea-8d6a-292ef5d68366",
            "migrationVersion": {
                "visualization": "7.4.2"
            },
            "references": [
                {
                    "id": "filebeat-*",
                    "name": "kibanaSavedObjectMeta.searchSourceJSON.filter[0].meta.index",
                    "type": "index-pattern"
                },
                {
                    "id": "fdc14020-6859-11ea-8d6a-292ef5d68366",
                    "name": "search_0",
                    "type": "search"
                }
            ],
            "type": "visualization",
            "updated_at": "2020-03-17T17:33:41.990Z",
            "version": "WzYwOCwxXQ=="
        },
        {
            "attributes": {
                "bounds": {
                    "coordinates": [
                        [
                            [
                                -52.43037,
                                65.94892
                            ],
                            [
                                -52.43037,
                                -22.98633
                            ],
                            [
                                85.77811,
                                -22.98633
                            ],
                            [
                                85.77811,
                                65.94892
                            ],
                            [
                                -52.43037,
                                65.94892
                            ]
                        ]
                    ],
                    "type": "Polygon"
                },
                "description": "",
                "layerListJSON": "[{\"sourceDescriptor\":{\"type\":\"EMS_TMS\",\"isAutoSelect\":true},\"id\":\"0b910b6c-77c8-4223-892a-1ebf69b0ccb4\",\"label\":null,\"minZoom\":0,\"maxZoom\":24,\"alpha\":1,\"visible\":true,\"style\":{},\"type\":\"VECTOR_TILE\"},{\"sourceDescriptor\":{\"type\":\"ES_GEO_GRID\",\"id\":\"3ba31ffc-7051-44bf-96a0-a684020cd2a3\",\"geoField\":\"source.geo.location\",\"requestType\":\"point\",\"resolution\":\"FINE\",\"applyGlobalQuery\":true,\"indexPatternRefName\":\"layer_1_source_index_pattern\"},\"style\":{\"type\":\"VECTOR\",\"properties\":{\"fillColor\":{\"type\":\"DYNAMIC\",\"options\":{\"color\":\"Yellow to Red\",\"colorCategory\":\"palette_0\",\"field\":{\"name\":\"doc_count\",\"origin\":\"source\"},\"fieldMetaOptions\":{\"isEnabled\":true,\"sigma\":3},\"type\":\"ORDINAL\",\"useCustomColorRamp\":false}},\"lineColor\":{\"type\":\"STATIC\",\"options\":{\"color\":\"#FFF\"}},\"lineWidth\":{\"type\":\"STATIC\",\"options\":{\"size\":0}},\"iconSize\":{\"type\":\"DYNAMIC\",\"options\":{\"minSize\":8,\"maxSize\":32,\"field\":{\"name\":\"doc_count\",\"origin\":\"source\"},\"fieldMetaOptions\":{\"isEnabled\":true,\"sigma\":3}}},\"iconOrientation\":{\"type\":\"STATIC\",\"options\":{\"orientation\":0}},\"labelText\":{\"type\":\"DYNAMIC\",\"options\":{\"field\":{\"name\":\"doc_count\",\"origin\":\"source\"}}},\"labelColor\":{\"type\":\"STATIC\",\"options\":{\"color\":\"#000000\"}},\"labelSize\":{\"type\":\"STATIC\",\"options\":{\"size\":14}},\"labelBorderColor\":{\"type\":\"STATIC\",\"options\":{\"color\":\"#FFFFFF\"}},\"symbol\":{\"options\":{\"symbolizeAs\":\"circle\",\"symbolId\":\"airfield\"}},\"labelBorderSize\":{\"options\":{\"size\":\"SMALL\"}}},\"isTimeAware\":true},\"id\":\"acc53b7b-3411-406b-9371-6fa62b6b9365\",\"label\":null,\"minZoom\":0,\"maxZoom\":24,\"alpha\":0.75,\"visible\":true,\"type\":\"VECTOR\"}]",
                "mapStateJSON": "{\"zoom\":2.88,\"center\":{\"lon\":16.67387,\"lat\":30.87292},\"timeFilters\":{\"from\":\"2020-02-05T03:25:59.045Z\",\"to\":\"2020-02-29T10:59:01.067Z\"},\"refreshConfig\":{\"isPaused\":false,\"interval\":0},\"query\":{\"query\":\"event.dataset:\\\"o365.audit\\\" \",\"language\":\"kuery\"},\"filters\":[]}",
                "title": "Client Geo Map [Filebeat o365 audit]",
                "uiStateJSON": "{\"isLayerTOCOpen\": true, \"openTOCDetails\": []}"
            },
            "id": "dbae13c0-685c-11ea-8d6a-292ef5d68366",
            "migrationVersion": {
                "map": "7.6.0"
            },
            "references": [
                {
                    "id": "filebeat-*",
                    "name": "layer_1_source_index_pattern",
                    "type": "index-pattern"
                }
            ],
            "type": "map",
            "updated_at": "2020-03-17T14:45:09.571Z",
            "version": "WzU4NCwxXQ=="
        },
        {
            "attributes": {
                "columns": [
                    "event.category",
                    "event.type",
                    "event.action",
                    "event.outcome",
                    "user.name",
                    "file.name",
                    "rule.name"
                ],
                "description": "",
                "hits": 0,
                "kibanaSavedObjectMeta": {
                    "searchSourceJSON": "{\"version\": true, \"query\": {\"query\": \"\", \"language\": \"kuery\"}, \"highlightAll\": true, \"indexRefName\": \"kibanaSavedObjectMeta.searchSourceJSON.index\", \"filter\": [{\"query\": {\"match_phrase\": {\"event.dataset\": \"o365.audit\"}}, \"meta\": {\"negate\": false, \"key\": \"event.dataset\", \"disabled\": false, \"params\": {\"query\": \"o365.audit\"}, \"alias\": null, \"type\": \"phrase\", \"indexRefName\": \"kibanaSavedObjectMeta.searchSourceJSON.filter[0].meta.index\"}, \"$state\": {\"store\": \"appState\"}}, {\"query\": {\"match_phrase\": {\"event.kind\": \"alert\"}}, \"meta\": {\"negate\": false, \"key\": \"event.kind\", \"disabled\": false, \"params\": {\"query\": \"alert\"}, \"alias\": null, \"type\": \"phrase\", \"indexRefName\": \"kibanaSavedObjectMeta.searchSourceJSON.filter[1].meta.index\"}, \"$state\": {\"store\": \"appState\"}}, {\"query\": {\"bool\": {\"should\": [{\"match_phrase\": {\"event.code\": \"ComplianceDLPSharePoint\"}}, {\"match_phrase\": {\"event.code\": \"ComplianceDLPExchange\"}}], \"minimum_should_match\": 1}}, \"meta\": {\"negate\": false, \"key\": \"event.code\", \"disabled\": false, \"params\": [\"ComplianceDLPSharePoint\", \"ComplianceDLPExchange\"], \"alias\": null, \"type\": \"phrases\", \"indexRefName\": \"kibanaSavedObjectMeta.searchSourceJSON.filter[2].meta.index\", \"value\": \"ComplianceDLPSharePoint, ComplianceDLPExchange\"}, \"$state\": {\"store\": \"appState\"}}]}"
                },
                "sort": [
                    [
                        "@timestamp",
                        "desc"
                    ]
                ],
                "title": "Data Loss Prevention [Filebeat o365]",
                "version": 1
            },
            "id": "8b8e5a10-6886-11ea-8d6a-292ef5d68366",
            "migrationVersion": {
                "search": "7.4.0"
            },
            "references": [
                {
                    "id": "filebeat-*",
                    "name": "kibanaSavedObjectMeta.searchSourceJSON.index",
                    "type": "index-pattern"
                },
                {
                    "id": "filebeat-*",
                    "name": "kibanaSavedObjectMeta.searchSourceJSON.filter[0].meta.index",
                    "type": "index-pattern"
                },
                {
                    "id": "filebeat-*",
                    "name": "kibanaSavedObjectMeta.searchSourceJSON.filter[1].meta.index",
                    "type": "index-pattern"
                },
                {
                    "id": "filebeat-*",
                    "name": "kibanaSavedObjectMeta.searchSourceJSON.filter[2].meta.index",
                    "type": "index-pattern"
                }
            ],
            "type": "search",
            "updated_at": "2020-03-17T19:36:06.449Z",
            "version": "WzY3MCwyXQ=="
        },
        {
            "attributes": {
                "columns": [
                    "_source"
                ],
                "description": "",
                "hits": 0,
                "kibanaSavedObjectMeta": {
                    "searchSourceJSON": "{\"version\": true, \"query\": {\"query\": \"event.dataset:\\\"o365.audit\\\" \", \"language\": \"kuery\"}, \"highlightAll\": true, \"indexRefName\": \"kibanaSavedObjectMeta.searchSourceJSON.index\", \"filter\": []}"
                },
                "sort": [
                    [
                        "@timestamp",
                        "desc"
                    ]
                ],
                "title": "Audit Events [Filebeat O365]",
                "version": 1
            },
            "id": "fdc14020-6859-11ea-8d6a-292ef5d68366",
            "migrationVersion": {
                "search": "7.4.0"
            },
            "references": [
                {
                    "id": "filebeat-*",
                    "name": "kibanaSavedObjectMeta.searchSourceJSON.index",
                    "type": "index-pattern"
                }
            ],
            "type": "search",
            "updated_at": "2020-03-17T14:17:10.688Z",
            "version": "WzU2OSwxXQ=="
        }
    ],
    "version": "7.6.0"
}