{
    "objects": [
        {
            "attributes": {
                "description": "",
                "kibanaSavedObjectMeta": {
                    "searchSourceJSON": "{\"index\": \"filebeat-*\", \"query\": {\"query\": \"\", \"language\": \"kuery\"}, \"filter\": []}"
                },
                "title": "Browsers breakdown [Filebeat Traefik] ECS",
                "uiStateJSON": "{}",
                "version": 1,
                "visState": "{\"listeners\": {}, \"params\": {\"addLegend\": true, \"legendPosition\": \"bottom\", \"isDonut\": true, \"shareYAxis\": true, \"addTooltip\": true}, \"type\": \"pie\", \"aggs\": [{\"params\": {}, \"schema\": \"metric\", \"type\": \"count\", \"enabled\": true, \"id\": \"1\"}, {\"params\": {\"field\": \"user_agent.name\", \"orderBy\": \"1\", \"order\": \"desc\", \"size\": 5}, \"schema\": \"segment\", \"type\": \"terms\", \"enabled\": true, \"id\": \"2\"}, {\"params\": {\"field\": \"user_agent.version\", \"orderBy\": \"1\", \"order\": \"desc\", \"size\": 5}, \"schema\": \"segment\", \"type\": \"terms\", \"enabled\": true, \"id\": \"3\"}], \"title\": \"Traefik Access Browsers ECS\"}"
            },
            "id": "Traefik-Access-Browsers-ecs",
            "type": "visualization",
            "version": 2
        },
        {
            "attributes": {
                "description": "",
                "kibanaSavedObjectMeta": {
                    "searchSourceJSON": "{\"index\": \"filebeat-*\", \"query\": {\"query\": \"\", \"language\": \"kuery\"}, \"filter\": []}"
                },
                "title": "Operating systems breakdown [Filebeat Traefik] ECS",
                "uiStateJSON": "{}",
                "version": 1,
                "visState": "{\"listeners\": {}, \"params\": {\"addLegend\": true, \"legendPosition\": \"bottom\", \"isDonut\": true, \"shareYAxis\": true, \"addTooltip\": true}, \"type\": \"pie\", \"aggs\": [{\"params\": {}, \"schema\": \"metric\", \"type\": \"count\", \"enabled\": true, \"id\": \"1\"}, {\"params\": {\"field\": \"user_agent.os.name\", \"orderBy\": \"1\", \"order\": \"desc\", \"size\": 5}, \"schema\": \"segment\", \"type\": \"terms\", \"enabled\": true, \"id\": \"2\"}, {\"params\": {\"field\": \"user_agent.os.version\", \"orderBy\": \"1\", \"order\": \"desc\", \"size\": 5}, \"schema\": \"segment\", \"type\": \"terms\", \"enabled\": true, \"id\": \"3\"}], \"title\": \"Traefik Access OSes ECS\"}"
            },
            "id": "Traefik-Access-OSes-ecs",
            "type": "visualization",
            "version": 2
        },
        {
            "attributes": {
                "description": "",
                "kibanaSavedObjectMeta": {
                    "searchSourceJSON": "{\"filter\": []}"
                },
                "savedSearchId": "Filebeat-Traefik-module-ecs",
                "title": "Response codes over time [Filebeat Traefik] ECS",
                "uiStateJSON": "{\"vis\": {\"colors\": {\"200\": \"#7EB26D\", \"404\": \"#614D93\"}}}",
                "version": 1,
                "visState": "{\"listeners\": {}, \"params\": {\"addLegend\": true, \"yAxis\": {}, \"defaultYExtents\": false, \"shareYAxis\": true, \"mode\": \"stacked\", \"addTooltip\": true, \"legendPosition\": \"right\", \"times\": [], \"scale\": \"linear\", \"setYExtents\": false, \"addTimeMarker\": false}, \"type\": \"histogram\", \"aggs\": [{\"params\": {}, \"schema\": \"metric\", \"type\": \"count\", \"enabled\": true, \"id\": \"1\"}, {\"params\": {\"customInterval\": \"2h\", \"extended_bounds\": {}, \"min_doc_count\": 1, \"interval\": \"auto\", \"field\": \"@timestamp\"}, \"schema\": \"segment\", \"type\": \"date_histogram\", \"enabled\": true, \"id\": \"2\"}, {\"params\": {\"field\": \"http.response.status_code\", \"orderBy\": \"1\", \"order\": \"desc\", \"size\": 5}, \"schema\": \"group\", \"type\": \"terms\", \"enabled\": true, \"id\": \"3\"}], \"title\": \"New Visualization ECS\"}"
            },
            "id": "New-Visualization-ecs",
            "type": "visualization",
            "version": 2
        },
        {
            "attributes": {
                "description": "",
                "kibanaSavedObjectMeta": {
                    "searchSourceJSON": "{\"index\": \"filebeat-*\", \"query\": {\"query\": \"\", \"language\": \"kuery\"}, \"filter\": []}"
                },
                "title": "Response codes by top URLs [Filebeat Traefik] ECS",
                "uiStateJSON": "{\"vis\": {\"colors\": {\"200\": \"#629E51\", \"404\": \"#0A50A1\"}}}",
                "version": 1,
                "visState": "{\"listeners\": {}, \"params\": {\"addLegend\": true, \"legendPosition\": \"right\", \"isDonut\": false, \"shareYAxis\": true, \"addTooltip\": true}, \"type\": \"pie\", \"aggs\": [{\"params\": {}, \"schema\": \"metric\", \"type\": \"count\", \"enabled\": true, \"id\": \"1\"}, {\"params\": {\"field\": \"url.original\", \"orderBy\": \"1\", \"order\": \"desc\", \"row\": false, \"size\": 5}, \"schema\": \"split\", \"type\": \"terms\", \"enabled\": true, \"id\": \"2\"}, {\"params\": {\"field\": \"http.response.status_code\", \"orderBy\": \"1\", \"order\": \"desc\", \"size\": 5}, \"schema\": \"segment\", \"type\": \"terms\", \"enabled\": true, \"id\": \"3\"}], \"title\": \"Traefik Access Response codes by top URLs ECS\"}"
            },
            "id": "Traefik-Access-Response-codes-by-top-URLs-ecs",
            "type": "visualization",
            "version": 2
        },
        {
            "attributes": {
                "description": "",
                "kibanaSavedObjectMeta": {
                    "searchSourceJSON": "{\"highlight\": {\"pre_tags\": [\"@kibana-highlighted-field@\"], \"require_field_match\": false, \"fields\": {\"*\": {}}, \"post_tags\": [\"@/kibana-highlighted-field@\"], \"fragment_size\": 2147483647}, \"query\": {\"query\": \"event.dataset:traefik.access\", \"language\": \"kuery\"}, \"index\": \"filebeat-*\", \"filter\": []}"
                },
                "title": "Sent Byte Size [Filebeat Traefik] ECS",
                "uiStateJSON": "{}",
                "version": 1,
                "visState": "{\"listeners\": {}, \"params\": {\"addLegend\": true, \"smoothLines\": true, \"showCircles\": true, \"yAxis\": {}, \"addTooltip\": true, \"legendPosition\": \"right\", \"drawLinesBetweenPoints\": true, \"shareYAxis\": true, \"times\": [], \"scale\": \"linear\", \"defaultYExtents\": false, \"interpolate\": \"linear\", \"addTimeMarker\": false, \"setYExtents\": false, \"radiusRatio\": \"17\"}, \"type\": \"line\", \"aggs\": [{\"params\": {\"field\": \"http.response.body.bytes\", \"customLabel\": \"Data sent\"}, \"schema\": \"metric\", \"type\": \"sum\", \"enabled\": true, \"id\": \"1\"}, {\"params\": {\"customInterval\": \"2h\", \"extended_bounds\": {}, \"min_doc_count\": 1, \"interval\": \"auto\", \"field\": \"@timestamp\"}, \"schema\": \"segment\", \"type\": \"date_histogram\", \"enabled\": true, \"id\": \"2\"}, {\"params\": {}, \"schema\": \"radius\", \"type\": \"count\", \"enabled\": true, \"id\": \"3\"}], \"title\": \"Sent sizes ECS\"}"
            },
            "id": "Sent-sizes-ecs",
            "type": "visualization",
            "version": 2
        },
        {
            "attributes": {
                "description": "",
                "kibanaSavedObjectMeta": {
                    "searchSourceJSON": "{\"filter\": []}"
                },
                "savedSearchId": "Filebeat-Traefik-module-ecs",
                "title": "Access Map [Filebeat Traefik] ECS",
                "uiStateJSON": "{\"mapCenter\": [12.039320557540572, -0.17578125]}",
                "version": 1,
                "visState": "{\"listeners\": {}, \"params\": {\"mapZoom\": 2, \"heatMaxZoom\": 16, \"isDesaturated\": true, \"addTooltip\": true, \"legendPosition\": \"bottomright\", \"heatRadius\": 25, \"mapType\": \"Scaled Circle Markers\", \"heatBlur\": 15, \"heatMinOpacity\": 0.1, \"heatNormalizeData\": true, \"wms\": {\"options\": {\"transparent\": true, \"layers\": \"0\", \"version\": \"1.3.0\", \"format\": \"image/png\", \"styles\": \"\", \"attribution\": \"Maps provided by USGS\"}, \"enabled\": false, \"url\": \"https://basemap.nationalmap.gov/arcgis/services/USGSTopo/MapServer/WMSServer\"}, \"mapCenter\": [15, 5]}, \"type\": \"tile_map\", \"aggs\": [{\"params\": {}, \"schema\": \"metric\", \"type\": \"count\", \"enabled\": true, \"id\": \"1\"}, {\"params\": {\"field\": \"source.geo.location\", \"autoPrecision\": true}, \"schema\": \"segment\", \"type\": \"geohash_grid\", \"enabled\": true, \"id\": \"2\"}], \"title\": \"Traefik Access Map ECS\"}"
            },
            "id": "Traefik-Access-Map-ecs",
            "type": "visualization",
            "version": 2
        },
        {
            "attributes": {
                "columns": [
                    "_source"
                ],
                "description": "",
                "hits": 0,
                "kibanaSavedObjectMeta": {
                    "searchSourceJSON": "{\"highlight\": {\"pre_tags\": [\"@kibana-highlighted-field@\"], \"require_field_match\": false, \"fields\": {\"*\": {}}, \"post_tags\": [\"@/kibana-highlighted-field@\"], \"fragment_size\": 2147483647}, \"query\": {\"query\": \"event.module:traefik\", \"language\": \"kuery\"}, \"index\": \"filebeat-*\", \"filter\": []}"
                },
                "sort": [
                    "@timestamp",
                    "desc"
                ],
                "title": "Traefik logs [Filebeat Traefik] ECS",
                "version": 1
            },
            "id": "Filebeat-Traefik-module-ecs",
            "type": "search",
            "version": 2
        },
        {
            "attributes": {
                "description": "Dashboard for the Filebeat Traefik module",
                "hits": 0,
                "kibanaSavedObjectMeta": {
                    "searchSourceJSON": "{\"query\": {\"query\": \"\", \"language\": \"kuery\"}, \"filter\": []}"
                },
                "optionsJSON": "{\"darkTheme\": false}",
                "panelsJSON": "[{\"size_y\": 4, \"panelIndex\": 3, \"row\": 10, \"col\": 1, \"type\": \"visualization\", \"size_x\": 4, \"id\": \"Traefik-Access-Browsers-ecs\"}, {\"size_y\": 4, \"panelIndex\": 4, \"row\": 10, \"col\": 5, \"type\": \"visualization\", \"size_x\": 4, \"id\": \"Traefik-Access-OSes-ecs\"}, {\"size_y\": 3, \"panelIndex\": 5, \"row\": 4, \"col\": 1, \"type\": \"visualization\", \"size_x\": 12, \"id\": \"New-Visualization-ecs\"}, {\"size_y\": 3, \"panelIndex\": 6, \"row\": 7, \"col\": 1, \"type\": \"visualization\", \"size_x\": 12, \"id\": \"Traefik-Access-Response-codes-by-top-URLs-ecs\"}, {\"size_y\": 4, \"panelIndex\": 7, \"row\": 10, \"col\": 9, \"type\": \"visualization\", \"size_x\": 4, \"id\": \"Sent-sizes-ecs\"}, {\"size_y\": 3, \"panelIndex\": 8, \"row\": 1, \"col\": 1, \"type\": \"visualization\", \"size_x\": 12, \"id\": \"Traefik-Access-Map-ecs\"}]",
                "timeRestore": false,
                "title": "[Filebeat Traefik] Access logs ECS",
                "uiStateJSON": "{\"P-8\": {\"mapCenter\": [50.51342652633956, -0.17578125]}, \"P-4\": {\"vis\": {\"legendOpen\": true}}}",
                "version": 1
            },
            "id": "Filebeat-Traefik-Dashboard-ecs",
            "type": "dashboard",
            "version": 3
        }
    ],
    "version": "6.0.0-beta1-SNAPSHOT"
}