{
    "objects": [
        {
            "attributes": {
                "description": "This dashboard shows audit logs collected by the ActiveMQ filebeat module.",
                "hits": 0,
                "kibanaSavedObjectMeta": {
                    "searchSourceJSON": "{\"query\": {\"query\": \"\", \"language\": \"kuery\"}, \"filter\": []}"
                },
                "optionsJSON": "{\"useMargins\": true, \"hidePanelTitles\": false}",
                "panelsJSON": "[{\"version\": \"7.4.0\", \"panelIndex\": \"11105044-eb78-45ab-9206-571e86f5f10d\", \"gridData\": {\"y\": 0, \"i\": \"11105044-eb78-45ab-9206-571e86f5f10d\", \"h\": 15, \"w\": 24, \"x\": 0}, \"embeddableConfig\": {}, \"panelRefName\": \"panel_0\"}, {\"version\": \"7.4.0\", \"panelIndex\": \"8f349d14-40d9-4a10-b7d5-0f57c2a69f69\", \"gridData\": {\"y\": 0, \"i\": \"8f349d14-40d9-4a10-b7d5-0f57c2a69f69\", \"h\": 15, \"w\": 24, \"x\": 24}, \"embeddableConfig\": {}, \"panelRefName\": \"panel_1\"}, {\"version\": \"7.4.0\", \"panelIndex\": \"f2a1e6f8-cd1a-4fbd-a0b1-da4ee9db7c54\", \"gridData\": {\"y\": 15, \"i\": \"f2a1e6f8-cd1a-4fbd-a0b1-da4ee9db7c54\", \"h\": 23, \"w\": 48, \"x\": 0}, \"embeddableConfig\": {}, \"panelRefName\": \"panel_2\"}]",
                "timeRestore": false,
                "title": "[Filebeat ActiveMQ] Audit Events",
                "version": 1
            },
            "id": "ffe86390-145f-11ea-8fd8-030a13064883",
            "migrationVersion": {
                "dashboard": "7.3.0"
            },
            "references": [
                {
                    "id": "38011a70-145a-11ea-8fd8-030a13064883",
                    "name": "panel_0",
                    "type": "visualization"
                },
                {
                    "id": "38874920-1454-11ea-8fd8-030a13064883",
                    "name": "panel_1",
                    "type": "visualization"
                },
                {
                    "id": "896ef3a0-145f-11ea-8fd8-030a13064883",
                    "name": "panel_2",
                    "type": "search"
                }
            ],
            "type": "dashboard",
            "updated_at": "2019-12-02T14:53:25.775Z",
            "version": "WzI0MCw2XQ=="
        },
        {
            "attributes": {
                "description": "",
                "kibanaSavedObjectMeta": {
                    "searchSourceJSON": "{\"query\": {\"query\": \"\", \"language\": \"kuery\"}, \"indexRefName\": \"kibanaSavedObjectMeta.searchSourceJSON.index\", \"filter\": [{\"query\": {\"match\": {\"event.dataset\": {\"query\": \"activemq.audit\", \"type\": \"phrase\"}}}, \"meta\": {\"negate\": false, \"key\": \"event.dataset\", \"disabled\": false, \"params\": {\"query\": \"activemq.audit\"}, \"alias\": null, \"type\": \"phrase\", \"indexRefName\": \"kibanaSavedObjectMeta.searchSourceJSON.filter[0].meta.index\", \"value\": \"activemq.audit\"}, \"$state\": {\"store\": \"appState\"}}]}"
                },
                "title": "Audit Event Results [Filebeat ActiveMQ]",
                "uiStateJSON": "{}",
                "version": 1,
                "visState": "{\"params\": {\"addLegend\": true, \"categoryAxes\": [{\"title\": {}, \"position\": \"bottom\", \"scale\": {\"type\": \"linear\"}, \"labels\": {\"truncate\": 100, \"show\": true, \"filter\": true}, \"type\": \"category\", \"id\": \"CategoryAxis-1\", \"style\": {}, \"show\": true}], \"seriesParams\": [{\"valueAxis\": \"ValueAxis-1\", \"mode\": \"normal\", \"showCircles\": true, \"data\": {\"label\": \"Count\", \"id\": \"1\"}, \"type\": \"histogram\", \"drawLinesBetweenPoints\": true, \"show\": \"true\"}], \"legendPosition\": \"right\", \"labels\": {\"show\": false}, \"times\": [], \"valueAxes\": [{\"title\": {\"text\": \"Count\"}, \"position\": \"left\", \"name\": \"LeftAxis-1\", \"scale\": {\"type\": \"linear\", \"mode\": \"normal\"}, \"labels\": {\"show\": true, \"truncate\": 100, \"rotate\": 0, \"filter\": false}, \"type\": \"value\", \"id\": \"ValueAxis-1\", \"style\": {}, \"show\": true}], \"thresholdLine\": {\"color\": \"#34130C\", \"width\": 1, \"value\": 10, \"show\": false, \"style\": \"full\"}, \"grid\": {\"categoryLines\": false}, \"dimensions\": {\"y\": [{\"params\": {}, \"aggType\": \"count\", \"accessor\": 2, \"format\": {\"id\": \"number\"}}], \"series\": [{\"params\": {}, \"aggType\": \"terms\", \"accessor\": 1, \"format\": {\"params\": {\"otherBucketLabel\": \"Other\", \"id\": \"string\", \"missingBucketLabel\": \"Missing\"}, \"id\": \"terms\"}}], \"x\": {\"params\": {\"bounds\": {\"min\": \"2019-11-30T16:41:18.507Z\", \"max\": \"2019-12-01T16:41:18.507Z\"}, \"format\": \"HH:mm\", \"date\": true, \"interval\": \"PT30M\"}, \"aggType\": \"date_histogram\", \"accessor\": 0, \"format\": {\"params\": {\"pattern\": \"HH:mm\"}, \"id\": \"date\"}}}, \"addTimeMarker\": false, \"type\": \"histogram\", \"addTooltip\": true, \"radiusRatio\": 50}, \"title\": \"Audit Event Results [Filebeat ActiveMQ]\", \"type\": \"histogram\", \"aggs\": [{\"params\": {}, \"schema\": \"metric\", \"type\": \"count\", \"enabled\": true, \"id\": \"1\"}, {\"params\": {\"field\": \"@timestamp\", \"extended_bounds\": {}, \"interval\": \"auto\", \"useNormalizedEsInterval\": true, \"min_doc_count\": 1, \"timeRange\": {\"to\": \"now\", \"from\": \"now-1d\"}, \"drop_partials\": false}, \"schema\": \"segment\", \"type\": \"date_histogram\", \"enabled\": true, \"id\": \"2\"}, {\"params\": {\"filters\": [{\"label\": \"\", \"input\": {\"query\": \"event.dataset : \\\"activemq.audit\\\"\", \"language\": \"kuery\"}}], \"row\": false}, \"schema\": \"split\", \"type\": \"filters\", \"enabled\": true, \"id\": \"3\"}, {\"params\": {\"field\": \"log.level\", \"missingBucket\": false, \"order\": \"desc\", \"missingBucketLabel\": \"Missing\", \"size\": 15, \"otherBucketLabel\": \"Other\", \"orderBy\": \"1\", \"otherBucket\": false}, \"schema\": \"group\", \"type\": \"terms\", \"enabled\": true, \"id\": \"4\"}]}"
            },
            "id": "38011a70-145a-11ea-8fd8-030a13064883",
            "migrationVersion": {
                "visualization": "7.3.1"
            },
            "references": [
                {
                    "id": "filebeat-*",
                    "name": "kibanaSavedObjectMeta.searchSourceJSON.index",
                    "type": "index-pattern"
                },
                {
                    "id": "filebeat-*",
                    "name": "kibanaSavedObjectMeta.searchSourceJSON.filter[0].meta.index",
                    "type": "index-pattern"
                }
            ],
            "type": "visualization",
            "updated_at": "2019-12-01T17:53:57.087Z",
            "version": "WzIyMiw0XQ=="
        },
        {
            "attributes": {
                "description": "",
                "kibanaSavedObjectMeta": {
                    "searchSourceJSON": "{\"query\": {\"query\": \"\", \"language\": \"kuery\"}, \"indexRefName\": \"kibanaSavedObjectMeta.searchSourceJSON.index\", \"filter\": [{\"query\": {\"match\": {\"event.dataset\": {\"query\": \"activemq.audit\", \"type\": \"phrase\"}}}, \"meta\": {\"negate\": false, \"key\": \"event.dataset\", \"disabled\": false, \"params\": {\"query\": \"activemq.audit\"}, \"alias\": null, \"type\": \"phrase\", \"indexRefName\": \"kibanaSavedObjectMeta.searchSourceJSON.filter[0].meta.index\", \"value\": \"activemq.audit\"}, \"$state\": {\"store\": \"appState\"}}]}"
                },
                "title": "Audit Account Tag Cloud [Filebeat ActiveMQ]",
                "uiStateJSON": "{}",
                "version": 1,
                "visState": "{\"params\": {\"scale\": \"linear\", \"orientation\": \"single\", \"metric\": {\"format\": {\"params\": {}, \"id\": \"string\"}, \"accessor\": 1, \"type\": \"vis_dimension\"}, \"showLabel\": true, \"maxFontSize\": 72, \"minFontSize\": 18, \"bucket\": {\"format\": {\"params\": {\"otherBucketLabel\": \"Other\", \"id\": \"string\", \"missingBucketLabel\": \"Missing\"}, \"id\": \"terms\"}, \"accessor\": 0, \"type\": \"vis_dimension\"}}, \"title\": \"Audit Account Tag Cloud [Filebeat ActiveMQ]\", \"type\": \"tagcloud\", \"aggs\": [{\"params\": {}, \"schema\": \"metric\", \"type\": \"count\", \"enabled\": true, \"id\": \"1\"}, {\"params\": {\"field\": \"activemq.user\", \"missingBucket\": false, \"order\": \"desc\", \"missingBucketLabel\": \"Missing\", \"size\": 15, \"otherBucketLabel\": \"Other\", \"orderBy\": \"1\", \"otherBucket\": false}, \"schema\": \"segment\", \"type\": \"terms\", \"enabled\": true, \"id\": \"2\"}]}"
            },
            "id": "38874920-1454-11ea-8fd8-030a13064883",
            "migrationVersion": {
                "visualization": "7.3.1"
            },
            "references": [
                {
                    "id": "filebeat-*",
                    "name": "kibanaSavedObjectMeta.searchSourceJSON.index",
                    "type": "index-pattern"
                },
                {
                    "id": "filebeat-*",
                    "name": "kibanaSavedObjectMeta.searchSourceJSON.filter[0].meta.index",
                    "type": "index-pattern"
                }
            ],
            "type": "visualization",
            "updated_at": "2019-12-02T14:50:22.535Z",
            "version": "WzIzOSw2XQ=="
        },
        {
            "attributes": {
                "columns": [
                    "log.level",
                    "activemq.user",
                    "message"
                ],
                "description": "",
                "hits": 0,
                "kibanaSavedObjectMeta": {
                    "searchSourceJSON": "{\"version\": true, \"query\": {\"query\": \"event.dataset :\\\"activemq.audit\\\"\", \"language\": \"kuery\"}, \"highlightAll\": true, \"indexRefName\": \"kibanaSavedObjectMeta.searchSourceJSON.index\", \"filter\": []}"
                },
                "sort": [
                    [
                        "@timestamp",
                        "desc"
                    ]
                ],
                "title": "Audit Events [Filebeat ActiveMQ]",
                "version": 1
            },
            "id": "896ef3a0-145f-11ea-8fd8-030a13064883",
            "migrationVersion": {
                "search": "7.4.0"
            },
            "references": [
                {
                    "id": "filebeat-*",
                    "name": "kibanaSavedObjectMeta.searchSourceJSON.index",
                    "type": "index-pattern"
                }
            ],
            "type": "search",
            "updated_at": "2019-12-02T14:46:31.288Z",
            "version": "WzIzNiw2XQ=="
        }
    ],
    "version": "7.4.0"
}