{
    "objects": [
        {
            "attributes": {
                "description": "This dashboard shows application logs collected by the ActiveMQ filebeat module.",
                "hits": 0,
                "kibanaSavedObjectMeta": {
                    "searchSourceJSON": "{\"query\": {\"query\": \"\", \"language\": \"kuery\"}, \"filter\": []}"
                },
                "optionsJSON": "{\"useMargins\": true, \"hidePanelTitles\": false}",
                "panelsJSON": "[{\"version\": \"7.4.0\", \"panelIndex\": \"f0cad176-b0ef-4623-bd59-a9ce65db8b73\", \"gridData\": {\"y\": 0, \"i\": \"f0cad176-b0ef-4623-bd59-a9ce65db8b73\", \"h\": 15, \"w\": 24, \"x\": 0}, \"embeddableConfig\": {}, \"panelRefName\": \"panel_0\"}, {\"version\": \"7.4.0\", \"panelIndex\": \"7e3a3b6b-5fd9-491d-ad73-423bca90206f\", \"gridData\": {\"y\": 0, \"i\": \"7e3a3b6b-5fd9-491d-ad73-423bca90206f\", \"h\": 15, \"w\": 24, \"x\": 24}, \"embeddableConfig\": {}, \"panelRefName\": \"panel_1\"}, {\"version\": \"7.4.0\", \"panelIndex\": \"a3093cd3-7edf-4e25-949e-631f3e5e8dec\", \"gridData\": {\"y\": 15, \"i\": \"a3093cd3-7edf-4e25-949e-631f3e5e8dec\", \"h\": 22, \"w\": 48, \"x\": 0}, \"embeddableConfig\": {}, \"panelRefName\": \"panel_2\"}]",
                "timeRestore": false,
                "title": "[Filebeat ActiveMQ] Application Events",
                "version": 1
            },
            "id": "26434790-1464-11ea-8fd8-030a13064883",
            "migrationVersion": {
                "dashboard": "7.3.0"
            },
            "references": [
                {
                    "id": "a0f15d50-1460-11ea-8fd8-030a13064883",
                    "name": "panel_0",
                    "type": "visualization"
                },
                {
                    "id": "026da780-1463-11ea-8fd8-030a13064883",
                    "name": "panel_1",
                    "type": "visualization"
                },
                {
                    "id": "d784ec10-1460-11ea-8fd8-030a13064883",
                    "name": "panel_2",
                    "type": "search"
                }
            ],
            "type": "dashboard",
            "updated_at": "2019-12-02T14:59:23.454Z",
            "version": "WzI0NCw2XQ=="
        },
        {
            "attributes": {
                "description": "",
                "kibanaSavedObjectMeta": {
                    "searchSourceJSON": "{\"query\": {\"query\": \"\", \"language\": \"kuery\"}, \"indexRefName\": \"kibanaSavedObjectMeta.searchSourceJSON.index\", \"filter\": [{\"query\": {\"match\": {\"event.dataset\": {\"query\": \"activemq.log\", \"type\": \"phrase\"}}}, \"meta\": {\"negate\": false, \"key\": \"event.dataset\", \"disabled\": false, \"params\": {\"query\": \"activemq.log\"}, \"alias\": null, \"type\": \"phrase\", \"indexRefName\": \"kibanaSavedObjectMeta.searchSourceJSON.filter[0].meta.index\", \"value\": \"activemq.log\"}, \"$state\": {\"store\": \"appState\"}}]}"
                },
                "title": "Application Event Results [Filebeat ActiveMQ]",
                "uiStateJSON": "{}",
                "version": 1,
                "visState": "{\"params\": {\"addLegend\": true, \"categoryAxes\": [{\"title\": {}, \"position\": \"bottom\", \"scale\": {\"type\": \"linear\"}, \"labels\": {\"truncate\": 100, \"show\": true, \"filter\": true}, \"type\": \"category\", \"id\": \"CategoryAxis-1\", \"style\": {}, \"show\": true}], \"seriesParams\": [{\"valueAxis\": \"ValueAxis-1\", \"mode\": \"normal\", \"showCircles\": true, \"data\": {\"label\": \"Count\", \"id\": \"1\"}, \"type\": \"histogram\", \"drawLinesBetweenPoints\": true, \"show\": \"true\"}], \"legendPosition\": \"right\", \"labels\": {\"show\": false}, \"times\": [], \"valueAxes\": [{\"title\": {\"text\": \"Count\"}, \"position\": \"left\", \"name\": \"LeftAxis-1\", \"scale\": {\"type\": \"linear\", \"mode\": \"normal\"}, \"labels\": {\"show\": true, \"truncate\": 100, \"rotate\": 0, \"filter\": false}, \"type\": \"value\", \"id\": \"ValueAxis-1\", \"style\": {}, \"show\": true}], \"thresholdLine\": {\"color\": \"#34130C\", \"width\": 1, \"value\": 10, \"show\": false, \"style\": \"full\"}, \"grid\": {\"categoryLines\": false}, \"dimensions\": {\"y\": [{\"params\": {}, \"aggType\": \"count\", \"accessor\": 3, \"format\": {\"id\": \"number\"}}], \"series\": [{\"params\": {}, \"aggType\": \"terms\", \"accessor\": 2, \"format\": {\"params\": {\"otherBucketLabel\": \"Other\", \"id\": \"string\", \"missingBucketLabel\": \"Missing\"}, \"id\": \"terms\"}}], \"splitColumn\": [{\"params\": {}, \"aggType\": \"filters\", \"accessor\": 1, \"format\": {}}], \"x\": {\"params\": {\"bounds\": {\"min\": \"2019-11-29T17:52:01.645Z\", \"max\": \"2019-12-01T17:52:01.645Z\"}, \"format\": \"YYYY-MM-DD HH:mm\", \"date\": true, \"interval\": \"PT1H\"}, \"aggType\": \"date_histogram\", \"accessor\": 0, \"format\": {\"params\": {\"pattern\": \"YYYY-MM-DD HH:mm\"}, \"id\": \"date\"}}}, \"addTimeMarker\": false, \"type\": \"histogram\", \"addTooltip\": true, \"radiusRatio\": 50}, \"title\": \"Application Event Results [Filebeat ActiveMQ]\", \"type\": \"histogram\", \"aggs\": [{\"params\": {}, \"schema\": \"metric\", \"type\": \"count\", \"enabled\": true, \"id\": \"1\"}, {\"params\": {\"field\": \"@timestamp\", \"extended_bounds\": {}, \"interval\": \"auto\", \"useNormalizedEsInterval\": true, \"min_doc_count\": 1, \"timeRange\": {\"to\": \"now\", \"from\": \"now-2d\"}, \"drop_partials\": false}, \"schema\": \"segment\", \"type\": \"date_histogram\", \"enabled\": true, \"id\": \"2\"}, {\"params\": {\"field\": \"log.level\", \"missingBucket\": false, \"order\": \"desc\", \"missingBucketLabel\": \"Missing\", \"size\": 15, \"otherBucketLabel\": \"Other\", \"orderBy\": \"1\", \"otherBucket\": false}, \"schema\": \"group\", \"type\": \"terms\", \"enabled\": true, \"id\": \"4\"}]}"
            },
            "id": "a0f15d50-1460-11ea-8fd8-030a13064883",
            "migrationVersion": {
                "visualization": "7.3.1"
            },
            "references": [
                {
                    "id": "filebeat-*",
                    "name": "kibanaSavedObjectMeta.searchSourceJSON.index",
                    "type": "index-pattern"
                },
                {
                    "id": "filebeat-*",
                    "name": "kibanaSavedObjectMeta.searchSourceJSON.filter[0].meta.index",
                    "type": "index-pattern"
                }
            ],
            "type": "visualization",
            "updated_at": "2019-12-02T14:56:05.639Z",
            "version": "WzI0Miw2XQ=="
        },
        {
            "attributes": {
                "description": "",
                "kibanaSavedObjectMeta": {
                    "searchSourceJSON": "{\"query\": {\"query\": \"\", \"language\": \"kuery\"}, \"indexRefName\": \"kibanaSavedObjectMeta.searchSourceJSON.index\", \"filter\": [{\"query\": {\"match\": {\"log.level\": {\"query\": \"ERROR\", \"type\": \"phrase\"}}}, \"meta\": {\"negate\": false, \"key\": \"log.level\", \"disabled\": false, \"params\": {\"query\": \"ERROR\"}, \"alias\": null, \"type\": \"phrase\", \"indexRefName\": \"kibanaSavedObjectMeta.searchSourceJSON.filter[0].meta.index\", \"value\": \"ERROR\"}, \"$state\": {\"store\": \"appState\"}}, {\"query\": {\"match\": {\"event.dataset\": {\"query\": \"activemq.log\", \"type\": \"phrase\"}}}, \"meta\": {\"negate\": false, \"key\": \"event.dataset\", \"disabled\": false, \"params\": {\"query\": \"activemq.log\"}, \"alias\": null, \"type\": \"phrase\", \"indexRefName\": \"kibanaSavedObjectMeta.searchSourceJSON.filter[1].meta.index\", \"value\": \"activemq.log\"}, \"$state\": {\"store\": \"appState\"}}]}"
                },
                "title": "Top ERROR callers [Filebeat ActiveMQ]",
                "uiStateJSON": "{\"vis\": {\"params\": {\"sort\": {\"direction\": null, \"columnIndex\": null}}}}",
                "version": 1,
                "visState": "{\"params\": {\"showMetricsAtAllLevels\": false, \"showPartialRows\": false, \"totalFunc\": \"sum\", \"sort\": {\"direction\": null, \"columnIndex\": null}, \"dimensions\": {\"buckets\": [{\"params\": {}, \"aggType\": \"terms\", \"accessor\": 0, \"format\": {\"params\": {\"otherBucketLabel\": \"Other\", \"id\": \"string\", \"missingBucketLabel\": \"Missing\"}, \"id\": \"terms\"}}], \"metrics\": [{\"params\": {}, \"aggType\": \"count\", \"accessor\": 1, \"format\": {\"id\": \"number\"}}]}, \"showTotal\": false, \"perPage\": 10, \"percentageCol\": \"\"}, \"title\": \"Top ERROR callers [Filebeat ActiveMQ]\", \"type\": \"table\", \"aggs\": [{\"params\": {}, \"schema\": \"metric\", \"type\": \"count\", \"enabled\": true, \"id\": \"1\"}, {\"params\": {\"field\": \"activemq.caller\", \"missingBucket\": false, \"order\": \"desc\", \"missingBucketLabel\": \"Missing\", \"size\": 10, \"otherBucketLabel\": \"Other\", \"orderBy\": \"1\", \"otherBucket\": false}, \"schema\": \"bucket\", \"type\": \"terms\", \"enabled\": true, \"id\": \"3\"}]}"
            },
            "id": "026da780-1463-11ea-8fd8-030a13064883",
            "migrationVersion": {
                "visualization": "7.3.1"
            },
            "references": [
                {
                    "id": "filebeat-*",
                    "name": "kibanaSavedObjectMeta.searchSourceJSON.index",
                    "type": "index-pattern"
                },
                {
                    "id": "filebeat-*",
                    "name": "kibanaSavedObjectMeta.searchSourceJSON.filter[0].meta.index",
                    "type": "index-pattern"
                },
                {
                    "id": "filebeat-*",
                    "name": "kibanaSavedObjectMeta.searchSourceJSON.filter[1].meta.index",
                    "type": "index-pattern"
                }
            ],
            "type": "visualization",
            "updated_at": "2019-12-02T14:56:49.832Z",
            "version": "WzI0Myw2XQ=="
        },
        {
            "attributes": {
                "columns": [
                    "log.level",
                    "message",
                    "activemq.thread"
                ],
                "description": "",
                "hits": 0,
                "kibanaSavedObjectMeta": {
                    "searchSourceJSON": "{\"version\": true, \"query\": {\"query\": \"event.dataset :\\\"activemq.log\\\" \", \"language\": \"kuery\"}, \"highlightAll\": true, \"indexRefName\": \"kibanaSavedObjectMeta.searchSourceJSON.index\", \"filter\": []}"
                },
                "sort": [
                    [
                        "@timestamp",
                        "desc"
                    ]
                ],
                "title": "Application Events [Filebeat ActiveMQ]",
                "version": 1
            },
            "id": "d784ec10-1460-11ea-8fd8-030a13064883",
            "migrationVersion": {
                "search": "7.4.0"
            },
            "references": [
                {
                    "id": "filebeat-*",
                    "name": "kibanaSavedObjectMeta.searchSourceJSON.index",
                    "type": "index-pattern"
                }
            ],
            "type": "search",
            "updated_at": "2019-12-01T17:34:35.344Z",
            "version": "WzIxOSw0XQ=="
        }
    ],
    "version": "7.4.0"
}