{
    "objects": [
        {
            "attributes": {
                "description": "",
                "kibanaSavedObjectMeta": {
                    "searchSourceJSON": "{\"index\": \"filebeat-*\", \"highlightAll\": true, \"query\": {\"query\": \"system.auth.ssh.event:Accepted\", \"language\": \"kuery\"}, \"filter\": []}"
                },
                "title": "Successful SSH logins [Filebeat System] ECS",
                "uiStateJSON": "{\"vis\": {\"colors\": {\"Failed\": \"#F9934E\", \"password\": \"#BF1B00\", \"Invalid\": \"#447EBC\", \"publickey\": \"#629E51\", \"Accepted\": \"#3F6833\"}}}",
                "version": 1,
                "visState": "{\"listeners\": {}, \"params\": {\"addLegend\": true, \"defaultYExtents\": false, \"mode\": \"stacked\", \"addTooltip\": true, \"legendPosition\": \"right\", \"times\": [], \"scale\": \"linear\", \"setYExtents\": false, \"addTimeMarker\": false}, \"type\": \"histogram\", \"aggs\": [{\"params\": {}, \"schema\": \"metric\", \"type\": \"count\", \"enabled\": true, \"id\": \"1\"}, {\"params\": {\"customInterval\": \"2h\", \"extended_bounds\": {}, \"min_doc_count\": 1, \"interval\": \"auto\", \"field\": \"@timestamp\"}, \"schema\": \"segment\", \"type\": \"date_histogram\", \"enabled\": true, \"id\": \"2\"}, {\"params\": {\"field\": \"system.auth.ssh.method\", \"orderBy\": \"1\", \"order\": \"desc\", \"size\": 5}, \"schema\": \"group\", \"type\": \"terms\", \"enabled\": true, \"id\": \"3\"}], \"title\": \"Successful SSH logins ECS\"}"
            },
            "id": "d16bb400-f9cc-11e6-8115-a7c18106d86a-ecs",
            "type": "visualization",
            "version": 2
        },
        {
            "attributes": {
                "description": "",
                "kibanaSavedObjectMeta": {
                    "searchSourceJSON": "{\"index\": \"filebeat-*\", \"highlightAll\": true, \"filter\": []}"
                },
                "title": "SSH login attempts [Filebeat System] ECS",
                "uiStateJSON": "{\"vis\": {\"colors\": {\"Failed\": \"#F9934E\", \"Invalid\": \"#447EBC\", \"Accepted\": \"#3F6833\"}}}",
                "version": 1,
                "visState": "{\"listeners\": {}, \"params\": {\"addLegend\": true, \"defaultYExtents\": false, \"mode\": \"stacked\", \"addTooltip\": true, \"legendPosition\": \"right\", \"times\": [], \"scale\": \"linear\", \"setYExtents\": false, \"addTimeMarker\": false}, \"type\": \"histogram\", \"aggs\": [{\"params\": {}, \"schema\": \"metric\", \"type\": \"count\", \"enabled\": true, \"id\": \"1\"}, {\"params\": {\"customInterval\": \"2h\", \"extended_bounds\": {}, \"min_doc_count\": 1, \"interval\": \"auto\", \"field\": \"@timestamp\"}, \"schema\": \"segment\", \"type\": \"date_histogram\", \"enabled\": true, \"id\": \"2\"}, {\"params\": {\"field\": \"system.auth.ssh.event\", \"orderBy\": \"1\", \"order\": \"desc\", \"size\": 5}, \"schema\": \"group\", \"type\": \"terms\", \"enabled\": true, \"id\": \"3\"}], \"title\": \"SSH login attempts ECS\"}"
            },
            "id": "78b74f30-f9cd-11e6-8115-a7c18106d86a-ecs",
            "type": "visualization",
            "version": 2
        },
        {
            "attributes": {
                "description": "",
                "kibanaSavedObjectMeta": {
                    "searchSourceJSON": "{\"index\": \"filebeat-*\", \"highlightAll\": true, \"query\": {\"query\": \"system.auth.ssh.event:Failed OR system.auth.ssh.event:Invalid\", \"language\": \"kuery\"}, \"filter\": []}"
                },
                "title": "SSH users of failed login attempts [Filebeat System] ECS",
                "uiStateJSON": "{}",
                "version": 1,
                "visState": "{\"listeners\": {}, \"params\": {\"scale\": \"linear\", \"orientation\": \"single\", \"minFontSize\": 18, \"maxFontSize\": 72}, \"type\": \"tagcloud\", \"aggs\": [{\"params\": {}, \"schema\": \"metric\", \"type\": \"count\", \"enabled\": true, \"id\": \"1\"}, {\"params\": {\"field\": \"user.name\", \"orderBy\": \"1\", \"order\": \"desc\", \"size\": 50}, \"schema\": \"segment\", \"type\": \"terms\", \"enabled\": true, \"id\": \"2\"}], \"title\": \"SSH users of failed login attempts ECS\"}"
            },
            "id": "341ffe70-f9ce-11e6-8115-a7c18106d86a-ecs",
            "type": "visualization",
            "version": 2
        },
        {
            "attributes": {
                "description": "",
                "kibanaSavedObjectMeta": {
                    "searchSourceJSON": "{\"index\": \"filebeat-*\", \"highlightAll\": true, \"query\": {\"query\": \"system.auth.ssh.event:Failed OR system.auth.ssh.event:Invalid\", \"language\": \"kuery\"}, \"filter\": []}"
                },
                "title": "SSH failed login attempts source locations [Filebeat System] ECS",
                "uiStateJSON": "{\"mapZoom\": 2, \"mapCenter\": [17.602139123350838, 69.697265625]}",
                "version": 1,
                "visState": "{\"listeners\": {}, \"params\": {\"mapZoom\": 2, \"heatMaxZoom\": 16, \"isDesaturated\": true, \"addTooltip\": true, \"legendPosition\": \"bottomright\", \"heatRadius\": 25, \"mapType\": \"Shaded Circle Markers\", \"heatBlur\": 15, \"heatMinOpacity\": 0.1, \"heatNormalizeData\": true, \"wms\": {\"options\": {\"transparent\": true, \"layers\": \"0\", \"version\": \"1.3.0\", \"format\": \"image/png\", \"styles\": \"\", \"attribution\": \"Maps provided by USGS\"}, \"enabled\": false, \"url\": \"https://basemap.nationalmap.gov/arcgis/services/USGSTopo/MapServer/WMSServer\"}, \"mapCenter\": [15, 5]}, \"type\": \"tile_map\", \"aggs\": [{\"params\": {}, \"schema\": \"metric\", \"type\": \"count\", \"enabled\": true, \"id\": \"1\"}, {\"params\": {\"field\": \"source.geo.location\", \"precision\": 2, \"autoPrecision\": true}, \"schema\": \"segment\", \"type\": \"geohash_grid\", \"enabled\": true, \"id\": \"2\"}], \"title\": \"SSH failed login attempts source locations ECS\"}"
            },
            "id": "3cec3eb0-f9d3-11e6-8a3e-2b904044ea1d-ecs",
            "type": "visualization",
            "version": 2
        },
        {
            "attributes": {
                "columns": [
                    "system.auth.ssh.event",
                    "system.auth.ssh.method",
                    "user.name",
                    "source.ip",
                    "source.geo.country_iso_code"
                ],
                "description": "",
                "hits": 0,
                "kibanaSavedObjectMeta": {
                    "searchSourceJSON": "{\"index\": \"filebeat-*\", \"highlightAll\": true, \"query\": {\"query\": \"event.dataset:system.auth AND system.auth.ssh.event:*\", \"language\": \"kuery\"}, \"filter\": []}"
                },
                "sort": [
                    "@timestamp",
                    "desc"
                ],
                "title": "SSH login attempts [Filebeat System] ECS",
                "version": 1
            },
            "id": "62439dc0-f9c9-11e6-a747-6121780e0414-ecs",
            "type": "search",
            "version": 2
        },
        {
            "attributes": {
                "description": "",
                "kibanaSavedObjectMeta": {
                    "searchSourceJSON": "{}"
                },
                "title": "Dashboards [Filebeat System] ECS",
                "uiStateJSON": "{}",
                "version": 1,
                "visState": "{\"params\": {\"markdown\": \"[Syslog](#/dashboard/Filebeat-syslog-dashboard-ecs) | [Sudo commands](#/dashboard/277876d0-fa2c-11e6-bbd3-29c986c96e5a-ecs) | [SSH logins](#/dashboard/5517a150-f9ce-11e6-8115-a7c18106d86a-ecs) | [New users and groups](#/dashboard/0d3f2380-fa78-11e6-ae9b-81e5311e8cab-ecs)\", \"fontSize\": 12}, \"title\": \"Dashboards [Filebeat System] ECS\", \"type\": \"markdown\", \"aggs\": []}"
            },
            "id": "327417e0-8462-11e7-bab8-bd2f0fb42c54-ecs",
            "type": "visualization",
            "version": 1
        },
        {
            "attributes": {
                "description": "SSH dashboard for the System module in Filebeat",
                "hits": 0,
                "kibanaSavedObjectMeta": {
                    "searchSourceJSON": "{\"version\": true, \"query\": {\"query\": \"\", \"language\": \"kuery\"}, \"highlightAll\": true, \"filter\": []}"
                },
                "optionsJSON": "{\"darkTheme\": false}",
                "panelsJSON": "[{\"size_y\": 3, \"panelIndex\": 1, \"row\": 5, \"col\": 1, \"type\": \"visualization\", \"size_x\": 12, \"id\": \"d16bb400-f9cc-11e6-8115-a7c18106d86a-ecs\"}, {\"size_y\": 3, \"panelIndex\": 2, \"row\": 2, \"col\": 1, \"type\": \"visualization\", \"size_x\": 12, \"id\": \"78b74f30-f9cd-11e6-8115-a7c18106d86a-ecs\"}, {\"size_y\": 4, \"panelIndex\": 3, \"row\": 8, \"col\": 1, \"type\": \"visualization\", \"size_x\": 6, \"id\": \"341ffe70-f9ce-11e6-8115-a7c18106d86a-ecs\"}, {\"size_y\": 4, \"panelIndex\": 4, \"row\": 8, \"col\": 7, \"type\": \"visualization\", \"size_x\": 6, \"id\": \"3cec3eb0-f9d3-11e6-8a3e-2b904044ea1d-ecs\"}, {\"size_y\": 3, \"panelIndex\": 5, \"size_x\": 12, \"columns\": [\"system.auth.ssh.event\", \"system.auth.ssh.method\", \"user.name\", \"source.ip\", \"source.geo.country_iso_code\"], \"row\": 12, \"sort\": [\"@timestamp\", \"desc\"], \"col\": 1, \"type\": \"search\", \"id\": \"62439dc0-f9c9-11e6-a747-6121780e0414-ecs\"}, {\"size_y\": 1, \"panelIndex\": 6, \"row\": 1, \"col\": 1, \"type\": \"visualization\", \"size_x\": 12, \"id\": \"327417e0-8462-11e7-bab8-bd2f0fb42c54-ecs\"}]",
                "timeRestore": false,
                "title": "[Filebeat System] SSH login attempts ECS",
                "uiStateJSON": "{\"P-4\": {\"mapCollar\": {\"top_left\": {\"lat\": 85.593335, \"lon\": -79.189455}, \"zoom\": 3, \"bottom_right\": {\"lat\": -14.777884999999998, \"lon\": 125.771485}}, \"mapZoom\": 3, \"mapBounds\": {\"top_left\": {\"lat\": 60.50052541051131, \"lon\": -27.94921875}, \"bottom_right\": {\"lat\": 10.31491928581316, \"lon\": 74.53125}}, \"mapCenter\": [39.774769485295465, 23.203125]}}",
                "version": 1
            },
            "id": "5517a150-f9ce-11e6-8115-a7c18106d86a-ecs",
            "type": "dashboard",
            "version": 7
        }
    ],
    "version": "6.0.0-beta1-SNAPSHOT"
}