{
    "objects": [
        {
            "attributes": {
                "description": "Palo Alto Networks PAN-OS Threats Overview",
                "hits": 0,
                "kibanaSavedObjectMeta": {
                    "searchSourceJSON": "{\"query\": {\"query\": \"\", \"language\": \"kuery\"}, \"filter\": []}"
                },
                "optionsJSON": "{\"useMargins\": true, \"hidePanelTitles\": false}",
                "panelsJSON": "[{\"title\": \"Threat outcome histogram\", \"panelIndex\": \"1\", \"embeddableConfig\": {\"vis\": {\"legendOpen\": false}}, \"panelRefName\": \"panel_0\", \"version\": \"7.1.0\", \"gridData\": {\"y\": 0, \"i\": \"1\", \"h\": 15, \"w\": 31, \"x\": 0}}, {\"title\": \"Top threats by name\", \"panelIndex\": \"2\", \"embeddableConfig\": {}, \"panelRefName\": \"panel_1\", \"version\": \"7.1.0\", \"gridData\": {\"y\": 15, \"i\": \"2\", \"h\": 15, \"w\": 24, \"x\": 0}}, {\"title\": \"Top threats by resource\", \"panelIndex\": \"3\", \"embeddableConfig\": {}, \"panelRefName\": \"panel_2\", \"version\": \"7.1.0\", \"gridData\": {\"y\": 15, \"i\": \"3\", \"h\": 15, \"w\": 24, \"x\": 24}}, {\"title\": \"Top attackers (clients)\", \"panelIndex\": \"4\", \"embeddableConfig\": {}, \"panelRefName\": \"panel_3\", \"version\": \"7.1.0\", \"gridData\": {\"y\": 30, \"i\": \"4\", \"h\": 8, \"w\": 24, \"x\": 0}}, {\"title\": \"Top attackers (servers)\", \"panelIndex\": \"5\", \"embeddableConfig\": {}, \"panelRefName\": \"panel_4\", \"version\": \"7.1.0\", \"gridData\": {\"y\": 30, \"i\": \"5\", \"h\": 8, \"w\": 24, \"x\": 24}}, {\"title\": \"Outcome by threat type\", \"panelIndex\": \"6\", \"embeddableConfig\": {\"vis\": {\"legendOpen\": true}}, \"panelRefName\": \"panel_5\", \"version\": \"7.1.0\", \"gridData\": {\"y\": 0, \"i\": \"6\", \"h\": 15, \"w\": 17, \"x\": 31}}]",
                "timeRestore": false,
                "title": "[Filebeat PANW] Threats Overview ECS",
                "version": 1
            },
            "id": "772964e0-7591-11e9-aacf-79a3704914a0",
            "migrationVersion": {
                "dashboard": "7.0.0"
            },
            "references": [
                {
                    "id": "0bd2a0c0-7574-11e9-976e-65a8f47cc4c1",
                    "name": "panel_0",
                    "type": "visualization"
                },
                {
                    "id": "3eca1070-7589-11e9-aacf-79a3704914a0",
                    "name": "panel_1",
                    "type": "visualization"
                },
                {
                    "id": "5bd32b20-7575-11e9-976e-65a8f47cc4c1",
                    "name": "panel_2",
                    "type": "visualization"
                },
                {
                    "id": "90ce3300-758a-11e9-aacf-79a3704914a0",
                    "name": "panel_3",
                    "type": "visualization"
                },
                {
                    "id": "a95aaf20-758a-11e9-aacf-79a3704914a0",
                    "name": "panel_4",
                    "type": "visualization"
                },
                {
                    "id": "6dce7930-758c-11e9-aacf-79a3704914a0",
                    "name": "panel_5",
                    "type": "visualization"
                }
            ],
            "type": "dashboard",
            "updated_at": "2019-05-13T15:12:04.141Z",
            "version": "WzI1NiwyXQ=="
        },
        {
            "attributes": {
                "description": "",
                "kibanaSavedObjectMeta": {
                    "searchSourceJSON": "{\"query\": {\"query\": \"\", \"language\": \"kuery\"}, \"filter\": []}"
                },
                "savedSearchRefName": "search_0",
                "title": "Threat outcome histogram [Filebeat PANW] ECS",
                "uiStateJSON": "{}",
                "version": 1,
                "visState": "{\"params\": {\"addLegend\": true, \"seriesParams\": [{\"valueAxis\": \"ValueAxis-1\", \"mode\": \"stacked\", \"showCircles\": true, \"data\": {\"label\": \"Count\", \"id\": \"1\"}, \"type\": \"histogram\", \"drawLinesBetweenPoints\": true, \"show\": \"true\"}], \"grid\": {\"categoryLines\": false}, \"categoryAxes\": [{\"title\": {}, \"position\": \"bottom\", \"scale\": {\"type\": \"linear\"}, \"labels\": {\"truncate\": 100, \"show\": true}, \"type\": \"category\", \"id\": \"CategoryAxis-1\", \"style\": {}, \"show\": true}], \"addTooltip\": true, \"legendPosition\": \"right\", \"type\": \"histogram\", \"times\": [], \"valueAxes\": [{\"title\": {\"text\": \"Count\"}, \"position\": \"left\", \"name\": \"LeftAxis-1\", \"scale\": {\"type\": \"linear\", \"mode\": \"normal\"}, \"labels\": {\"show\": true, \"truncate\": 100, \"rotate\": 0, \"filter\": false}, \"type\": \"value\", \"id\": \"ValueAxis-1\", \"style\": {}, \"show\": true}], \"addTimeMarker\": false}, \"title\": \"Threat outcome histogram [Filebeat PANW] ECS\", \"type\": \"histogram\", \"aggs\": [{\"params\": {}, \"schema\": \"metric\", \"type\": \"count\", \"enabled\": true, \"id\": \"1\"}, {\"params\": {\"field\": \"@timestamp\", \"extended_bounds\": {}, \"interval\": \"auto\", \"useNormalizedEsInterval\": true, \"customInterval\": \"2h\", \"min_doc_count\": 1, \"timeRange\": {\"to\": \"2018-04-10T04:39:56.264Z\", \"from\": \"2018-04-10T04:36:19.586Z\"}, \"drop_partials\": false}, \"schema\": \"segment\", \"type\": \"date_histogram\", \"enabled\": true, \"id\": \"2\"}, {\"params\": {\"field\": \"event.outcome\", \"missingBucket\": false, \"order\": \"desc\", \"missingBucketLabel\": \"Missing\", \"size\": 5, \"otherBucketLabel\": \"Other\", \"orderBy\": \"1\", \"otherBucket\": false}, \"schema\": \"group\", \"type\": \"terms\", \"enabled\": true, \"id\": \"3\"}]}"
            },
            "id": "0bd2a0c0-7574-11e9-976e-65a8f47cc4c1",
            "migrationVersion": {
                "visualization": "7.0.1"
            },
            "references": [
                {
                    "id": "3cea1360-7569-11e9-976e-65a8f47cc4c1",
                    "name": "search_0",
                    "type": "search"
                }
            ],
            "type": "visualization",
            "updated_at": "2019-05-13T11:41:28.652Z",
            "version": "WzI0NiwxXQ=="
        },
        {
            "attributes": {
                "description": "",
                "kibanaSavedObjectMeta": {
                    "searchSourceJSON": "{\"query\": {\"query\": \"\", \"language\": \"kuery\"}, \"filter\": []}"
                },
                "savedSearchRefName": "search_0",
                "title": "Threat ID Cloud [Filebeat PANW] ECS",
                "uiStateJSON": "{}",
                "version": 1,
                "visState": "{\"params\": {\"showLabel\": true, \"scale\": \"linear\", \"orientation\": \"single\", \"minFontSize\": 18, \"maxFontSize\": 72}, \"title\": \"Threat ID Cloud [Filebeat PANW] ECS\", \"type\": \"tagcloud\", \"aggs\": [{\"params\": {}, \"schema\": \"metric\", \"type\": \"count\", \"enabled\": true, \"id\": \"1\"}, {\"params\": {\"field\": \"panw.panos.threat.name\", \"missingBucket\": false, \"order\": \"desc\", \"missingBucketLabel\": \"Missing\", \"size\": 5, \"otherBucketLabel\": \"Other\", \"orderBy\": \"1\", \"otherBucket\": false}, \"schema\": \"segment\", \"type\": \"terms\", \"enabled\": true, \"id\": \"2\"}]}"
            },
            "id": "3eca1070-7589-11e9-aacf-79a3704914a0",
            "migrationVersion": {
                "visualization": "7.0.1"
            },
            "references": [
                {
                    "id": "3cea1360-7569-11e9-976e-65a8f47cc4c1",
                    "name": "search_0",
                    "type": "search"
                }
            ],
            "type": "visualization",
            "updated_at": "2019-05-13T15:06:36.839Z",
            "version": "WzI1NSwyXQ=="
        },
        {
            "attributes": {
                "description": "",
                "kibanaSavedObjectMeta": {
                    "searchSourceJSON": "{\"query\": {\"query\": \"\", \"language\": \"kuery\"}, \"filter\": []}"
                },
                "savedSearchRefName": "search_0",
                "title": "Threat Resource Cloud [Filebeat PANW] ECS",
                "uiStateJSON": "{}",
                "version": 1,
                "visState": "{\"params\": {\"showLabel\": true, \"scale\": \"linear\", \"orientation\": \"single\", \"minFontSize\": 18, \"maxFontSize\": 72}, \"title\": \"Threat Resource Cloud [Filebeat PANW] ECS\", \"type\": \"tagcloud\", \"aggs\": [{\"params\": {}, \"schema\": \"metric\", \"type\": \"count\", \"enabled\": true, \"id\": \"1\"}, {\"params\": {\"field\": \"url.original\", \"missingBucket\": false, \"order\": \"desc\", \"missingBucketLabel\": \"Missing\", \"size\": 5, \"otherBucketLabel\": \"Other\", \"orderBy\": \"1\", \"otherBucket\": false}, \"schema\": \"segment\", \"type\": \"terms\", \"enabled\": true, \"id\": \"2\"}]}"
            },
            "id": "5bd32b20-7575-11e9-976e-65a8f47cc4c1",
            "migrationVersion": {
                "visualization": "7.0.1"
            },
            "references": [
                {
                    "id": "3cea1360-7569-11e9-976e-65a8f47cc4c1",
                    "name": "search_0",
                    "type": "search"
                }
            ],
            "type": "visualization",
            "updated_at": "2019-05-13T11:50:52.370Z",
            "version": "WzI0NywxXQ=="
        },
        {
            "attributes": {
                "description": "",
                "kibanaSavedObjectMeta": {
                    "searchSourceJSON": "{\"query\": {\"query\": \"\", \"language\": \"kuery\"}, \"filter\": [{\"query\": {\"match\": {\"network.direction\": {\"query\": \"inbound\", \"type\": \"phrase\"}}}, \"meta\": {\"negate\": false, \"key\": \"network.direction\", \"disabled\": false, \"params\": {\"query\": \"inbound\"}, \"alias\": null, \"type\": \"phrase\", \"indexRefName\": \"kibanaSavedObjectMeta.searchSourceJSON.filter[0].meta.index\", \"value\": \"inbound\"}, \"$state\": {\"store\": \"appState\"}}]}"
                },
                "savedSearchRefName": "search_0",
                "title": "Top attackers (clients) [Filebeat PANW] ECS",
                "uiStateJSON": "{\"vis\": {\"params\": {\"sort\": {\"direction\": null, \"columnIndex\": null}}}}",
                "version": 1,
                "visState": "{\"params\": {\"showMetricsAtAllLevels\": false, \"showPartialRows\": false, \"totalFunc\": \"sum\", \"sort\": {\"direction\": null, \"columnIndex\": null}, \"perPage\": 10, \"showTotal\": false}, \"title\": \"Top attackers (clients) [Filebeat PANW] ECS\", \"type\": \"table\", \"aggs\": [{\"params\": {}, \"schema\": \"metric\", \"type\": \"count\", \"enabled\": true, \"id\": \"1\"}, {\"params\": {\"field\": \"client.ip\", \"missingBucket\": false, \"order\": \"desc\", \"missingBucketLabel\": \"Missing\", \"size\": 5, \"otherBucketLabel\": \"Other\", \"orderBy\": \"1\", \"otherBucket\": false}, \"schema\": \"bucket\", \"type\": \"terms\", \"enabled\": true, \"id\": \"2\"}]}"
            },
            "id": "90ce3300-758a-11e9-aacf-79a3704914a0",
            "migrationVersion": {
                "visualization": "7.0.1"
            },
            "references": [
                {
                    "id": "filebeat-*",
                    "name": "kibanaSavedObjectMeta.searchSourceJSON.filter[0].meta.index",
                    "type": "index-pattern"
                },
                {
                    "id": "3cea1360-7569-11e9-976e-65a8f47cc4c1",
                    "name": "search_0",
                    "type": "search"
                }
            ],
            "type": "visualization",
            "updated_at": "2019-05-13T14:22:40.688Z",
            "version": "WzI1MSwyXQ=="
        },
        {
            "attributes": {
                "description": "",
                "kibanaSavedObjectMeta": {
                    "searchSourceJSON": "{\"query\": {\"query\": \"\", \"language\": \"kuery\"}, \"filter\": [{\"query\": {\"match\": {\"network.direction\": {\"query\": \"outbound\", \"type\": \"phrase\"}}}, \"meta\": {\"negate\": false, \"key\": \"network.direction\", \"disabled\": false, \"params\": {\"query\": \"outbound\"}, \"alias\": null, \"type\": \"phrase\", \"indexRefName\": \"kibanaSavedObjectMeta.searchSourceJSON.filter[0].meta.index\", \"value\": \"outbound\"}, \"$state\": {\"store\": \"appState\"}}]}"
                },
                "savedSearchRefName": "search_0",
                "title": "Top attackers (servers) [Filebeat PANW] ECS",
                "uiStateJSON": "{\"vis\": {\"params\": {\"sort\": {\"direction\": null, \"columnIndex\": null}}}}",
                "version": 1,
                "visState": "{\"params\": {\"showMetricsAtAllLevels\": false, \"showPartialRows\": false, \"totalFunc\": \"sum\", \"sort\": {\"direction\": null, \"columnIndex\": null}, \"perPage\": 10, \"showTotal\": false}, \"title\": \"Top attackers (servers) [Filebeat PANW] ECS\", \"type\": \"table\", \"aggs\": [{\"params\": {}, \"schema\": \"metric\", \"type\": \"count\", \"enabled\": true, \"id\": \"1\"}, {\"params\": {\"field\": \"server.ip\", \"missingBucket\": false, \"order\": \"desc\", \"missingBucketLabel\": \"Missing\", \"size\": 5, \"otherBucketLabel\": \"Other\", \"orderBy\": \"1\", \"otherBucket\": false}, \"schema\": \"bucket\", \"type\": \"terms\", \"enabled\": true, \"id\": \"2\"}]}"
            },
            "id": "a95aaf20-758a-11e9-aacf-79a3704914a0",
            "migrationVersion": {
                "visualization": "7.0.1"
            },
            "references": [
                {
                    "id": "filebeat-*",
                    "name": "kibanaSavedObjectMeta.searchSourceJSON.filter[0].meta.index",
                    "type": "index-pattern"
                },
                {
                    "id": "3cea1360-7569-11e9-976e-65a8f47cc4c1",
                    "name": "search_0",
                    "type": "search"
                }
            ],
            "type": "visualization",
            "updated_at": "2019-05-13T14:23:21.874Z",
            "version": "WzI1MiwyXQ=="
        },
        {
            "attributes": {
                "description": "",
                "kibanaSavedObjectMeta": {
                    "searchSourceJSON": "{\"query\": {\"query\": \"\", \"language\": \"kuery\"}, \"filter\": []}"
                },
                "savedSearchRefName": "search_0",
                "title": "Outcome by Threat Type [Filebeat PANW] ECS",
                "uiStateJSON": "{}",
                "version": 1,
                "visState": "{\"params\": {\"addLegend\": true, \"addTooltip\": true, \"legendPosition\": \"right\", \"isDonut\": true, \"type\": \"pie\", \"labels\": {\"truncate\": 100, \"values\": true, \"last_level\": true, \"show\": false}}, \"title\": \"Outcome by Threat Type [Filebeat PANW] ECS\", \"type\": \"pie\", \"aggs\": [{\"params\": {}, \"schema\": \"metric\", \"type\": \"count\", \"enabled\": true, \"id\": \"1\"}, {\"params\": {\"field\": \"event.action\", \"missingBucket\": false, \"order\": \"desc\", \"missingBucketLabel\": \"Missing\", \"size\": 5, \"otherBucketLabel\": \"Other\", \"orderBy\": \"1\", \"otherBucket\": false}, \"schema\": \"segment\", \"type\": \"terms\", \"enabled\": true, \"id\": \"3\"}, {\"params\": {\"field\": \"event.outcome\", \"missingBucket\": true, \"order\": \"desc\", \"missingBucketLabel\": \"Missing\", \"size\": 5, \"otherBucketLabel\": \"Other\", \"orderBy\": \"1\", \"otherBucket\": false}, \"schema\": \"segment\", \"type\": \"terms\", \"enabled\": true, \"id\": \"2\"}]}"
            },
            "id": "6dce7930-758c-11e9-aacf-79a3704914a0",
            "migrationVersion": {
                "visualization": "7.0.1"
            },
            "references": [
                {
                    "id": "3cea1360-7569-11e9-976e-65a8f47cc4c1",
                    "name": "search_0",
                    "type": "search"
                }
            ],
            "type": "visualization",
            "updated_at": "2019-05-13T14:36:00.962Z",
            "version": "WzI1MywyXQ=="
        },
        {
            "attributes": {
                "columns": [
                    "_source"
                ],
                "description": "",
                "hits": 0,
                "kibanaSavedObjectMeta": {
                    "searchSourceJSON": "{\"version\": true, \"query\": {\"query\": \"event.dataset: \\\"panw.panos\\\" and event.category: \\\"security_threat\\\"\", \"language\": \"kuery\"}, \"highlightAll\": true, \"indexRefName\": \"kibanaSavedObjectMeta.searchSourceJSON.index\", \"filter\": []}"
                },
                "sort": [
                    "@timestamp",
                    "desc"
                ],
                "title": "PAN-OS Threats [Filebeat PANW] ECS",
                "version": 1
            },
            "id": "3cea1360-7569-11e9-976e-65a8f47cc4c1",
            "migrationVersion": {
                "search": "7.0.0"
            },
            "references": [
                {
                    "id": "filebeat-*",
                    "name": "kibanaSavedObjectMeta.searchSourceJSON.index",
                    "type": "index-pattern"
                }
            ],
            "type": "search",
            "updated_at": "2019-05-13T10:24:06.550Z",
            "version": "WzIzNiwxXQ=="
        }
    ],
    "version": "7.1.0"
}