{
    "objects": [
        {
            "attributes": {
                "description": "Suspicious network activity overview",
                "hits": 0,
                "kibanaSavedObjectMeta": {
                    "searchSourceJSON": "{\"version\": true, \"query\": {\"query\": \"*\", \"language\": \"lucene\"}, \"highlightAll\": true, \"filter\": []}"
                },
                "optionsJSON": "{\"darkTheme\": false}",
                "panelsJSON": "[{\"version\": \"7.3.0\", \"panelIndex\": \"1\", \"gridData\": {\"y\": 28, \"i\": \"1\", \"h\": 12, \"w\": 32, \"x\": 0}, \"embeddableConfig\": {\"vis\": {\"legendOpen\": false, \"colors\": {\"Destination Addresses\": \"#E0752D\", \"Destination Ports\": \"#E24D42\"}}}, \"panelRefName\": \"panel_0\"}, {\"version\": \"7.3.0\", \"panelIndex\": \"2\", \"gridData\": {\"y\": 40, \"i\": \"2\", \"h\": 12, \"w\": 16, \"x\": 0}, \"embeddableConfig\": {\"vis\": {\"params\": {\"sort\": {\"direction\": null, \"columnIndex\": null}}}}, \"panelRefName\": \"panel_1\"}, {\"version\": \"7.3.0\", \"panelIndex\": \"3\", \"gridData\": {\"y\": 40, \"i\": \"3\", \"h\": 12, \"w\": 16, \"x\": 16}, \"embeddableConfig\": {\"vis\": {\"params\": {\"sort\": {\"direction\": null, \"columnIndex\": null}}}}, \"panelRefName\": \"panel_2\"}, {\"version\": \"7.3.0\", \"panelIndex\": \"5\", \"gridData\": {\"y\": 20, \"i\": \"5\", \"h\": 8, \"w\": 48, \"x\": 0}, \"embeddableConfig\": {}, \"panelRefName\": \"panel_3\"}, {\"version\": \"7.3.0\", \"panelIndex\": \"9\", \"gridData\": {\"y\": 28, \"i\": \"9\", \"h\": 12, \"w\": 16, \"x\": 32}, \"embeddableConfig\": {\"vis\": {\"colors\": {\"/Attempt\": \"#0A50A1\", \"/Success\": \"#629E51\", \"/Failure\": \"#BF1B00\"}}}, \"panelRefName\": \"panel_4\"}, {\"version\": \"7.3.0\", \"panelIndex\": \"11\", \"gridData\": {\"y\": 12, \"i\": \"11\", \"h\": 8, \"w\": 48, \"x\": 0}, \"embeddableConfig\": {}, \"panelRefName\": \"panel_5\"}, {\"version\": \"7.3.0\", \"panelIndex\": \"12\", \"gridData\": {\"y\": 52, \"i\": \"12\", \"h\": 16, \"w\": 24, \"x\": 0}, \"embeddableConfig\": {}, \"panelRefName\": \"panel_6\"}, {\"version\": \"7.3.0\", \"panelIndex\": \"13\", \"gridData\": {\"y\": 52, \"i\": \"13\", \"h\": 16, \"w\": 24, \"x\": 24}, \"embeddableConfig\": {}, \"panelRefName\": \"panel_7\"}, {\"version\": \"7.3.0\", \"panelIndex\": \"14\", \"gridData\": {\"y\": 40, \"i\": \"14\", \"h\": 12, \"w\": 16, \"x\": 32}, \"embeddableConfig\": {}, \"panelRefName\": \"panel_8\"}, {\"version\": \"7.3.0\", \"panelIndex\": \"15\", \"gridData\": {\"y\": 0, \"i\": \"15\", \"h\": 4, \"w\": 48, \"x\": 0}, \"embeddableConfig\": {}, \"panelRefName\": \"panel_9\"}, {\"version\": \"7.3.0\", \"panelIndex\": \"16\", \"gridData\": {\"y\": 4, \"i\": \"16\", \"h\": 8, \"w\": 40, \"x\": 0}, \"embeddableConfig\": {\"vis\": {\"defaultColors\": {\"0 - 100\": \"rgb(0,104,55)\"}}}, \"panelRefName\": \"panel_10\"}, {\"version\": \"7.3.0\", \"panelIndex\": \"17\", \"gridData\": {\"y\": 4, \"i\": \"17\", \"h\": 8, \"w\": 8, \"x\": 40}, \"embeddableConfig\": {\"vis\": {\"defaultColors\": {\"50 - 100\": \"rgb(254,217,118)\", \"200 - 300\": \"rgb(227,27,28)\", \"100 - 200\": \"rgb(253,141,60)\", \"0 - 50\": \"rgb(255,255,204)\", \"300 - 400\": \"rgb(128,0,38)\"}}}, \"panelRefName\": \"panel_11\"}]",
                "refreshInterval": {
                    "display": "Off",
                    "pause": false,
                    "value": 0
                },
                "timeFrom": "now-24h",
                "timeRestore": true,
                "timeTo": "now",
                "title": "[Filebeat CEF] Network Suspicious Activity Dashboard",
                "version": 1
            },
            "id": "db1e1aca-279e-4ecc-b84e-fe58644f7619",
            "migrationVersion": {
                "dashboard": "7.3.0"
            },
            "references": [
                {
                    "id": "fa8b26c1-6973-4381-adb3-bcde0d03a520",
                    "name": "panel_0",
                    "type": "visualization"
                },
                {
                    "id": "82f3fae3-1189-4f04-8ea5-47fde1d2e7b1",
                    "name": "panel_1",
                    "type": "visualization"
                },
                {
                    "id": "f03d734b-b85c-4e99-9c0e-9c89716a81f3",
                    "name": "panel_2",
                    "type": "visualization"
                },
                {
                    "id": "9bef4db9-a8b2-4be8-b2b0-6ea02fab424d",
                    "name": "panel_3",
                    "type": "visualization"
                },
                {
                    "id": "fff249b2-18b6-4b48-bcf7-dd4595d111e7",
                    "name": "panel_4",
                    "type": "visualization"
                },
                {
                    "id": "d02dd523-ce91-40e9-9209-83797f80ed45",
                    "name": "panel_5",
                    "type": "visualization"
                },
                {
                    "id": "589fec8c-336e-4122-8fef-a450bddf84f6",
                    "name": "panel_6",
                    "type": "visualization"
                },
                {
                    "id": "86bd5f13-ca6b-43fa-b209-54e7460344bb",
                    "name": "panel_7",
                    "type": "visualization"
                },
                {
                    "id": "1204cf27-05e0-4905-bfa1-688aaaaaa840",
                    "name": "panel_8",
                    "type": "visualization"
                },
                {
                    "id": "677891a1-90c4-4273-b126-f0e54689bd76",
                    "name": "panel_9",
                    "type": "visualization"
                },
                {
                    "id": "01c3618c-9962-4fe9-b9c5-f73dfecc6eba",
                    "name": "panel_10",
                    "type": "visualization"
                },
                {
                    "id": "33747d52-ec4c-4d91-86d8-fbdf9b9c82db",
                    "name": "panel_11",
                    "type": "visualization"
                }
            ],
            "type": "dashboard",
            "updated_at": "2019-10-25T16:30:06.345Z",
            "version": "WzEzMjYsMV0="
        },
        {
            "attributes": {
                "description": "",
                "kibanaSavedObjectMeta": {
                    "searchSourceJSON": "{\"filter\": []}"
                },
                "savedSearchRefName": "search_0",
                "title": "Unique Destinations and Ports by Source [Filebeat CEF]",
                "uiStateJSON": "{}",
                "version": 1,
                "visState": "{\"listeners\": {}, \"params\": {\"addLegend\": true, \"showCircles\": true, \"categoryAxes\": [{\"title\": {\"text\": \"Source Addresses\"}, \"position\": \"bottom\", \"scale\": {\"type\": \"linear\"}, \"labels\": {\"truncate\": 100, \"show\": true}, \"type\": \"category\", \"id\": \"CategoryAxis-1\", \"style\": {}, \"show\": true}], \"addTooltip\": true, \"seriesParams\": [{\"valueAxis\": \"ValueAxis-1\", \"mode\": \"stacked\", \"showCircles\": true, \"data\": {\"label\": \"Destination Addresses\", \"id\": \"1\"}, \"type\": \"histogram\", \"drawLinesBetweenPoints\": true, \"show\": \"true\"}, {\"valueAxis\": \"ValueAxis-2\", \"mode\": \"stacked\", \"showCircles\": true, \"interpolate\": \"linear\", \"lineWidth\": 2, \"data\": {\"label\": \"Destination Ports\", \"id\": \"3\"}, \"type\": \"line\", \"drawLinesBetweenPoints\": true, \"show\": true}], \"legendPosition\": \"right\", \"drawLinesBetweenPoints\": true, \"times\": [], \"scale\": \"linear\", \"valueAxes\": [{\"title\": {\"text\": \"Destination Addresses\"}, \"position\": \"left\", \"name\": \"LeftAxis-1\", \"scale\": {\"type\": \"linear\", \"mode\": \"normal\"}, \"labels\": {\"show\": true, \"truncate\": 100, \"rotate\": 0, \"filter\": false}, \"type\": \"value\", \"id\": \"ValueAxis-1\", \"style\": {}, \"show\": true}, {\"title\": {\"text\": \"Destination Ports\"}, \"position\": \"right\", \"name\": \"RightAxis-1\", \"scale\": {\"type\": \"linear\", \"mode\": \"normal\"}, \"labels\": {\"show\": true, \"truncate\": 100, \"rotate\": 0, \"filter\": false}, \"type\": \"value\", \"id\": \"ValueAxis-2\", \"style\": {}, \"show\": true}], \"defaultYExtents\": false, \"grid\": {\"categoryLines\": false, \"style\": {\"color\": \"#eee\"}}, \"interpolate\": \"linear\", \"addTimeMarker\": false, \"setYExtents\": false, \"radiusRatio\": 9}, \"type\": \"histogram\", \"aggs\": [{\"params\": {\"field\": \"destination.ip\", \"customLabel\": \"Destination Addresses\"}, \"schema\": \"metric\", \"type\": \"cardinality\", \"enabled\": true, \"id\": \"1\"}, {\"params\": {\"field\": \"source.ip\", \"orderBy\": \"1\", \"order\": \"desc\", \"customLabel\": \"Source Addresses\", \"size\": 20}, \"schema\": \"segment\", \"type\": \"terms\", \"enabled\": true, \"id\": \"2\"}, {\"params\": {\"field\": \"destination.port\", \"customLabel\": \"Destination Ports\"}, \"schema\": \"metric\", \"type\": \"cardinality\", \"enabled\": true, \"id\": \"3\"}], \"title\": \"Unique Destinations and Ports by Source [Filebeat CEF]\"}"
            },
            "id": "fa8b26c1-6973-4381-adb3-bcde0d03a520",
            "migrationVersion": {
                "visualization": "7.3.1"
            },
            "references": [
                {
                    "id": "68202a5c-c8f2-432f-8c08-04fbfacb95c8",
                    "name": "search_0",
                    "type": "search"
                }
            ],
            "type": "visualization",
            "updated_at": "2019-10-25T16:30:06.345Z",
            "version": "WzEzMjcsMV0="
        },
        {
            "attributes": {
                "description": "",
                "kibanaSavedObjectMeta": {
                    "searchSourceJSON": "{\"filter\": []}"
                },
                "savedSearchRefName": "search_0",
                "title": "Top 5 Sources by Destination Addresses [Filebeat CEF]",
                "uiStateJSON": "{\"vis\": {\"params\": {\"sort\": {\"direction\": null, \"columnIndex\": null}}}}",
                "version": 1,
                "visState": "{\"listeners\": {}, \"params\": {\"showPartialRows\": false, \"totalFunc\": \"sum\", \"sort\": {\"direction\": null, \"columnIndex\": null}, \"showMeticsAtAllLevels\": false, \"perPage\": 10, \"showTotal\": false}, \"type\": \"table\", \"aggs\": [{\"params\": {\"field\": \"destination.ip\", \"customLabel\": \"Destination Addresses\"}, \"schema\": \"metric\", \"type\": \"cardinality\", \"enabled\": true, \"id\": \"2\"}, {\"params\": {\"customLabel\": \"Event Count\"}, \"schema\": \"metric\", \"type\": \"count\", \"enabled\": true, \"id\": \"1\"}, {\"params\": {\"field\": \"source.ip\", \"orderBy\": \"2\", \"order\": \"desc\", \"customLabel\": \"Source Address\", \"size\": 5}, \"schema\": \"bucket\", \"type\": \"terms\", \"enabled\": true, \"id\": \"4\"}], \"title\": \"Top 5 Sources by Destination Addresses [Filebeat CEF]\"}"
            },
            "id": "82f3fae3-1189-4f04-8ea5-47fde1d2e7b1",
            "migrationVersion": {
                "visualization": "7.3.1"
            },
            "references": [
                {
                    "id": "68202a5c-c8f2-432f-8c08-04fbfacb95c8",
                    "name": "search_0",
                    "type": "search"
                }
            ],
            "type": "visualization",
            "updated_at": "2019-10-25T16:30:06.345Z",
            "version": "WzEzMjgsMV0="
        },
        {
            "attributes": {
                "description": "",
                "kibanaSavedObjectMeta": {
                    "searchSourceJSON": "{\"filter\": []}"
                },
                "savedSearchRefName": "search_0",
                "title": "Top 5 Sources by Destination Ports [Filebeat CEF]",
                "uiStateJSON": "{\"vis\": {\"params\": {\"sort\": {\"direction\": null, \"columnIndex\": null}}}}",
                "version": 1,
                "visState": "{\"listeners\": {}, \"params\": {\"showPartialRows\": false, \"totalFunc\": \"sum\", \"sort\": {\"direction\": null, \"columnIndex\": null}, \"showMeticsAtAllLevels\": false, \"perPage\": 10, \"showTotal\": false}, \"type\": \"table\", \"aggs\": [{\"params\": {\"field\": \"destination.port\", \"customLabel\": \"Destination Ports\"}, \"schema\": \"metric\", \"type\": \"cardinality\", \"enabled\": true, \"id\": \"2\"}, {\"params\": {\"customLabel\": \"Event Count\"}, \"schema\": \"metric\", \"type\": \"count\", \"enabled\": true, \"id\": \"1\"}, {\"params\": {\"field\": \"source.ip\", \"orderBy\": \"2\", \"order\": \"desc\", \"customLabel\": \"Source Address\", \"size\": 5}, \"schema\": \"bucket\", \"type\": \"terms\", \"enabled\": true, \"id\": \"4\"}], \"title\": \"Top 5 Sources by Destination Ports [Filebeat CEF]\"}"
            },
            "id": "f03d734b-b85c-4e99-9c0e-9c89716a81f3",
            "migrationVersion": {
                "visualization": "7.3.1"
            },
            "references": [
                {
                    "id": "68202a5c-c8f2-432f-8c08-04fbfacb95c8",
                    "name": "search_0",
                    "type": "search"
                }
            ],
            "type": "visualization",
            "updated_at": "2019-10-25T16:30:06.345Z",
            "version": "WzEzMjksMV0="
        },
        {
            "attributes": {
                "description": "",
                "kibanaSavedObjectMeta": {
                    "searchSourceJSON": "{\"query\": {\"query_string\": {\"query\": \"*\"}}, \"filter\": []}"
                },
                "title": "Events by Severity [Filebeat CEF]",
                "uiStateJSON": "{}",
                "version": 1,
                "visState": "{\"listeners\": {}, \"params\": {\"interval\": \"auto\", \"series\": [{\"label\": \"Event by Severities\", \"color\": \"#68BC00\", \"axis_position\": \"right\", \"fill\": 0.5, \"formatter\": \"0.0[0]a\", \"split_mode\": \"filters\", \"seperate_axis\": 0, \"id\": \"da3b92b4-2c24-473b-9102-fb5a343a96d9\", \"line_width\": 1, \"chart_type\": \"line\", \"stacked\": \"none\", \"point_size\": 1, \"split_filters\": [{\"color\": \"rgba(104,204,202,1)\", \"label\": \"LOW\", \"id\": \"ebe970ac-5cc9-4c4a-af60-82affafc667c\", \"filter\": \"severity:\\\"Low\\\" OR severity:\\\"0\\\"\"}, {\"color\": \"rgba(252,220,0,1)\", \"label\": \"MEDIUM\", \"id\": \"0c4ff16a-b53d-4ce4-af76-d6b74d8788db\", \"filter\": \"severity:\\\"Medium\\\"\"}, {\"color\": \"rgba(254,146,0,1)\", \"label\": \"HIGH\", \"id\": \"e142c55b-6ee5-416a-8bd3-d10398044864\", \"filter\": \"severity:\\\"High\\\"\"}, {\"color\": \"rgba(244,78,59,1)\", \"label\": \"VERY HIGH\", \"id\": \"4b05b562-c419-4214-b814-d4c242251521\", \"filter\": \"severity:\\\"Very-High\\\"\"}], \"metrics\": [{\"type\": \"count\", \"id\": \"0d189776-3f7c-4a92-95b1-73c379a341fc\"}, {\"field\": \"0d189776-3f7c-4a92-95b1-73c379a341fc\", \"type\": \"sum_bucket\", \"id\": \"1b1c931c-a09b-4980-af81-6f9c3db56401\", \"sigma\": \"\"}]}], \"axis_position\": \"left\", \"axis_formatter\": \"number\", \"bar_color_rules\": [{\"id\": \"0ca18a89-9c81-4bee-835a-85e6103aec37\"}], \"time_field\": \"@timestamp\", \"type\": \"top_n\", \"index_pattern\": \"filebeat-*\", \"id\": \"c39a76e5-f613-41a9-8335-c442747791e0\", \"show_legend\": 1, \"filter\": {\"query\": \"cef.extensions.categoryDeviceGroup:\\\"/Firewall\\\"\", \"language\": \"lucene\"}}, \"type\": \"metrics\", \"aggs\": [], \"title\": \"Events by Severity [Filebeat CEF]\"}"
            },
            "id": "9bef4db9-a8b2-4be8-b2b0-6ea02fab424d",
            "migrationVersion": {
                "visualization": "7.3.1"
            },
            "references": [],
            "type": "visualization",
            "updated_at": "2019-10-25T16:30:06.345Z",
            "version": "WzEzMzAsMV0="
        },
        {
            "attributes": {
                "description": "",
                "kibanaSavedObjectMeta": {
                    "searchSourceJSON": "{\"filter\": []}"
                },
                "savedSearchRefName": "search_0",
                "title": "Outcome by Device Type [Filebeat CEF]",
                "uiStateJSON": "{\"vis\": {\"colors\": {\"/Success\": \"#629E51\", \"/Failure\": \"#BF1B00\"}}}",
                "version": 1,
                "visState": "{\"listeners\": {}, \"params\": {\"addLegend\": true, \"showCircles\": true, \"categoryAxes\": [{\"title\": {\"text\": \"Firewall Types\"}, \"position\": \"bottom\", \"scale\": {\"type\": \"linear\"}, \"labels\": {\"truncate\": 100, \"rotate\": 75, \"show\": true}, \"type\": \"category\", \"id\": \"CategoryAxis-1\", \"style\": {}, \"show\": true}], \"addTooltip\": true, \"seriesParams\": [{\"valueAxis\": \"ValueAxis-1\", \"mode\": \"stacked\", \"showCircles\": true, \"data\": {\"label\": \"Count\", \"id\": \"1\"}, \"type\": \"histogram\", \"drawLinesBetweenPoints\": true, \"show\": \"true\"}], \"legendPosition\": \"right\", \"drawLinesBetweenPoints\": true, \"times\": [], \"scale\": \"linear\", \"valueAxes\": [{\"title\": {}, \"position\": \"left\", \"name\": \"LeftAxis-1\", \"scale\": {\"type\": \"square root\", \"mode\": \"percentage\"}, \"labels\": {\"show\": true, \"truncate\": 100, \"rotate\": 0, \"filter\": false}, \"type\": \"value\", \"id\": \"ValueAxis-1\", \"style\": {}, \"show\": true}], \"defaultYExtents\": false, \"grid\": {\"categoryLines\": false, \"style\": {\"color\": \"#eee\"}}, \"interpolate\": \"linear\", \"orderBucketsBySum\": true, \"addTimeMarker\": false, \"setYExtents\": false, \"radiusRatio\": 9}, \"type\": \"histogram\", \"aggs\": [{\"params\": {}, \"schema\": \"metric\", \"type\": \"count\", \"enabled\": true, \"id\": \"1\"}, {\"params\": {\"field\": \"cef.extensions.categoryDeviceType\", \"orderBy\": \"1\", \"order\": \"desc\", \"customLabel\": \"Firewall Types\", \"size\": 10}, \"schema\": \"segment\", \"type\": \"terms\", \"enabled\": true, \"id\": \"2\"}, {\"params\": {\"field\": \"cef.extensions.categoryOutcome\", \"orderBy\": \"1\", \"order\": \"desc\", \"customLabel\": \"Event Outcome\", \"size\": 3}, \"schema\": \"group\", \"type\": \"terms\", \"enabled\": true, \"id\": \"3\"}], \"title\": \"Outcome by Device Type [Filebeat CEF]\"}"
            },
            "id": "fff249b2-18b6-4b48-bcf7-dd4595d111e7",
            "migrationVersion": {
                "visualization": "7.3.1"
            },
            "references": [
                {
                    "id": "68202a5c-c8f2-432f-8c08-04fbfacb95c8",
                    "name": "search_0",
                    "type": "search"
                }
            ],
            "type": "visualization",
            "updated_at": "2019-10-25T16:30:06.345Z",
            "version": "WzEzMzEsMV0="
        },
        {
            "attributes": {
                "description": "",
                "kibanaSavedObjectMeta": {
                    "searchSourceJSON": "{\"query\": {\"query_string\": {\"query\": \"*\"}}, \"filter\": []}"
                },
                "title": "Events by Source Addresses [Filebeat CEF]",
                "uiStateJSON": "{}",
                "version": 1,
                "visState": "{\"listeners\": {}, \"params\": {\"gauge_inner_width\": 10, \"background_color\": null, \"axis_position\": \"left\", \"gauge_width\": 10, \"gauge_color_rules\": [{\"id\": \"42f84a0a-ee13-4ca8-b61d-3de482ae4ab0\"}], \"type\": \"timeseries\", \"background_color_rules\": [{\"id\": \"a0bf5a1d-8ebf-49d4-a347-738a6ce20562\"}], \"index_pattern\": \"filebeat-*\", \"id\": \"ec53a1d3-213c-4b0f-a074-5005a84cdb83\", \"filter\": {\"query\": \"cef.extensions.categoryDeviceGroup:\\\"/Firewall\\\" OR cef.extensions.categoryDeviceGroup:\\\"/IDS/Network\\\" OR cef.extensions.categoryDeviceGroup:\\\"/VPN\\\" \", \"language\": \"lucene\"}, \"series\": [{\"label\": \"Events\", \"color\": \"rgba(211,49,21,1)\", \"axis_position\": \"right\", \"fill\": \"0\", \"value_template\": \"{{value}}\", \"formatter\": \"number\", \"split_mode\": \"everything\", \"seperate_axis\": 1, \"terms_order_by\": null, \"id\": \"04c44192-1112-4515-a8d9-e9e13215aecf\", \"line_width\": \"3\", \"chart_type\": \"line\", \"steps\": 0, \"terms_field\": \"observer.hostmessage\", \"stacked\": \"none\", \"point_size\": \"0\", \"filter\": {\"query\": \"cef.extensions.categoryDeviceGroup:\\\"/Firewall\\\" OR cef.extensions.categoryDeviceGroup:\\\"/IDS/Network\\\" OR cef.extensions.categoryDeviceGroup:\\\"/VPN\\\" \", \"language\": \"lucene\"}, \"metrics\": [{\"type\": \"count\", \"id\": \"c5dbb050-fc10-4a0d-abe0-bc093db6cf0e\"}, {\"beta\": 0.1, \"field\": \"c5dbb050-fc10-4a0d-abe0-bc093db6cf0e\", \"model_type\": \"simple\", \"multiplicative\": false, \"gamma\": 0.3, \"period\": 1, \"type\": \"moving_average\", \"window\": \"10\", \"id\": \"117fde19-e227-4fcb-8019-e82e6677c340\", \"alpha\": 0.3, \"sigma\": \"\"}]}, {\"label\": \"Top Source Addresses\", \"color\": \"rgba(104,188,0,1)\", \"axis_position\": \"left\", \"fill\": \"0.5\", \"formatter\": \"number\", \"split_mode\": \"terms\", \"seperate_axis\": 1, \"id\": \"3ffe652e-43c2-4a1d-ad8a-f7ab10f09f2b\", \"terms_size\": \"10\", \"line_width\": \"0\", \"chart_type\": \"bar\", \"terms_field\": \"source.ip\", \"stacked\": \"none\", \"point_size\": 1, \"metrics\": [{\"type\": \"count\", \"id\": \"dc74afdf-64ad-47d6-bbed-114e09d12255\"}, {\"beta\": 0.1, \"field\": \"dc74afdf-64ad-47d6-bbed-114e09d12255\", \"model_type\": \"simple\", \"multiplicative\": false, \"gamma\": 0.3, \"period\": 1, \"type\": \"moving_average\", \"id\": \"b753ad38-c3ed-4463-8f6d-176f4d477897\", \"alpha\": 0.3, \"window\": \"10\"}]}], \"axis_formatter\": \"number\", \"bar_color_rules\": [{\"id\": \"23db5bf6-f787-474e-86ab-76362432e984\"}], \"gauge_style\": \"half\", \"time_field\": \"@timestamp\", \"show_legend\": 1, \"interval\": \"auto\"}, \"type\": \"metrics\", \"aggs\": [], \"title\": \"Events by Source Addresses [Filebeat CEF]\"}"
            },
            "id": "d02dd523-ce91-40e9-9209-83797f80ed45",
            "migrationVersion": {
                "visualization": "7.3.1"
            },
            "references": [],
            "type": "visualization",
            "updated_at": "2019-10-25T16:30:06.345Z",
            "version": "WzEzMzIsMV0="
        },
        {
            "attributes": {
                "description": "",
                "kibanaSavedObjectMeta": {
                    "searchSourceJSON": "{\"filter\": []}"
                },
                "savedSearchRefName": "search_0",
                "title": "Top 10 Source Addresses [Filebeat CEF]",
                "uiStateJSON": "{}",
                "version": 1,
                "visState": "{\"listeners\": {}, \"params\": {\"scale\": \"linear\", \"orientation\": \"single\", \"minFontSize\": 18, \"maxFontSize\": 72}, \"type\": \"tagcloud\", \"aggs\": [{\"params\": {}, \"schema\": \"metric\", \"type\": \"count\", \"enabled\": true, \"id\": \"1\"}, {\"params\": {\"field\": \"source.ip\", \"orderBy\": \"1\", \"order\": \"desc\", \"customLabel\": \"Source Addresses\", \"size\": 10}, \"schema\": \"segment\", \"type\": \"terms\", \"enabled\": true, \"id\": \"2\"}], \"title\": \"Top 10 Source Addresses [Filebeat CEF]\"}"
            },
            "id": "589fec8c-336e-4122-8fef-a450bddf84f6",
            "migrationVersion": {
                "visualization": "7.3.1"
            },
            "references": [
                {
                    "id": "68202a5c-c8f2-432f-8c08-04fbfacb95c8",
                    "name": "search_0",
                    "type": "search"
                }
            ],
            "type": "visualization",
            "updated_at": "2019-10-25T16:30:06.345Z",
            "version": "WzEzMzMsMV0="
        },
        {
            "attributes": {
                "description": "",
                "kibanaSavedObjectMeta": {
                    "searchSourceJSON": "{\"filter\": []}"
                },
                "savedSearchRefName": "search_0",
                "title": "Top 10 Destination Addresses [Filebeat CEF]",
                "uiStateJSON": "{}",
                "version": 1,
                "visState": "{\"listeners\": {}, \"params\": {\"scale\": \"linear\", \"orientation\": \"single\", \"minFontSize\": 18, \"maxFontSize\": 72}, \"type\": \"tagcloud\", \"aggs\": [{\"params\": {}, \"schema\": \"metric\", \"type\": \"count\", \"enabled\": true, \"id\": \"1\"}, {\"params\": {\"field\": \"destination.ip\", \"orderBy\": \"1\", \"order\": \"desc\", \"customLabel\": \"Destination Addresses\", \"size\": 10}, \"schema\": \"segment\", \"type\": \"terms\", \"enabled\": true, \"id\": \"2\"}], \"title\": \"Top 10 Destination Addresses [Filebeat CEF]\"}"
            },
            "id": "86bd5f13-ca6b-43fa-b209-54e7460344bb",
            "migrationVersion": {
                "visualization": "7.3.1"
            },
            "references": [
                {
                    "id": "68202a5c-c8f2-432f-8c08-04fbfacb95c8",
                    "name": "search_0",
                    "type": "search"
                }
            ],
            "type": "visualization",
            "updated_at": "2019-10-25T16:30:06.345Z",
            "version": "WzEzMzQsMV0="
        },
        {
            "attributes": {
                "description": "",
                "kibanaSavedObjectMeta": {
                    "searchSourceJSON": "{\"filter\": []}"
                },
                "savedSearchRefName": "search_0",
                "title": "Top 10 Destination Ports [Filebeat CEF]",
                "uiStateJSON": "{}",
                "version": 1,
                "visState": "{\"listeners\": {}, \"params\": {\"scale\": \"linear\", \"orientation\": \"single\", \"minFontSize\": 18, \"maxFontSize\": 72}, \"type\": \"tagcloud\", \"aggs\": [{\"params\": {}, \"schema\": \"metric\", \"type\": \"count\", \"enabled\": true, \"id\": \"1\"}, {\"params\": {\"field\": \"destination.port\", \"orderBy\": \"1\", \"order\": \"desc\", \"customLabel\": \"Destination Addresses\", \"size\": 10}, \"schema\": \"segment\", \"type\": \"terms\", \"enabled\": true, \"id\": \"2\"}], \"title\": \"Top 10 Destination Ports [Filebeat CEF]\"}"
            },
            "id": "1204cf27-05e0-4905-bfa1-688aaaaaa840",
            "migrationVersion": {
                "visualization": "7.3.1"
            },
            "references": [
                {
                    "id": "68202a5c-c8f2-432f-8c08-04fbfacb95c8",
                    "name": "search_0",
                    "type": "search"
                }
            ],
            "type": "visualization",
            "updated_at": "2019-10-25T16:30:06.345Z",
            "version": "WzEzMzUsMV0="
        },
        {
            "attributes": {
                "description": "",
                "kibanaSavedObjectMeta": {
                    "searchSourceJSON": "{\"query\": {\"query_string\": {\"query\": \"*\"}}, \"filter\": []}"
                },
                "title": " Dashboard Navigation [Filebeat CEF]",
                "uiStateJSON": "{}",
                "version": 1,
                "visState": "{\"listeners\": {}, \"params\": {\"markdown\": \"[Network Overview](#/dashboard/dd0bc9af-2e89-4150-9b42-62517ea56b71) | [Network Suspicious Activity](#/dashboard/db1e1aca-279e-4ecc-b84e-fe58644f7619) | [Endpoint Overview](#dashboard/c10ce1cf-f6b8-4de4-8715-2cb5f6770b3b) | [Endpoint OS Activity](#/dashboard/9e352900-89c3-4c1b-863e-249e24d0dac9) | [Microsoft DNS Overview](#/dashboard/56428e01-0c47-4770-8ba4-9345a029ea41)\"}, \"type\": \"markdown\", \"aggs\": [], \"title\": \" Dashboard Navigation [Filebeat CEF]\"}"
            },
            "id": "677891a1-90c4-4273-b126-f0e54689bd76",
            "migrationVersion": {
                "visualization": "7.3.1"
            },
            "references": [],
            "type": "visualization",
            "updated_at": "2019-10-25T16:30:06.345Z",
            "version": "WzEzMzYsMV0="
        },
        {
            "attributes": {
                "description": "",
                "kibanaSavedObjectMeta": {
                    "searchSourceJSON": "{\"filter\": []}"
                },
                "savedSearchRefName": "search_0",
                "title": "Device Metrics Overview [Filebeat CEF]",
                "uiStateJSON": "{\"vis\": {\"defaultColors\": {\"0 - 100\": \"rgb(0,104,55)\"}}}",
                "version": 1,
                "visState": "{\"listeners\": {}, \"params\": {\"addLegend\": false, \"fontSize\": \"30\", \"addTooltip\": true, \"gauge\": {\"invertColors\": false, \"gaugeType\": \"Metric\", \"orientation\": \"vertical\", \"colorSchema\": \"Green to Red\", \"labels\": {\"color\": \"black\", \"show\": true}, \"gaugeStyle\": \"Full\", \"useRange\": false, \"verticalSplit\": false, \"backStyle\": \"Full\", \"autoExtend\": false, \"scale\": {\"color\": \"#333\", \"labels\": false, \"show\": false, \"width\": 2}, \"gaugeColorMode\": \"None\", \"colorsRange\": [{\"to\": 100, \"from\": 0}], \"type\": \"simple\", \"style\": {\"fontSize\": \"12\", \"labelColor\": false, \"bgColor\": false, \"bgFill\": \"#000\", \"subText\": \"\"}, \"percentageMode\": false}, \"type\": \"gauge\", \"handleNoResults\": true}, \"type\": \"metric\", \"aggs\": [{\"params\": {\"customLabel\": \"Event Count\"}, \"schema\": \"metric\", \"type\": \"count\", \"enabled\": true, \"id\": \"8\"}, {\"params\": {\"field\": \"observer.hostname\", \"customLabel\": \"Devices\"}, \"schema\": \"metric\", \"type\": \"cardinality\", \"enabled\": true, \"id\": \"4\"}, {\"params\": {\"field\": \"source.ip\", \"customLabel\": \"Sources\"}, \"schema\": \"metric\", \"type\": \"cardinality\", \"enabled\": true, \"id\": \"5\"}, {\"params\": {\"field\": \"destination.ip\", \"customLabel\": \"Destinations\"}, \"schema\": \"metric\", \"type\": \"cardinality\", \"enabled\": true, \"id\": \"6\"}, {\"params\": {\"field\": \"destination.port\", \"customLabel\": \"Ports\"}, \"schema\": \"metric\", \"type\": \"cardinality\", \"enabled\": true, \"id\": \"7\"}], \"title\": \"Device Metrics Overview [Filebeat CEF]\"}"
            },
            "id": "01c3618c-9962-4fe9-b9c5-f73dfecc6eba",
            "migrationVersion": {
                "visualization": "7.3.1"
            },
            "references": [
                {
                    "id": "68202a5c-c8f2-432f-8c08-04fbfacb95c8",
                    "name": "search_0",
                    "type": "search"
                }
            ],
            "type": "visualization",
            "updated_at": "2019-10-25T16:30:06.345Z",
            "version": "WzEzMzcsMV0="
        },
        {
            "attributes": {
                "description": "",
                "kibanaSavedObjectMeta": {
                    "searchSourceJSON": "{\"query\": {\"query_string\": {\"query\": \"*\"}}, \"filter\": []}"
                },
                "title": "Network - Event Throughput [Filebeat CEF]",
                "uiStateJSON": "{}",
                "version": 1,
                "visState": "{\"listeners\": {}, \"params\": {\"gauge_inner_width\": 10, \"gauge_style\": \"half\", \"axis_position\": \"left\", \"gauge_width\": 10, \"gauge_color_rules\": [{\"gauge\": null, \"value\": 0, \"id\": \"4d957654-cc7e-4ef3-8b29-61c0aeadd51a\"}], \"type\": \"gauge\", \"background_color_rules\": [{\"id\": \"3eadd451-5033-423f-88e3-814cc5e50b50\"}], \"index_pattern\": \"filebeat-*\", \"id\": \"73968651-c41e-473e-a153-a025f49d1a1b\", \"filter\": {\"query\": \"cef.extensions.categoryDeviceType:\\\"Firewall\\\" OR cef.extensions.categoryDeviceGroup:\\\"/IDS/Network\\\" OR cef.extensions.categoryDeviceGroup:\\\"/VPN\\\" \", \"language\": \"lucene\"}, \"series\": [{\"label\": \"Event Throughput\", \"color\": \"rgba(0,156,224,1)\", \"axis_position\": \"right\", \"fill\": 0.5, \"value_template\": \"{{value}}  / s\", \"formatter\": \"number\", \"split_mode\": \"everything\", \"seperate_axis\": 0, \"id\": \"90d7621e-3265-4fe8-8882-8df9605ea659\", \"line_width\": 1, \"chart_type\": \"line\", \"stacked\": \"none\", \"point_size\": 1, \"metrics\": [{\"type\": \"count\", \"id\": \"ba1830b9-9ce3-4bf1-8f4d-f7478b7f1bba\"}, {\"field\": \"ba1830b9-9ce3-4bf1-8f4d-f7478b7f1bba\", \"type\": \"cumulative_sum\", \"id\": \"ca3a65d0-9f3d-42a9-9f4e-16f9e24cba19\"}, {\"field\": \"ca3a65d0-9f3d-42a9-9f4e-16f9e24cba19\", \"type\": \"derivative\", \"id\": \"6db67bc1-7fff-47e7-a931-f797b1f76732\", \"unit\": \"1s\"}, {\"beta\": 0.1, \"field\": \"6db67bc1-7fff-47e7-a931-f797b1f76732\", \"model_type\": \"simple\", \"multiplicative\": false, \"gamma\": 0.3, \"period\": 1, \"type\": \"moving_average\", \"id\": \"92bc1447-2b30-498c-ae8a-c67904fc82b2\", \"alpha\": 0.3, \"window\": \"10\"}]}], \"axis_formatter\": \"number\", \"bar_color_rules\": [{\"id\": \"8d4596c5-49ad-429b-af54-5451b1c2e8d4\"}], \"gauge_max\": \"\", \"time_field\": \"@timestamp\", \"show_legend\": 1, \"interval\": \"auto\"}, \"type\": \"metrics\", \"aggs\": [], \"title\": \"Network - Event Throughput [Filebeat CEF]\"}"
            },
            "id": "33747d52-ec4c-4d91-86d8-fbdf9b9c82db",
            "migrationVersion": {
                "visualization": "7.3.1"
            },
            "references": [],
            "type": "visualization",
            "updated_at": "2019-10-25T16:30:06.345Z",
            "version": "WzEzMzgsMV0="
        },
        {
            "attributes": {
                "columns": [
                    "priority",
                    "message",
                    "source.ip",
                    "source.port",
                    "destination.ip",
                    "destination.port",
                    "network.application",
                    "message",
                    "cef.extensions.categoryBehavior",
                    "cef.extensions.categoryOutcome",
                    "deviceAddress",
                    "cef.device.product",
                    "cef.device.vendor",
                    "cef.extensions.categoryDeviceGroup",
                    "cef.extensions.categoryDeviceType"
                ],
                "description": "",
                "hits": 0,
                "kibanaSavedObjectMeta": {
                    "searchSourceJSON": "{\"version\": true, \"query\": {\"query\": \"\", \"language\": \"lucene\"}, \"highlightAll\": true, \"indexRefName\": \"kibanaSavedObjectMeta.searchSourceJSON.index\", \"filter\": [{\"query\": {\"terms\": {\"cef.extensions.categoryDeviceGroup\": [\"/VPN\", \"/IDS/Network\", \"/Firewall\"]}}, \"meta\": {\"negate\": false, \"key\": \"query\", \"disabled\": false, \"alias\": null, \"type\": \"custom\", \"indexRefName\": \"kibanaSavedObjectMeta.searchSourceJSON.filter[0].meta.index\", \"value\": \"{\\\"terms\\\":{\\\"cef.extensions.categoryDeviceGroup\\\":[\\\"/VPN\\\",\\\"/IDS/Network\\\",\\\"/Firewall\\\"]}}\"}, \"$state\": {\"store\": \"appState\"}}]}"
                },
                "sort": [
                    [
                        "@timestamp",
                        "desc"
                    ]
                ],
                "title": "Network Events [Filebeat CEF]",
                "version": 1
            },
            "id": "68202a5c-c8f2-432f-8c08-04fbfacb95c8",
            "migrationVersion": {
                "search": "7.4.0"
            },
            "references": [
                {
                    "id": "filebeat-*",
                    "name": "kibanaSavedObjectMeta.searchSourceJSON.index",
                    "type": "index-pattern"
                },
                {
                    "id": "filebeat-*",
                    "name": "kibanaSavedObjectMeta.searchSourceJSON.filter[0].meta.index",
                    "type": "index-pattern"
                }
            ],
            "type": "search",
            "updated_at": "2019-10-25T16:31:42.748Z",
            "version": "WzE0NzMsMV0="
        }
    ],
    "version": "7.4.1"
}