{
    "objects": [
        {
            "attributes": {
                "description": "Filebeat AWS ELB Access Log Overview Dashboard",
                "hits": 0,
                "kibanaSavedObjectMeta": {
                    "searchSourceJSON": "{\"query\": {\"query\": \"\", \"language\": \"kuery\"}, \"filter\": []}"
                },
                "optionsJSON": "{\"useMargins\": true, \"hidePanelTitles\": false}",
                "panelsJSON": "[{\"title\": \"ELB Requests Geolocation\", \"panelIndex\": \"2c97b32e-5548-429d-9ce0-1bbc3d2398ac\", \"embeddableConfig\": {\"title\": \"ELB Requests Geolocation\", \"mapCenter\": {\"lat\": 51.63808, \"lon\": 17.07232, \"zoom\": 3.47}, \"isLayerTOCOpen\": false, \"openTOCDetails\": []}, \"panelRefName\": \"panel_0\", \"version\": \"7.4.0\", \"gridData\": {\"y\": 0, \"i\": \"2c97b32e-5548-429d-9ce0-1bbc3d2398ac\", \"h\": 14, \"w\": 16, \"x\": 0}}, {\"title\": \"ELB Inbound Traffic\", \"panelIndex\": \"26ebbde3-ee0c-4b4d-8ab9-404cbe5786a9\", \"embeddableConfig\": {\"title\": \"ELB Inbound Traffic\"}, \"panelRefName\": \"panel_1\", \"version\": \"7.4.0\", \"gridData\": {\"y\": 0, \"i\": \"26ebbde3-ee0c-4b4d-8ab9-404cbe5786a9\", \"h\": 14, \"w\": 16, \"x\": 16}}, {\"title\": \"ELB Top User Agents\", \"panelIndex\": \"48ecb39f-57a5-4805-a8a9-77385a996d75\", \"embeddableConfig\": {\"title\": \"ELB Top User Agents\"}, \"panelRefName\": \"panel_2\", \"version\": \"7.4.0\", \"gridData\": {\"y\": 14, \"i\": \"48ecb39f-57a5-4805-a8a9-77385a996d75\", \"h\": 14, \"w\": 16, \"x\": 32}}, {\"title\": \"ELB Total Requests\", \"panelIndex\": \"9812996e-ba10-41bd-b134-c9705a0973b4\", \"embeddableConfig\": {\"title\": \"ELB Total Requests\"}, \"panelRefName\": \"panel_3\", \"version\": \"7.4.0\", \"gridData\": {\"y\": 14, \"i\": \"9812996e-ba10-41bd-b134-c9705a0973b4\", \"h\": 14, \"w\": 16, \"x\": 0}}, {\"title\": \"ELB Top IP Addresses\", \"panelIndex\": \"bb25b36e-0787-48fd-aa22-7ba8c08a9c36\", \"embeddableConfig\": {\"title\": \"ELB Top IP Addresses\"}, \"panelRefName\": \"panel_4\", \"version\": \"7.4.0\", \"gridData\": {\"y\": 14, \"i\": \"bb25b36e-0787-48fd-aa22-7ba8c08a9c36\", \"h\": 14, \"w\": 16, \"x\": 16}}, {\"title\": \"ELB Outbound Traffic\", \"panelIndex\": \"bf43580d-cc26-415b-ae36-d678a232b544\", \"embeddableConfig\": {\"title\": \"ELB Outbound Traffic\"}, \"panelRefName\": \"panel_5\", \"version\": \"7.4.0\", \"gridData\": {\"y\": 0, \"i\": \"bf43580d-cc26-415b-ae36-d678a232b544\", \"h\": 14, \"w\": 16, \"x\": 32}}, {\"title\": \"ELB HTTP 2xx\", \"panelIndex\": \"466e825b-6ee2-43c3-b221-21abe27612dd\", \"embeddableConfig\": {\"title\": \"ELB HTTP 2xx\"}, \"panelRefName\": \"panel_6\", \"version\": \"7.4.0\", \"gridData\": {\"y\": 28, \"i\": \"466e825b-6ee2-43c3-b221-21abe27612dd\", \"h\": 14, \"w\": 16, \"x\": 0}}, {\"title\": \"ELB HTTP 4xx\", \"panelIndex\": \"d42994a6-922c-4f86-bf99-a46f87ff106d\", \"embeddableConfig\": {\"title\": \"ELB HTTP 4xx\"}, \"panelRefName\": \"panel_7\", \"version\": \"7.4.0\", \"gridData\": {\"y\": 28, \"i\": \"d42994a6-922c-4f86-bf99-a46f87ff106d\", \"h\": 14, \"w\": 16, \"x\": 16}}, {\"title\": \"ELB HTTP 5xx\", \"panelIndex\": \"f45aaa2c-c244-4d1a-8ad4-4794130b9827\", \"embeddableConfig\": {\"title\": \"ELB HTTP 5xx\"}, \"panelRefName\": \"panel_8\", \"version\": \"7.4.0\", \"gridData\": {\"y\": 28, \"i\": \"f45aaa2c-c244-4d1a-8ad4-4794130b9827\", \"h\": 14, \"w\": 16, \"x\": 32}}]",
                "timeRestore": false,
                "title": "[Filebeat AWS] ELB Access Log Overview",
                "version": 1
            },
            "id": "3af47420-3e7b-11ea-bb0a-69c3ca1d410f",
            "migrationVersion": {
                "dashboard": "7.3.0"
            },
            "references": [
                {
                    "id": "0edf0640-3e7e-11ea-bb0a-69c3ca1d410f",
                    "name": "panel_0",
                    "type": "map"
                },
                {
                    "id": "76af8140-3e84-11ea-bb0a-69c3ca1d410f",
                    "name": "panel_1",
                    "type": "visualization"
                },
                {
                    "id": "73970bc0-3e86-11ea-bb0a-69c3ca1d410f",
                    "name": "panel_2",
                    "type": "visualization"
                },
                {
                    "id": "e50c51e0-3e7f-11ea-bb0a-69c3ca1d410f",
                    "name": "panel_3",
                    "type": "visualization"
                },
                {
                    "id": "ceb7c030-3e86-11ea-bb0a-69c3ca1d410f",
                    "name": "panel_4",
                    "type": "visualization"
                },
                {
                    "id": "bd37d720-3e84-11ea-bb0a-69c3ca1d410f",
                    "name": "panel_5",
                    "type": "visualization"
                },
                {
                    "id": "219c1850-3e82-11ea-bb0a-69c3ca1d410f",
                    "name": "panel_6",
                    "type": "visualization"
                },
                {
                    "id": "b6a308f0-3e82-11ea-bb0a-69c3ca1d410f",
                    "name": "panel_7",
                    "type": "visualization"
                },
                {
                    "id": "d8b1e830-3e82-11ea-bb0a-69c3ca1d410f",
                    "name": "panel_8",
                    "type": "visualization"
                }
            ],
            "type": "dashboard",
            "updated_at": "2020-01-27T07:52:13.100Z",
            "version": "WzUxNSwxXQ=="
        },
        {
            "attributes": {
                "bounds": {
                    "coordinates": [
                        [
                            [
                                -14.38966,
                                60.11526
                            ],
                            [
                                -14.38966,
                                39.61205
                            ],
                            [
                                41.72167,
                                39.61205
                            ],
                            [
                                41.72167,
                                60.11526
                            ],
                            [
                                -14.38966,
                                60.11526
                            ]
                        ]
                    ],
                    "type": "Polygon"
                },
                "description": "",
                "layerListJSON": "[{\"sourceDescriptor\":{\"type\":\"EMS_TMS\",\"isAutoSelect\":true},\"id\":\"19047c4c-18d7-4aec-b0ce-98de2828244d\",\"label\":\"Hits\",\"minZoom\":0,\"maxZoom\":24,\"alpha\":1,\"visible\":true,\"applyGlobalQuery\":true,\"style\":{},\"type\":\"VECTOR_TILE\"},{\"sourceDescriptor\":{\"type\":\"ES_GEO_GRID\",\"id\":\"1e82f50f-424a-4718-905b-ad45db14db62\",\"geoField\":\"source.geo.location\",\"requestType\":\"point\",\"resolution\":\"COARSE\",\"indexPatternRefName\":\"layer_1_source_index_pattern\"},\"style\":{\"type\":\"VECTOR\",\"properties\":{\"fillColor\":{\"type\":\"DYNAMIC\",\"options\":{\"field\":{\"label\":\"count\",\"name\":\"doc_count\",\"origin\":\"source\"},\"color\":\"Blues\"}},\"lineColor\":{\"type\":\"STATIC\",\"options\":{\"color\":\"#167a6d\"}},\"lineWidth\":{\"type\":\"STATIC\",\"options\":{\"size\":1}},\"iconSize\":{\"type\":\"DYNAMIC\",\"options\":{\"field\":{\"label\":\"count\",\"name\":\"doc_count\",\"origin\":\"source\"},\"minSize\":4,\"maxSize\":32}},\"iconOrientation\":{\"type\":\"STATIC\",\"options\":{\"orientation\":0}},\"symbol\":{\"options\":{\"symbolizeAs\":\"circle\",\"symbolId\":\"airfield\"}}}},\"id\":\"1d457cd4-01be-4f96-95fd-af4ac535ebea\",\"label\":null,\"minZoom\":0,\"maxZoom\":24,\"alpha\":0.75,\"visible\":true,\"applyGlobalQuery\":true,\"type\":\"VECTOR\"}]",
                "mapStateJSON": "{\"zoom\":3.9,\"center\":{\"lon\":13.666,\"lat\":50.97903},\"timeFilters\":{\"from\":\"now-15m\",\"to\":\"now\"},\"refreshConfig\":{\"isPaused\":false,\"interval\":0},\"query\":{\"query\":\"\",\"language\":\"kuery\"},\"filters\":[{\"meta\":{\"index\":\"filebeat-*\",\"alias\":null,\"negate\":false,\"disabled\":false,\"type\":\"phrase\",\"key\":\"fileset.name\",\"value\":\"elb\",\"params\":{\"query\":\"elb\"}},\"query\":{\"match\":{\"fileset.name\":{\"query\":\"elb\",\"type\":\"phrase\"}}},\"$state\":{\"store\":\"appState\"}}]}",
                "title": "ELB Requests Geolocation [Filebeat AWS] ECS",
                "uiStateJSON": "{\"isLayerTOCOpen\": true, \"openTOCDetails\": []}"
            },
            "id": "0edf0640-3e7e-11ea-bb0a-69c3ca1d410f",
            "migrationVersion": {
                "map": "7.4.0"
            },
            "references": [
                {
                    "id": "filebeat-*",
                    "name": "layer_1_source_index_pattern",
                    "type": "index-pattern"
                }
            ],
            "type": "map",
            "updated_at": "2020-01-27T07:49:00.984Z",
            "version": "WzEzOCwxXQ=="
        },
        {
            "attributes": {
                "description": "",
                "kibanaSavedObjectMeta": {
                    "searchSourceJSON": "{\"query\": {\"query\": \"\", \"language\": \"kuery\"}, \"filter\": []}"
                },
                "title": "ELB Inbound Traffic [Filebeat AWS] ECS",
                "uiStateJSON": "{}",
                "version": 1,
                "visState": "{\"params\": {\"axis_position\": \"left\", \"isModelInvalid\": false, \"default_index_pattern\": \"filebeat-*\", \"type\": \"timeseries\", \"show_grid\": 1, \"index_pattern\": \"filebeat-*\", \"id\": \"61ca57f0-469d-11e7-af02-69e470af7417\", \"legend_position\": \"bottom\", \"axis_min\": \"0\", \"series\": [{\"label\": \"Inbound\", \"color\": \"rgba(104,204,202,1)\", \"axis_position\": \"right\", \"separate_axis\": 0, \"fill\": 0.5, \"formatter\": \"bytes\", \"split_mode\": \"terms\", \"type\": \"timeseries\", \"id\": \"61ca57f1-469d-11e7-af02-69e470af7417\", \"line_width\": 1, \"chart_type\": \"line\", \"terms_field\": \"aws.elb.name\", \"stacked\": \"none\", \"point_size\": 1, \"filter\": {\"query\": \"fileset.name : \\\"elb\\\"\", \"language\": \"kuery\"}, \"metrics\": [{\"field\": \"source.bytes\", \"type\": \"sum\", \"id\": \"61ca57f2-469d-11e7-af02-69e470af7417\"}]}], \"axis_formatter\": \"number\", \"default_timefield\": \"@timestamp\", \"axis_scale\": \"normal\", \"time_field\": \"\", \"show_legend\": 1, \"interval\": \"\"}, \"title\": \"ELB Inbound Traffic [Filebeat AWS] ECS\", \"type\": \"metrics\", \"aggs\": []}"
            },
            "id": "76af8140-3e84-11ea-bb0a-69c3ca1d410f",
            "migrationVersion": {
                "visualization": "7.3.1"
            },
            "references": [],
            "type": "visualization",
            "updated_at": "2020-01-27T07:49:00.984Z",
            "version": "WzEzOSwxXQ=="
        },
        {
            "attributes": {
                "description": "",
                "kibanaSavedObjectMeta": {
                    "searchSourceJSON": "{\"query\": {\"query\": \"\", \"language\": \"kuery\"}, \"filter\": []}"
                },
                "title": "ELB Top User Agents [Filebeat AWS] ECS",
                "uiStateJSON": "{}",
                "version": 1,
                "visState": "{\"params\": {\"axis_min\": \"0\", \"isModelInvalid\": false, \"type\": \"top_n\", \"background_color_rules\": [{\"id\": \"29527130-3e86-11ea-9067-cf383a4ea3b3\"}], \"index_pattern\": \"filebeat-*\", \"id\": \"61ca57f0-469d-11e7-af02-69e470af7417\", \"bar_color_rules\": [{\"id\": \"cc6d5070-3e85-11ea-9067-cf383a4ea3b3\"}], \"series\": [{\"label\": \"User Agent\", \"color\": \"rgba(104,188,0,1)\", \"axis_position\": \"right\", \"separate_axis\": 0, \"fill\": 0.5, \"color_rules\": [{\"id\": \"42e14220-3e86-11ea-9067-cf383a4ea3b3\"}], \"formatter\": \"number\", \"split_mode\": \"terms\", \"type\": \"timeseries\", \"id\": \"61ca57f1-469d-11e7-af02-69e470af7417\", \"line_width\": 1, \"chart_type\": \"line\", \"terms_field\": \"user_agent.original\", \"stacked\": \"none\", \"point_size\": 1, \"filter\": {\"query\": \"fileset.name : \\\"elb\\\" \", \"language\": \"kuery\"}, \"metrics\": [{\"type\": \"count\", \"id\": \"61ca57f2-469d-11e7-af02-69e470af7417\"}, {\"field\": \"61ca57f2-469d-11e7-af02-69e470af7417\", \"type\": \"cumulative_sum\", \"id\": \"2010cb20-3e87-11ea-9067-cf383a4ea3b3\"}]}], \"default_timefield\": \"@timestamp\", \"axis_scale\": \"normal\", \"gauge_style\": \"half\", \"time_field\": \"\", \"show_legend\": 1, \"gauge_inner_width\": 10, \"axis_position\": \"left\", \"gauge_color_rules\": [{\"id\": \"2b29c940-3e86-11ea-9067-cf383a4ea3b3\"}], \"gauge_width\": 10, \"show_grid\": 1, \"default_index_pattern\": \"filebeat-*\", \"pivot_id\": \"user_agent.original\", \"legend_position\": \"bottom\", \"axis_formatter\": \"number\", \"pivot_type\": \"string\", \"interval\": \"\"}, \"title\": \"ELB Top User Agents [Filebeat AWS] ECS\", \"type\": \"metrics\", \"aggs\": []}"
            },
            "id": "73970bc0-3e86-11ea-bb0a-69c3ca1d410f",
            "migrationVersion": {
                "visualization": "7.3.1"
            },
            "references": [],
            "type": "visualization",
            "updated_at": "2020-01-27T07:49:00.984Z",
            "version": "WzE0MCwxXQ=="
        },
        {
            "attributes": {
                "description": "",
                "kibanaSavedObjectMeta": {
                    "searchSourceJSON": "{\"query\": {\"query\": \"\", \"language\": \"kuery\"}, \"filter\": []}"
                },
                "title": "ELB Total Requests [Filebeat AWS] ECS",
                "uiStateJSON": "{}",
                "version": 1,
                "visState": "{\"params\": {\"axis_position\": \"left\", \"isModelInvalid\": false, \"default_index_pattern\": \"filebeat-*\", \"type\": \"timeseries\", \"show_grid\": 1, \"index_pattern\": \"filebeat-*\", \"id\": \"61ca57f0-469d-11e7-af02-69e470af7417\", \"legend_position\": \"bottom\", \"axis_min\": \"0\", \"series\": [{\"label\": \"Total Requests\", \"color\": \"rgba(115,216,255,1)\", \"axis_position\": \"right\", \"separate_axis\": 0, \"fill\": 0.5, \"formatter\": \"number\", \"split_mode\": \"terms\", \"type\": \"timeseries\", \"id\": \"61ca57f1-469d-11e7-af02-69e470af7417\", \"line_width\": 1, \"chart_type\": \"line\", \"terms_field\": \"aws.elb.name\", \"stacked\": \"none\", \"point_size\": 1, \"filter\": {\"query\": \"fileset.name : \\\"elb\\\" \", \"language\": \"kuery\"}, \"metrics\": [{\"type\": \"count\", \"id\": \"61ca57f2-469d-11e7-af02-69e470af7417\"}]}], \"axis_formatter\": \"number\", \"default_timefield\": \"@timestamp\", \"axis_scale\": \"normal\", \"time_field\": \"\", \"show_legend\": 1, \"interval\": \"\"}, \"title\": \"ELB Total Requests [Filebeat AWS] ECS\", \"type\": \"metrics\", \"aggs\": []}"
            },
            "id": "e50c51e0-3e7f-11ea-bb0a-69c3ca1d410f",
            "migrationVersion": {
                "visualization": "7.3.1"
            },
            "references": [],
            "type": "visualization",
            "updated_at": "2020-01-27T07:49:00.984Z",
            "version": "WzE0MSwxXQ=="
        },
        {
            "attributes": {
                "description": "",
                "kibanaSavedObjectMeta": {
                    "searchSourceJSON": "{\"query\": {\"query\": \"\", \"language\": \"kuery\"}, \"filter\": []}"
                },
                "title": "ELB Top IP Addresses [Filebeat AWS] ECS",
                "uiStateJSON": "{}",
                "version": 1,
                "visState": "{\"params\": {\"axis_min\": \"0\", \"isModelInvalid\": false, \"type\": \"top_n\", \"background_color_rules\": [{\"id\": \"29527130-3e86-11ea-9067-cf383a4ea3b3\"}], \"index_pattern\": \"filebeat-*\", \"id\": \"61ca57f0-469d-11e7-af02-69e470af7417\", \"bar_color_rules\": [{\"id\": \"cc6d5070-3e85-11ea-9067-cf383a4ea3b3\"}], \"series\": [{\"label\": \"IP address\", \"color\": \"rgba(115,216,255,1)\", \"axis_position\": \"right\", \"separate_axis\": 0, \"fill\": 0.5, \"color_rules\": [{\"id\": \"42e14220-3e86-11ea-9067-cf383a4ea3b3\"}], \"formatter\": \"number\", \"split_mode\": \"terms\", \"type\": \"timeseries\", \"id\": \"61ca57f1-469d-11e7-af02-69e470af7417\", \"line_width\": 1, \"chart_type\": \"line\", \"terms_field\": \"source.ip\", \"stacked\": \"none\", \"point_size\": 1, \"filter\": {\"query\": \"fileset.name : \\\"elb\\\" \", \"language\": \"kuery\"}, \"metrics\": [{\"type\": \"count\", \"id\": \"61ca57f2-469d-11e7-af02-69e470af7417\"}, {\"field\": \"61ca57f2-469d-11e7-af02-69e470af7417\", \"type\": \"cumulative_sum\", \"id\": \"40c52370-3e87-11ea-9067-cf383a4ea3b3\"}]}], \"default_timefield\": \"@timestamp\", \"axis_scale\": \"normal\", \"gauge_style\": \"half\", \"time_field\": \"\", \"show_legend\": 1, \"gauge_inner_width\": 10, \"axis_position\": \"left\", \"gauge_color_rules\": [{\"id\": \"2b29c940-3e86-11ea-9067-cf383a4ea3b3\"}], \"gauge_width\": 10, \"show_grid\": 1, \"default_index_pattern\": \"filebeat-*\", \"pivot_id\": \"user_agent.original\", \"legend_position\": \"bottom\", \"axis_formatter\": \"number\", \"pivot_type\": \"string\", \"interval\": \"\"}, \"title\": \"ELB Top IP Addresses [Filebeat AWS] ECS\", \"type\": \"metrics\", \"aggs\": []}"
            },
            "id": "ceb7c030-3e86-11ea-bb0a-69c3ca1d410f",
            "migrationVersion": {
                "visualization": "7.3.1"
            },
            "references": [],
            "type": "visualization",
            "updated_at": "2020-01-27T07:49:00.984Z",
            "version": "WzE0MiwxXQ=="
        },
        {
            "attributes": {
                "description": "",
                "kibanaSavedObjectMeta": {
                    "searchSourceJSON": "{\"query\": {\"query\": \"\", \"language\": \"kuery\"}, \"filter\": []}"
                },
                "title": "ELB Outbound Traffic [Filebeat AWS] ECS",
                "uiStateJSON": "{}",
                "version": 1,
                "visState": "{\"params\": {\"axis_position\": \"left\", \"isModelInvalid\": false, \"default_index_pattern\": \"filebeat-*\", \"type\": \"timeseries\", \"show_grid\": 1, \"index_pattern\": \"filebeat-*\", \"id\": \"61ca57f0-469d-11e7-af02-69e470af7417\", \"legend_position\": \"bottom\", \"axis_min\": \"0\", \"series\": [{\"label\": \"Outbound\", \"color\": \"rgba(253,161,255,1)\", \"axis_position\": \"right\", \"separate_axis\": 0, \"fill\": 0.5, \"formatter\": \"bytes\", \"split_mode\": \"terms\", \"type\": \"timeseries\", \"id\": \"61ca57f1-469d-11e7-af02-69e470af7417\", \"line_width\": 1, \"chart_type\": \"line\", \"terms_field\": \"aws.elb.name\", \"stacked\": \"none\", \"point_size\": 1, \"filter\": {\"query\": \"fileset.name : \\\"elb\\\"\", \"language\": \"kuery\"}, \"metrics\": [{\"field\": \"destination.bytes\", \"type\": \"sum\", \"id\": \"61ca57f2-469d-11e7-af02-69e470af7417\"}]}], \"axis_formatter\": \"number\", \"default_timefield\": \"@timestamp\", \"axis_scale\": \"normal\", \"time_field\": \"\", \"show_legend\": 1, \"interval\": \"\"}, \"title\": \"ELB Outbound Traffic [Filebeat AWS] ECS\", \"type\": \"metrics\", \"aggs\": []}"
            },
            "id": "bd37d720-3e84-11ea-bb0a-69c3ca1d410f",
            "migrationVersion": {
                "visualization": "7.3.1"
            },
            "references": [],
            "type": "visualization",
            "updated_at": "2020-01-27T07:49:00.984Z",
            "version": "WzE0MywxXQ=="
        },
        {
            "attributes": {
                "description": "",
                "kibanaSavedObjectMeta": {
                    "searchSourceJSON": "{\"query\": {\"query\": \"\", \"language\": \"kuery\"}, \"filter\": []}"
                },
                "title": "ELB HTTP 2xx [Filebeat AWS] ECS",
                "uiStateJSON": "{}",
                "version": 1,
                "visState": "{\"params\": {\"axis_position\": \"left\", \"isModelInvalid\": false, \"default_index_pattern\": \"filebeat-*\", \"type\": \"timeseries\", \"show_grid\": 1, \"index_pattern\": \"filebeat-*\", \"id\": \"61ca57f0-469d-11e7-af02-69e470af7417\", \"legend_position\": \"bottom\", \"axis_min\": \"0\", \"series\": [{\"label\": \"HTTP 2xx\", \"color\": \"rgba(164,221,0,1)\", \"axis_position\": \"right\", \"separate_axis\": 0, \"fill\": 0.5, \"formatter\": \"number\", \"split_mode\": \"terms\", \"type\": \"timeseries\", \"id\": \"61ca57f1-469d-11e7-af02-69e470af7417\", \"line_width\": 1, \"chart_type\": \"line\", \"terms_field\": \"aws.elb.name\", \"stacked\": \"none\", \"point_size\": 1, \"filter\": {\"query\": \"fileset.name : \\\"elb\\\" and http.response.status_code >= 200 and http.response.status_code\\t< 300\", \"language\": \"kuery\"}, \"metrics\": [{\"type\": \"count\", \"id\": \"61ca57f2-469d-11e7-af02-69e470af7417\"}]}], \"axis_formatter\": \"number\", \"default_timefield\": \"@timestamp\", \"axis_scale\": \"normal\", \"time_field\": \"\", \"show_legend\": 1, \"interval\": \"\"}, \"title\": \"ELB HTTP 2xx [Filebeat AWS] ECS\", \"type\": \"metrics\", \"aggs\": []}"
            },
            "id": "219c1850-3e82-11ea-bb0a-69c3ca1d410f",
            "migrationVersion": {
                "visualization": "7.3.1"
            },
            "references": [],
            "type": "visualization",
            "updated_at": "2020-01-27T07:49:00.984Z",
            "version": "WzE0NCwxXQ=="
        },
        {
            "attributes": {
                "description": "",
                "kibanaSavedObjectMeta": {
                    "searchSourceJSON": "{\"query\": {\"query\": \"\", \"language\": \"kuery\"}, \"filter\": []}"
                },
                "title": "ELB HTTP 4xx [Filebeat AWS] ECS",
                "uiStateJSON": "{}",
                "version": 1,
                "visState": "{\"params\": {\"axis_position\": \"left\", \"isModelInvalid\": false, \"default_index_pattern\": \"filebeat-*\", \"type\": \"timeseries\", \"show_grid\": 1, \"index_pattern\": \"filebeat-*\", \"id\": \"61ca57f0-469d-11e7-af02-69e470af7417\", \"legend_position\": \"bottom\", \"axis_min\": \"0\", \"series\": [{\"label\": \"HTTP 4xx\", \"color\": \"rgba(174,161,255,1)\", \"axis_position\": \"right\", \"separate_axis\": 0, \"fill\": 0.5, \"formatter\": \"number\", \"split_mode\": \"terms\", \"type\": \"timeseries\", \"id\": \"61ca57f1-469d-11e7-af02-69e470af7417\", \"line_width\": 1, \"chart_type\": \"line\", \"terms_field\": \"aws.elb.name\", \"stacked\": \"none\", \"point_size\": 1, \"filter\": {\"query\": \"fileset.name : \\\"elb\\\" and http.response.status_code >= 400 and http.response.status_code < 500\", \"language\": \"kuery\"}, \"metrics\": [{\"type\": \"count\", \"id\": \"61ca57f2-469d-11e7-af02-69e470af7417\"}]}], \"axis_formatter\": \"number\", \"default_timefield\": \"@timestamp\", \"axis_scale\": \"normal\", \"time_field\": \"\", \"show_legend\": 1, \"interval\": \"\"}, \"title\": \"ELB HTTP 4xx [Filebeat AWS] ECS\", \"type\": \"metrics\", \"aggs\": []}"
            },
            "id": "b6a308f0-3e82-11ea-bb0a-69c3ca1d410f",
            "migrationVersion": {
                "visualization": "7.3.1"
            },
            "references": [],
            "type": "visualization",
            "updated_at": "2020-01-27T07:49:00.984Z",
            "version": "WzE0NSwxXQ=="
        },
        {
            "attributes": {
                "description": "",
                "kibanaSavedObjectMeta": {
                    "searchSourceJSON": "{\"query\": {\"query\": \"\", \"language\": \"kuery\"}, \"filter\": []}"
                },
                "title": "ELB HTTP 5xx [Filebeat AWS] ECS",
                "uiStateJSON": "{}",
                "version": 1,
                "visState": "{\"params\": {\"axis_position\": \"left\", \"isModelInvalid\": false, \"default_index_pattern\": \"filebeat-*\", \"type\": \"timeseries\", \"show_grid\": 1, \"index_pattern\": \"filebeat-*\", \"id\": \"61ca57f0-469d-11e7-af02-69e470af7417\", \"legend_position\": \"bottom\", \"axis_min\": \"0\", \"series\": [{\"label\": \"HTTP 5xx\", \"color\": \"rgba(244,78,59,1)\", \"axis_position\": \"right\", \"separate_axis\": 0, \"fill\": 0.5, \"formatter\": \"number\", \"split_mode\": \"terms\", \"type\": \"timeseries\", \"id\": \"61ca57f1-469d-11e7-af02-69e470af7417\", \"line_width\": 1, \"chart_type\": \"line\", \"terms_field\": \"aws.elb.name\", \"stacked\": \"none\", \"point_size\": 1, \"filter\": {\"query\": \"fileset.name : \\\"elb\\\" and http.response.status_code >= 500 and http.response.status_code < 600\", \"language\": \"kuery\"}, \"metrics\": [{\"type\": \"count\", \"id\": \"61ca57f2-469d-11e7-af02-69e470af7417\"}]}], \"axis_formatter\": \"number\", \"default_timefield\": \"@timestamp\", \"axis_scale\": \"normal\", \"time_field\": \"\", \"show_legend\": 1, \"interval\": \"\"}, \"title\": \"ELB HTTP 5xx [Filebeat AWS] ECS\", \"type\": \"metrics\", \"aggs\": []}"
            },
            "id": "d8b1e830-3e82-11ea-bb0a-69c3ca1d410f",
            "migrationVersion": {
                "visualization": "7.3.1"
            },
            "references": [],
            "type": "visualization",
            "updated_at": "2020-01-27T07:49:00.984Z",
            "version": "WzE0NiwxXQ=="
        }
    ],
    "version": "7.4.0"
}