{
    "objects": [
        {
            "attributes": {
                "description": "",
                "kibanaSavedObjectMeta": {
                    "searchSourceJSON": "{\"query\": {\"query\": \"\", \"language\": \"kuery\"}, \"filter\": []}"
                },
                "savedSearchId": "13dd22f0-86cc-11e8-b59d-21efb914e65c-ecs",
                "title": "Activity Types over Time [Filebeat Suricata] ECS",
                "uiStateJSON": "{}",
                "version": 1,
                "visState": "{\"params\": {\"addLegend\": true, \"seriesParams\": [{\"valueAxis\": \"ValueAxis-1\", \"mode\": \"stacked\", \"showCircles\": true, \"data\": {\"label\": \"Count\", \"id\": \"1\"}, \"type\": \"histogram\", \"drawLinesBetweenPoints\": true, \"show\": \"true\"}], \"grid\": {\"categoryLines\": false, \"style\": {\"color\": \"#eee\"}}, \"categoryAxes\": [{\"title\": {}, \"position\": \"bottom\", \"scale\": {\"type\": \"linear\"}, \"labels\": {\"truncate\": 100, \"show\": true}, \"type\": \"category\", \"id\": \"CategoryAxis-1\", \"style\": {}, \"show\": true}], \"addTooltip\": true, \"legendPosition\": \"right\", \"type\": \"histogram\", \"times\": [], \"valueAxes\": [{\"title\": {\"text\": \"Count\"}, \"position\": \"left\", \"name\": \"LeftAxis-1\", \"scale\": {\"type\": \"linear\", \"mode\": \"normal\"}, \"labels\": {\"show\": true, \"truncate\": 100, \"rotate\": 0, \"filter\": false}, \"type\": \"value\", \"id\": \"ValueAxis-1\", \"style\": {}, \"show\": true}], \"addTimeMarker\": false}, \"title\": \"Activity Types over Time [Filebeat Suricata] ECS\", \"type\": \"histogram\", \"aggs\": [{\"params\": {}, \"schema\": \"metric\", \"type\": \"count\", \"enabled\": true, \"id\": \"1\"}, {\"params\": {\"customInterval\": \"2h\", \"extended_bounds\": {}, \"min_doc_count\": 1, \"interval\": \"auto\", \"field\": \"@timestamp\"}, \"schema\": \"segment\", \"type\": \"date_histogram\", \"enabled\": true, \"id\": \"2\"}, {\"params\": {\"field\": \"suricata.eve.event_type\", \"missingBucket\": false, \"order\": \"desc\", \"missingBucketLabel\": \"Missing\", \"size\": 20, \"otherBucketLabel\": \"Other\", \"orderBy\": \"1\", \"otherBucket\": false}, \"schema\": \"group\", \"type\": \"terms\", \"enabled\": true, \"id\": \"3\"}]}"
            },
            "id": "c7d46c60-86da-11e8-b59d-21efb914e65c-ecs",
            "type": "visualization",
            "updated_at": "2018-11-07T22:56:24.962Z",
            "version": 1
        },
        {
            "attributes": {
                "description": "",
                "kibanaSavedObjectMeta": {
                    "searchSourceJSON": "{\"query\": {\"query\": \"\", \"language\": \"kuery\"}, \"filter\": []}"
                },
                "savedSearchId": "13dd22f0-86cc-11e8-b59d-21efb914e65c-ecs",
                "title": "Event Types [Filebeat Suricata] ECS",
                "uiStateJSON": "{}",
                "version": 1,
                "visState": "{\"params\": {\"addLegend\": true, \"addTooltip\": true, \"legendPosition\": \"bottom\", \"isDonut\": true, \"type\": \"pie\", \"labels\": {\"truncate\": 100, \"values\": true, \"last_level\": true, \"show\": false}}, \"title\": \"Event Types [Filebeat Suricata] ECS\", \"type\": \"pie\", \"aggs\": [{\"params\": {}, \"schema\": \"metric\", \"type\": \"count\", \"enabled\": true, \"id\": \"1\"}, {\"params\": {\"field\": \"suricata.eve.event_type\", \"missingBucket\": false, \"order\": \"desc\", \"missingBucketLabel\": \"Missing\", \"size\": 20, \"otherBucketLabel\": \"Other\", \"orderBy\": \"1\", \"otherBucket\": false}, \"schema\": \"segment\", \"type\": \"terms\", \"enabled\": true, \"id\": \"2\"}]}"
            },
            "id": "0a0aa630-86db-11e8-b59d-21efb914e65c-ecs",
            "type": "visualization",
            "updated_at": "2018-11-07T22:56:24.962Z",
            "version": 1
        },
        {
            "attributes": {
                "description": "",
                "kibanaSavedObjectMeta": {
                    "searchSourceJSON": "{\"query\": {\"query\": \"\", \"language\": \"kuery\"}, \"filter\": []}"
                },
                "savedSearchId": "13dd22f0-86cc-11e8-b59d-21efb914e65c-ecs",
                "title": "Top Application Protocols [Filebeat Suricata] ECS",
                "uiStateJSON": "{}",
                "version": 1,
                "visState": "{\"params\": {\"addLegend\": true, \"addTooltip\": true, \"legendPosition\": \"bottom\", \"isDonut\": true, \"type\": \"pie\", \"labels\": {\"truncate\": 100, \"values\": true, \"last_level\": true, \"show\": false}}, \"title\": \"Top Application Protocols [Filebeat Suricata] ECS\", \"type\": \"pie\", \"aggs\": [{\"params\": {}, \"schema\": \"metric\", \"type\": \"count\", \"enabled\": true, \"id\": \"1\"}, {\"params\": {\"field\": \"network.protocol\", \"missingBucket\": false, \"order\": \"desc\", \"missingBucketLabel\": \"Missing\", \"size\": 10, \"otherBucketLabel\": \"Other\", \"orderBy\": \"1\", \"otherBucket\": false}, \"schema\": \"segment\", \"type\": \"terms\", \"enabled\": true, \"id\": \"2\"}]}"
            },
            "id": "728f64c0-86db-11e8-b59d-21efb914e65c-ecs",
            "type": "visualization",
            "updated_at": "2018-11-07T22:56:24.962Z",
            "version": 1
        },
        {
            "attributes": {
                "description": "",
                "kibanaSavedObjectMeta": {
                    "searchSourceJSON": "{\"query\": {\"query\": \"\", \"language\": \"kuery\"}, \"filter\": []}"
                },
                "savedSearchId": "13dd22f0-86cc-11e8-b59d-21efb914e65c-ecs",
                "title": "Top Hosts Generating Events [Filebeat Suricata] ECS",
                "uiStateJSON": "{}",
                "version": 1,
                "visState": "{\"params\": {\"addLegend\": true, \"seriesParams\": [{\"valueAxis\": \"ValueAxis-1\", \"mode\": \"stacked\", \"showCircles\": true, \"data\": {\"label\": \"Count\", \"id\": \"1\"}, \"type\": \"histogram\", \"drawLinesBetweenPoints\": true, \"show\": \"true\"}], \"grid\": {\"categoryLines\": false, \"style\": {\"color\": \"#eee\"}}, \"categoryAxes\": [{\"title\": {}, \"position\": \"bottom\", \"scale\": {\"type\": \"linear\"}, \"labels\": {\"truncate\": 100, \"show\": true}, \"type\": \"category\", \"id\": \"CategoryAxis-1\", \"style\": {}, \"show\": true}], \"addTooltip\": true, \"legendPosition\": \"right\", \"type\": \"histogram\", \"times\": [], \"valueAxes\": [{\"title\": {\"text\": \"Count\"}, \"position\": \"left\", \"name\": \"LeftAxis-1\", \"scale\": {\"type\": \"linear\", \"mode\": \"normal\"}, \"labels\": {\"show\": true, \"truncate\": 100, \"rotate\": 0, \"filter\": false}, \"type\": \"value\", \"id\": \"ValueAxis-1\", \"style\": {}, \"show\": true}], \"addTimeMarker\": false}, \"title\": \"Top Hosts Generating Events [Filebeat Suricata] ECS\", \"type\": \"histogram\", \"aggs\": [{\"params\": {}, \"schema\": \"metric\", \"type\": \"count\", \"enabled\": true, \"id\": \"1\"}, {\"params\": {\"customInterval\": \"2h\", \"extended_bounds\": {}, \"min_doc_count\": 1, \"interval\": \"auto\", \"field\": \"@timestamp\"}, \"schema\": \"segment\", \"type\": \"date_histogram\", \"enabled\": true, \"id\": \"2\"}, {\"params\": {\"field\": \"host.name\", \"missingBucket\": false, \"order\": \"desc\", \"missingBucketLabel\": \"Missing\", \"size\": 10, \"otherBucketLabel\": \"Other\", \"orderBy\": \"1\", \"otherBucket\": false}, \"schema\": \"group\", \"type\": \"terms\", \"enabled\": true, \"id\": \"3\"}]}"
            },
            "id": "9d5b5b50-86db-11e8-b59d-21efb914e65c-ecs",
            "type": "visualization",
            "updated_at": "2018-11-07T22:56:24.962Z",
            "version": 1
        },
        {
            "attributes": {
                "columns": [
                    "host.name",
                    "suricata.eve.event_type",
                    "suricata.eve.flow_id",
                    "network.transport",
                    "source.ip",
                    "source.port",
                    "destination.ip",
                    "destination.port",
                    "destination.geo.region_name",
                    "destination.geo.country_iso_code"
                ],
                "description": "",
                "hits": 0,
                "kibanaSavedObjectMeta": {
                    "searchSourceJSON": "{\"version\": true, \"index\": \"filebeat-*\", \"highlightAll\": true, \"query\": {\"query\": \"\", \"language\": \"kuery\"}, \"filter\": [{\"query\": {\"match\": {\"suricata.eve.event_type\": {\"query\": \"stats\", \"type\": \"phrase\"}}}, \"meta\": {\"negate\": true, \"key\": \"suricata.eve.event_type\", \"disabled\": false, \"params\": {\"query\": \"stats\", \"type\": \"phrase\"}, \"alias\": null, \"index\": \"filebeat-*\", \"type\": \"phrase\", \"value\": \"stats\"}, \"$state\": {\"store\": \"appState\"}}, {\"query\": {\"match\": {\"event.module\": {\"query\": \"suricata\", \"type\": \"phrase\"}}}, \"meta\": {\"negate\": false, \"key\": \"event.module\", \"disabled\": false, \"params\": {\"query\": \"suricata\", \"type\": \"phrase\"}, \"alias\": null, \"index\": \"filebeat-*\", \"type\": \"phrase\", \"value\": \"suricata\"}, \"$state\": {\"store\": \"appState\"}}]}"
                },
                "sort": [
                    "@timestamp",
                    "desc"
                ],
                "title": "Events [Filebeat Suricata] ECS",
                "version": 1
            },
            "id": "13dd22f0-86cc-11e8-b59d-21efb914e65c-ecs",
            "type": "search",
            "updated_at": "2018-11-07T22:56:24.962Z",
            "version": 1
        },
        {
            "attributes": {
                "description": "",
                "kibanaSavedObjectMeta": {
                    "searchSourceJSON": "{\"query\": {\"query\": \"\", \"language\": \"kuery\"}, \"filter\": []}"
                },
                "savedSearchId": "13dd22f0-86cc-11e8-b59d-21efb914e65c-ecs",
                "title": "Top Connection Source Countries [Filebeat Suricata] ECS",
                "uiStateJSON": "{}",
                "version": 1,
                "visState": "{\"params\": {\"showLabel\": true, \"scale\": \"linear\", \"orientation\": \"single\", \"minFontSize\": 18, \"maxFontSize\": 72}, \"title\": \"Top Connection Source Countries [Filebeat Suricata] ECS\", \"type\": \"tagcloud\", \"aggs\": [{\"params\": {}, \"schema\": \"metric\", \"type\": \"count\", \"enabled\": true, \"id\": \"1\"}, {\"params\": {\"field\": \"source.geo.country_iso_code\", \"missingBucket\": false, \"order\": \"desc\", \"missingBucketLabel\": \"Missing\", \"size\": 10, \"otherBucketLabel\": \"Other\", \"otherBucket\": false, \"orderBy\": \"1\", \"customLabel\": \"Top Connection Source Countries\"}, \"schema\": \"segment\", \"type\": \"terms\", \"enabled\": true, \"id\": \"2\"}]}"
            },
            "id": "5f99eb50-86dc-11e8-b59d-21efb914e65c-ecs",
            "type": "visualization",
            "updated_at": "2018-11-07T22:56:24.962Z",
            "version": 1
        },
        {
            "attributes": {
                "description": "",
                "kibanaSavedObjectMeta": {
                    "searchSourceJSON": "{\"query\": {\"query\": \"\", \"language\": \"kuery\"}, \"filter\": []}"
                },
                "savedSearchId": "13dd22f0-86cc-11e8-b59d-21efb914e65c-ecs",
                "title": "Top Connection Destination Countries [Filebeat Suricata] ECS",
                "uiStateJSON": "{}",
                "version": 1,
                "visState": "{\"params\": {\"showLabel\": true, \"scale\": \"linear\", \"orientation\": \"single\", \"minFontSize\": 18, \"maxFontSize\": 72}, \"title\": \"Top Connection Destination Countries [Filebeat Suricata] ECS\", \"type\": \"tagcloud\", \"aggs\": [{\"params\": {}, \"schema\": \"metric\", \"type\": \"count\", \"enabled\": true, \"id\": \"1\"}, {\"params\": {\"field\": \"destination.geo.country_iso_code\", \"missingBucket\": false, \"order\": \"desc\", \"missingBucketLabel\": \"Missing\", \"size\": 10, \"otherBucketLabel\": \"Other\", \"otherBucket\": false, \"orderBy\": \"1\", \"customLabel\": \"Top Connection Destination Countries\"}, \"schema\": \"segment\", \"type\": \"terms\", \"enabled\": true, \"id\": \"2\"}]}"
            },
            "id": "8e7f88d0-86dc-11e8-b59d-21efb914e65c-ecs",
            "type": "visualization",
            "updated_at": "2018-11-07T22:56:24.962Z",
            "version": 1
        },
        {
            "attributes": {
                "description": "",
                "kibanaSavedObjectMeta": {
                    "searchSourceJSON": "{\"query\": {\"query\": \"\", \"language\": \"kuery\"}, \"filter\": []}"
                },
                "savedSearchId": "13dd22f0-86cc-11e8-b59d-21efb914e65c-ecs",
                "title": "Top Network Protocols [Filebeat Suricata] ECS",
                "uiStateJSON": "{}",
                "version": 1,
                "visState": "{\"params\": {\"addLegend\": true, \"addTooltip\": true, \"legendPosition\": \"bottom\", \"isDonut\": true, \"type\": \"pie\", \"labels\": {\"truncate\": 100, \"values\": true, \"last_level\": true, \"show\": false}}, \"title\": \"Top Network Protocols [Filebeat Suricata] ECS\", \"type\": \"pie\", \"aggs\": [{\"params\": {}, \"schema\": \"metric\", \"type\": \"count\", \"enabled\": true, \"id\": \"1\"}, {\"params\": {\"field\": \"network.transport\", \"missingBucket\": false, \"order\": \"desc\", \"missingBucketLabel\": \"Missing\", \"size\": 10, \"otherBucketLabel\": \"Other\", \"orderBy\": \"1\", \"otherBucket\": false}, \"schema\": \"segment\", \"type\": \"terms\", \"enabled\": true, \"id\": \"2\"}]}"
            },
            "id": "0a363820-86dd-11e8-b59d-21efb914e65c-ecs",
            "type": "visualization",
            "updated_at": "2018-11-07T22:56:24.962Z",
            "version": 1
        },
        {
            "attributes": {
                "columns": [
                    "host.name",
                    "suricata.eve.stats.detect.alert",
                    "suricata.eve.stats.app_layer.flow.dns_udp",
                    "suricata.eve.stats.app_layer.flow.tls",
                    "suricata.eve.stats.app_layer.flow.http",
                    "suricata.eve.stats.app_layer.flow.ssh",
                    "suricata.eve.stats.tcp.sessions"
                ],
                "description": "",
                "hits": 0,
                "kibanaSavedObjectMeta": {
                    "searchSourceJSON": "{\"version\": true, \"index\": \"filebeat-*\", \"highlightAll\": true, \"query\": {\"query\": \"\", \"language\": \"kuery\"}, \"filter\": [{\"query\": {\"match\": {\"suricata.eve.event_type\": {\"query\": \"stats\", \"type\": \"phrase\"}}}, \"meta\": {\"negate\": false, \"key\": \"suricata.eve.event_type\", \"disabled\": false, \"params\": {\"query\": \"stats\", \"type\": \"phrase\"}, \"alias\": null, \"index\": \"filebeat-*\", \"type\": \"phrase\", \"value\": \"stats\"}, \"$state\": {\"store\": \"appState\"}}, {\"query\": {\"match\": {\"event.module\": {\"query\": \"suricata\", \"type\": \"phrase\"}}}, \"meta\": {\"negate\": false, \"key\": \"event.module\", \"disabled\": false, \"params\": {\"query\": \"suricata\", \"type\": \"phrase\"}, \"alias\": null, \"index\": \"filebeat-*\", \"type\": \"phrase\", \"value\": \"suricata\"}, \"$state\": {\"store\": \"appState\"}}]}"
                },
                "sort": [
                    "@timestamp",
                    "desc"
                ],
                "title": "Host Stats [Filebeat Suricata] ECS",
                "version": 1
            },
            "id": "d57a2db0-86ca-11e8-b59d-21efb914e65c-ecs",
            "type": "search",
            "updated_at": "2018-11-07T22:56:24.962Z",
            "version": 1
        },
        {
            "attributes": {
                "description": "Overview of the Surcata events dashboard.",
                "hits": 0,
                "kibanaSavedObjectMeta": {
                    "searchSourceJSON": "{\"version\": true, \"query\": {\"query\": \"\", \"language\": \"kuery\"}, \"highlightAll\": true, \"filter\": []}"
                },
                "optionsJSON": "{\"useMargins\": true, \"hidePanelTitles\": false, \"darkTheme\": false}",
                "panelsJSON": "[{\"panelIndex\": \"1\", \"embeddableConfig\": {}, \"version\": \"6.3.0\", \"type\": \"visualization\", \"id\": \"c7d46c60-86da-11e8-b59d-21efb914e65c-ecs\", \"gridData\": {\"y\": 0, \"i\": \"1\", \"h\": 10, \"w\": 48, \"x\": 0}}, {\"panelIndex\": \"2\", \"embeddableConfig\": {}, \"version\": \"6.3.0\", \"type\": \"visualization\", \"id\": \"0a0aa630-86db-11e8-b59d-21efb914e65c-ecs\", \"gridData\": {\"y\": 20, \"i\": \"2\", \"h\": 14, \"w\": 9, \"x\": 0}}, {\"panelIndex\": \"3\", \"embeddableConfig\": {}, \"version\": \"6.3.0\", \"type\": \"visualization\", \"id\": \"728f64c0-86db-11e8-b59d-21efb914e65c-ecs\", \"gridData\": {\"y\": 20, \"i\": \"3\", \"h\": 14, \"w\": 11, \"x\": 19}}, {\"panelIndex\": \"4\", \"embeddableConfig\": {}, \"version\": \"6.3.0\", \"type\": \"visualization\", \"id\": \"9d5b5b50-86db-11e8-b59d-21efb914e65c-ecs\", \"gridData\": {\"y\": 10, \"i\": \"4\", \"h\": 10, \"w\": 48, \"x\": 0}}, {\"panelIndex\": \"5\", \"embeddableConfig\": {}, \"version\": \"6.3.0\", \"type\": \"search\", \"id\": \"13dd22f0-86cc-11e8-b59d-21efb914e65c-ecs\", \"gridData\": {\"y\": 34, \"i\": \"5\", \"h\": 19, \"w\": 48, \"x\": 0}}, {\"panelIndex\": \"6\", \"embeddableConfig\": {}, \"version\": \"6.3.0\", \"type\": \"visualization\", \"id\": \"5f99eb50-86dc-11e8-b59d-21efb914e65c-ecs\", \"gridData\": {\"y\": 20, \"i\": \"6\", \"h\": 14, \"w\": 9, \"x\": 30}}, {\"panelIndex\": \"7\", \"embeddableConfig\": {}, \"version\": \"6.3.0\", \"type\": \"visualization\", \"id\": \"8e7f88d0-86dc-11e8-b59d-21efb914e65c-ecs\", \"gridData\": {\"y\": 20, \"i\": \"7\", \"h\": 14, \"w\": 9, \"x\": 39}}, {\"panelIndex\": \"8\", \"embeddableConfig\": {}, \"version\": \"6.3.0\", \"type\": \"visualization\", \"id\": \"0a363820-86dd-11e8-b59d-21efb914e65c-ecs\", \"gridData\": {\"y\": 20, \"i\": \"8\", \"h\": 14, \"w\": 10, \"x\": 9}}, {\"panelIndex\": \"9\", \"embeddableConfig\": {}, \"version\": \"6.3.0\", \"type\": \"search\", \"id\": \"d57a2db0-86ca-11e8-b59d-21efb914e65c-ecs\", \"gridData\": {\"y\": 53, \"i\": \"9\", \"h\": 16, \"w\": 48, \"x\": 0}}]",
                "timeRestore": false,
                "title": "[Filebeat Suricata] Events Overview ECS",
                "version": 1
            },
            "id": "78289c40-86da-11e8-b59d-21efb914e65c-ecs",
            "type": "dashboard",
            "updated_at": "2018-11-07T22:56:24.962Z",
            "version": 1
        }
    ],
    "version": "6.4.3"
}