{
    "objects": [
        {
            "attributes": {
                "description": "Overview of IBM MQ",
                "hits": 0,
                "kibanaSavedObjectMeta": {
                    "searchSourceJSON": "{\"query\": {\"query\": \"\", \"language\": \"kuery\"}, \"filter\": []}"
                },
                "optionsJSON": "{\"useMargins\": true, \"hidePanelTitles\": false}",
                "panelsJSON": "[{\"version\": \"7.0.0\", \"panelIndex\": \"1\", \"gridData\": {\"y\": 7, \"i\": \"1\", \"h\": 9, \"w\": 24, \"x\": 0}, \"embeddableConfig\": {}, \"panelRefName\": \"panel_0\"}, {\"title\": \"Top 5 Errors [Filebeat IBM MQ]\", \"panelIndex\": \"6\", \"embeddableConfig\": {}, \"panelRefName\": \"panel_1\", \"version\": \"7.0.0\", \"gridData\": {\"y\": 16, \"i\": \"6\", \"h\": 14, \"w\": 48, \"x\": 0}}, {\"version\": \"7.0.0\", \"panelIndex\": \"8\", \"gridData\": {\"y\": 0, \"i\": \"8\", \"h\": 7, \"w\": 13, \"x\": 0}, \"embeddableConfig\": {}, \"panelRefName\": \"panel_2\"}, {\"version\": \"7.2.0\", \"panelIndex\": \"9\", \"gridData\": {\"y\": 30, \"i\": \"9\", \"h\": 27, \"w\": 48, \"x\": 0}, \"embeddableConfig\": {}, \"panelRefName\": \"panel_3\"}, {\"version\": \"7.2.0\", \"panelIndex\": \"10\", \"gridData\": {\"y\": 7, \"i\": \"10\", \"h\": 9, \"w\": 24, \"x\": 24}, \"embeddableConfig\": {}, \"panelRefName\": \"panel_4\"}, {\"version\": \"7.2.0\", \"panelIndex\": \"11\", \"gridData\": {\"y\": 0, \"i\": \"11\", \"h\": 7, \"w\": 7, \"x\": 13}, \"embeddableConfig\": {}, \"panelRefName\": \"panel_5\"}, {\"version\": \"7.2.0\", \"panelIndex\": \"12\", \"gridData\": {\"y\": 0, \"i\": \"12\", \"h\": 7, \"w\": 7, \"x\": 20}, \"embeddableConfig\": {}, \"panelRefName\": \"panel_6\"}, {\"version\": \"7.2.0\", \"panelIndex\": \"13\", \"gridData\": {\"y\": 0, \"i\": \"13\", \"h\": 7, \"w\": 21, \"x\": 27}, \"embeddableConfig\": {}, \"panelRefName\": \"panel_7\"}]",
                "refreshInterval": {
                    "pause": true,
                    "value": 0
                },
                "timeFrom": "now-2M",
                "timeRestore": true,
                "timeTo": "now",
                "title": "[Filebeat IBM MQ] Overview of error log overview",
                "version": 1
            },
            "id": "ba1d8830-7c7b-11e9-9645-e37efaf5baff",
            "migrationVersion": {
                "dashboard": "7.0.0"
            },
            "references": [
                {
                    "id": "4b2794c0-d901-11e8-aa1c-3fc8e6195a8e",
                    "name": "panel_0",
                    "type": "visualization"
                },
                {
                    "id": "b6308f30-7c7e-11e9-9645-e37efaf5baff",
                    "name": "panel_1",
                    "type": "visualization"
                },
                {
                    "id": "bf8e5de0-7c7f-11e9-9645-e37efaf5baff",
                    "name": "panel_2",
                    "type": "visualization"
                },
                {
                    "id": "82db7ba0-adec-11e9-8358-1517661d7c84",
                    "name": "panel_3",
                    "type": "search"
                },
                {
                    "id": "df35c4b0-adf0-11e9-8358-1517661d7c84",
                    "name": "panel_4",
                    "type": "visualization"
                },
                {
                    "id": "3ff778d0-adf0-11e9-8358-1517661d7c84",
                    "name": "panel_5",
                    "type": "visualization"
                },
                {
                    "id": "57eae940-adf0-11e9-8358-1517661d7c84",
                    "name": "panel_6",
                    "type": "visualization"
                },
                {
                    "id": "845fca50-adef-11e9-8358-1517661d7c84",
                    "name": "panel_7",
                    "type": "visualization"
                }
            ],
            "type": "dashboard",
            "updated_at": "2019-07-24T09:05:03.616Z",
            "version": "WzI4OSwxXQ=="
        },
        {
            "attributes": {
                "description": "",
                "kibanaSavedObjectMeta": {
                    "searchSourceJSON": "{\"query\": {\"query\": \"\", \"language\": \"kuery\"}, \"filter\": []}"
                },
                "title": "Errors over time by Queue Manager [Filebeat IBM MQ]",
                "uiStateJSON": "{}",
                "version": 1,
                "visState": "{\"params\": {\"axis_position\": \"left\", \"show_grid\": 1, \"default_index_pattern\": \"filebeat-*\", \"type\": \"timeseries\", \"index_pattern\": \"filebeat-*\", \"id\": \"61ca57f0-469d-11e7-af02-69e470af7417\", \"filter\": \"event.module:ibmmq\", \"series\": [{\"color\": \"#68BC00\", \"axis_position\": \"right\", \"separate_axis\": 0, \"fill\": 0.5, \"value_template\": \"{{value}} Errors\", \"formatter\": \"number\", \"split_mode\": \"terms\", \"id\": \"61ca57f1-469d-11e7-af02-69e470af7417\", \"terms_size\": \"50\", \"line_width\": 1, \"chart_type\": \"line\", \"terms_field\": \"ibmmq.errorlog.qmgr\", \"stacked\": \"stacked\", \"point_size\": 1, \"metrics\": [{\"type\": \"count\", \"id\": \"61ca57f2-469d-11e7-af02-69e470af7417\"}]}], \"interval\": \"auto\", \"default_timefield\": \"@timestamp\", \"axis_scale\": \"normal\", \"time_field\": \"@timestamp\", \"show_legend\": 1, \"axis_formatter\": \"number\"}, \"title\": \"Errors over time by Queue Manager [Filebeat IBM MQ]\", \"type\": \"metrics\", \"aggs\": []}"
            },
            "id": "4b2794c0-d901-11e8-aa1c-3fc8e6195a8e",
            "migrationVersion": {
                "visualization": "7.2.0"
            },
            "references": [],
            "type": "visualization",
            "updated_at": "2019-07-24T08:44:22.220Z",
            "version": "WzI3OCwxXQ=="
        },
        {
            "attributes": {
                "description": "",
                "kibanaSavedObjectMeta": {
                    "searchSourceJSON": "{\"query\": {\"query\": \"\", \"language\": \"kuery\"}, \"indexRefName\": \"kibanaSavedObjectMeta.searchSourceJSON.index\", \"filter\": [{\"query\": {\"match\": {\"event.module\": {\"query\": \"ibmmq\", \"type\": \"phrase\"}}}, \"meta\": {\"negate\": false, \"key\": \"event.module\", \"disabled\": false, \"params\": {\"query\": \"ibmmq\"}, \"alias\": null, \"type\": \"phrase\", \"indexRefName\": \"kibanaSavedObjectMeta.searchSourceJSON.filter[0].meta.index\", \"value\": \"ibmmq\"}, \"$state\": {\"store\": \"appState\"}}]}"
                },
                "title": "Top 5 Errors [Filebeat IBM MQ]",
                "uiStateJSON": "{\"vis\": {\"params\": {\"sort\": {\"direction\": null, \"columnIndex\": null}}}}",
                "version": 1,
                "visState": "{\"params\": {\"showMetricsAtAllLevels\": false, \"showPartialRows\": false, \"totalFunc\": \"sum\", \"sort\": {\"direction\": null, \"columnIndex\": null}, \"perPage\": 5, \"showTotal\": false}, \"title\": \"Top 5 Errors [Filebeat IBM MQ]\", \"type\": \"table\", \"aggs\": [{\"params\": {\"customLabel\": \"Occurences\"}, \"schema\": \"metric\", \"type\": \"count\", \"enabled\": true, \"id\": \"1\"}, {\"params\": {\"field\": \"message\", \"sortOrder\": \"desc\", \"size\": 1, \"aggregate\": \"concat\", \"customLabel\": \"Description\", \"sortField\": \"@timestamp\"}, \"schema\": \"metric\", \"type\": \"top_hits\", \"enabled\": true, \"id\": \"3\"}, {\"params\": {\"field\": \"ibmmq.errorlog.explanation\", \"sortOrder\": \"desc\", \"size\": 1, \"aggregate\": \"concat\", \"customLabel\": \"Explanation\", \"sortField\": \"@timestamp\"}, \"schema\": \"metric\", \"type\": \"top_hits\", \"enabled\": true, \"id\": \"5\"}, {\"params\": {\"field\": \"ibmmq.errorlog.action\", \"sortOrder\": \"desc\", \"size\": 1, \"aggregate\": \"concat\", \"customLabel\": \"Recommended Action\", \"sortField\": \"@timestamp\"}, \"schema\": \"metric\", \"type\": \"top_hits\", \"enabled\": true, \"id\": \"4\"}, {\"params\": {\"field\": \"ibmmq.errorlog.code\", \"missingBucket\": false, \"order\": \"desc\", \"missingBucketLabel\": \"Missing\", \"size\": 5, \"otherBucketLabel\": \"Other\", \"otherBucket\": false, \"orderBy\": \"1\", \"customLabel\": \"Error Codes\"}, \"schema\": \"bucket\", \"type\": \"terms\", \"enabled\": true, \"id\": \"2\"}]}"
            },
            "id": "b6308f30-7c7e-11e9-9645-e37efaf5baff",
            "migrationVersion": {
                "visualization": "7.2.0"
            },
            "references": [
                {
                    "id": "filebeat-*",
                    "name": "kibanaSavedObjectMeta.searchSourceJSON.index",
                    "type": "index-pattern"
                },
                {
                    "id": "filebeat-*",
                    "name": "kibanaSavedObjectMeta.searchSourceJSON.filter[0].meta.index",
                    "type": "index-pattern"
                }
            ],
            "type": "visualization",
            "updated_at": "2019-07-24T09:03:08.635Z",
            "version": "WzI4OCwxXQ=="
        },
        {
            "attributes": {
                "description": "",
                "kibanaSavedObjectMeta": {
                    "searchSourceJSON": "{\"query\": {\"query\": \"\", \"language\": \"kuery\"}, \"filter\": []}"
                },
                "title": "Control [Filebeat IBM MQ]",
                "uiStateJSON": "{}",
                "version": 1,
                "visState": "{\"params\": {\"useTimeFilter\": false, \"pinFilters\": false, \"controls\": [{\"label\": \"Queue Manager\", \"parent\": \"\", \"fieldName\": \"ibmmq.errorlog.qmgr\", \"indexPatternRefName\": \"kibanaSavedObjectMeta.searchSourceJSON.index\", \"type\": \"list\", \"options\": {\"dynamicOptions\": true, \"multiselect\": true, \"order\": \"desc\", \"type\": \"terms\", \"size\": 5}, \"id\": \"1558522305526\"}], \"updateFiltersOnChange\": false}, \"title\": \"Control [Filebeat IBM MQ]\", \"type\": \"input_control_vis\", \"aggs\": []}"
            },
            "id": "bf8e5de0-7c7f-11e9-9645-e37efaf5baff",
            "migrationVersion": {
                "visualization": "7.2.0"
            },
            "references": [
                {
                    "id": "filebeat-*",
                    "name": "kibanaSavedObjectMeta.searchSourceJSON.index",
                    "type": "index-pattern"
                }
            ],
            "type": "visualization",
            "updated_at": "2019-07-24T08:20:32.926Z",
            "version": "WzI2NSwxXQ=="
        },
        {
            "attributes": {
                "columns": [
                    "@timestamp",
                    "message",
                    "ibmmq.errorlog.explanation",
                    "ibmmq.errorlog.action"
                ],
                "description": "",
                "hits": 0,
                "kibanaSavedObjectMeta": {
                    "searchSourceJSON": "{\"version\": true, \"query\": {\"query\": \"\", \"language\": \"lucene\"}, \"highlightAll\": true, \"indexRefName\": \"kibanaSavedObjectMeta.searchSourceJSON.index\", \"filter\": [{\"query\": {\"match\": {\"event.module\": {\"query\": \"ibmmq\", \"type\": \"phrase\"}}}, \"meta\": {\"negate\": false, \"key\": \"event.module\", \"disabled\": false, \"params\": {\"query\": \"ibmmq\"}, \"alias\": null, \"type\": \"phrase\", \"indexRefName\": \"kibanaSavedObjectMeta.searchSourceJSON.filter[0].meta.index\", \"value\": \"ibmmq\"}, \"$state\": {\"store\": \"appState\"}}]}"
                },
                "sort": [
                    "@timestamp",
                    "desc"
                ],
                "title": "Errorlogs [Filebeat IBM MQ]",
                "version": 1
            },
            "id": "82db7ba0-adec-11e9-8358-1517661d7c84",
            "migrationVersion": {
                "search": "7.0.0"
            },
            "references": [
                {
                    "id": "filebeat-*",
                    "name": "kibanaSavedObjectMeta.searchSourceJSON.index",
                    "type": "index-pattern"
                },
                {
                    "id": "filebeat-*",
                    "name": "kibanaSavedObjectMeta.searchSourceJSON.filter[0].meta.index",
                    "type": "index-pattern"
                }
            ],
            "type": "search",
            "updated_at": "2019-07-24T08:36:18.357Z",
            "version": "WzI3NCwxXQ=="
        },
        {
            "attributes": {
                "description": "",
                "kibanaSavedObjectMeta": {
                    "searchSourceJSON": "{\"query\": {\"query\": \"\", \"language\": \"lucene\"}, \"filter\": []}"
                },
                "savedSearchRefName": "search_0",
                "title": "Errors per code, queue manager and host [Filebeat IBM MQ]",
                "uiStateJSON": "{}",
                "version": 1,
                "visState": "{\"params\": {\"addLegend\": true, \"addTooltip\": true, \"type\": \"pie\", \"legendPosition\": \"right\", \"dimensions\": {\"metric\": {\"params\": {}, \"aggType\": \"count\", \"accessor\": 0, \"format\": {\"id\": \"number\"}}}, \"isDonut\": true, \"labels\": {\"truncate\": 100, \"values\": true, \"last_level\": true, \"show\": false}}, \"title\": \"Errors per code, queue manager and host [Filebeat IBM MQ]\", \"type\": \"pie\", \"aggs\": [{\"params\": {}, \"schema\": \"metric\", \"type\": \"count\", \"enabled\": true, \"id\": \"1\"}, {\"params\": {\"field\": \"ibmmq.errorlog.code\", \"missingBucket\": false, \"order\": \"desc\", \"missingBucketLabel\": \"Missing\", \"size\": 5, \"otherBucketLabel\": \"Other\", \"otherBucket\": true, \"orderBy\": \"1\", \"customLabel\": \"Errorcodes\"}, \"schema\": \"segment\", \"type\": \"terms\", \"enabled\": true, \"id\": \"2\"}, {\"params\": {\"field\": \"ibmmq.errorlog.qmgr\", \"missingBucket\": false, \"order\": \"desc\", \"missingBucketLabel\": \"Missing\", \"size\": 5, \"otherBucketLabel\": \"Other\", \"otherBucket\": false, \"orderBy\": \"1\", \"customLabel\": \"Queue Manager\"}, \"schema\": \"segment\", \"type\": \"terms\", \"enabled\": true, \"id\": \"3\"}, {\"params\": {\"field\": \"host.name\", \"missingBucket\": false, \"order\": \"desc\", \"missingBucketLabel\": \"Missing\", \"size\": 5, \"otherBucketLabel\": \"Other\", \"otherBucket\": false, \"orderBy\": \"1\", \"customLabel\": \"Host\"}, \"schema\": \"segment\", \"type\": \"terms\", \"enabled\": true, \"id\": \"4\"}]}"
            },
            "id": "df35c4b0-adf0-11e9-8358-1517661d7c84",
            "migrationVersion": {
                "visualization": "7.2.0"
            },
            "references": [
                {
                    "id": "82db7ba0-adec-11e9-8358-1517661d7c84",
                    "name": "search_0",
                    "type": "search"
                }
            ],
            "type": "visualization",
            "updated_at": "2019-07-24T08:56:55.163Z",
            "version": "WzI4NiwxXQ=="
        },
        {
            "attributes": {
                "description": "",
                "kibanaSavedObjectMeta": {
                    "searchSourceJSON": "{\"query\": {\"query\": \"\", \"language\": \"lucene\"}, \"filter\": []}"
                },
                "savedSearchRefName": "search_0",
                "title": "Different error codes [Filebeat IBM MQ]",
                "uiStateJSON": "{}",
                "version": 1,
                "visState": "{\"params\": {\"addLegend\": false, \"dimensions\": {\"metrics\": [{\"params\": {}, \"aggType\": \"count\", \"accessor\": 0, \"format\": {\"id\": \"number\"}}]}, \"type\": \"metric\", \"metric\": {\"invertColors\": false, \"colorsRange\": [{\"to\": 10000, \"from\": 0}], \"metricColorMode\": \"None\", \"useRanges\": false, \"colorSchema\": \"Green to Red\", \"labels\": {\"show\": true}, \"style\": {\"fontSize\": 60, \"labelColor\": false, \"bgColor\": false, \"bgFill\": \"#000\", \"subText\": \"\"}, \"percentageMode\": false}, \"addTooltip\": true}, \"title\": \"Different error codes [Filebeat IBM MQ]\", \"type\": \"metric\", \"aggs\": [{\"params\": {\"field\": \"ibmmq.errorlog.code\", \"customLabel\": \"Different error codes\"}, \"schema\": \"metric\", \"type\": \"cardinality\", \"enabled\": true, \"id\": \"1\"}]}"
            },
            "id": "3ff778d0-adf0-11e9-8358-1517661d7c84",
            "migrationVersion": {
                "visualization": "7.2.0"
            },
            "references": [
                {
                    "id": "82db7ba0-adec-11e9-8358-1517661d7c84",
                    "name": "search_0",
                    "type": "search"
                }
            ],
            "type": "visualization",
            "updated_at": "2019-07-24T08:51:38.844Z",
            "version": "WzI4MSwxXQ=="
        },
        {
            "attributes": {
                "description": "",
                "kibanaSavedObjectMeta": {
                    "searchSourceJSON": "{\"query\": {\"query\": \"\", \"language\": \"lucene\"}, \"filter\": []}"
                },
                "savedSearchRefName": "search_0",
                "title": "Number of Queue Manager [Filebeat IBM MQ]",
                "uiStateJSON": "{}",
                "version": 1,
                "visState": "{\"params\": {\"addLegend\": false, \"dimensions\": {\"metrics\": [{\"params\": {}, \"aggType\": \"cardinality\", \"accessor\": 0, \"format\": {\"id\": \"number\"}}]}, \"type\": \"metric\", \"metric\": {\"invertColors\": false, \"colorsRange\": [{\"to\": 10000, \"from\": 0}], \"metricColorMode\": \"None\", \"useRanges\": false, \"colorSchema\": \"Green to Red\", \"labels\": {\"show\": true}, \"style\": {\"fontSize\": 60, \"labelColor\": false, \"bgColor\": false, \"bgFill\": \"#000\", \"subText\": \"\"}, \"percentageMode\": false}, \"addTooltip\": true}, \"title\": \"Number of Queue Manager [Filebeat IBM MQ]\", \"type\": \"metric\", \"aggs\": [{\"params\": {\"field\": \"ibmmq.errorlog.qmgr\", \"customLabel\": \"Queue Manager\"}, \"schema\": \"metric\", \"type\": \"cardinality\", \"enabled\": true, \"id\": \"1\"}]}"
            },
            "id": "57eae940-adf0-11e9-8358-1517661d7c84",
            "migrationVersion": {
                "visualization": "7.2.0"
            },
            "references": [
                {
                    "id": "82db7ba0-adec-11e9-8358-1517661d7c84",
                    "name": "search_0",
                    "type": "search"
                }
            ],
            "type": "visualization",
            "updated_at": "2019-07-24T08:52:19.027Z",
            "version": "WzI4MiwxXQ=="
        },
        {
            "attributes": {
                "description": "",
                "kibanaSavedObjectMeta": {
                    "searchSourceJSON": "{\"query\": {\"query\": \"\", \"language\": \"lucene\"}, \"filter\": []}"
                },
                "savedSearchRefName": "search_0",
                "title": "Last error [Filebeat IBM MQ]",
                "uiStateJSON": "{}",
                "version": 1,
                "visState": "{\"params\": {\"addLegend\": false, \"dimensions\": {\"metrics\": [{\"params\": {}, \"aggType\": \"count\", \"accessor\": 0, \"format\": {\"id\": \"number\"}}]}, \"type\": \"metric\", \"metric\": {\"invertColors\": false, \"colorsRange\": [{\"to\": 10000, \"from\": 0}], \"metricColorMode\": \"None\", \"useRanges\": false, \"colorSchema\": \"Green to Red\", \"labels\": {\"show\": true}, \"style\": {\"fontSize\": 60, \"labelColor\": false, \"bgColor\": false, \"bgFill\": \"#000\", \"subText\": \"\"}, \"percentageMode\": false}, \"addTooltip\": true}, \"title\": \"Last error [Filebeat IBM MQ]\", \"type\": \"metric\", \"aggs\": [{\"params\": {\"field\": \"@timestamp\", \"customLabel\": \"Last error\"}, \"schema\": \"metric\", \"type\": \"max\", \"enabled\": true, \"id\": \"1\"}]}"
            },
            "id": "845fca50-adef-11e9-8358-1517661d7c84",
            "migrationVersion": {
                "visualization": "7.2.0"
            },
            "references": [
                {
                    "id": "82db7ba0-adec-11e9-8358-1517661d7c84",
                    "name": "search_0",
                    "type": "search"
                }
            ],
            "type": "visualization",
            "updated_at": "2019-07-24T08:46:24.117Z",
            "version": "WzI3OSwxXQ=="
        }
    ],
    "version": "7.2.0"
}