{
    "objects": [
        {
            "attributes": {
                "description": "",
                "kibanaSavedObjectMeta": {
                    "searchSourceJSON": "{\"filter\": []}"
                },
                "savedSearchId": "Filebeat-MySQL-Slow-log-ecs",
                "title": "Top slowest queries [Filebeat MySQL] ECS",
                "uiStateJSON": "{\"vis\": {\"params\": {\"sort\": {\"direction\": null, \"columnIndex\": null}}}}",
                "version": 1,
                "visState": "{\"params\": {\"showPartialRows\": false, \"totalFunc\": \"sum\", \"sort\": {\"direction\": null, \"columnIndex\": null}, \"showMeticsAtAllLevels\": false, \"perPage\": 10, \"showTotal\": false}, \"title\": \"Top slowest queries [Filebeat MySQL] ECS\", \"type\": \"table\", \"aggs\": [{\"params\": {\"field\": \"event.duration\", \"customLabel\": \"Query time\"}, \"schema\": \"metric\", \"type\": \"max\", \"enabled\": true, \"id\": \"1\"}, {\"params\": {\"field\": \"mysql.slowlog.query\", \"orderBy\": \"1\", \"order\": \"desc\", \"customLabel\": \"Query\", \"size\": 5}, \"schema\": \"bucket\", \"type\": \"terms\", \"enabled\": true, \"id\": \"2\"}, {\"params\": {\"field\": \"user.name\", \"orderBy\": \"1\", \"order\": \"desc\", \"customLabel\": \"User\", \"size\": 5}, \"schema\": \"bucket\", \"type\": \"terms\", \"enabled\": true, \"id\": \"3\"}]}"
            },
            "id": "MySQL-slowest-queries-ecs",
            "type": "visualization",
            "version": 1
        },
        {
            "attributes": {
                "description": "",
                "kibanaSavedObjectMeta": {
                    "searchSourceJSON": "{\"filter\": []}"
                },
                "savedSearchId": "Filebeat-MySQL-Slow-log-ecs",
                "title": "Slow queries over time [Filebeat MySQL] ECS",
                "uiStateJSON": "{\"vis\": {\"colors\": {\"Slow queries\": \"#EF843C\"}}}",
                "version": 1,
                "visState": "{\"params\": {\"addLegend\": true, \"mode\": \"stacked\", \"categoryAxes\": [{\"title\": {\"text\": \"@timestamp per 30 seconds\"}, \"position\": \"bottom\", \"scale\": {\"type\": \"linear\"}, \"labels\": {\"truncate\": 100, \"show\": true}, \"type\": \"category\", \"id\": \"CategoryAxis-1\", \"style\": {}, \"show\": true}], \"addTooltip\": true, \"seriesParams\": [{\"valueAxis\": \"ValueAxis-1\", \"mode\": \"stacked\", \"showCircles\": true, \"data\": {\"label\": \"Slow queries\", \"id\": \"1\"}, \"type\": \"histogram\", \"drawLinesBetweenPoints\": true, \"show\": \"true\"}], \"legendPosition\": \"right\", \"type\": \"histogram\", \"shareYAxis\": true, \"scale\": \"linear\", \"valueAxes\": [{\"title\": {\"text\": \"Slow queries\"}, \"position\": \"left\", \"name\": \"LeftAxis-1\", \"scale\": {\"type\": \"linear\", \"mode\": \"normal\"}, \"labels\": {\"show\": true, \"truncate\": 100, \"rotate\": 0, \"filter\": false}, \"type\": \"value\", \"id\": \"ValueAxis-1\", \"style\": {}, \"show\": true}], \"yAxis\": {}, \"defaultYExtents\": false, \"grid\": {\"categoryLines\": false, \"style\": {\"color\": \"#eee\"}}, \"setYExtents\": false, \"times\": [], \"addTimeMarker\": false}, \"title\": \"Slow queries over time [Filebeat MySQL] ECS\", \"type\": \"histogram\", \"aggs\": [{\"params\": {\"customLabel\": \"Slow queries\"}, \"schema\": \"metric\", \"type\": \"count\", \"enabled\": true, \"id\": \"1\"}, {\"params\": {\"customInterval\": \"2h\", \"extended_bounds\": {}, \"min_doc_count\": 1, \"interval\": \"auto\", \"field\": \"@timestamp\"}, \"schema\": \"segment\", \"type\": \"date_histogram\", \"enabled\": true, \"id\": \"2\"}]}"
            },
            "id": "MySQL-Slow-queries-over-time-ecs",
            "type": "visualization",
            "version": 1
        },
        {
            "attributes": {
                "description": "",
                "kibanaSavedObjectMeta": {
                    "searchSourceJSON": "{\"filter\": []}"
                },
                "savedSearchId": "Filebeat-MySQL-error-log-ecs",
                "title": "Error logs over time [Filebeat MySQL] ECS",
                "uiStateJSON": "{\"vis\": {\"colors\": {\"Error logs\": \"#1F78C1\", \"Count\": \"#447EBC\"}}}",
                "version": 1,
                "visState": "{\"params\": {\"addLegend\": true, \"mode\": \"stacked\", \"categoryAxes\": [{\"title\": {\"text\": \"@timestamp per 30 seconds\"}, \"position\": \"bottom\", \"scale\": {\"type\": \"linear\"}, \"labels\": {\"truncate\": 100, \"show\": true}, \"type\": \"category\", \"id\": \"CategoryAxis-1\", \"style\": {}, \"show\": true}], \"addTooltip\": true, \"seriesParams\": [{\"valueAxis\": \"ValueAxis-1\", \"mode\": \"stacked\", \"showCircles\": true, \"data\": {\"label\": \"Error logs\", \"id\": \"1\"}, \"type\": \"histogram\", \"drawLinesBetweenPoints\": true, \"show\": \"true\"}], \"legendPosition\": \"right\", \"type\": \"histogram\", \"shareYAxis\": true, \"scale\": \"linear\", \"valueAxes\": [{\"title\": {\"text\": \"Error logs\"}, \"position\": \"left\", \"name\": \"LeftAxis-1\", \"scale\": {\"type\": \"linear\", \"mode\": \"normal\"}, \"labels\": {\"show\": true, \"truncate\": 100, \"rotate\": 0, \"filter\": false}, \"type\": \"value\", \"id\": \"ValueAxis-1\", \"style\": {}, \"show\": true}], \"yAxis\": {}, \"defaultYExtents\": false, \"grid\": {\"categoryLines\": false, \"style\": {\"color\": \"#eee\"}}, \"setYExtents\": false, \"times\": [], \"addTimeMarker\": false}, \"title\": \"Error logs over time [Filebeat MySQL] ECS\", \"type\": \"histogram\", \"aggs\": [{\"params\": {\"customLabel\": \"Error logs\"}, \"schema\": \"metric\", \"type\": \"count\", \"enabled\": true, \"id\": \"1\"}, {\"params\": {\"customInterval\": \"2h\", \"extended_bounds\": {}, \"min_doc_count\": 1, \"interval\": \"auto\", \"field\": \"@timestamp\"}, \"schema\": \"segment\", \"type\": \"date_histogram\", \"enabled\": true, \"id\": \"2\"}]}"
            },
            "id": "MySQL-error-logs-ecs",
            "type": "visualization",
            "version": 1
        },
        {
            "attributes": {
                "columns": [
                    "log.level",
                    "message"
                ],
                "description": "",
                "hits": 0,
                "kibanaSavedObjectMeta": {
                    "searchSourceJSON": "{\"highlight\": {\"pre_tags\": [\"@kibana-highlighted-field@\"], \"require_field_match\": false, \"fields\": {\"*\": {}}, \"post_tags\": [\"@/kibana-highlighted-field@\"], \"fragment_size\": 2147483647}, \"highlightAll\": true, \"version\": true, \"index\": \"filebeat-*\", \"query\": {\"query\": \"\", \"language\": \"kuery\"}, \"filter\": [{\"query\": {\"match\": {\"event.module\": {\"query\": \"mysql\", \"type\": \"phrase\"}}}, \"meta\": {\"negate\": false, \"key\": \"event.module\", \"disabled\": false, \"params\": {\"query\": \"mysql\", \"type\": \"phrase\"}, \"alias\": null, \"index\": \"filebeat-*\", \"type\": \"phrase\", \"value\": \"mysql\"}, \"$state\": {\"store\": \"appState\"}}, {\"query\": {\"match\": {\"fileset.name\": {\"query\": \"error\", \"type\": \"phrase\"}}}, \"meta\": {\"negate\": false, \"key\": \"fileset.name\", \"disabled\": false, \"params\": {\"query\": \"error\", \"type\": \"phrase\"}, \"alias\": null, \"index\": \"filebeat-*\", \"type\": \"phrase\", \"value\": \"error\"}, \"$state\": {\"store\": \"appState\"}}]}"
                },
                "sort": [
                    "@timestamp",
                    "desc"
                ],
                "title": "Error logs [Filebeat MySQL] ECS",
                "version": 1
            },
            "id": "Filebeat-MySQL-error-log-ecs",
            "type": "search",
            "version": 1
        },
        {
            "attributes": {
                "description": "",
                "kibanaSavedObjectMeta": {
                    "searchSourceJSON": "{\"filter\": []}"
                },
                "savedSearchId": "Filebeat-MySQL-error-log-ecs",
                "title": "Error logs levels breakdown [Filebeat MySQL] ECS",
                "uiStateJSON": "{\"vis\": {\"colors\": {\"ERROR\": \"#E24D42\", \"Warning\": \"#F9934E\", \"Note\": \"#9AC48A\"}}}",
                "version": 1,
                "visState": "{\"params\": {\"addLegend\": true, \"addTooltip\": true, \"legendPosition\": \"bottom\", \"isDonut\": false, \"shareYAxis\": true, \"type\": \"pie\"}, \"title\": \"Error logs levels breakdown [Filebeat MySQL] ECS\", \"type\": \"pie\", \"aggs\": [{\"params\": {}, \"schema\": \"metric\", \"type\": \"count\", \"enabled\": true, \"id\": \"1\"}, {\"params\": {\"field\": \"log.level\", \"orderBy\": \"1\", \"order\": \"desc\", \"size\": 5}, \"schema\": \"segment\", \"type\": \"terms\", \"enabled\": true, \"id\": \"2\"}]}"
            },
            "id": "MySQL-Error-logs-levels-ecs",
            "type": "visualization",
            "version": 1
        },
        {
            "attributes": {
                "description": "",
                "kibanaSavedObjectMeta": {
                    "searchSourceJSON": "{\"filter\": []}"
                },
                "savedSearchId": "Filebeat-MySQL-Slow-log-ecs",
                "title": "Slow logs breakdown [Filebeat MySQL] ECS",
                "uiStateJSON": "{}",
                "version": 1,
                "visState": "{\"params\": {\"addLegend\": true, \"addTooltip\": true, \"legendPosition\": \"bottom\", \"isDonut\": false, \"shareYAxis\": true, \"type\": \"pie\"}, \"title\": \"Slow logs breakdown [Filebeat MySQL] ECS\", \"type\": \"pie\", \"aggs\": [{\"params\": {}, \"schema\": \"metric\", \"type\": \"count\", \"enabled\": true, \"id\": \"1\"}, {\"params\": {\"field\": \"mysql.slowlog.query\", \"orderBy\": \"1\", \"order\": \"desc\", \"size\": 5}, \"schema\": \"segment\", \"type\": \"terms\", \"enabled\": true, \"id\": \"2\"}]}"
            },
            "id": "MySQL-Slow-logs-by-count-ecs",
            "type": "visualization",
            "version": 1
        },
        {
            "attributes": {
                "columns": [
                    "_source"
                ],
                "description": "",
                "hits": 0,
                "kibanaSavedObjectMeta": {
                    "searchSourceJSON": "{\"highlight\": {\"pre_tags\": [\"@kibana-highlighted-field@\"], \"require_field_match\": false, \"fields\": {\"*\": {}}, \"post_tags\": [\"@/kibana-highlighted-field@\"], \"fragment_size\": 2147483647}, \"highlightAll\": true, \"version\": true, \"index\": \"filebeat-*\", \"query\": {\"query\": \"\", \"language\": \"kuery\"}, \"filter\": [{\"query\": {\"match\": {\"event.module\": {\"query\": \"mysql\", \"type\": \"phrase\"}}}, \"meta\": {\"negate\": false, \"key\": \"event.module\", \"disabled\": false, \"params\": {\"query\": \"mysql\", \"type\": \"phrase\"}, \"alias\": null, \"index\": \"filebeat-*\", \"type\": \"phrase\", \"value\": \"mysql\"}, \"$state\": {\"store\": \"appState\"}}, {\"query\": {\"match\": {\"fileset.name\": {\"query\": \"slowlog\", \"type\": \"phrase\"}}}, \"meta\": {\"negate\": false, \"key\": \"fileset.name\", \"disabled\": false, \"params\": {\"query\": \"slowlog\", \"type\": \"phrase\"}, \"alias\": null, \"index\": \"filebeat-*\", \"type\": \"phrase\", \"value\": \"slowlog\"}, \"$state\": {\"store\": \"appState\"}}]}"
                },
                "sort": [
                    "@timestamp",
                    "desc"
                ],
                "title": "Slow logs [Filebeat MySQL] ECS",
                "version": 1
            },
            "id": "Filebeat-MySQL-Slow-log-ecs",
            "type": "search",
            "version": 1
        },
        {
            "attributes": {
                "description": "Overview dashboard for the Filebeat MySQL module",
                "hits": 0,
                "kibanaSavedObjectMeta": {
                    "searchSourceJSON": "{\"version\": true, \"query\": {\"query\": \"\", \"language\": \"kuery\"}, \"highlightAll\": true, \"filter\": []}"
                },
                "optionsJSON": "{\"darkTheme\": false}",
                "panelsJSON": "[{\"size_y\": 4, \"panelIndex\": 1, \"row\": 8, \"col\": 1, \"type\": \"visualization\", \"size_x\": 6, \"id\": \"MySQL-slowest-queries-ecs\"}, {\"size_y\": 3, \"panelIndex\": 2, \"row\": 1, \"col\": 1, \"type\": \"visualization\", \"size_x\": 6, \"id\": \"MySQL-Slow-queries-over-time-ecs\"}, {\"size_y\": 3, \"panelIndex\": 3, \"row\": 1, \"col\": 7, \"type\": \"visualization\", \"size_x\": 6, \"id\": \"MySQL-error-logs-ecs\"}, {\"size_y\": 5, \"panelIndex\": 4, \"size_x\": 6, \"columns\": [\"log.level\", \"message\"], \"row\": 8, \"sort\": [\"@timestamp\", \"desc\"], \"col\": 7, \"type\": \"search\", \"id\": \"Filebeat-MySQL-error-log-ecs\"}, {\"size_y\": 4, \"panelIndex\": 5, \"row\": 4, \"col\": 7, \"type\": \"visualization\", \"size_x\": 6, \"id\": \"MySQL-Error-logs-levels-ecs\"}, {\"size_y\": 4, \"panelIndex\": 6, \"row\": 4, \"col\": 1, \"type\": \"visualization\", \"size_x\": 6, \"id\": \"MySQL-Slow-logs-by-count-ecs\"}]",
                "timeRestore": false,
                "title": "[Filebeat MySQL] Overview ECS",
                "uiStateJSON": "{\"P-1\": {\"vis\": {\"params\": {\"sort\": {\"direction\": null, \"columnIndex\": null}}}}}",
                "version": 1
            },
            "id": "Filebeat-MySQL-Dashboard-ecs",
            "type": "dashboard",
            "version": 2
        }
    ],
    "version": "6.0.0-beta1-SNAPSHOT"
}