{
    "objects": [
        {
            "attributes": {
                "description": "",
                "kibanaSavedObjectMeta": {
                    "searchSourceJSON": "{\"filter\": []}"
                },
                "savedSearchId": "b6f321e0-fa25-11e6-bbd3-29c986c96e5a-ecs",
                "title": "Sudo commands by user [Filebeat System] ECS",
                "uiStateJSON": "{}",
                "version": 1,
                "visState": "{\"listeners\": {}, \"params\": {\"addLegend\": true, \"defaultYExtents\": false, \"mode\": \"stacked\", \"addTooltip\": true, \"legendPosition\": \"right\", \"times\": [], \"scale\": \"linear\", \"setYExtents\": false, \"addTimeMarker\": false}, \"type\": \"histogram\", \"aggs\": [{\"params\": {}, \"schema\": \"metric\", \"type\": \"count\", \"enabled\": true, \"id\": \"1\"}, {\"params\": {\"customInterval\": \"2h\", \"extended_bounds\": {}, \"min_doc_count\": 1, \"interval\": \"auto\", \"field\": \"@timestamp\"}, \"schema\": \"segment\", \"type\": \"date_histogram\", \"enabled\": true, \"id\": \"2\"}, {\"params\": {\"field\": \"user.name\", \"orderBy\": \"1\", \"order\": \"desc\", \"size\": 5}, \"schema\": \"group\", \"type\": \"terms\", \"enabled\": true, \"id\": \"3\"}], \"title\": \"Sudo commands by user ECS\"}"
            },
            "id": "5c7af030-fa2a-11e6-bbd3-29c986c96e5a-ecs",
            "type": "visualization",
            "version": 2
        },
        {
            "attributes": {
                "description": "",
                "kibanaSavedObjectMeta": {
                    "searchSourceJSON": "{\"index\": \"filebeat-*\", \"highlightAll\": true, \"query\": {\"query\": \"system.auth.sudo.error:*\", \"language\": \"kuery\"}, \"filter\": []}"
                },
                "title": "Sudo errors [Filebeat System] ECS",
                "uiStateJSON": "{}",
                "version": 1,
                "visState": "{\"listeners\": {}, \"params\": {\"addLegend\": true, \"defaultYExtents\": false, \"mode\": \"stacked\", \"addTooltip\": true, \"legendPosition\": \"right\", \"times\": [], \"scale\": \"linear\", \"setYExtents\": false, \"addTimeMarker\": false}, \"type\": \"histogram\", \"aggs\": [{\"params\": {}, \"schema\": \"metric\", \"type\": \"count\", \"enabled\": true, \"id\": \"1\"}, {\"params\": {\"customInterval\": \"2h\", \"extended_bounds\": {}, \"min_doc_count\": 1, \"interval\": \"auto\", \"field\": \"@timestamp\"}, \"schema\": \"segment\", \"type\": \"date_histogram\", \"enabled\": true, \"id\": \"2\"}, {\"params\": {\"field\": \"system.auth.sudo.error\", \"orderBy\": \"1\", \"order\": \"desc\", \"size\": 5}, \"schema\": \"group\", \"type\": \"terms\", \"enabled\": true, \"id\": \"3\"}], \"title\": \"Sudo errors ECS\"}"
            },
            "id": "51164310-fa2b-11e6-bbd3-29c986c96e5a-ecs",
            "type": "visualization",
            "version": 2
        },
        {
            "attributes": {
                "description": "",
                "kibanaSavedObjectMeta": {
                    "searchSourceJSON": "{\"filter\": []}"
                },
                "savedSearchId": "b6f321e0-fa25-11e6-bbd3-29c986c96e5a-ecs",
                "title": "Top sudo commands [Filebeat System] ECS",
                "uiStateJSON": "{\"vis\": {\"params\": {\"sort\": {\"direction\": null, \"columnIndex\": null}}}}",
                "version": 1,
                "visState": "{\"listeners\": {}, \"params\": {\"showPartialRows\": false, \"totalFunc\": \"sum\", \"sort\": {\"direction\": null, \"columnIndex\": null}, \"showMeticsAtAllLevels\": false, \"perPage\": 10, \"showTotal\": false}, \"type\": \"table\", \"aggs\": [{\"params\": {}, \"schema\": \"metric\", \"type\": \"count\", \"enabled\": true, \"id\": \"1\"}, {\"params\": {\"field\": \"system.auth.sudo.command\", \"orderBy\": \"1\", \"order\": \"desc\", \"size\": 5}, \"schema\": \"bucket\", \"type\": \"terms\", \"enabled\": true, \"id\": \"2\"}, {\"params\": {\"field\": \"user.name\", \"orderBy\": \"1\", \"order\": \"desc\", \"size\": 5}, \"schema\": \"bucket\", \"type\": \"terms\", \"enabled\": true, \"id\": \"3\"}], \"title\": \"Top sudo commands ECS\"}"
            },
            "id": "dc589770-fa2b-11e6-bbd3-29c986c96e5a-ecs",
            "type": "visualization",
            "version": 2
        },
        {
            "attributes": {
                "description": "",
                "kibanaSavedObjectMeta": {
                    "searchSourceJSON": "{}"
                },
                "title": "Dashboards [Filebeat System] ECS",
                "uiStateJSON": "{}",
                "version": 1,
                "visState": "{\"params\": {\"markdown\": \"[Syslog](#/dashboard/Filebeat-syslog-dashboard-ecs) | [Sudo commands](#/dashboard/277876d0-fa2c-11e6-bbd3-29c986c96e5a-ecs) | [SSH logins](#/dashboard/5517a150-f9ce-11e6-8115-a7c18106d86a-ecs) | [New users and groups](#/dashboard/0d3f2380-fa78-11e6-ae9b-81e5311e8cab-ecs)\", \"fontSize\": 12}, \"title\": \"Dashboards [Filebeat System] ECS\", \"type\": \"markdown\", \"aggs\": []}"
            },
            "id": "327417e0-8462-11e7-bab8-bd2f0fb42c54-ecs",
            "type": "visualization",
            "version": 1
        },
        {
            "attributes": {
                "columns": [
                    "user.name",
                    "system.auth.sudo.user",
                    "system.auth.sudo.pwd",
                    "system.auth.sudo.command"
                ],
                "description": "",
                "hits": 0,
                "kibanaSavedObjectMeta": {
                    "searchSourceJSON": "{\"index\": \"filebeat-*\", \"highlightAll\": true, \"query\": {\"query\": \"system.auth.sudo:*\", \"language\": \"kuery\"}, \"filter\": []}"
                },
                "sort": [
                    "@timestamp",
                    "desc"
                ],
                "title": "Sudo commands [Filebeat System] ECS",
                "version": 1
            },
            "id": "b6f321e0-fa25-11e6-bbd3-29c986c96e5a-ecs",
            "type": "search",
            "version": 2
        },
        {
            "attributes": {
                "description": "Sudo commands dashboard from the Filebeat System module",
                "hits": 0,
                "kibanaSavedObjectMeta": {
                    "searchSourceJSON": "{\"version\": true, \"query\": {\"query\": \"\", \"language\": \"kuery\"}, \"highlightAll\": true, \"filter\": []}"
                },
                "optionsJSON": "{\"darkTheme\": false}",
                "panelsJSON": "[{\"size_y\": 4, \"panelIndex\": 1, \"row\": 6, \"col\": 1, \"type\": \"visualization\", \"size_x\": 12, \"id\": \"5c7af030-fa2a-11e6-bbd3-29c986c96e5a-ecs\"}, {\"size_y\": 3, \"panelIndex\": 2, \"row\": 10, \"col\": 1, \"type\": \"visualization\", \"size_x\": 12, \"id\": \"51164310-fa2b-11e6-bbd3-29c986c96e5a-ecs\"}, {\"size_y\": 4, \"panelIndex\": 3, \"row\": 2, \"col\": 1, \"type\": \"visualization\", \"size_x\": 12, \"id\": \"dc589770-fa2b-11e6-bbd3-29c986c96e5a-ecs\"}, {\"size_y\": 1, \"panelIndex\": 4, \"row\": 1, \"col\": 1, \"type\": \"visualization\", \"size_x\": 12, \"id\": \"327417e0-8462-11e7-bab8-bd2f0fb42c54-ecs\"}]",
                "timeRestore": false,
                "title": "[Filebeat System] Sudo commands ECS",
                "uiStateJSON": "{\"P-3\": {\"vis\": {\"params\": {\"sort\": {\"direction\": null, \"columnIndex\": null}}}}}",
                "version": 1
            },
            "id": "277876d0-fa2c-11e6-bbd3-29c986c96e5a-ecs",
            "type": "dashboard",
            "version": 6
        }
    ],
    "version": "6.0.0-beta1-SNAPSHOT"
}