{
    "objects": [
        {
            "attributes": {
                "description": "",
                "kibanaSavedObjectMeta": {
                    "searchSourceJSON": "{\"query\": {\"query\": \"\", \"language\": \"kuery\"}, \"filter\": []}"
                },
                "savedSearchId": "PostgreSQL Query Durations-ecs",
                "title": "Query count and cumulated duration [Filebeat PostgreSQL] ECS",
                "uiStateJSON": "{\"vis\": {\"legendOpen\": true, \"colors\": {\"Sum of query duration\": \"#6ED0E0\", \"Number of queries\": \"#0A437C\"}}}",
                "version": 1,
                "visState": "{\"params\": {\"addLegend\": true, \"seriesParams\": [{\"valueAxis\": \"ValueAxis-1\", \"mode\": \"normal\", \"showCircles\": true, \"interpolate\": \"linear\", \"lineWidth\": 2, \"data\": {\"label\": \"Number of queries\", \"id\": \"4\"}, \"type\": \"histogram\", \"drawLinesBetweenPoints\": true, \"show\": true}, {\"valueAxis\": \"ValueAxis-1\", \"mode\": \"normal\", \"showCircles\": true, \"interpolate\": \"linear\", \"lineWidth\": 2, \"data\": {\"label\": \"Sum of query duration\", \"id\": \"2\"}, \"type\": \"histogram\", \"drawLinesBetweenPoints\": true, \"show\": true}], \"grid\": {\"categoryLines\": false, \"style\": {\"color\": \"#eee\"}}, \"categoryAxes\": [{\"title\": {\"text\": \"@timestamp per 3 hours\"}, \"position\": \"bottom\", \"scale\": {\"type\": \"linear\"}, \"labels\": {\"truncate\": 100, \"show\": true}, \"type\": \"category\", \"id\": \"CategoryAxis-1\", \"style\": {}, \"show\": true}], \"addTooltip\": true, \"legendPosition\": \"right\", \"type\": \"histogram\", \"times\": [], \"valueAxes\": [{\"title\": {\"text\": \"\"}, \"position\": \"left\", \"name\": \"LeftAxis-1\", \"scale\": {\"type\": \"linear\", \"mode\": \"normal\"}, \"labels\": {\"show\": true, \"truncate\": 100, \"rotate\": 0, \"filter\": false}, \"type\": \"value\", \"id\": \"ValueAxis-1\", \"style\": {}, \"show\": true}], \"addTimeMarker\": false}, \"title\": \"Query count and cumulated duration [Filebeat PostgreSQL] ECS\", \"type\": \"histogram\", \"aggs\": [{\"params\": {\"customInterval\": \"2h\", \"extended_bounds\": {}, \"min_doc_count\": 1, \"interval\": \"auto\", \"field\": \"@timestamp\"}, \"schema\": \"segment\", \"type\": \"date_histogram\", \"enabled\": true, \"id\": \"3\"}, {\"params\": {\"customLabel\": \"Number of queries\"}, \"schema\": \"metric\", \"type\": \"count\", \"enabled\": true, \"id\": \"4\"}, {\"params\": {\"field\": \"event.duration\", \"customLabel\": \"Sum of query duration\"}, \"schema\": \"metric\", \"type\": \"sum\", \"enabled\": true, \"id\": \"2\"}]}"
            },
            "id": "PostgreSQL Query Count and Duration-ecs",
            "type": "visualization",
            "version": 1
        },
        {
            "attributes": {
                "columns": [
                    "user.name",
                    "postgresql.log.database",
                    "event.duration",
                    "postgresql.log.query"
                ],
                "description": "",
                "hits": 0,
                "kibanaSavedObjectMeta": {
                    "searchSourceJSON": "{\"version\": true, \"index\": \"filebeat-*\", \"highlightAll\": true, \"query\": {\"query\": \"event.duration>30000000\", \"language\": \"kuery\"}, \"filter\": []}"
                },
                "sort": [
                    "@timestamp",
                    "desc"
                ],
                "title": "Slow Queries [Filebeat PostgreSQL] ECS",
                "version": 1
            },
            "id": "Slow PostgreSQL Queries-ecs",
            "type": "search",
            "version": 1
        },
        {
            "attributes": {
                "columns": [
                    "user.name",
                    "postgresql.log.database",
                    "event.duration",
                    "postgresql.log.query"
                ],
                "description": "",
                "hits": 0,
                "kibanaSavedObjectMeta": {
                    "searchSourceJSON": "{\"version\": true, \"index\": \"filebeat-*\", \"highlightAll\": true, \"query\": {\"query\": \"event.duration:*\", \"language\": \"kuery\"}, \"filter\": []}"
                },
                "sort": [
                    "@timestamp",
                    "desc"
                ],
                "title": "Query Durations [Filebeat PostgreSQL] ECS",
                "version": 1
            },
            "id": "PostgreSQL Query Durations-ecs",
            "type": "search",
            "version": 1
        },
        {
            "attributes": {
                "description": "Dashboard for analyzing the query durations of the Filebeat PostgreSQL module",
                "hits": 0,
                "kibanaSavedObjectMeta": {
                    "searchSourceJSON": "{\"version\": true, \"query\": {\"query\": \"postgresql.log.query:*\", \"language\": \"kuery\"}, \"highlightAll\": true, \"filter\": []}"
                },
                "optionsJSON": "{\"darkTheme\": false}",
                "panelsJSON": "[{\"size_y\": 3, \"panelIndex\": 1, \"row\": 1, \"col\": 1, \"type\": \"visualization\", \"size_x\": 6, \"id\": \"PostgreSQL Query Count and Duration-ecs\"}, {\"size_y\": 3, \"panelIndex\": 2, \"size_x\": 6, \"columns\": [\"user.name\", \"postgresql.log.database\", \"event.duration\", \"postgresql.log.query\"], \"row\": 1, \"sort\": [\"@timestamp\", \"desc\"], \"col\": 7, \"type\": \"search\", \"id\": \"Slow PostgreSQL Queries-ecs\"}, {\"size_y\": 5, \"panelIndex\": 3, \"size_x\": 12, \"columns\": [\"user.name\", \"postgresql.log.database\", \"event.duration\", \"postgresql.log.query\"], \"row\": 4, \"sort\": [\"@timestamp\", \"desc\"], \"col\": 1, \"type\": \"search\", \"id\": \"PostgreSQL Query Durations-ecs\"}]",
                "timeRestore": false,
                "title": "[Filebeat PostgreSQL] Query Duration Overview ECS",
                "uiStateJSON": "{}",
                "version": 1
            },
            "id": "e4c5f230-87f3-11e7-ad9c-db80de0bf8d3-ecs",
            "type": "dashboard",
            "version": 1
        }
    ],
    "version": "6.0.0-beta1-SNAPSHOT"
}