{
    "objects": [
        {
            "attributes": {
                "description": "Overview of Microsoft DNS activity.",
                "hits": 0,
                "kibanaSavedObjectMeta": {
                    "searchSourceJSON": "{\"version\": true, \"query\": {\"query\": \"*\", \"language\": \"lucene\"}, \"highlightAll\": true, \"filter\": []}"
                },
                "optionsJSON": "{\"darkTheme\": false}",
                "panelsJSON": "[{\"version\": \"7.3.0\", \"panelIndex\": \"1\", \"gridData\": {\"y\": 4, \"i\": \"1\", \"h\": 8, \"w\": 8, \"x\": 40}, \"embeddableConfig\": {}, \"panelRefName\": \"panel_0\"}, {\"version\": \"7.3.0\", \"panelIndex\": \"3\", \"gridData\": {\"y\": 4, \"i\": \"3\", \"h\": 8, \"w\": 40, \"x\": 0}, \"embeddableConfig\": {\"vis\": {\"defaultColors\": {\"0 - 100\": \"rgb(0,104,55)\"}}}, \"panelRefName\": \"panel_1\"}, {\"version\": \"7.3.0\", \"panelIndex\": \"5\", \"gridData\": {\"y\": 32, \"i\": \"5\", \"h\": 16, \"w\": 24, \"x\": 0}, \"embeddableConfig\": {\"vis\": {\"legendOpen\": false, \"defaultColors\": {\"90k - 108k\": \"rgb(107,174,214)\", \"0 - 18k\": \"rgb(247,251,255)\", \"18k - 36k\": \"rgb(227,238,249)\", \"72k - 90k\": \"rgb(148,196,223)\", \"54k - 72k\": \"rgb(182,212,233)\", \"36k - 54k\": \"rgb(208,225,242)\", \"144k - 162k\": \"rgb(23,100,171)\", \"126k - 144k\": \"rgb(46,126,188)\", \"108k - 126k\": \"rgb(74,152,201)\", \"162k - 180k\": \"rgb(8,74,145)\"}}}, \"panelRefName\": \"panel_2\"}, {\"version\": \"7.3.0\", \"panelIndex\": \"6\", \"gridData\": {\"y\": 48, \"i\": \"6\", \"h\": 8, \"w\": 48, \"x\": 0}, \"embeddableConfig\": {}, \"panelRefName\": \"panel_3\"}, {\"version\": \"7.3.0\", \"panelIndex\": \"7\", \"gridData\": {\"y\": 32, \"i\": \"7\", \"h\": 16, \"w\": 24, \"x\": 24}, \"embeddableConfig\": {}, \"panelRefName\": \"panel_4\"}, {\"version\": \"7.3.0\", \"panelIndex\": \"9\", \"gridData\": {\"y\": 12, \"i\": \"9\", \"h\": 8, \"w\": 48, \"x\": 0}, \"embeddableConfig\": {}, \"panelRefName\": \"panel_5\"}, {\"version\": \"7.3.0\", \"panelIndex\": \"11\", \"gridData\": {\"y\": 56, \"i\": \"11\", \"h\": 16, \"w\": 24, \"x\": 24}, \"embeddableConfig\": {\"vis\": {\"params\": {\"sort\": {\"direction\": null, \"columnIndex\": null}}}}, \"panelRefName\": \"panel_6\"}, {\"version\": \"7.3.0\", \"panelIndex\": \"12\", \"gridData\": {\"y\": 0, \"i\": \"12\", \"h\": 4, \"w\": 48, \"x\": 0}, \"embeddableConfig\": {}, \"panelRefName\": \"panel_7\"}, {\"version\": \"7.3.0\", \"panelIndex\": \"13\", \"gridData\": {\"y\": 56, \"i\": \"13\", \"h\": 16, \"w\": 24, \"x\": 0}, \"embeddableConfig\": {\"vis\": {\"params\": {\"sort\": {\"direction\": null, \"columnIndex\": null}}}}, \"panelRefName\": \"panel_8\"}, {\"version\": \"7.3.0\", \"panelIndex\": \"14\", \"gridData\": {\"y\": 20, \"i\": \"14\", \"h\": 12, \"w\": 24, \"x\": 0}, \"embeddableConfig\": {}, \"panelRefName\": \"panel_9\"}, {\"version\": \"7.3.0\", \"panelIndex\": \"15\", \"gridData\": {\"y\": 20, \"i\": \"15\", \"h\": 12, \"w\": 24, \"x\": 24}, \"embeddableConfig\": {}, \"panelRefName\": \"panel_10\"}, {\"version\": \"7.3.0\", \"panelIndex\": \"16\", \"gridData\": {\"y\": 72, \"i\": \"16\", \"h\": 12, \"w\": 24, \"x\": 24}, \"embeddableConfig\": {\"mapZoom\": 1, \"mapCenter\": [12.211180191503997, 0]}, \"panelRefName\": \"panel_11\"}, {\"version\": \"7.3.0\", \"panelIndex\": \"17\", \"gridData\": {\"y\": 72, \"i\": \"17\", \"h\": 12, \"w\": 24, \"x\": 0}, \"embeddableConfig\": {\"mapZoom\": 1, \"mapCenter\": [-0.17578097424708533, 0]}, \"panelRefName\": \"panel_12\"}]",
                "refreshInterval": {
                    "display": "Off",
                    "pause": false,
                    "value": 0
                },
                "timeFrom": "now-24h",
                "timeRestore": true,
                "timeTo": "now",
                "title": "[Filebeat CEF] Microsoft DNS Overview",
                "version": 1
            },
            "id": "56428e01-0c47-4770-8ba4-9345a029ea41",
            "migrationVersion": {
                "dashboard": "7.3.0"
            },
            "references": [
                {
                    "id": "7e2b0659-0760-4182-8b29-3ee69f26bc6f",
                    "name": "panel_0",
                    "type": "visualization"
                },
                {
                    "id": "249e2737-b41f-4115-b303-88bc9d279655",
                    "name": "panel_1",
                    "type": "visualization"
                },
                {
                    "id": "566d8b4e-ec5c-4b8b-bd68-3cc9cb236110",
                    "name": "panel_2",
                    "type": "visualization"
                },
                {
                    "id": "759e8dc3-0fdb-4cb6-ba47-87a2e2ff8df3",
                    "name": "panel_3",
                    "type": "visualization"
                },
                {
                    "id": "fcf798a8-db8f-4492-827b-8fa7581108a9",
                    "name": "panel_4",
                    "type": "visualization"
                },
                {
                    "id": "f0e60404-ddf4-4b46-8e45-e28c4fb6d60d",
                    "name": "panel_5",
                    "type": "visualization"
                },
                {
                    "id": "1b9cc5b7-7747-49de-96b1-a4bc7f675716",
                    "name": "panel_6",
                    "type": "visualization"
                },
                {
                    "id": "677891a1-90c4-4273-b126-f0e54689bd76",
                    "name": "panel_7",
                    "type": "visualization"
                },
                {
                    "id": "26a65f68-d7a6-4b47-befc-c5a6819bb91b",
                    "name": "panel_8",
                    "type": "visualization"
                },
                {
                    "id": "16aef3e9-e33b-4bab-b32f-d8c5b1263ac0",
                    "name": "panel_9",
                    "type": "visualization"
                },
                {
                    "id": "f3c573ad-2c16-4de5-9ec3-0a47141d4fa0",
                    "name": "panel_10",
                    "type": "visualization"
                },
                {
                    "id": "1b521f56-8089-433f-88f7-56aba867e07d",
                    "name": "panel_11",
                    "type": "visualization"
                },
                {
                    "id": "581a296e-e34a-48f1-93e4-fc4bdadfc68d",
                    "name": "panel_12",
                    "type": "visualization"
                }
            ],
            "type": "dashboard",
            "updated_at": "2019-10-25T16:30:04.348Z",
            "version": "WzEyOTIsMV0="
        },
        {
            "attributes": {
                "description": "",
                "kibanaSavedObjectMeta": {
                    "searchSourceJSON": "{\"query\": {\"query_string\": {\"query\": \"*\"}}, \"filter\": []}"
                },
                "title": "DNS - Event Throughput [Filebeat CEF]",
                "uiStateJSON": "{}",
                "version": 1,
                "visState": "{\"listeners\": {}, \"params\": {\"gauge_inner_width\": 10, \"gauge_style\": \"half\", \"axis_position\": \"left\", \"gauge_width\": 10, \"gauge_color_rules\": [{\"gauge\": null, \"value\": 0, \"id\": \"4d957654-cc7e-4ef3-8b29-61c0aeadd51a\"}], \"type\": \"gauge\", \"background_color_rules\": [{\"id\": \"3eadd451-5033-423f-88e3-814cc5e50b50\"}], \"index_pattern\": \"filebeat-*\", \"id\": \"73968651-c41e-473e-a153-a025f49d1a1b\", \"filter\": {\"query\": \"cef.device.product:\\\"DNS Trace Log\\\"\", \"language\": \"lucene\"}, \"series\": [{\"label\": \"Event Throughput\", \"color\": \"rgba(0,156,224,1)\", \"axis_position\": \"right\", \"fill\": 0.5, \"value_template\": \"{{value}}  / s\", \"formatter\": \"number\", \"split_mode\": \"everything\", \"seperate_axis\": 0, \"id\": \"90d7621e-3265-4fe8-8882-8df9605ea659\", \"line_width\": 1, \"chart_type\": \"line\", \"stacked\": \"none\", \"point_size\": 1, \"metrics\": [{\"type\": \"count\", \"id\": \"ba1830b9-9ce3-4bf1-8f4d-f7478b7f1bba\"}, {\"field\": \"ba1830b9-9ce3-4bf1-8f4d-f7478b7f1bba\", \"type\": \"cumulative_sum\", \"id\": \"cf3e6b1c-4136-4868-913e-0e82d88a8c9c\"}, {\"field\": \"cf3e6b1c-4136-4868-913e-0e82d88a8c9c\", \"type\": \"derivative\", \"id\": \"0e407985-9ae4-4c1f-bb0e-16cd9bef7611\", \"unit\": \"1s\"}, {\"beta\": 0.1, \"field\": \"0e407985-9ae4-4c1f-bb0e-16cd9bef7611\", \"model_type\": \"simple\", \"multiplicative\": false, \"gamma\": 0.3, \"period\": 1, \"type\": \"moving_average\", \"id\": \"48026f85-83c8-40e6-aff4-71f3bd6c77c9\", \"alpha\": 0.3, \"window\": \"10\"}]}], \"axis_formatter\": \"number\", \"bar_color_rules\": [{\"id\": \"fa374805-d1ca-4261-b723-9b482a7dd43a\"}], \"gauge_max\": \"\", \"time_field\": \"@timestamp\", \"show_legend\": 1, \"interval\": \"auto\"}, \"type\": \"metrics\", \"aggs\": [], \"title\": \"DNS - Event Throughput [Filebeat CEF]\"}"
            },
            "id": "7e2b0659-0760-4182-8b29-3ee69f26bc6f",
            "migrationVersion": {
                "visualization": "7.3.1"
            },
            "references": [],
            "type": "visualization",
            "updated_at": "2019-10-25T16:30:04.348Z",
            "version": "WzEyOTMsMV0="
        },
        {
            "attributes": {
                "description": "",
                "kibanaSavedObjectMeta": {
                    "searchSourceJSON": "{\"filter\": []}"
                },
                "savedSearchRefName": "search_0",
                "title": "DNS Metrics Overview [Filebeat CEF]",
                "uiStateJSON": "{\"vis\": {\"defaultColors\": {\"0 - 100\": \"rgb(0,104,55)\"}}}",
                "version": 1,
                "visState": "{\"listeners\": {}, \"params\": {\"addLegend\": false, \"gauge\": {\"invertColors\": false, \"gaugeType\": \"Metric\", \"orientation\": \"vertical\", \"colorSchema\": \"Green to Red\", \"labels\": {\"color\": \"black\", \"show\": true}, \"gaugeStyle\": \"Full\", \"useRange\": false, \"verticalSplit\": false, \"backStyle\": \"Full\", \"autoExtend\": false, \"scale\": {\"color\": \"#333\", \"labels\": false, \"show\": false, \"width\": 2}, \"gaugeColorMode\": \"None\", \"colorsRange\": [{\"to\": 100, \"from\": 0}], \"type\": \"simple\", \"style\": {\"fontSize\": \"32\", \"labelColor\": false, \"bgColor\": false, \"bgFill\": \"#000\", \"subText\": \"\"}, \"percentageMode\": false}, \"type\": \"gauge\", \"addTooltip\": true}, \"type\": \"metric\", \"aggs\": [{\"params\": {\"customLabel\": \"Event Count\"}, \"schema\": \"metric\", \"type\": \"count\", \"enabled\": true, \"id\": \"5\"}, {\"params\": {\"field\": \"cef.extensions.deviceCustomString1\", \"customLabel\": \"Threads\"}, \"schema\": \"metric\", \"type\": \"cardinality\", \"enabled\": true, \"id\": \"2\"}, {\"params\": {\"field\": \"cef.extensions.deviceCustomString2\", \"customLabel\": \"OpCodes\"}, \"schema\": \"metric\", \"type\": \"cardinality\", \"enabled\": true, \"id\": \"3\"}, {\"params\": {\"field\": \"cef.device.event_class_id\", \"customLabel\": \"Activity Types\"}, \"schema\": \"metric\", \"type\": \"cardinality\", \"enabled\": true, \"id\": \"4\"}], \"title\": \"DNS Metrics Overview [Filebeat CEF]\"}"
            },
            "id": "249e2737-b41f-4115-b303-88bc9d279655",
            "migrationVersion": {
                "visualization": "7.3.1"
            },
            "references": [
                {
                    "id": "f85a3444-8a43-4e46-b872-4e44bc25d0f3",
                    "name": "search_0",
                    "type": "search"
                }
            ],
            "type": "visualization",
            "updated_at": "2019-10-25T16:30:04.348Z",
            "version": "WzEyOTQsMV0="
        },
        {
            "attributes": {
                "description": "",
                "kibanaSavedObjectMeta": {
                    "searchSourceJSON": "{\"filter\": []}"
                },
                "savedSearchRefName": "search_0",
                "title": "Top Destinations by Traffic Size [Filebeat CEF]",
                "uiStateJSON": "{\"vis\": {\"defaultColors\": {\"90k - 108k\": \"rgb(107,174,214)\", \"0 - 18k\": \"rgb(247,251,255)\", \"18k - 36k\": \"rgb(227,238,249)\", \"72k - 90k\": \"rgb(148,196,223)\", \"54k - 72k\": \"rgb(182,212,233)\", \"36k - 54k\": \"rgb(208,225,242)\", \"144k - 162k\": \"rgb(23,100,171)\", \"126k - 144k\": \"rgb(46,126,188)\", \"108k - 126k\": \"rgb(74,152,201)\", \"162k - 180k\": \"rgb(8,74,145)\"}}}",
                "version": 1,
                "visState": "{\"listeners\": {}, \"params\": {\"addLegend\": true, \"invertColors\": false, \"colorsRange\": [{\"to\": null, \"from\": 0}], \"valueAxes\": [{\"labels\": {\"color\": \"#555\", \"rotate\": 0, \"show\": false}, \"scale\": {\"type\": \"linear\", \"defaultYExtents\": false}, \"type\": \"value\", \"id\": \"ValueAxis-1\", \"show\": false}], \"addTooltip\": true, \"legendPosition\": \"top\", \"times\": [], \"enableHover\": true, \"colorSchema\": \"Blues\", \"colorsNumber\": 10, \"setColorRange\": false, \"percentageMode\": false}, \"type\": \"heatmap\", \"aggs\": [{\"params\": {\"field\": \"source.bytes\", \"customLabel\": \"Bytes\"}, \"schema\": \"metric\", \"type\": \"sum\", \"enabled\": true, \"id\": \"1\"}, {\"params\": {\"filters\": [{\"label\": \"Inbound\", \"input\": {\"query\": \"deviceDirection:\\\"0\\\"\", \"language\": \"lucene\"}}, {\"label\": \"Outbound\", \"input\": {\"query\": \"deviceDirection:\\\"1\\\"\", \"language\": \"lucene\"}}]}, \"schema\": \"segment\", \"type\": \"filters\", \"enabled\": true, \"id\": \"2\"}, {\"params\": {\"field\": \"destination.domain\", \"orderBy\": \"1\", \"order\": \"desc\", \"size\": 10}, \"schema\": \"group\", \"type\": \"terms\", \"enabled\": true, \"id\": \"3\"}], \"title\": \"Top Destinations by Traffic Size [Filebeat CEF]\"}"
            },
            "id": "566d8b4e-ec5c-4b8b-bd68-3cc9cb236110",
            "migrationVersion": {
                "visualization": "7.3.1"
            },
            "references": [
                {
                    "id": "f85a3444-8a43-4e46-b872-4e44bc25d0f3",
                    "name": "search_0",
                    "type": "search"
                }
            ],
            "type": "visualization",
            "updated_at": "2019-10-25T16:30:04.348Z",
            "version": "WzEyOTUsMV0="
        },
        {
            "attributes": {
                "description": "",
                "kibanaSavedObjectMeta": {
                    "searchSourceJSON": "{\"filter\": []}"
                },
                "savedSearchRefName": "search_0",
                "title": "Top 10 Event Types [Filebeat CEF]",
                "uiStateJSON": "{}",
                "version": 1,
                "visState": "{\"listeners\": {}, \"params\": {\"scale\": \"square root\", \"orientation\": \"single\", \"minFontSize\": 12, \"maxFontSize\": 50}, \"type\": \"tagcloud\", \"aggs\": [{\"params\": {}, \"schema\": \"metric\", \"type\": \"count\", \"enabled\": true, \"id\": \"1\"}, {\"params\": {\"field\": \"cef.device.event_class_id\", \"orderBy\": \"1\", \"order\": \"desc\", \"size\": 10}, \"schema\": \"segment\", \"type\": \"terms\", \"enabled\": true, \"id\": \"2\"}], \"title\": \"Top 10 Event Types [Filebeat CEF]\"}"
            },
            "id": "759e8dc3-0fdb-4cb6-ba47-87a2e2ff8df3",
            "migrationVersion": {
                "visualization": "7.3.1"
            },
            "references": [
                {
                    "id": "f85a3444-8a43-4e46-b872-4e44bc25d0f3",
                    "name": "search_0",
                    "type": "search"
                }
            ],
            "type": "visualization",
            "updated_at": "2019-10-25T16:30:04.348Z",
            "version": "WzEyOTYsMV0="
        },
        {
            "attributes": {
                "description": "",
                "kibanaSavedObjectMeta": {
                    "searchSourceJSON": "{\"filter\": []}"
                },
                "savedSearchRefName": "search_0",
                "title": "Event Types by Size [Filebeat CEF]",
                "uiStateJSON": "{\"vis\": {\"colors\": {\"Total (Bytes)\": \"#E24D42\", \"Count\": \"#64B0C8\"}}}",
                "version": 1,
                "visState": "{\"listeners\": {}, \"params\": {\"addLegend\": true, \"seriesParams\": [{\"valueAxis\": \"ValueAxis-1\", \"mode\": \"normal\", \"showCircles\": true, \"data\": {\"label\": \"Count\", \"id\": \"1\"}, \"type\": \"histogram\", \"drawLinesBetweenPoints\": true, \"show\": \"true\"}, {\"valueAxis\": \"ValueAxis-2\", \"mode\": \"normal\", \"showCircles\": false, \"interpolate\": \"linear\", \"lineWidth\": 3, \"data\": {\"label\": \"Total (Bytes)\", \"id\": \"3\"}, \"type\": \"line\", \"drawLinesBetweenPoints\": true, \"show\": true}], \"grid\": {\"categoryLines\": false, \"style\": {\"color\": \"#eee\"}, \"valueAxis\": null}, \"categoryAxes\": [{\"title\": {\"text\": \"Event Type\"}, \"position\": \"bottom\", \"scale\": {\"type\": \"linear\"}, \"labels\": {\"truncate\": 100, \"rotate\": 75, \"show\": true}, \"type\": \"category\", \"id\": \"CategoryAxis-1\", \"style\": {}, \"show\": true}], \"addTooltip\": true, \"legendPosition\": \"right\", \"orderBucketsBySum\": false, \"times\": [], \"valueAxes\": [{\"title\": {\"text\": \"Count\"}, \"position\": \"left\", \"name\": \"LeftAxis-1\", \"scale\": {\"type\": \"square root\", \"mode\": \"normal\"}, \"labels\": {\"show\": true, \"truncate\": 100, \"rotate\": 0, \"filter\": false}, \"type\": \"value\", \"id\": \"ValueAxis-1\", \"style\": {}, \"show\": true}, {\"title\": {\"text\": \"Total (Bytes)\"}, \"position\": \"right\", \"name\": \"RightAxis-1\", \"scale\": {\"type\": \"square root\", \"mode\": \"normal\"}, \"labels\": {\"show\": true, \"truncate\": 100, \"rotate\": 0, \"filter\": false}, \"type\": \"value\", \"id\": \"ValueAxis-2\", \"style\": {}, \"show\": true}], \"addTimeMarker\": false}, \"type\": \"histogram\", \"aggs\": [{\"params\": {}, \"schema\": \"metric\", \"type\": \"count\", \"enabled\": true, \"id\": \"1\"}, {\"params\": {\"field\": \"cef.device.event_class_id\", \"orderBy\": \"1\", \"order\": \"desc\", \"customLabel\": \"Event Type\", \"size\": 20}, \"schema\": \"segment\", \"type\": \"terms\", \"enabled\": true, \"id\": \"2\"}, {\"params\": {\"field\": \"source.bytes\", \"customLabel\": \"Total (Bytes)\"}, \"schema\": \"metric\", \"type\": \"sum\", \"enabled\": true, \"id\": \"3\"}], \"title\": \"Event Types by Size [Filebeat CEF]\"}"
            },
            "id": "fcf798a8-db8f-4492-827b-8fa7581108a9",
            "migrationVersion": {
                "visualization": "7.3.1"
            },
            "references": [
                {
                    "id": "f85a3444-8a43-4e46-b872-4e44bc25d0f3",
                    "name": "search_0",
                    "type": "search"
                }
            ],
            "type": "visualization",
            "updated_at": "2019-10-25T16:30:04.348Z",
            "version": "WzEyOTcsMV0="
        },
        {
            "attributes": {
                "description": "",
                "kibanaSavedObjectMeta": {
                    "searchSourceJSON": "{\"query\": {\"query_string\": {\"query\": \"*\"}}, \"filter\": []}"
                },
                "title": "Events Types by Severity [Filebeat CEF]",
                "uiStateJSON": "{}",
                "version": 1,
                "visState": "{\"listeners\": {}, \"params\": {\"interval\": \"auto\", \"series\": [{\"label\": \"Cumulative Bytes\", \"color\": \"#68BC00\", \"axis_position\": \"right\", \"fill\": \"0\", \"formatter\": \"number\", \"split_mode\": \"filters\", \"seperate_axis\": 1, \"id\": \"81da76ca-1112-4d91-82f4-c66cd3156a84\", \"line_width\": \"3\", \"chart_type\": \"line\", \"stacked\": \"none\", \"point_size\": \"0\", \"split_filters\": [{\"color\": \"rgba(244,78,59,1)\", \"label\": \"HIGH\", \"id\": \"3f31a7e4-acf3-4f2d-8b7d-e30522325b2a\", \"filter\": \"(event.severity:\\\"2\\\" OR event.severity:\\\"3\\\" OR event.severity:\\\"5\\\" OR event.severity:\\\"16\\\" OR cef.extension.deviceCustomString4:\\\"SERVFAIL\\\" OR cef.extension.deviceCustomString4:\\\"NXDOMAIN\\\" OR cef.extension.deviceCustomString4:\\\"REFUSED\\\" OR cef.extension.deviceCustomString4:\\\"BADVERS\\\" OR cef.extension.deviceCustomString4:\\\"BADSIG\\\")\"}, {\"color\": \"rgba(254,146,0,1)\", \"label\": \"MEDIUM\", \"id\": \"7949d31b-8aae-433a-b7cf-6939a8728cc9\", \"filter\": \"(event.severity:\\\"1\\\" OR  event.severity:\\\"4\\\" OR  event.severity:\\\"6\\\" OR  event.severity:\\\"7\\\" OR  event.severity:\\\"8\\\" OR  event.severity:\\\"9\\\" OR  event.severity:\\\"10\\\" OR event.severity:\\\"17\\\" OR  event.severity:\\\"18\\\" OR  event.severity:\\\"19\\\" OR  event.severity:\\\"20\\\" OR  event.severity:\\\"21\\\" OR  event.severity:\\\"22\\\" OR   cef.extension.deviceCustomString4:\\\"Error\\\" OR  cef.extension.deviceCustomString4:\\\"ERROR\\\" OR  cef.extension.deviceCustomString4:\\\"Warning\\\" OR  cef.extension.deviceCustomString4:\\\"WARNING\\\" OR  cef.extension.deviceCustomString4:\\\"FORMERR\\\" OR  cef.extension.deviceCustomString4:\\\"NOTIMP\\\" OR  cef.extension.deviceCustomString4:\\\"YXDOMAIN\\\" OR  cef.extension.deviceCustomString4:\\\"YXRRSET\\\" OR  cef.extension.deviceCustomString4:\\\"NXRRSET\\\" OR  cef.extension.deviceCustomString4:\\\"NOTAUTH\\\" OR  cef.extension.deviceCustomString4:\\\"NOTZONE\\\" OR  cef.extension.deviceCustomString4:\\\"BADKEY\\\" OR  cef.extension.deviceCustomString4:\\\"BADTIME\\\" OR  cef.extension.deviceCustomString4:\\\"BADMODE\\\" OR  cef.extension.deviceCustomString4:\\\"BADNAME\\\" OR  cef.extension.deviceCustomString4:\\\"BADALG\\\" OR  cef.extension.deviceCustomString4:\\\"BADTRUNC\\\")\"}, {\"color\": \"rgba(252,220,0,1)\", \"label\": \"LOW\", \"id\": \"d2627211-5f9e-4c65-8a47-1cd6f085939d\", \"filter\": \"(NOT (event.severity:\\\"2\\\" OR event.severity:\\\"3\\\" OR event.severity:\\\"5\\\" OR event.severity:\\\"16\\\" OR cef.extension.deviceCustomString4:\\\"SERVFAIL\\\" OR cef.extension.deviceCustomString4:\\\"NXDOMAIN\\\" OR cef.extension.deviceCustomString4:\\\"REFUSED\\\" OR cef.extension.deviceCustomString4:\\\"BADVERS\\\" OR cef.extension.deviceCustomString4:\\\"BADSIG\\\" OR event.severity:\\\"1\\\" OR  event.severity:\\\"4\\\" OR  event.severity:\\\"6\\\" OR  event.severity:\\\"7\\\" OR  event.severity:\\\"8\\\" OR  event.severity:\\\"9\\\" OR  event.severity:\\\"10\\\" OR event.severity:\\\"17\\\" OR  event.severity:\\\"18\\\" OR  event.severity:\\\"19\\\" OR  event.severity:\\\"20\\\" OR  event.severity:\\\"21\\\" OR  event.severity:\\\"22\\\" OR cef.extension.deviceCustomString4:\\\"Error\\\" OR  cef.extension.deviceCustomString4:\\\"ERROR\\\" OR  cef.extension.deviceCustomString4:\\\"Warning\\\" OR  cef.extension.deviceCustomString4:\\\"WARNING\\\" OR  cef.extension.deviceCustomString4:\\\"FORMERR\\\" OR  cef.extension.deviceCustomString4:\\\"NOTIMP\\\" OR  cef.extension.deviceCustomString4:\\\"YXDOMAIN\\\" OR  cef.extension.deviceCustomString4:\\\"YXRRSET\\\" OR  cef.extension.deviceCustomString4:\\\"NXRRSET\\\" OR  cef.extension.deviceCustomString4:\\\"NOTAUTH\\\" OR  cef.extension.deviceCustomString4:\\\"NOTZONE\\\" OR  cef.extension.deviceCustomString4:\\\"BADKEY\\\" OR  cef.extension.deviceCustomString4:\\\"BADTIME\\\" OR  cef.extension.deviceCustomString4:\\\"BADMODE\\\" OR  cef.extension.deviceCustomString4:\\\"BADNAME\\\" OR  cef.extension.deviceCustomString4:\\\"BADALG\\\" OR  cef.extension.deviceCustomString4:\\\"BADTRUNC\\\"))\"}], \"metrics\": [{\"field\": \"source.bytes\", \"type\": \"count\", \"id\": \"521d560c-321a-4410-9eb3-2b2bf3f4efee\"}]}, {\"label\": \"Count by Event Type\", \"color\": \"rgba(0,156,224,1)\", \"axis_position\": \"right\", \"fill\": 0.5, \"formatter\": \"number\", \"split_mode\": \"terms\", \"seperate_axis\": 0, \"id\": \"a5fda184-fdd6-4221-ab59-492eab162f0a\", \"terms_size\": \"20\", \"line_width\": 1, \"chart_type\": \"bar\", \"terms_field\": \"cef.device.event_class_id\", \"stacked\": \"none\", \"point_size\": 1, \"metrics\": [{\"type\": \"count\", \"id\": \"e147ba1c-b13a-496f-9841-b99ddee81c5a\"}]}], \"axis_position\": \"left\", \"axis_formatter\": \"number\", \"time_field\": \"@timestamp\", \"type\": \"timeseries\", \"index_pattern\": \"filebeat-*\", \"id\": \"db54ebce-9dd2-4a1e-b476-b3ddb9a9024e\", \"show_legend\": 1, \"filter\": {\"query\": \"cef.device.product:\\\"DNS Trace Log\\\"\", \"language\": \"lucene\"}}, \"type\": \"metrics\", \"aggs\": [], \"title\": \"Events Types by Severity [Filebeat CEF]\"}"
            },
            "id": "f0e60404-ddf4-4b46-8e45-e28c4fb6d60d",
            "migrationVersion": {
                "visualization": "7.3.1"
            },
            "references": [],
            "type": "visualization",
            "updated_at": "2019-10-25T16:30:04.348Z",
            "version": "WzEyOTgsMV0="
        },
        {
            "attributes": {
                "description": "",
                "kibanaSavedObjectMeta": {
                    "searchSourceJSON": "{\"filter\": []}"
                },
                "savedSearchRefName": "search_0",
                "title": "Top 10 Destinations by Size [Filebeat CEF]",
                "uiStateJSON": "{\"vis\": {\"params\": {\"sort\": {\"direction\": null, \"columnIndex\": null}}}}",
                "version": 1,
                "visState": "{\"listeners\": {}, \"params\": {\"showPartialRows\": false, \"totalFunc\": \"sum\", \"sort\": {\"direction\": null, \"columnIndex\": null}, \"showMeticsAtAllLevels\": false, \"perPage\": 10, \"showTotal\": false}, \"type\": \"table\", \"aggs\": [{\"params\": {\"field\": \"destination.domain\", \"orderBy\": \"1\", \"order\": \"desc\", \"customLabel\": \"Destinations\", \"size\": 10}, \"schema\": \"bucket\", \"type\": \"terms\", \"enabled\": true, \"id\": \"2\"}, {\"params\": {\"field\": \"source.bytes\", \"customLabel\": \"Bytes\"}, \"schema\": \"metric\", \"type\": \"sum\", \"enabled\": true, \"id\": \"3\"}, {\"params\": {\"field\": \"source.ip\", \"customLabel\": \"Sources\"}, \"schema\": \"metric\", \"type\": \"cardinality\", \"enabled\": true, \"id\": \"4\"}, {\"params\": {\"customLabel\": \"Count\"}, \"schema\": \"metric\", \"type\": \"count\", \"enabled\": true, \"id\": \"1\"}], \"title\": \"Top 10 Destinations by Size [Filebeat CEF]\"}"
            },
            "id": "1b9cc5b7-7747-49de-96b1-a4bc7f675716",
            "migrationVersion": {
                "visualization": "7.3.1"
            },
            "references": [
                {
                    "id": "f85a3444-8a43-4e46-b872-4e44bc25d0f3",
                    "name": "search_0",
                    "type": "search"
                }
            ],
            "type": "visualization",
            "updated_at": "2019-10-25T16:30:04.348Z",
            "version": "WzEyOTksMV0="
        },
        {
            "attributes": {
                "description": "",
                "kibanaSavedObjectMeta": {
                    "searchSourceJSON": "{\"query\": {\"query_string\": {\"query\": \"*\"}}, \"filter\": []}"
                },
                "title": " Dashboard Navigation [Filebeat CEF]",
                "uiStateJSON": "{}",
                "version": 1,
                "visState": "{\"listeners\": {}, \"params\": {\"markdown\": \"[Network Overview](#/dashboard/dd0bc9af-2e89-4150-9b42-62517ea56b71) | [Network Suspicious Activity](#/dashboard/db1e1aca-279e-4ecc-b84e-fe58644f7619) | [Endpoint Overview](#dashboard/c10ce1cf-f6b8-4de4-8715-2cb5f6770b3b) | [Endpoint OS Activity](#/dashboard/9e352900-89c3-4c1b-863e-249e24d0dac9) | [Microsoft DNS Overview](#/dashboard/56428e01-0c47-4770-8ba4-9345a029ea41)\"}, \"type\": \"markdown\", \"aggs\": [], \"title\": \" Dashboard Navigation [Filebeat CEF]\"}"
            },
            "id": "677891a1-90c4-4273-b126-f0e54689bd76",
            "migrationVersion": {
                "visualization": "7.3.1"
            },
            "references": [],
            "type": "visualization",
            "updated_at": "2019-10-25T16:30:06.345Z",
            "version": "WzEzMzYsMV0="
        },
        {
            "attributes": {
                "description": "",
                "kibanaSavedObjectMeta": {
                    "searchSourceJSON": "{\"filter\": []}"
                },
                "savedSearchRefName": "search_0",
                "title": "Top 10 Sources by Size [Filebeat CEF]",
                "uiStateJSON": "{\"P-5\": {\"vis\": {\"legendOpen\": false, \"defaultColors\": {\"108,000 - 126,000\": \"rgb(74,152,201)\", \"18,000 - 36,000\": \"rgb(227,238,249)\", \"72,000 - 90,000\": \"rgb(148,196,223)\", \"162,000 - 180,000\": \"rgb(8,74,145)\", \"36,000 - 54,000\": \"rgb(208,225,242)\", \"126,000 - 144,000\": \"rgb(46,126,188)\", \"144,000 - 162,000\": \"rgb(23,100,171)\", \"54,000 - 72,000\": \"rgb(182,212,233)\", \"90,000 - 108,000\": \"rgb(107,174,214)\", \"0 - 18,000\": \"rgb(247,251,255)\"}}}, \"P-2\": {\"mapZoom\": 0, \"mapCenter\": [-0.17578097424708533, 0]}, \"P-4\": {\"mapZoom\": 0, \"mapCenter\": [-0.17578097424708533, 0]}, \"P-11\": {\"vis\": {\"params\": {\"sort\": {\"direction\": null, \"columnIndex\": null}}}}, \"P-13\": {\"vis\": {\"params\": {\"sort\": {\"direction\": null, \"columnIndex\": null}}}}, \"P-3\": {\"vis\": {\"defaultColors\": {\"0 - 100\": \"rgb(0,104,55)\"}}}, \"vis\": {\"params\": {\"sort\": {\"direction\": null, \"columnIndex\": null}}}}",
                "version": 1,
                "visState": "{\"listeners\": {}, \"params\": {\"showPartialRows\": false, \"totalFunc\": \"sum\", \"sort\": {\"direction\": null, \"columnIndex\": null}, \"showMeticsAtAllLevels\": false, \"perPage\": 10, \"showTotal\": false}, \"type\": \"table\", \"aggs\": [{\"params\": {\"field\": \"source.domain\", \"orderBy\": \"1\", \"order\": \"desc\", \"customLabel\": \"Sources\", \"size\": 10}, \"schema\": \"bucket\", \"type\": \"terms\", \"enabled\": true, \"id\": \"2\"}, {\"params\": {\"field\": \"source.bytes\", \"customLabel\": \"Bytes\"}, \"schema\": \"metric\", \"type\": \"sum\", \"enabled\": true, \"id\": \"3\"}, {\"params\": {\"field\": \"destination.domain\", \"customLabel\": \"Destinations\"}, \"schema\": \"metric\", \"type\": \"cardinality\", \"enabled\": true, \"id\": \"4\"}, {\"params\": {\"customLabel\": \"Count\"}, \"schema\": \"metric\", \"type\": \"count\", \"enabled\": true, \"id\": \"1\"}], \"title\": \"Top 10 Sources by Size [Filebeat CEF]\"}"
            },
            "id": "26a65f68-d7a6-4b47-befc-c5a6819bb91b",
            "migrationVersion": {
                "visualization": "7.3.1"
            },
            "references": [
                {
                    "id": "f85a3444-8a43-4e46-b872-4e44bc25d0f3",
                    "name": "search_0",
                    "type": "search"
                }
            ],
            "type": "visualization",
            "updated_at": "2019-10-25T16:30:04.348Z",
            "version": "WzEzMDEsMV0="
        },
        {
            "attributes": {
                "description": "",
                "kibanaSavedObjectMeta": {
                    "searchSourceJSON": "{\"query\": {\"query_string\": {\"query\": \"*\"}}, \"filter\": []}"
                },
                "title": "Events by Direction [Filebeat CEF]",
                "uiStateJSON": "{}",
                "version": 1,
                "visState": "{\"listeners\": {}, \"params\": {\"interval\": \"auto\", \"series\": [{\"label\": \"Inbound Requests\", \"color\": \"#68BC00\", \"axis_position\": \"right\", \"fill\": \"0.2\", \"formatter\": \"number\", \"split_mode\": \"filters\", \"seperate_axis\": 0, \"id\": \"9aae7344-9de9-4378-b21d-296cb964f93b\", \"line_width\": 1, \"chart_type\": \"bar\", \"stacked\": \"none\", \"point_size\": 1, \"filter\": {\"query\": \"device\", \"language\": \"lucene\"}, \"split_filters\": [{\"color\": \"rgba(0,156,224,1)\", \"label\": \"Inbound Requests\", \"id\": \"f860f6e0-fbd4-4949-8046-6300322dfe84\", \"filter\": {\"query\": \"deviceDirection:\\\"0\\\"\", \"language\": \"lucene\"}}], \"metrics\": [{\"type\": \"count\", \"id\": \"1cd0b964-45cf-408e-a7e4-e26955f8a3b0\"}]}, {\"label\": \"Outbound Requests\", \"color\": \"#68BC00\", \"axis_position\": \"right\", \"fill\": \"0.2\", \"formatter\": \"number\", \"split_mode\": \"filters\", \"seperate_axis\": 0, \"id\": \"ed1abe18-e01b-4202-9db4-06fda10692e0\", \"line_width\": 1, \"chart_type\": \"bar\", \"stacked\": \"none\", \"point_size\": 1, \"split_filters\": [{\"color\": \"rgba(211,49,21,1)\", \"label\": \"Outbound Requests\", \"id\": \"a9c50e1b-8f11-4bc2-9077-bb8870ed0b62\", \"filter\": \"deviceDirection:\\\"1\\\"\"}], \"metrics\": [{\"type\": \"count\", \"id\": \"cfbcfc79-394b-4ec0-a2c2-7a47177d6469\"}, {\"type\": \"calculation\", \"variables\": [{\"field\": \"cfbcfc79-394b-4ec0-a2c2-7a47177d6469\", \"name\": \"outbound\", \"id\": \"f73f4f22-03d5-446a-b031-04eee531e3cc\"}], \"id\": \"6bc37118-ddac-41ec-85b3-9db7e1b3636b\", \"script\": \"params.outbound > 0 ? params.outbound * -1 : 0\"}]}], \"axis_position\": \"left\", \"axis_formatter\": \"number\", \"time_field\": \"@timestamp\", \"type\": \"timeseries\", \"index_pattern\": \"filebeat-*\", \"id\": \"be556a57-cd1c-496c-8714-0bd210947c85\", \"show_legend\": 1, \"filter\": {\"query\": \"cef.device.product:\\\"DNS Trace Log\\\"\", \"language\": \"lucene\"}}, \"type\": \"metrics\", \"aggs\": [], \"title\": \"Events by Direction [Filebeat CEF]\"}"
            },
            "id": "16aef3e9-e33b-4bab-b32f-d8c5b1263ac0",
            "migrationVersion": {
                "visualization": "7.3.1"
            },
            "references": [],
            "type": "visualization",
            "updated_at": "2019-10-25T16:30:04.348Z",
            "version": "WzEzMDIsMV0="
        },
        {
            "attributes": {
                "description": "",
                "kibanaSavedObjectMeta": {
                    "searchSourceJSON": "{\"query\": {\"query_string\": {\"query\": \"*\"}}, \"filter\": []}"
                },
                "title": "Events by Size [Filebeat CEF]",
                "uiStateJSON": "{}",
                "version": 1,
                "visState": "{\"listeners\": {}, \"params\": {\"interval\": \"auto\", \"series\": [{\"label\": \"Inbound Bytes\", \"color\": \"rgba(0,156,224,1)\", \"axis_position\": \"right\", \"fill\": 0.5, \"formatter\": \"bytes\", \"split_mode\": \"filter\", \"seperate_axis\": 0, \"id\": \"28b1fb5b-0f16-4519-b901-4dd2dcc39915\", \"line_width\": \"2\", \"chart_type\": \"line\", \"stacked\": \"none\", \"point_size\": 1, \"filter\": {\"query\": \"deviceDirection:\\\"0\\\"\", \"language\": \"lucene\"}, \"metrics\": [{\"field\": \"source.bytes\", \"type\": \"sum\", \"id\": \"f613f33f-6459-4e46-a3a0-c36c48c46b2e\"}]}, {\"label\": \"Outbound Bytes\", \"color\": \"rgba(244,78,59,1)\", \"axis_position\": \"right\", \"fill\": 0.5, \"formatter\": \"bytes\", \"split_mode\": \"filter\", \"seperate_axis\": 0, \"id\": \"5a5c2529-4990-4006-b039-c94069ff6b7e\", \"line_width\": \"2\", \"chart_type\": \"line\", \"stacked\": \"none\", \"point_size\": 1, \"filter\": {\"query\": \"deviceDirection:\\\"1\\\"\", \"language\": \"lucene\"}, \"metrics\": [{\"field\": \"source.bytes\", \"type\": \"sum\", \"id\": \"b69501e7-56d5-4c38-81d1-34d778c81e11\"}, {\"type\": \"calculation\", \"variables\": [{\"field\": \"b69501e7-56d5-4c38-81d1-34d778c81e11\", \"name\": \"outbound_bytes\", \"id\": \"23b8c41c-0e98-4ace-8bca-3593e46cd955\"}], \"id\": \"0aaab374-5845-44ab-94f5-ac4fab25c287\", \"script\": \"params.outbound_bytes >= 0 ? params.outbound_bytes * -1 : 0\"}]}], \"axis_position\": \"left\", \"axis_formatter\": \"number\", \"time_field\": \"@timestamp\", \"type\": \"timeseries\", \"index_pattern\": \"filebeat-*\", \"id\": \"6e634117-6b30-411c-b74c-75510befe42f\", \"show_legend\": 1, \"filter\": {\"query\": \"cef.device.product:\\\"DNS Trace Log\\\"\", \"language\": \"lucene\"}}, \"type\": \"metrics\", \"aggs\": [], \"title\": \"Events by Size [Filebeat CEF]\"}"
            },
            "id": "f3c573ad-2c16-4de5-9ec3-0a47141d4fa0",
            "migrationVersion": {
                "visualization": "7.3.1"
            },
            "references": [],
            "type": "visualization",
            "updated_at": "2019-10-25T16:30:04.348Z",
            "version": "WzEzMDMsMV0="
        },
        {
            "attributes": {
                "description": "",
                "kibanaSavedObjectMeta": {
                    "searchSourceJSON": "{\"filter\": []}"
                },
                "savedSearchRefName": "search_0",
                "title": "Top Destinations by Events [Filebeat CEF]",
                "uiStateJSON": "{}",
                "version": 1,
                "visState": "{\"listeners\": {}, \"params\": {\"mapZoom\": 2, \"heatMaxZoom\": 0, \"mapCenter\": [0, 0], \"heatBlur\": 15, \"addTooltip\": true, \"legendPosition\": \"bottomright\", \"heatMinOpacity\": 0.1, \"wms\": {\"options\": {\"transparent\": true, \"layers\": \"0\", \"version\": \"1.3.0\", \"format\": \"image/png\", \"styles\": \"\", \"attribution\": \"Maps provided by USGS\"}, \"enabled\": false, \"url\": \"https://basemap.nationalmap.gov/arcgis/services/USGSTopo/MapServer/WMSServer\"}, \"isDesaturated\": true, \"heatRadius\": 25, \"mapType\": \"Shaded Circle Markers\"}, \"type\": \"tile_map\", \"aggs\": [{\"params\": {}, \"schema\": \"metric\", \"type\": \"count\", \"enabled\": true, \"id\": \"1\"}, {\"params\": {\"field\": \"destination.geo.location\", \"useGeocentroid\": true, \"precision\": 2, \"autoPrecision\": true}, \"schema\": \"segment\", \"type\": \"geohash_grid\", \"enabled\": true, \"id\": \"2\"}], \"title\": \"Top Destinations by Events [Filebeat CEF]\"}"
            },
            "id": "1b521f56-8089-433f-88f7-56aba867e07d",
            "migrationVersion": {
                "visualization": "7.3.1"
            },
            "references": [
                {
                    "id": "f85a3444-8a43-4e46-b872-4e44bc25d0f3",
                    "name": "search_0",
                    "type": "search"
                }
            ],
            "type": "visualization",
            "updated_at": "2019-10-25T16:30:04.348Z",
            "version": "WzEzMDQsMV0="
        },
        {
            "attributes": {
                "description": "",
                "kibanaSavedObjectMeta": {
                    "searchSourceJSON": "{\"filter\": []}"
                },
                "savedSearchRefName": "search_0",
                "title": "Top Sources by Events [Filebeat CEF]",
                "uiStateJSON": "{}",
                "version": 1,
                "visState": "{\"listeners\": {}, \"params\": {\"mapZoom\": 2, \"heatMaxZoom\": 0, \"mapCenter\": [0, 0], \"heatBlur\": 15, \"addTooltip\": true, \"legendPosition\": \"bottomright\", \"heatMinOpacity\": 0.1, \"wms\": {\"options\": {\"transparent\": true, \"layers\": \"0\", \"version\": \"1.3.0\", \"format\": \"image/png\", \"styles\": \"\", \"attribution\": \"Maps provided by USGS\"}, \"enabled\": false, \"url\": \"https://basemap.nationalmap.gov/arcgis/services/USGSTopo/MapServer/WMSServer\"}, \"isDesaturated\": true, \"heatRadius\": 25, \"mapType\": \"Shaded Circle Markers\"}, \"type\": \"tile_map\", \"aggs\": [{\"params\": {}, \"schema\": \"metric\", \"type\": \"count\", \"enabled\": true, \"id\": \"1\"}, {\"params\": {\"field\": \"source.geo.location\", \"useGeocentroid\": true, \"precision\": 2, \"autoPrecision\": true}, \"schema\": \"segment\", \"type\": \"geohash_grid\", \"enabled\": true, \"id\": \"2\"}], \"title\": \"Top Sources by Events [Filebeat CEF]\"}"
            },
            "id": "581a296e-e34a-48f1-93e4-fc4bdadfc68d",
            "migrationVersion": {
                "visualization": "7.3.1"
            },
            "references": [
                {
                    "id": "f85a3444-8a43-4e46-b872-4e44bc25d0f3",
                    "name": "search_0",
                    "type": "search"
                }
            ],
            "type": "visualization",
            "updated_at": "2019-10-25T16:30:04.348Z",
            "version": "WzEzMDUsMV0="
        },
        {
            "attributes": {
                "columns": [
                    "cef.device.vendor",
                    "cef.device.product",
                    "cef.extensions.categoryBehavior",
                    "cef.extensions.categoryOutcome",
                    "destination.ip",
                    "destination.port",
                    "destination.domain",
                    "cef.device.event_class_id",
                    "cef.extensions.deviceCustomString1Label",
                    "cef.extensions.deviceCustomString1",
                    "cef.extensions.deviceCustomString2Label",
                    "cef.extensions.deviceCustomString2",
                    "cef.extension.cef.extension.deviceCustomString3Label",
                    "cef.extension.deviceCustomString3",
                    "cef.extension.cef.extension.deviceCustomString4Label",
                    "cef.extension.deviceCustomString4",
                    "cef.extensions.deviceEventCategory",
                    "event.severity",
                    "source.ip",
                    "source.port",
                    "network.transport",
                    "source.bytes",
                    "url.original"
                ],
                "description": "",
                "hits": 0,
                "kibanaSavedObjectMeta": {
                    "searchSourceJSON": "{\"version\": true, \"query\": {\"query_string\": {\"query\": \"cef.device.product:\\\"DNS Trace Log\\\"\", \"analyze_wildcard\": true}}, \"highlightAll\": true, \"indexRefName\": \"kibanaSavedObjectMeta.searchSourceJSON.index\", \"filter\": []}"
                },
                "sort": [
                    [
                        "@timestamp",
                        "desc"
                    ]
                ],
                "title": "Microsoft DNS Events [Filebeat CEF]",
                "version": 1
            },
            "id": "f85a3444-8a43-4e46-b872-4e44bc25d0f3",
            "migrationVersion": {
                "search": "7.4.0"
            },
            "references": [
                {
                    "id": "filebeat-*",
                    "name": "kibanaSavedObjectMeta.searchSourceJSON.index",
                    "type": "index-pattern"
                }
            ],
            "type": "search",
            "updated_at": "2019-10-25T16:30:04.348Z",
            "version": "WzEzMDYsMV0="
        }
    ],
    "version": "7.4.1"
}