{
    "objects": [
        {
            "attributes": {
                "description": "",
                "kibanaSavedObjectMeta": {
                    "searchSourceJSON": "{\"query\": {\"query\": \"\", \"language\": \"kuery\"}, \"filter\": []}"
                },
                "savedSearchId": "c1e2ccd0-1ae5-11e9-9eb0-d1ab52900288",
                "title": "Source Port and Transport [Filebeat Netflow]",
                "uiStateJSON": "{}",
                "version": 1,
                "visState": "{\"params\": {\"addLegend\": true, \"addTooltip\": true, \"legendPosition\": \"right\", \"isDonut\": true, \"type\": \"pie\", \"labels\": {\"truncate\": 100, \"values\": true, \"last_level\": true, \"show\": false}}, \"title\": \"Source Port and Transport [Filebeat Netflow]\", \"type\": \"pie\", \"aggs\": [{\"params\": {}, \"schema\": \"metric\", \"type\": \"count\", \"enabled\": true, \"id\": \"1\"}, {\"params\": {\"field\": \"network.transport\", \"missingBucket\": false, \"order\": \"desc\", \"missingBucketLabel\": \"Missing\", \"size\": 5, \"otherBucketLabel\": \"Other\", \"otherBucket\": false, \"orderBy\": \"1\", \"customLabel\": \"Transport\"}, \"schema\": \"segment\", \"type\": \"terms\", \"enabled\": true, \"id\": \"2\"}, {\"params\": {\"field\": \"source.port\", \"missingBucket\": false, \"order\": \"desc\", \"missingBucketLabel\": \"Missing\", \"size\": 15, \"otherBucketLabel\": \"Other\", \"otherBucket\": false, \"orderBy\": \"1\", \"customLabel\": \"Source Port\"}, \"schema\": \"segment\", \"type\": \"terms\", \"enabled\": true, \"id\": \"3\"}]}"
            },
            "id": "3bc31900-1ae7-11e9-9eb0-d1ab52900288",
            "type": "visualization",
            "updated_at": "2019-01-18T16:16:16.527Z",
            "version": 2
        },
        {
            "attributes": {
                "description": "",
                "kibanaSavedObjectMeta": {
                    "searchSourceJSON": "{\"query\": {\"query\": \"\", \"language\": \"kuery\"}, \"filter\": [{\"query\": {\"bool\": {\"should\": [{\"match_phrase\": {\"network.direction\": \"inbound\"}}, {\"match_phrase\": {\"network.direction\": \"outbound\"}}], \"minimum_should_match\": 1}}, \"meta\": {\"negate\": false, \"key\": \"network.direction\", \"disabled\": false, \"params\": [\"inbound\", \"outbound\"], \"alias\": null, \"index\": \"filebeat-*\", \"type\": \"phrases\", \"controlledBy\": \"1547791659064\", \"value\": \"inbound, outbound\"}, \"$state\": {\"store\": \"appState\"}}, {\"query\": {\"match\": {\"flow.locality\": {\"query\": \"public\", \"type\": \"phrase\"}}}, \"meta\": {\"negate\": false, \"key\": \"flow.locality\", \"disabled\": false, \"params\": {\"query\": \"public\", \"type\": \"phrase\"}, \"alias\": null, \"index\": \"filebeat-*\", \"type\": \"phrase\", \"controlledBy\": \"1547791714688\", \"value\": \"public\"}, \"$state\": {\"store\": \"appState\"}}]}"
                },
                "title": "Flow Selectors [Filebeat Netflow]",
                "uiStateJSON": "{}",
                "version": 1,
                "visState": "{\"params\": {\"useTimeFilter\": false, \"pinFilters\": false, \"controls\": [{\"label\": \"Network Direction\", \"parent\": \"\", \"fieldName\": \"network.direction\", \"indexPattern\": \"filebeat-*\", \"type\": \"list\", \"options\": {\"dynamicOptions\": true, \"multiselect\": true, \"order\": \"desc\", \"type\": \"terms\", \"size\": 5}, \"id\": \"1547791659064\"}, {\"label\": \"Locality\", \"parent\": \"\", \"fieldName\": \"flow.locality\", \"indexPattern\": \"filebeat-*\", \"type\": \"list\", \"options\": {\"dynamicOptions\": true, \"multiselect\": true, \"order\": \"desc\", \"type\": \"terms\", \"size\": 5}, \"id\": \"1547791714688\"}], \"updateFiltersOnChange\": false}, \"title\": \"Flow Selectors [Filebeat Netflow]\", \"type\": \"input_control_vis\", \"aggs\": []}"
            },
            "id": "b957b010-1ae7-11e9-9eb0-d1ab52900288",
            "type": "visualization",
            "updated_at": "2019-01-18T16:16:16.527Z",
            "version": 2
        },
        {
            "attributes": {
                "description": "",
                "kibanaSavedObjectMeta": {
                    "searchSourceJSON": "{\"query\": {\"query\": \"\", \"language\": \"kuery\"}, \"filter\": []}"
                },
                "savedSearchId": "c1e2ccd0-1ae5-11e9-9eb0-d1ab52900288",
                "title": "Destination Port and Transport [Filebeat Netflow]",
                "uiStateJSON": "{}",
                "version": 1,
                "visState": "{\"params\": {\"addLegend\": true, \"addTooltip\": true, \"legendPosition\": \"right\", \"isDonut\": true, \"type\": \"pie\", \"labels\": {\"truncate\": 100, \"values\": true, \"last_level\": true, \"show\": false}}, \"title\": \"Destination Port and Transport [Filebeat Netflow]\", \"type\": \"pie\", \"aggs\": [{\"params\": {}, \"schema\": \"metric\", \"type\": \"count\", \"enabled\": true, \"id\": \"1\"}, {\"params\": {\"field\": \"network.transport\", \"missingBucket\": false, \"order\": \"desc\", \"missingBucketLabel\": \"Missing\", \"size\": 5, \"otherBucketLabel\": \"Other\", \"otherBucket\": false, \"orderBy\": \"1\", \"customLabel\": \"Transport\"}, \"schema\": \"segment\", \"type\": \"terms\", \"enabled\": true, \"id\": \"2\"}, {\"params\": {\"field\": \"destination.port\", \"missingBucket\": false, \"order\": \"desc\", \"missingBucketLabel\": \"Missing\", \"size\": 15, \"otherBucketLabel\": \"Other\", \"otherBucket\": false, \"orderBy\": \"1\", \"customLabel\": \"Destination Port\"}, \"schema\": \"segment\", \"type\": \"terms\", \"enabled\": true, \"id\": \"3\"}]}"
            },
            "id": "44042280-1ae7-11e9-9eb0-d1ab52900288",
            "type": "visualization",
            "updated_at": "2019-01-18T16:16:16.527Z",
            "version": 2
        },
        {
            "attributes": {
                "description": "",
                "kibanaSavedObjectMeta": {
                    "searchSourceJSON": "{\"query\": {\"query\": \"\", \"language\": \"kuery\"}, \"filter\": []}"
                },
                "savedSearchId": "c1e2ccd0-1ae5-11e9-9eb0-d1ab52900288",
                "title": "Top Sources Table [Filebeat Netflow]",
                "uiStateJSON": "{\"vis\": {\"params\": {\"sort\": {\"direction\": null, \"columnIndex\": null}}}}",
                "version": 1,
                "visState": "{\"params\": {\"showMetricsAtAllLevels\": false, \"showPartialRows\": false, \"totalFunc\": \"sum\", \"sort\": {\"direction\": null, \"columnIndex\": null}, \"perPage\": 10, \"showTotal\": false}, \"title\": \"Top Sources Table [Filebeat Netflow]\", \"type\": \"table\", \"aggs\": [{\"params\": {\"field\": \"network.bytes\", \"customLabel\": \"Bytes\"}, \"schema\": \"metric\", \"type\": \"sum\", \"enabled\": true, \"id\": \"1\"}, {\"params\": {\"field\": \"network.packets\", \"customLabel\": \"Packets\"}, \"schema\": \"metric\", \"type\": \"sum\", \"enabled\": true, \"id\": \"2\"}, {\"params\": {\"field\": \"event.duration\", \"customLabel\": \"Duration\"}, \"schema\": \"metric\", \"type\": \"sum\", \"enabled\": true, \"id\": \"3\"}, {\"params\": {\"field\": \"source.ip\", \"missingBucket\": false, \"order\": \"desc\", \"missingBucketLabel\": \"Missing\", \"size\": 30, \"otherBucketLabel\": \"Other\", \"otherBucket\": false, \"orderBy\": \"1\", \"customLabel\": \"Source IP\"}, \"schema\": \"bucket\", \"type\": \"terms\", \"enabled\": true, \"id\": \"4\"}, {\"params\": {\"field\": \"source.domain\", \"missingBucket\": true, \"order\": \"desc\", \"missingBucketLabel\": \"\", \"size\": 1, \"otherBucketLabel\": \"Other\", \"otherBucket\": false, \"orderBy\": \"1\", \"customLabel\": \"Domain\"}, \"schema\": \"bucket\", \"type\": \"terms\", \"enabled\": true, \"id\": \"5\"}]}"
            },
            "id": "846bac40-1ae6-11e9-9eb0-d1ab52900288",
            "type": "visualization",
            "updated_at": "2019-01-18T16:39:24.499Z",
            "version": 3
        },
        {
            "attributes": {
                "description": "",
                "kibanaSavedObjectMeta": {
                    "searchSourceJSON": "{\"query\": {\"query\": \"\", \"language\": \"kuery\"}, \"filter\": []}"
                },
                "savedSearchId": "c1e2ccd0-1ae5-11e9-9eb0-d1ab52900288",
                "title": "Top Destinations Table [Filebeat Netflow]",
                "uiStateJSON": "{\"vis\": {\"params\": {\"sort\": {\"direction\": null, \"columnIndex\": null}}}}",
                "version": 1,
                "visState": "{\"params\": {\"showMetricsAtAllLevels\": false, \"showPartialRows\": false, \"totalFunc\": \"sum\", \"sort\": {\"direction\": null, \"columnIndex\": null}, \"perPage\": 10, \"showTotal\": false}, \"title\": \"Top Destinations Table [Filebeat Netflow]\", \"type\": \"table\", \"aggs\": [{\"params\": {\"field\": \"network.bytes\", \"customLabel\": \"Bytes\"}, \"schema\": \"metric\", \"type\": \"sum\", \"enabled\": true, \"id\": \"1\"}, {\"params\": {\"field\": \"network.packets\", \"customLabel\": \"Packets\"}, \"schema\": \"metric\", \"type\": \"sum\", \"enabled\": true, \"id\": \"2\"}, {\"params\": {\"field\": \"event.duration\", \"customLabel\": \"Duration\"}, \"schema\": \"metric\", \"type\": \"sum\", \"enabled\": true, \"id\": \"3\"}, {\"params\": {\"field\": \"destination.ip\", \"missingBucket\": false, \"order\": \"desc\", \"missingBucketLabel\": \"Missing\", \"size\": 30, \"otherBucketLabel\": \"Other\", \"otherBucket\": false, \"orderBy\": \"1\", \"customLabel\": \"Destination IP\"}, \"schema\": \"bucket\", \"type\": \"terms\", \"enabled\": true, \"id\": \"4\"}, {\"params\": {\"field\": \"destination.domain\", \"missingBucket\": true, \"order\": \"desc\", \"missingBucketLabel\": \"\", \"size\": 1, \"otherBucketLabel\": \"Other\", \"otherBucket\": false, \"orderBy\": \"1\", \"customLabel\": \"Domain\"}, \"schema\": \"bucket\", \"type\": \"terms\", \"enabled\": true, \"id\": \"5\"}]}"
            },
            "id": "8d0c61f0-1ae6-11e9-9eb0-d1ab52900288",
            "type": "visualization",
            "updated_at": "2019-01-18T16:39:44.417Z",
            "version": 3
        },
        {
            "attributes": {
                "description": "",
                "kibanaSavedObjectMeta": {
                    "searchSourceJSON": "{\"query\": {\"query\": \"\", \"language\": \"kuery\"}, \"filter\": []}"
                },
                "savedSearchId": "c1e2ccd0-1ae5-11e9-9eb0-d1ab52900288",
                "title": "Flows Over Time [Filebeat Netflow]",
                "uiStateJSON": "{\"vis\": {\"colors\": {\"Event Count\": \"#3F2B5B\", \"Count\": \"#052B51\", \"Bytes\": \"#82B5D8\"}}}",
                "version": 1,
                "visState": "{\"params\": {\"addLegend\": true, \"seriesParams\": [{\"valueAxis\": \"ValueAxis-2\", \"mode\": \"stacked\", \"showCircles\": true, \"interpolate\": \"cardinal\", \"data\": {\"label\": \"Event Count\", \"id\": \"1\"}, \"type\": \"line\", \"drawLinesBetweenPoints\": true, \"show\": \"true\"}, {\"valueAxis\": \"ValueAxis-1\", \"mode\": \"stacked\", \"showCircles\": true, \"interpolate\": \"cardinal\", \"data\": {\"label\": \"Bytes\", \"id\": \"3\"}, \"type\": \"area\", \"drawLinesBetweenPoints\": true, \"show\": true}], \"grid\": {\"categoryLines\": false, \"style\": {\"color\": \"#eee\"}}, \"categoryAxes\": [{\"title\": {}, \"position\": \"bottom\", \"scale\": {\"type\": \"linear\"}, \"labels\": {\"truncate\": 100, \"show\": true}, \"type\": \"category\", \"id\": \"CategoryAxis-1\", \"style\": {}, \"show\": true}], \"addTooltip\": true, \"legendPosition\": \"top\", \"type\": \"area\", \"times\": [], \"valueAxes\": [{\"title\": {\"text\": \"Bytes\"}, \"position\": \"left\", \"name\": \"LeftAxis-1\", \"scale\": {\"type\": \"linear\", \"mode\": \"normal\"}, \"labels\": {\"show\": true, \"truncate\": 100, \"rotate\": 0, \"filter\": false}, \"type\": \"value\", \"id\": \"ValueAxis-1\", \"style\": {}, \"show\": true}, {\"title\": {\"text\": \"Event Count\"}, \"position\": \"right\", \"name\": \"RightAxis-1\", \"scale\": {\"type\": \"linear\", \"mode\": \"normal\"}, \"labels\": {\"show\": true, \"truncate\": 100, \"rotate\": 0, \"filter\": false}, \"type\": \"value\", \"id\": \"ValueAxis-2\", \"style\": {}, \"show\": true}], \"addTimeMarker\": false}, \"title\": \"Flows Over Time [Filebeat Netflow]\", \"type\": \"area\", \"aggs\": [{\"params\": {\"customLabel\": \"Event Count\"}, \"schema\": \"metric\", \"type\": \"count\", \"enabled\": true, \"id\": \"1\"}, {\"params\": {\"field\": \"@timestamp\", \"extended_bounds\": {}, \"interval\": \"auto\", \"useNormalizedEsInterval\": true, \"customInterval\": \"2h\", \"min_doc_count\": 1, \"time_zone\": \"America/New_York\", \"drop_partials\": false}, \"schema\": \"segment\", \"type\": \"date_histogram\", \"enabled\": true, \"id\": \"2\"}, {\"params\": {\"field\": \"network.bytes\", \"customLabel\": \"Bytes\"}, \"schema\": \"metric\", \"type\": \"sum\", \"enabled\": true, \"id\": \"3\"}]}"
            },
            "id": "e7c6efa0-1ae8-11e9-9eb0-d1ab52900288",
            "type": "visualization",
            "updated_at": "2019-01-18T16:16:16.527Z",
            "version": 2
        },
        {
            "attributes": {
                "columns": [
                    "source.ip",
                    "destination.ip",
                    "network.direction",
                    "network.transport",
                    "network.bytes"
                ],
                "description": "",
                "hits": 0,
                "kibanaSavedObjectMeta": {
                    "searchSourceJSON": "{\"version\": true, \"index\": \"filebeat-*\", \"highlightAll\": true, \"query\": {\"query\": \"\", \"language\": \"kuery\"}, \"filter\": [{\"query\": {\"match\": {\"event.action\": {\"query\": \"netflow_flow\", \"type\": \"phrase\"}}}, \"meta\": {\"negate\": false, \"key\": \"event.action\", \"disabled\": false, \"params\": {\"query\": \"netflow_flow\", \"type\": \"phrase\"}, \"alias\": null, \"index\": \"filebeat-*\", \"type\": \"phrase\", \"value\": \"netflow_flow\"}, \"$state\": {\"store\": \"appState\"}}]}"
                },
                "sort": [
                    "@timestamp",
                    "desc"
                ],
                "title": "Network Flow Search [Filebeat]",
                "version": 1
            },
            "id": "c1e2ccd0-1ae5-11e9-9eb0-d1ab52900288",
            "type": "search",
            "updated_at": "2019-01-18T16:16:16.527Z",
            "version": 2
        },
        {
            "attributes": {
                "description": "Top N network flows",
                "hits": 0,
                "kibanaSavedObjectMeta": {
                    "searchSourceJSON": "{\"query\": {\"query\": \"\", \"language\": \"kuery\"}, \"filter\": []}"
                },
                "optionsJSON": "{\"useMargins\": true, \"hidePanelTitles\": false, \"darkTheme\": false}",
                "panelsJSON": "[{\"panelIndex\": \"1\", \"embeddableConfig\": {}, \"version\": \"7.0.0\", \"type\": \"visualization\", \"id\": \"3bc31900-1ae7-11e9-9eb0-d1ab52900288\", \"gridData\": {\"y\": 8, \"i\": \"1\", \"h\": 15, \"w\": 24, \"x\": 0}}, {\"panelIndex\": \"2\", \"embeddableConfig\": {}, \"version\": \"7.0.0\", \"type\": \"visualization\", \"id\": \"b957b010-1ae7-11e9-9eb0-d1ab52900288\", \"gridData\": {\"y\": 0, \"i\": \"2\", \"h\": 8, \"w\": 24, \"x\": 0}}, {\"panelIndex\": \"3\", \"embeddableConfig\": {}, \"version\": \"7.0.0\", \"type\": \"visualization\", \"id\": \"44042280-1ae7-11e9-9eb0-d1ab52900288\", \"gridData\": {\"y\": 8, \"i\": \"3\", \"h\": 15, \"w\": 24, \"x\": 24}}, {\"panelIndex\": \"4\", \"embeddableConfig\": {}, \"version\": \"7.0.0\", \"type\": \"visualization\", \"id\": \"846bac40-1ae6-11e9-9eb0-d1ab52900288\", \"gridData\": {\"y\": 23, \"i\": \"4\", \"h\": 15, \"w\": 24, \"x\": 0}}, {\"panelIndex\": \"5\", \"embeddableConfig\": {}, \"version\": \"7.0.0\", \"type\": \"visualization\", \"id\": \"8d0c61f0-1ae6-11e9-9eb0-d1ab52900288\", \"gridData\": {\"y\": 23, \"i\": \"5\", \"h\": 15, \"w\": 24, \"x\": 24}}, {\"panelIndex\": \"6\", \"embeddableConfig\": {}, \"version\": \"7.0.0\", \"type\": \"visualization\", \"id\": \"e7c6efa0-1ae8-11e9-9eb0-d1ab52900288\", \"gridData\": {\"y\": 0, \"i\": \"6\", \"h\": 8, \"w\": 24, \"x\": 24}}]",
                "timeRestore": false,
                "title": "[Filebeat Netflow] Top-N Flows",
                "version": 1
            },
            "id": "1374fe40-1ae8-11e9-9eb0-d1ab52900288",
            "type": "dashboard",
            "updated_at": "2019-01-18T16:40:54.334Z",
            "version": 4
        }
    ],
    "version": "7.0.0-SNAPSHOT"
}