{
    "objects": [
        {
            "attributes": {
                "description": "",
                "kibanaSavedObjectMeta": {
                    "searchSourceJSON": "{\"query\": {\"query\": \"\", \"language\": \"kuery\"}, \"filter\": []}"
                },
                "title": "Description [Filebeat Santa] ECS",
                "uiStateJSON": "{}",
                "version": 1,
                "visState": "{\"params\": {\"markdown\": \"![Santa Icon](https://raw.githubusercontent.com/google/santa/master/Source/SantaGUI/Resources/Images.xcassets/AppIcon.appiconset/santa-hat-icon-128.png)\\n\\nGoogle Santa is a binary whitelisting/blacklisting system for macOS that monitors process executions.\", \"fontSize\": 12, \"openLinksInNewTab\": false}, \"title\": \"Description [Filebeat Santa] ECS\", \"type\": \"markdown\", \"aggs\": []}"
            },
            "id": "dad521d0-ff69-11e8-93c5-d5ecd1b3e307-ecs",
            "type": "visualization",
            "updated_at": "2018-12-14T06:31:14.285Z",
            "version": 1
        },
        {
            "attributes": {
                "description": "",
                "kibanaSavedObjectMeta": {
                    "searchSourceJSON": "{\"query\": {\"query\": \"\", \"language\": \"kuery\"}, \"filter\": []}"
                },
                "title": "Decisions [Filebeat Santa] ECS",
                "uiStateJSON": "{}",
                "version": 1,
                "visState": "{\"params\": {\"axis_position\": \"left\", \"show_grid\": 1, \"type\": \"timeseries\", \"index_pattern\": \"filebeat-*\", \"id\": \"61ca57f0-469d-11e7-af02-69e470af7417\", \"filter\": \"event.module:santa AND event.dataset:log\", \"show_legend\": 1, \"series\": [{\"label\": \"Decision\", \"color\": \"#68BC00\", \"axis_position\": \"right\", \"separate_axis\": 0, \"fill\": 0.5, \"formatter\": \"number\", \"split_mode\": \"terms\", \"id\": \"61ca57f1-469d-11e7-af02-69e470af7417\", \"line_width\": 1, \"chart_type\": \"line\", \"terms_field\": \"santa.decision\", \"stacked\": \"none\", \"point_size\": 1, \"metrics\": [{\"type\": \"count\", \"id\": \"61ca57f2-469d-11e7-af02-69e470af7417\"}]}], \"interval\": \"auto\", \"axis_scale\": \"normal\", \"time_field\": \"@timestamp\", \"axis_formatter\": \"number\"}, \"title\": \"Decisions [Filebeat Santa] ECS\", \"type\": \"metrics\", \"aggs\": []}"
            },
            "id": "1579d690-ff6b-11e8-93c5-d5ecd1b3e307-ecs",
            "type": "visualization",
            "updated_at": "2018-12-14T06:40:02.169Z",
            "version": 1
        },
        {
            "attributes": {
                "description": "",
                "kibanaSavedObjectMeta": {
                    "searchSourceJSON": "{\"query\": {\"query\": \"\", \"language\": \"kuery\"}, \"filter\": []}"
                },
                "savedSearchId": "6d56a010-ff6a-11e8-93c5-d5ecd1b3e307-ecs",
                "title": "Total Events [Filebeat Santa] ECS",
                "uiStateJSON": "{}",
                "version": 1,
                "visState": "{\"params\": {\"addLegend\": false, \"type\": \"metric\", \"metric\": {\"invertColors\": false, \"colorsRange\": [{\"to\": 10000, \"from\": 0}], \"metricColorMode\": \"None\", \"useRanges\": false, \"colorSchema\": \"Green to Red\", \"labels\": {\"show\": true}, \"style\": {\"fontSize\": 60, \"labelColor\": false, \"bgColor\": false, \"bgFill\": \"#000\", \"subText\": \"\"}, \"percentageMode\": false}, \"addTooltip\": true}, \"title\": \"Total Events [Filebeat Santa] ECS\", \"type\": \"metric\", \"aggs\": [{\"params\": {\"customLabel\": \"Total Events\"}, \"schema\": \"metric\", \"type\": \"count\", \"enabled\": true, \"id\": \"1\"}]}"
            },
            "id": "51677b80-ff6b-11e8-93c5-d5ecd1b3e307-ecs",
            "type": "visualization",
            "updated_at": "2018-12-14T06:41:42.712Z",
            "version": 1
        },
        {
            "attributes": {
                "description": "",
                "kibanaSavedObjectMeta": {
                    "searchSourceJSON": "{\"query\": {\"query\": \"\", \"language\": \"kuery\"}, \"filter\": []}"
                },
                "savedSearchId": "6d56a010-ff6a-11e8-93c5-d5ecd1b3e307-ecs",
                "title": "Decision and Reason [Filebeat Santa] ECS",
                "uiStateJSON": "{\"vis\": {\"colors\": {\"ALLOW\": \"#7EB26D\"}}}",
                "version": 1,
                "visState": "{\"params\": {\"addLegend\": true, \"addTooltip\": true, \"legendPosition\": \"right\", \"isDonut\": true, \"type\": \"pie\", \"labels\": {\"truncate\": 100, \"values\": true, \"last_level\": true, \"show\": false}}, \"title\": \"Decision and Reason [Filebeat Santa] ECS\", \"type\": \"pie\", \"aggs\": [{\"params\": {}, \"schema\": \"metric\", \"type\": \"count\", \"enabled\": true, \"id\": \"1\"}, {\"params\": {\"field\": \"santa.decision\", \"missingBucket\": false, \"order\": \"desc\", \"missingBucketLabel\": \"Missing\", \"size\": 5, \"otherBucketLabel\": \"Other\", \"otherBucket\": false, \"orderBy\": \"1\", \"customLabel\": \"Decision\"}, \"schema\": \"segment\", \"type\": \"terms\", \"enabled\": true, \"id\": \"2\"}, {\"params\": {\"field\": \"santa.reason\", \"missingBucket\": false, \"order\": \"desc\", \"missingBucketLabel\": \"Missing\", \"size\": 5, \"otherBucketLabel\": \"Other\", \"otherBucket\": false, \"orderBy\": \"1\", \"customLabel\": \"Reason\"}, \"schema\": \"segment\", \"type\": \"terms\", \"enabled\": true, \"id\": \"3\"}]}"
            },
            "id": "30962fe0-ff6c-11e8-93c5-d5ecd1b3e307-ecs",
            "type": "visualization",
            "updated_at": "2018-12-14T06:47:57.150Z",
            "version": 1
        },
        {
            "attributes": {
                "description": "",
                "kibanaSavedObjectMeta": {
                    "searchSourceJSON": "{\"query\": {\"query\": \"\", \"language\": \"kuery\"}, \"filter\": []}"
                },
                "savedSearchId": "6d56a010-ff6a-11e8-93c5-d5ecd1b3e307-ecs",
                "title": "Num of Hosts Reporting [Filebeat Santa] ECS",
                "uiStateJSON": "{}",
                "version": 1,
                "visState": "{\"params\": {\"addLegend\": false, \"type\": \"metric\", \"metric\": {\"invertColors\": false, \"colorsRange\": [{\"to\": 10000, \"from\": 0}], \"metricColorMode\": \"None\", \"useRanges\": false, \"colorSchema\": \"Green to Red\", \"labels\": {\"show\": true}, \"style\": {\"fontSize\": 60, \"labelColor\": false, \"bgColor\": false, \"bgFill\": \"#000\", \"subText\": \"\"}, \"percentageMode\": false}, \"addTooltip\": true}, \"title\": \"Num of Hosts Reporting [Filebeat Santa] ECS\", \"type\": \"metric\", \"aggs\": [{\"params\": {\"field\": \"agent.hostname\", \"customLabel\": \"Hosts Reporting\"}, \"schema\": \"metric\", \"type\": \"cardinality\", \"enabled\": true, \"id\": \"1\"}]}"
            },
            "id": "b06c0460-ff6c-11e8-93c5-d5ecd1b3e307-ecs",
            "type": "visualization",
            "updated_at": "2018-12-14T06:51:31.622Z",
            "version": 1
        },
        {
            "attributes": {
                "description": "",
                "kibanaSavedObjectMeta": {
                    "searchSourceJSON": "{\"query\": {\"query\": \"\", \"language\": \"kuery\"}, \"filter\": []}"
                },
                "savedSearchId": "6d56a010-ff6a-11e8-93c5-d5ecd1b3e307-ecs",
                "title": "Code Signers [Filebeat Santa] ECS",
                "uiStateJSON": "{}",
                "version": 1,
                "visState": "{\"params\": {\"showLabel\": true, \"scale\": \"linear\", \"orientation\": \"single\", \"minFontSize\": 12, \"maxFontSize\": 39}, \"title\": \"Code Signers [Filebeat Santa] ECS\", \"type\": \"tagcloud\", \"aggs\": [{\"params\": {}, \"schema\": \"metric\", \"type\": \"count\", \"enabled\": true, \"id\": \"1\"}, {\"params\": {\"field\": \"certificate.common_name\", \"missingBucket\": false, \"order\": \"desc\", \"missingBucketLabel\": \"Missing\", \"size\": 5, \"otherBucketLabel\": \"Other\", \"orderBy\": \"1\", \"otherBucket\": false}, \"schema\": \"segment\", \"type\": \"terms\", \"enabled\": true, \"id\": \"2\"}]}"
            },
            "id": "11858000-ff6d-11e8-93c5-d5ecd1b3e307-ecs",
            "type": "visualization",
            "updated_at": "2018-12-14T06:57:58.885Z",
            "version": 2
        },
        {
            "attributes": {
                "columns": [
                    "agent.hostname",
                    "process.executable",
                    "user.name",
                    "certificate.common_name"
                ],
                "description": "",
                "hits": 0,
                "kibanaSavedObjectMeta": {
                    "searchSourceJSON": "{\"version\": true, \"index\": \"filebeat-*\", \"highlightAll\": true, \"query\": {\"query\": \"\", \"language\": \"kuery\"}, \"filter\": [{\"query\": {\"match\": {\"event.module\": {\"query\": \"santa\", \"type\": \"phrase\"}}}, \"meta\": {\"negate\": false, \"key\": \"event.module\", \"disabled\": false, \"params\": {\"query\": \"santa\", \"type\": \"phrase\"}, \"alias\": null, \"index\": \"filebeat-*\", \"type\": \"phrase\", \"value\": \"santa\"}, \"$state\": {\"store\": \"appState\"}}, {\"query\": {\"match\": {\"event.dataset\": {\"query\": \"log\", \"type\": \"phrase\"}}}, \"meta\": {\"negate\": false, \"key\": \"event.dataset\", \"disabled\": false, \"params\": {\"query\": \"log\", \"type\": \"phrase\"}, \"alias\": null, \"index\": \"filebeat-*\", \"type\": \"phrase\", \"value\": \"log\"}, \"$state\": {\"store\": \"appState\"}}]}"
                },
                "sort": [
                    "@timestamp",
                    "desc"
                ],
                "title": "Santa Logs Search [Filebeat Santa] ECS",
                "version": 1
            },
            "id": "6d56a010-ff6a-11e8-93c5-d5ecd1b3e307-ecs",
            "type": "search",
            "updated_at": "2018-12-14T06:57:11.037Z",
            "version": 2
        },
        {
            "attributes": {
                "description": "Process executions on macOS monitored by Google Santa.",
                "hits": 0,
                "kibanaSavedObjectMeta": {
                    "searchSourceJSON": "{\"query\": {\"query\": \"\", \"language\": \"kuery\"}, \"filter\": []}"
                },
                "optionsJSON": "{\"useMargins\": true, \"hidePanelTitles\": false, \"darkTheme\": false}",
                "panelsJSON": "[{\"panelIndex\": \"1\", \"embeddableConfig\": {}, \"version\": \"7.0.0-alpha1-SNAPSHOT\", \"type\": \"visualization\", \"id\": \"dad521d0-ff69-11e8-93c5-d5ecd1b3e307-ecs\", \"gridData\": {\"y\": 0, \"i\": \"1\", \"h\": 12, \"w\": 10, \"x\": 0}}, {\"panelIndex\": \"2\", \"embeddableConfig\": {}, \"version\": \"7.0.0-alpha1-SNAPSHOT\", \"type\": \"visualization\", \"id\": \"1579d690-ff6b-11e8-93c5-d5ecd1b3e307-ecs\", \"gridData\": {\"y\": 0, \"i\": \"2\", \"h\": 12, \"w\": 38, \"x\": 10}}, {\"panelIndex\": \"3\", \"embeddableConfig\": {}, \"version\": \"7.0.0-alpha1-SNAPSHOT\", \"type\": \"visualization\", \"id\": \"51677b80-ff6b-11e8-93c5-d5ecd1b3e307-ecs\", \"gridData\": {\"y\": 12, \"i\": \"3\", \"h\": 10, \"w\": 10, \"x\": 8}}, {\"panelIndex\": \"4\", \"embeddableConfig\": {}, \"version\": \"7.0.0-alpha1-SNAPSHOT\", \"type\": \"visualization\", \"id\": \"30962fe0-ff6c-11e8-93c5-d5ecd1b3e307-ecs\", \"gridData\": {\"y\": 12, \"i\": \"4\", \"h\": 10, \"w\": 12, \"x\": 36}}, {\"panelIndex\": \"5\", \"embeddableConfig\": {}, \"version\": \"7.0.0-alpha1-SNAPSHOT\", \"type\": \"visualization\", \"id\": \"b06c0460-ff6c-11e8-93c5-d5ecd1b3e307-ecs\", \"gridData\": {\"y\": 12, \"i\": \"5\", \"h\": 10, \"w\": 8, \"x\": 0}}, {\"panelIndex\": \"6\", \"embeddableConfig\": {}, \"version\": \"7.0.0-alpha1-SNAPSHOT\", \"type\": \"visualization\", \"id\": \"11858000-ff6d-11e8-93c5-d5ecd1b3e307-ecs\", \"gridData\": {\"y\": 12, \"i\": \"6\", \"h\": 10, \"w\": 18, \"x\": 18}}, {\"panelIndex\": \"7\", \"embeddableConfig\": {}, \"version\": \"7.0.0-alpha1-SNAPSHOT\", \"type\": \"search\", \"id\": \"6d56a010-ff6a-11e8-93c5-d5ecd1b3e307-ecs\", \"gridData\": {\"y\": 22, \"i\": \"7\", \"h\": 10, \"w\": 48, \"x\": 0}}]",
                "timeRestore": false,
                "title": "[Filebeat Santa] Overview ECS",
                "version": 1
            },
            "id": "161855f0-ff6a-11e8-93c5-d5ecd1b3e307-ecs",
            "type": "dashboard",
            "updated_at": "2018-12-14T06:58:23.367Z",
            "version": 5
        }
    ],
    "version": "7.0.0-alpha1-SNAPSHOT"
}