{
    "objects": [
        {
            "attributes": {
                "description": "",
                "kibanaSavedObjectMeta": {
                    "searchSourceJSON": "{\"query\": {\"query\": \"\", \"language\": \"kuery\"}, \"filter\": []}"
                },
                "savedSearchId": "bfc96a60-0a80-11e8-bffe-ff7d4f68cf94-ecs",
                "title": "Logs Severity [Filebeat MongoDB] ECS",
                "uiStateJSON": "{}",
                "version": 1,
                "visState": "{\"params\": {\"addLegend\": true, \"legendPosition\": \"right\", \"isDonut\": true, \"type\": \"pie\", \"addTooltip\": true}, \"title\": \"Logs Severity [Filebeat MongoDB] ECS\", \"type\": \"pie\", \"aggs\": [{\"params\": {}, \"schema\": \"metric\", \"type\": \"count\", \"enabled\": true, \"id\": \"1\"}, {\"params\": {\"field\": \"log.level\", \"orderBy\": \"1\", \"order\": \"desc\", \"customLabel\": \"Log severity\", \"size\": 5}, \"schema\": \"segment\", \"type\": \"terms\", \"enabled\": true, \"id\": \"2\"}]}"
            },
            "id": "0fef5710-0a82-11e8-bffe-ff7d4f68cf94-ecs",
            "type": "visualization",
            "version": 3
        },
        {
            "attributes": {
                "columns": [
                    "mongodb.log.timestamp",
                    "log.level",
                    "mongodb.log.component",
                    "mongodb.log.context",
                    "message"
                ],
                "description": "",
                "hits": 0,
                "kibanaSavedObjectMeta": {
                    "searchSourceJSON": "{\"version\": true, \"index\": \"filebeat-*\", \"highlightAll\": true, \"query\": {\"query\": \"log.level: F or log.level: W\", \"language\": \"kuery\"}, \"filter\": []}"
                },
                "sort": [
                    "@timestamp",
                    "desc"
                ],
                "title": "Error logs [Filebeat MongoDB] ECS",
                "version": 1
            },
            "id": "e49fe000-0a7e-11e8-bffe-ff7d4f68cf94-ecs",
            "type": "search",
            "version": 3
        },
        {
            "attributes": {
                "columns": [
                    "mongodb.log.timestamp",
                    "log.level",
                    "mongodb.log.component",
                    "mongodb.log.context",
                    "message"
                ],
                "description": "",
                "hits": 0,
                "kibanaSavedObjectMeta": {
                    "searchSourceJSON": "{\"version\": true, \"index\": \"filebeat-*\", \"highlightAll\": true, \"query\": {\"query\": \"log.level: *\", \"language\": \"kuery\"}, \"filter\": []}"
                },
                "sort": [
                    "mongodb.log.timestamp",
                    "asc"
                ],
                "title": "All logs [Filebeat MongoDB] ECS",
                "version": 1
            },
            "id": "bfc96a60-0a80-11e8-bffe-ff7d4f68cf94-ecs",
            "type": "search",
            "version": 2
        },
        {
            "attributes": {
                "description": "Filebeat MongoDB module overview",
                "hits": 0,
                "kibanaSavedObjectMeta": {
                    "searchSourceJSON": "{\"version\": true, \"query\": {\"query\": \"\", \"language\": \"kuery\"}, \"highlightAll\": true, \"filter\": []}"
                },
                "optionsJSON": "{\"darkTheme\": false}",
                "panelsJSON": "[{\"size_y\": 3, \"panelIndex\": 1, \"row\": 1, \"col\": 1, \"type\": \"visualization\", \"size_x\": 4, \"id\": \"0fef5710-0a82-11e8-bffe-ff7d4f68cf94-ecs\"}, {\"size_y\": 3, \"panelIndex\": 2, \"size_x\": 8, \"columns\": [\"mongodb.log.timestamp\", \"log.level\", \"mongodb.log.component\", \"mongodb.log.context\", \"message\"], \"row\": 1, \"sort\": [\"@timestamp\", \"desc\"], \"col\": 5, \"type\": \"search\", \"id\": \"e49fe000-0a7e-11e8-bffe-ff7d4f68cf94-ecs\"}, {\"size_y\": 6, \"panelIndex\": 3, \"size_x\": 12, \"columns\": [\"mongodb.log.timestamp\", \"log.level\", \"mongodb.log.component\", \"mongodb.log.context\", \"message\"], \"row\": 4, \"sort\": [\"mongodb.log.timestamp\", \"asc\"], \"col\": 1, \"type\": \"search\", \"id\": \"bfc96a60-0a80-11e8-bffe-ff7d4f68cf94-ecs\"}]",
                "timeRestore": false,
                "title": "[Filebeat MongoDB] Overview ECS",
                "uiStateJSON": "{}",
                "version": 1
            },
            "id": "abcf35b0-0a82-11e8-bffe-ff7d4f68cf94-ecs",
            "type": "dashboard",
            "version": 2
        }
    ],
    "version": "6.0.0"
}