{
    "objects": [
        {
            "attributes": {
                "description": "Netflow flow records",
                "hits": 0,
                "kibanaSavedObjectMeta": {
                    "searchSourceJSON": "{\"version\": true, \"highlightAll\": true, \"filter\": [{\"query\": {\"match\": {\"input.type\": {\"query\": \"netflow\", \"type\": \"phrase\"}}}, \"meta\": {\"negate\": false, \"key\": \"input.type\", \"disabled\": false, \"params\": {\"query\": \"netflow\"}, \"alias\": null, \"type\": \"phrase\", \"indexRefName\": \"kibanaSavedObjectMeta.searchSourceJSON.filter[0].meta.index\", \"value\": \"netflow\"}, \"$state\": {\"store\": \"globalState\"}}]}"
                },
                "optionsJSON": "{\"darkTheme\": false}",
                "panelsJSON": "[{\"size_y\": 2, \"panelIndex\": 2, \"row\": 2, \"panelRefName\": \"panel_0\", \"col\": 4, \"size_x\": 9}, {\"size_y\": 2, \"panelIndex\": 3, \"row\": 2, \"panelRefName\": \"panel_1\", \"col\": 1, \"size_x\": 3}, {\"size_y\": 1, \"panelIndex\": 4, \"row\": 1, \"panelRefName\": \"panel_2\", \"col\": 1, \"size_x\": 12}, {\"size_y\": 4, \"panelIndex\": 5, \"columns\": [\"source.ip\", \"source.port\", \"destination.ip\", \"destination.port\", \"network.transport\", \"network.bytes\", \"network.packets\"], \"row\": 4, \"panelRefName\": \"panel_3\", \"sort\": [\"@timestamp\", \"desc\"], \"col\": 1, \"size_x\": 12}]",
                "timeRestore": false,
                "title": "[Filebeat Netflow] Flow records",
                "uiStateJSON": "{\"P-3\": {\"vis\": {\"defaultColors\": {\"0 - 100\": \"rgb(0,104,55)\"}}}}",
                "version": 1
            },
            "id": "94972700-de4a-4272-9143-2fa8d4981365",
            "migrationVersion": {
                "dashboard": "7.0.0"
            },
            "references": [
                {
                    "id": "filebeat-*",
                    "name": "kibanaSavedObjectMeta.searchSourceJSON.filter[0].meta.index",
                    "type": "index-pattern"
                },
                {
                    "id": "4bb0255e-18ed-45e4-bfb9-de8e35b12094",
                    "name": "panel_0",
                    "type": "visualization"
                },
                {
                    "id": "c27c6a3b-93ee-44d5-8d0c-9b097e575f52",
                    "name": "panel_1",
                    "type": "visualization"
                },
                {
                    "id": "d4e6520a-9ced-47c9-a8f2-7246e8cbd2d3",
                    "name": "panel_2",
                    "type": "visualization"
                },
                {
                    "id": "a34c6611-79d8-4b50-ae3f-8b328d28e24a",
                    "name": "panel_3",
                    "type": "search"
                }
            ],
            "type": "dashboard",
            "updated_at": "2019-07-11T04:44:34.680Z",
            "version": "WzM0MjcsMV0="
        },
        {
            "attributes": {
                "description": "",
                "kibanaSavedObjectMeta": {
                    "searchSourceJSON": "{\"query\": {\"query_string\": {\"query\": \"*\", \"analyze_wildcard\": true}}, \"indexRefName\": \"kibanaSavedObjectMeta.searchSourceJSON.index\", \"filter\": []}"
                },
                "title": "Flow Records [Filebeat Netflow]",
                "uiStateJSON": "{\"vis\": {\"legendOpen\": true}}",
                "version": 1,
                "visState": "{\"listeners\": {}, \"params\": {\"addLegend\": true, \"mode\": \"stacked\", \"categoryAxes\": [{\"title\": {}, \"position\": \"bottom\", \"scale\": {\"type\": \"linear\"}, \"labels\": {\"truncate\": 100, \"show\": true}, \"type\": \"category\", \"id\": \"CategoryAxis-1\", \"style\": {}, \"show\": true}], \"addTooltip\": true, \"seriesParams\": [{\"valueAxis\": \"ValueAxis-1\", \"mode\": \"stacked\", \"showCircles\": true, \"data\": {\"label\": \"Flow Records\", \"id\": \"1\"}, \"type\": \"histogram\", \"drawLinesBetweenPoints\": true, \"show\": \"true\"}], \"legendPosition\": \"right\", \"scale\": \"linear\", \"valueAxes\": [{\"title\": {\"text\": \"Count\"}, \"position\": \"left\", \"name\": \"LeftAxis-1\", \"scale\": {\"type\": \"linear\", \"mode\": \"normal\"}, \"labels\": {\"show\": true, \"truncate\": 100, \"rotate\": 0, \"filter\": false}, \"type\": \"value\", \"id\": \"ValueAxis-1\", \"style\": {}, \"show\": true}], \"defaultYExtents\": false, \"grid\": {\"categoryLines\": false, \"style\": {\"color\": \"#eee\"}}, \"setYExtents\": false, \"times\": [], \"addTimeMarker\": false}, \"type\": \"histogram\", \"aggs\": [{\"params\": {\"customLabel\": \"Flow Records\"}, \"schema\": \"metric\", \"type\": \"count\", \"enabled\": true, \"id\": \"1\"}, {\"params\": {\"field\": \"event.end\", \"extended_bounds\": {}, \"min_doc_count\": 1, \"interval\": \"s\", \"customLabel\": \"Timeline\"}, \"schema\": \"segment\", \"type\": \"date_histogram\", \"enabled\": true, \"id\": \"2\"}, {\"params\": {\"field\": \"netflow.exporter.version\", \"orderBy\": \"1\", \"order\": \"desc\", \"customLabel\": \"Version\", \"size\": 5}, \"schema\": \"group\", \"type\": \"terms\", \"enabled\": true, \"id\": \"3\"}], \"title\": \"Flow Records [Filebeat Netflow]\"}"
            },
            "id": "4bb0255e-18ed-45e4-bfb9-de8e35b12094",
            "migrationVersion": {
                "visualization": "7.2.0"
            },
            "references": [
                {
                    "id": "filebeat-*",
                    "name": "kibanaSavedObjectMeta.searchSourceJSON.index",
                    "type": "index-pattern"
                }
            ],
            "type": "visualization",
            "updated_at": "2019-07-11T04:44:34.680Z",
            "version": "WzM0MjgsMV0="
        },
        {
            "attributes": {
                "description": "",
                "kibanaSavedObjectMeta": {
                    "searchSourceJSON": "{\"query\": {\"query_string\": {\"query\": \"*\", \"analyze_wildcard\": true}}, \"indexRefName\": \"kibanaSavedObjectMeta.searchSourceJSON.index\", \"filter\": []}"
                },
                "title": "Flow Records [Filebeat Netflow]",
                "uiStateJSON": "{\"vis\": {\"defaultColors\": {\"0 - 100\": \"rgb(0,104,55)\"}}}",
                "version": 1,
                "visState": "{\"listeners\": {}, \"params\": {\"addLegend\": false, \"fontSize\": \"32\", \"addTooltip\": true, \"gauge\": {\"invertColors\": false, \"gaugeType\": \"Metric\", \"orientation\": \"vertical\", \"colorSchema\": \"Green to Red\", \"labels\": {\"color\": \"black\", \"show\": true}, \"gaugeStyle\": \"Full\", \"useRange\": false, \"verticalSplit\": false, \"backStyle\": \"Full\", \"autoExtend\": false, \"scale\": {\"color\": \"#333\", \"labels\": false, \"show\": false, \"width\": 2}, \"gaugeColorMode\": \"None\", \"colorsRange\": [{\"to\": 100, \"from\": 0}], \"type\": \"simple\", \"style\": {\"fontSize\": \"36\", \"labelColor\": false, \"bgColor\": false, \"bgFill\": \"#000\", \"subText\": \"\"}, \"percentageMode\": false}, \"type\": \"gauge\", \"handleNoResults\": true}, \"type\": \"metric\", \"aggs\": [{\"params\": {\"customLabel\": \"Flow Records\"}, \"schema\": \"metric\", \"type\": \"count\", \"enabled\": true, \"id\": \"1\"}], \"title\": \"Flow Records [Filebeat Netflow]\"}"
            },
            "id": "c27c6a3b-93ee-44d5-8d0c-9b097e575f52",
            "migrationVersion": {
                "visualization": "7.2.0"
            },
            "references": [
                {
                    "id": "filebeat-*",
                    "name": "kibanaSavedObjectMeta.searchSourceJSON.index",
                    "type": "index-pattern"
                }
            ],
            "type": "visualization",
            "updated_at": "2019-07-11T04:44:34.680Z",
            "version": "WzM0MjksMV0="
        },
        {
            "attributes": {
                "description": "",
                "kibanaSavedObjectMeta": {
                    "searchSourceJSON": "{\"query\": {\"query_string\": {\"query\": \"*\", \"analyze_wildcard\": true}}, \"filter\": []}"
                },
                "title": "Dashboard Navigation [Filebeat Netflow]",
                "uiStateJSON": "{}",
                "version": 1,
                "visState": "{\"listeners\": {}, \"params\": {\"markdown\": \"[Overview](#/dashboard/34e26884-161a-4448-9556-43b5bf2f62a2) | [Conversation Partners](#/dashboard/acd7a630-0c71-4840-bc9e-4a3801374a32) | [Traffic Analysis](#/dashboard/38012abe-c611-4124-8497-381fcd85acc8) | [Top-N](#/dashboard/14387a13-53bc-43a4-b9cd-63977aa8d87c) | [Geo Location](#/dashboard/77326664-23be-4bf1-a126-6d7e60cfc024) | [Autonomous Systems](#/dashboard/c64665f9-d222-421e-90b0-c7310d944b8a) | [Flow Exporters](#/dashboard/feebb4e6-b13e-4e4e-b9fc-d3a178276425) | [Raw Flow Records](#/dashboard/94972700-de4a-4272-9143-2fa8d4981365)\\n***\"}, \"type\": \"markdown\", \"aggs\": [], \"title\": \"Dashboard Navigation [Filebeat Netflow]\"}"
            },
            "id": "d4e6520a-9ced-47c9-a8f2-7246e8cbd2d3",
            "migrationVersion": {
                "visualization": "7.2.0"
            },
            "references": [],
            "type": "visualization",
            "updated_at": "2019-07-11T04:44:38.685Z",
            "version": "WzM0NjQsMV0="
        },
        {
            "attributes": {
                "columns": [
                    "source.ip",
                    "source.port",
                    "destination.ip",
                    "destination.port",
                    "network.transport",
                    "network.bytes",
                    "network.packets"
                ],
                "description": "",
                "hits": 0,
                "kibanaSavedObjectMeta": {
                    "searchSourceJSON": "{\"version\": true, \"query\": {\"query_string\": {\"query\": \"*\", \"analyze_wildcard\": true}}, \"highlightAll\": true, \"indexRefName\": \"kibanaSavedObjectMeta.searchSourceJSON.index\", \"filter\": []}"
                },
                "sort": [
                    "@timestamp",
                    "desc"
                ],
                "title": "Flow Records [Filebeat Netflow]",
                "version": 1
            },
            "id": "a34c6611-79d8-4b50-ae3f-8b328d28e24a",
            "migrationVersion": {
                "search": "7.0.0"
            },
            "references": [
                {
                    "id": "filebeat-*",
                    "name": "kibanaSavedObjectMeta.searchSourceJSON.index",
                    "type": "index-pattern"
                }
            ],
            "type": "search",
            "updated_at": "2019-07-11T04:44:34.680Z",
            "version": "WzM0MzEsMV0="
        }
    ],
    "version": "7.2.0"
}