{
    "objects": [
        {
            "attributes": {
                "description": "This dashboard shows expanded user activity in Azure cloud.",
                "hits": 0,
                "kibanaSavedObjectMeta": {
                    "searchSourceJSON": "{\"query\": {\"query\": \"\", \"language\": \"kuery\"}, \"filter\": [{\"exists\": {\"field\": \"azure.activitylogs.identity.claims_initiated_by_user.fullname\"}, \"meta\": {\"negate\": false, \"key\": \"azure.activitylogs.identity.claims_initiated_by_user.fullname\", \"disabled\": false, \"alias\": null, \"type\": \"exists\", \"indexRefName\": \"kibanaSavedObjectMeta.searchSourceJSON.filter[0].meta.index\", \"value\": \"exists\"}, \"$state\": {\"store\": \"appState\"}}]}"
                },
                "optionsJSON": "{\"useMargins\": true, \"hidePanelTitles\": false}",
                "panelsJSON": "[{\"version\": \"7.4.0\", \"panelIndex\": \"675f172f-dbec-44fe-b45c-fe854a967695\", \"gridData\": {\"y\": 0, \"i\": \"675f172f-dbec-44fe-b45c-fe854a967695\", \"h\": 4, \"w\": 8, \"x\": 0}, \"embeddableConfig\": {\"title\": \"\"}, \"panelRefName\": \"panel_0\"}, {\"version\": \"7.4.0\", \"panelIndex\": \"705596b5-db2e-4c45-875d-95d98bfb7ee8\", \"gridData\": {\"y\": 0, \"i\": \"705596b5-db2e-4c45-875d-95d98bfb7ee8\", \"h\": 4, \"w\": 16, \"x\": 8}, \"embeddableConfig\": {\"title\": \"\"}, \"panelRefName\": \"panel_1\"}, {\"version\": \"7.4.0\", \"panelIndex\": \"ace19840-2084-45bd-bf86-9ab31b04a17b\", \"gridData\": {\"y\": 0, \"i\": \"ace19840-2084-45bd-bf86-9ab31b04a17b\", \"h\": 9, \"w\": 24, \"x\": 24}, \"embeddableConfig\": {}, \"panelRefName\": \"panel_2\"}, {\"title\": \"Users List\", \"panelIndex\": \"d4d708e1-d179-4688-8005-54e2162a82d2\", \"embeddableConfig\": {\"title\": \"Users List\"}, \"panelRefName\": \"panel_3\", \"version\": \"7.4.0\", \"gridData\": {\"y\": 4, \"i\": \"d4d708e1-d179-4688-8005-54e2162a82d2\", \"h\": 15, \"w\": 11, \"x\": 0}}, {\"title\": \"Top Caller IPs\", \"panelIndex\": \"5774219c-fb45-4480-bdfb-75a69bdc2cfe\", \"embeddableConfig\": {\"title\": \"Top Caller IPs\"}, \"panelRefName\": \"panel_4\", \"version\": \"7.4.0\", \"gridData\": {\"y\": 4, \"i\": \"5774219c-fb45-4480-bdfb-75a69bdc2cfe\", \"h\": 15, \"w\": 13, \"x\": 11}}, {\"version\": \"7.4.0\", \"panelIndex\": \"5deee186-fe00-4edc-9e5b-86d8d09f6550\", \"gridData\": {\"y\": 9, \"i\": \"5deee186-fe00-4edc-9e5b-86d8d09f6550\", \"h\": 10, \"w\": 24, \"x\": 24}, \"embeddableConfig\": {}, \"panelRefName\": \"panel_5\"}, {\"title\": \"Top Resource Groups\", \"panelIndex\": \"2fa13b32-c544-45f7-9132-620d09d121eb\", \"embeddableConfig\": {\"title\": \"Top Resource Groups\", \"vis\": {\"legendOpen\": false}}, \"panelRefName\": \"panel_6\", \"version\": \"7.4.0\", \"gridData\": {\"y\": 19, \"i\": \"2fa13b32-c544-45f7-9132-620d09d121eb\", \"h\": 15, \"w\": 16, \"x\": 0}}, {\"version\": \"7.4.0\", \"panelIndex\": \"1a6dce1d-d039-4d18-87c7-1b700da676c2\", \"embeddableConfig\": {\"legendOpen\": false, \"vis\": {\"legendOpen\": true}}, \"gridData\": {\"y\": 19, \"i\": \"1a6dce1d-d039-4d18-87c7-1b700da676c2\", \"h\": 7, \"w\": 17, \"x\": 16}, \"panelRefName\": \"panel_7\"}, {\"version\": \"7.4.0\", \"panelIndex\": \"8fddd3bb-c1e6-4533-b075-1ab7361b3af0\", \"embeddableConfig\": {\"legendOpen\": false, \"vis\": {\"legendOpen\": true}}, \"gridData\": {\"y\": 26, \"i\": \"8fddd3bb-c1e6-4533-b075-1ab7361b3af0\", \"h\": 8, \"w\": 17, \"x\": 16}, \"panelRefName\": \"panel_8\"}, {\"title\": \"Top Resource Types\", \"panelIndex\": \"84583e62-1aad-4f03-a25a-c4f9eaace8c0\", \"embeddableConfig\": {\"title\": \"Top Resource Types\"}, \"panelRefName\": \"panel_9\", \"version\": \"7.4.0\", \"gridData\": {\"y\": 19, \"i\": \"84583e62-1aad-4f03-a25a-c4f9eaace8c0\", \"h\": 15, \"w\": 15, \"x\": 33}}]",
                "timeRestore": false,
                "title": "[Filebeat Azure] User Activity",
                "version": 1
            },
            "id": "87095750-f05a-11e9-90ec-112a988266d5",
            "migrationVersion": {
                "dashboard": "7.3.0"
            },
            "references": [
                {
                    "id": "filebeat-*",
                    "name": "kibanaSavedObjectMeta.searchSourceJSON.filter[0].meta.index",
                    "type": "index-pattern"
                },
                {
                    "id": "c43855e0-f05a-11e9-90ec-112a988266d5",
                    "name": "panel_0",
                    "type": "visualization"
                },
                {
                    "id": "b0471750-f05b-11e9-90ec-112a988266d5",
                    "name": "panel_1",
                    "type": "visualization"
                },
                {
                    "id": "e0203fc0-f05f-11e9-90ec-112a988266d5",
                    "name": "panel_2",
                    "type": "visualization"
                },
                {
                    "id": "52da1700-f05d-11e9-90ec-112a988266d5",
                    "name": "panel_3",
                    "type": "visualization"
                },
                {
                    "id": "6ece76d0-f0cc-11e9-90ec-112a988266d5",
                    "name": "panel_4",
                    "type": "visualization"
                },
                {
                    "id": "0dd135c0-f0cc-11e9-90ec-112a988266d5",
                    "name": "panel_5",
                    "type": "visualization"
                },
                {
                    "id": "71b62ca0-ec1a-11e9-90ec-112a988266d5",
                    "name": "panel_6",
                    "type": "visualization"
                },
                {
                    "id": "d91ce8d0-53e8-11ea-b1b7-7de801e1c297",
                    "name": "panel_7",
                    "type": "visualization"
                },
                {
                    "id": "6db84660-53e9-11ea-b1b7-7de801e1c297",
                    "name": "panel_8",
                    "type": "visualization"
                },
                {
                    "id": "9ed46680-f0ce-11e9-90ec-112a988266d5",
                    "name": "panel_9",
                    "type": "visualization"
                }
            ],
            "type": "dashboard",
            "updated_at": "2019-10-18T17:27:59.187Z",
            "version": "WzkyNDUsMV0="
        },
        {
            "attributes": {
                "description": "",
                "kibanaSavedObjectMeta": {
                    "searchSourceJSON": "{\"query\": {\"query\": \"\", \"language\": \"kuery\"}, \"filter\": []}"
                },
                "title": "Navigation Users [Filebeat Azure]",
                "uiStateJSON": "{}",
                "version": 1,
                "visState": "{\"params\": {\"markdown\": \"### Azure Monitoring\\n\\n[Overview](#/dashboard/41e84340-ec20-11e9-90ec-112a988266d5) | [**Users**](#/dashboard/87095750-f05a-11e9-90ec-112a988266d5) | [Alerts](#/dashboard/0f559cc0-f0d5-11e9-90ec-112a988266d5) \", \"fontSize\": 10, \"openLinksInNewTab\": false}, \"title\": \"Navigation Users [Filebeat Azure]\", \"type\": \"markdown\", \"aggs\": []}"
            },
            "id": "c43855e0-f05a-11e9-90ec-112a988266d5",
            "migrationVersion": {
                "visualization": "7.3.1"
            },
            "references": [],
            "type": "visualization",
            "updated_at": "2019-10-17T11:56:56.135Z",
            "version": "WzQ5MzYsMV0="
        },
        {
            "attributes": {
                "description": "",
                "kibanaSavedObjectMeta": {
                    "searchSourceJSON": "{\"query\": {\"query\": \"\", \"language\": \"kuery\"}, \"filter\": []}"
                },
                "title": "User Filters [Filebeat Azure]",
                "uiStateJSON": "{}",
                "version": 1,
                "visState": "{\"params\": {\"useTimeFilter\": false, \"pinFilters\": false, \"controls\": [{\"label\": \"Subscription\", \"fieldName\": \"azure.subscription_id\", \"indexPatternRefName\": \"control_0_index_pattern\", \"type\": \"list\", \"options\": {\"dynamicOptions\": true, \"multiselect\": true, \"order\": \"desc\", \"type\": \"terms\", \"size\": 100}, \"id\": \"1517598395667\"}, {\"label\": \"User Email\", \"fieldName\": \"azure.activitylogs.identity.claims_initiated_by_user.name\", \"indexPatternRefName\": \"control_1_index_pattern\", \"type\": \"list\", \"options\": {\"dynamicOptions\": true, \"multiselect\": true, \"order\": \"desc\", \"type\": \"terms\", \"size\": 100}, \"id\": \"1518843942322\"}], \"updateFiltersOnChange\": true}, \"title\": \"User Filters [Filebeat Azure]\", \"type\": \"input_control_vis\", \"aggs\": []}"
            },
            "id": "b0471750-f05b-11e9-90ec-112a988266d5",
            "migrationVersion": {
                "visualization": "7.3.1"
            },
            "references": [
                {
                    "id": "filebeat-*",
                    "name": "control_0_index_pattern",
                    "type": "index-pattern"
                },
                {
                    "id": "filebeat-*",
                    "name": "control_1_index_pattern",
                    "type": "index-pattern"
                }
            ],
            "type": "visualization",
            "updated_at": "2019-10-18T09:36:45.050Z",
            "version": "Wzg0NTcsMV0="
        },
        {
            "attributes": {
                "description": "",
                "kibanaSavedObjectMeta": {
                    "searchSourceJSON": "{\"query\": {\"query\": \"\", \"language\": \"kuery\"}, \"filter\": []}"
                },
                "title": "User Activity Overview [Filebeat Azure]",
                "uiStateJSON": "{}",
                "version": 1,
                "visState": "{\"params\": {\"axis_position\": \"left\", \"isModelInvalid\": false, \"default_index_pattern\": \"metricbeat-*\", \"type\": \"timeseries\", \"show_grid\": 1, \"index_pattern\": \"filebeat-*\", \"id\": \"61ca57f0-469d-11e7-af02-69e470af7417\", \"filter\": {\"query\": \"event.dataset :\\\"azure.activitylogs\\\" and azure.activitylogs.event_category :\\\"Administrative\\\" and azure.activitylogs.identity.claims_initiated_by_user.fullname :*\", \"language\": \"kuery\"}, \"series\": [{\"label\": \"Actions\", \"color\": \"rgba(1,155,143,1)\", \"hide_in_legend\": 0, \"axis_position\": \"right\", \"fill\": \"0.4\", \"formatter\": \"number\", \"split_mode\": \"everything\", \"seperate_axis\": 0, \"id\": \"61ca57f1-469d-11e7-af02-69e470af7417\", \"line_width\": 1, \"chart_type\": \"bar\", \"stacked\": \"none\", \"point_size\": 1, \"filter\": \"\", \"split_filters\": [{\"color\": \"rgba(244,78,59,1)\", \"label\": \"\", \"id\": \"a5302500-1399-11e8-a699-f390e75f4dd5\", \"filter\": \"_exists_:identity.claims.name\"}], \"metrics\": [{\"type\": \"count\", \"id\": \"61ca57f2-469d-11e7-af02-69e470af7417\"}]}], \"interval\": \"auto\", \"default_timefield\": \"@timestamp\", \"axis_scale\": \"normal\", \"time_field\": null, \"show_legend\": 0, \"axis_formatter\": \"number\"}, \"title\": \"User Activity Overview [Filebeat Azure]\", \"type\": \"metrics\", \"aggs\": []}"
            },
            "id": "e0203fc0-f05f-11e9-90ec-112a988266d5",
            "migrationVersion": {
                "visualization": "7.3.1"
            },
            "references": [],
            "type": "visualization",
            "updated_at": "2019-10-18T17:27:33.254Z",
            "version": "WzkyNDMsMV0="
        },
        {
            "attributes": {
                "description": "",
                "kibanaSavedObjectMeta": {
                    "searchSourceJSON": "{\"query\": {\"query\": \"\", \"language\": \"lucene\"}, \"indexRefName\": \"kibanaSavedObjectMeta.searchSourceJSON.index\", \"filter\": []}"
                },
                "title": "Users List [Filebeat Azure]",
                "uiStateJSON": "{\"vis\": {\"params\": {\"sort\": {\"direction\": null, \"columnIndex\": null}}}}",
                "version": 1,
                "visState": "{\"params\": {\"showMetricsAtAllLevels\": false, \"showPartialRows\": false, \"totalFunc\": \"sum\", \"sort\": {\"direction\": null, \"columnIndex\": null}, \"dimensions\": {\"buckets\": [{\"params\": {}, \"aggType\": \"terms\", \"accessor\": 0, \"format\": {\"params\": {\"otherBucketLabel\": \"Other\", \"id\": \"string\", \"missingBucketLabel\": \"Missing\"}, \"id\": \"terms\"}}, {\"params\": {}, \"aggType\": \"terms\", \"accessor\": 1, \"format\": {\"params\": {\"otherBucketLabel\": \"Other\", \"id\": \"string\", \"missingBucketLabel\": \"Missing\"}, \"id\": \"terms\"}}], \"metrics\": [{\"params\": {}, \"aggType\": \"cardinality\", \"accessor\": 2, \"format\": {\"id\": \"number\"}}, {\"params\": {}, \"aggType\": \"count\", \"accessor\": 3, \"format\": {\"id\": \"number\"}}]}, \"showTotal\": false, \"perPage\": 10, \"percentageCol\": \"\"}, \"title\": \"Users List [Filebeat Azure]\", \"type\": \"table\", \"aggs\": [{\"params\": {\"field\": \"azure.activitylogs.identity.claims_initiated_by_user.name\", \"missingBucket\": false, \"order\": \"desc\", \"missingBucketLabel\": \"Missing\", \"size\": 20, \"otherBucketLabel\": \"Other\", \"otherBucket\": false, \"orderBy\": \"1\", \"customLabel\": \"Email\"}, \"schema\": \"bucket\", \"type\": \"terms\", \"enabled\": true, \"id\": \"2\"}, {\"params\": {\"field\": \"azure.activitylogs.identity.claims_initiated_by_user.fullname\", \"missingBucket\": false, \"order\": \"desc\", \"missingBucketLabel\": \"Missing\", \"size\": 5, \"otherBucketLabel\": \"Other\", \"otherBucket\": false, \"orderBy\": \"1\", \"customLabel\": \"Name\"}, \"schema\": \"bucket\", \"type\": \"terms\", \"enabled\": true, \"id\": \"3\"}, {\"params\": {\"field\": \"source.ip\", \"customLabel\": \"IPs\"}, \"schema\": \"metric\", \"type\": \"cardinality\", \"enabled\": true, \"id\": \"5\"}, {\"params\": {\"customLabel\": \"Actions\"}, \"schema\": \"metric\", \"type\": \"count\", \"enabled\": true, \"id\": \"1\"}]}"
            },
            "id": "52da1700-f05d-11e9-90ec-112a988266d5",
            "migrationVersion": {
                "visualization": "7.3.1"
            },
            "references": [
                {
                    "id": "filebeat-*",
                    "name": "kibanaSavedObjectMeta.searchSourceJSON.index",
                    "type": "index-pattern"
                }
            ],
            "type": "visualization",
            "updated_at": "2019-10-18T09:05:04.252Z",
            "version": "WzgwNjAsMV0="
        },
        {
            "attributes": {
                "description": "",
                "kibanaSavedObjectMeta": {
                    "searchSourceJSON": "{\"query\": {\"query\": \"event.dataset :\\\"azure.activitylogs\\\" \", \"language\": \"kuery\"}, \"indexRefName\": \"kibanaSavedObjectMeta.searchSourceJSON.index\", \"filter\": []}"
                },
                "title": "Caller IP [Filebeat Azure]",
                "uiStateJSON": "{\"vis\": {\"params\": {\"sort\": {\"direction\": null, \"columnIndex\": null}}}}",
                "version": 1,
                "visState": "{\"params\": {\"showMetricsAtAllLevels\": false, \"showPartialRows\": false, \"totalFunc\": \"sum\", \"sort\": {\"direction\": null, \"columnIndex\": null}, \"dimensions\": {\"buckets\": [{\"params\": {}, \"aggType\": \"terms\", \"accessor\": 0, \"format\": {\"params\": {\"otherBucketLabel\": \"Other\", \"id\": \"ip\", \"missingBucketLabel\": \"Missing\"}, \"id\": \"terms\"}}, {\"params\": {}, \"aggType\": \"terms\", \"accessor\": 1, \"format\": {\"params\": {\"otherBucketLabel\": \"Other\", \"id\": \"string\", \"missingBucketLabel\": \"Missing\"}, \"id\": \"terms\"}}, {\"params\": {}, \"aggType\": \"terms\", \"accessor\": 2, \"format\": {\"params\": {\"otherBucketLabel\": \"Other\", \"id\": \"string\", \"missingBucketLabel\": \"Missing\"}, \"id\": \"terms\"}}], \"metrics\": [{\"params\": {}, \"aggType\": \"count\", \"accessor\": 3, \"format\": {\"id\": \"number\"}}]}, \"showTotal\": false, \"perPage\": 10, \"percentageCol\": \"\"}, \"title\": \"Caller IP [Filebeat Azure]\", \"type\": \"table\", \"aggs\": [{\"params\": {\"field\": \"source.ip\", \"missingBucket\": false, \"order\": \"desc\", \"missingBucketLabel\": \"Missing\", \"size\": 100, \"otherBucketLabel\": \"Other\", \"otherBucket\": false, \"orderBy\": \"5\", \"customLabel\": \"Caller IP\"}, \"schema\": \"bucket\", \"type\": \"terms\", \"enabled\": true, \"id\": \"2\"}, {\"params\": {\"field\": \"geo.country_name\", \"missingBucket\": false, \"order\": \"desc\", \"missingBucketLabel\": \"Missing\", \"size\": 100, \"otherBucketLabel\": \"Other\", \"otherBucket\": false, \"orderBy\": \"5\", \"customLabel\": \"Country\"}, \"schema\": \"bucket\", \"type\": \"terms\", \"enabled\": true, \"id\": \"3\"}, {\"params\": {\"field\": \"azure.activitylogs.identity.claims_initiated_by_user.name\", \"missingBucket\": false, \"order\": \"desc\", \"missingBucketLabel\": \"Missing\", \"size\": 5, \"otherBucketLabel\": \"Other\", \"otherBucket\": false, \"orderBy\": \"_key\", \"customLabel\": \"Email\"}, \"schema\": \"bucket\", \"type\": \"terms\", \"enabled\": true, \"id\": \"4\"}, {\"params\": {}, \"schema\": \"metric\", \"type\": \"count\", \"enabled\": true, \"id\": \"5\"}]}"
            },
            "id": "6ece76d0-f0cc-11e9-90ec-112a988266d5",
            "migrationVersion": {
                "visualization": "7.3.1"
            },
            "references": [
                {
                    "id": "filebeat-*",
                    "name": "kibanaSavedObjectMeta.searchSourceJSON.index",
                    "type": "index-pattern"
                }
            ],
            "type": "visualization",
            "updated_at": "2019-10-18T09:09:36.555Z",
            "version": "WzgwNjUsMV0="
        },
        {
            "attributes": {
                "description": "",
                "kibanaSavedObjectMeta": {
                    "searchSourceJSON": "{\"query\": {\"query\": \"\", \"language\": \"kuery\"}, \"filter\": []}"
                },
                "title": "Authorization Activity User [Filebeat Azure]",
                "uiStateJSON": "{}",
                "version": 1,
                "visState": "{\"params\": {\"axis_position\": \"left\", \"isModelInvalid\": false, \"default_index_pattern\": \"metricbeat-*\", \"type\": \"timeseries\", \"show_grid\": 1, \"index_pattern\": \"filebeat-*\", \"id\": \"61ca57f0-469d-11e7-af02-69e470af7417\", \"filter\": {\"query\": \"event.dataset :\\\"azure.activitylogs\\\" and azure.activitylogs.operation_name : *LISTKEYS* \", \"language\": \"kuery\"}, \"series\": [{\"label\": \"Success\", \"color\": \"rgba(164,221,0,1)\", \"axis_position\": \"right\", \"separate_axis\": 0, \"fill\": 0.5, \"formatter\": \"number\", \"split_mode\": \"filter\", \"id\": \"61ca57f1-469d-11e7-af02-69e470af7417\", \"line_width\": 1, \"chart_type\": \"line\", \"terms_field\": \"azure.activitylogs.result_type\", \"stacked\": \"none\", \"point_size\": 1, \"filter\": {\"query\": \"azure.activitylogs.result_type : \\\"Success\\\" \", \"language\": \"kuery\"}, \"metrics\": [{\"type\": \"count\", \"id\": \"61ca57f2-469d-11e7-af02-69e470af7417\"}]}, {\"label\": \"Failure\", \"color\": \"rgba(244,78,59,1)\", \"axis_position\": \"right\", \"separate_axis\": 0, \"fill\": 0.5, \"formatter\": \"number\", \"split_mode\": \"filter\", \"id\": \"78e85470-f0cb-11e9-bf79-0db2fc8554f1\", \"line_width\": 1, \"chart_type\": \"line\", \"stacked\": \"none\", \"point_size\": 1, \"filter\": {\"query\": \"azure.activitylogs.result_type : \\\"Fail\\\" \", \"language\": \"kuery\"}, \"metrics\": [{\"type\": \"count\", \"id\": \"78e85471-f0cb-11e9-bf79-0db2fc8554f1\"}]}], \"interval\": \"\", \"default_timefield\": \"@timestamp\", \"axis_scale\": \"normal\", \"time_field\": \"\", \"show_legend\": 0, \"axis_formatter\": \"number\"}, \"title\": \"Authorization Activity User [Filebeat Azure]\", \"type\": \"metrics\", \"aggs\": []}"
            },
            "id": "0dd135c0-f0cc-11e9-90ec-112a988266d5",
            "migrationVersion": {
                "visualization": "7.3.1"
            },
            "references": [],
            "type": "visualization",
            "updated_at": "2019-10-17T11:33:16.437Z",
            "version": "WzQ4OTksMV0="
        },
        {
            "attributes": {
                "description": "",
                "kibanaSavedObjectMeta": {
                    "searchSourceJSON": "{\"query\": {\"query\": \"\", \"language\": \"kuery\"}, \"indexRefName\": \"kibanaSavedObjectMeta.searchSourceJSON.index\", \"filter\": []}"
                },
                "title": "Top Resource Groups [Filebeat Azure]",
                "uiStateJSON": "{}",
                "version": 1,
                "visState": "{\"params\": {\"addLegend\": true, \"categoryAxes\": [{\"title\": {}, \"position\": \"left\", \"scale\": {\"type\": \"linear\"}, \"labels\": {\"show\": true, \"truncate\": 200, \"rotate\": 0, \"filter\": false}, \"type\": \"category\", \"id\": \"CategoryAxis-1\", \"style\": {}, \"show\": true}], \"seriesParams\": [{\"valueAxis\": \"ValueAxis-1\", \"mode\": \"normal\", \"showCircles\": true, \"data\": {\"label\": \"Count\", \"id\": \"1\"}, \"type\": \"histogram\", \"drawLinesBetweenPoints\": true, \"show\": true}], \"legendPosition\": \"right\", \"type\": \"histogram\", \"times\": [], \"grid\": {\"categoryLines\": false}, \"dimensions\": {\"y\": [{\"params\": {}, \"aggType\": \"count\", \"accessor\": 1, \"format\": {\"id\": \"number\"}}], \"x\": {\"params\": {}, \"aggType\": \"terms\", \"accessor\": 0, \"format\": {\"params\": {\"otherBucketLabel\": \"Other\", \"id\": \"string\", \"missingBucketLabel\": \"Missing\"}, \"id\": \"terms\"}}}, \"valueAxes\": [{\"title\": {\"text\": \"Count\"}, \"position\": \"bottom\", \"name\": \"LeftAxis-1\", \"scale\": {\"type\": \"linear\", \"mode\": \"normal\"}, \"labels\": {\"show\": true, \"truncate\": 100, \"rotate\": 75, \"filter\": true}, \"type\": \"value\", \"id\": \"ValueAxis-1\", \"style\": {}, \"show\": false}], \"labels\": {}, \"addTooltip\": true, \"addTimeMarker\": false}, \"title\": \"Top Resource Groups [Filebeat Azure]\", \"type\": \"horizontal_bar\", \"aggs\": [{\"params\": {}, \"schema\": \"metric\", \"type\": \"count\", \"enabled\": true, \"id\": \"1\"}, {\"params\": {\"field\": \"azure.resource.group\", \"missingBucket\": false, \"order\": \"desc\", \"missingBucketLabel\": \"Missing\", \"size\": 10, \"otherBucketLabel\": \"Other\", \"otherBucket\": false, \"orderBy\": \"1\", \"customLabel\": \"Resource Groups\"}, \"schema\": \"segment\", \"type\": \"terms\", \"enabled\": true, \"id\": \"2\"}]}"
            },
            "id": "71b62ca0-ec1a-11e9-90ec-112a988266d5",
            "migrationVersion": {
                "visualization": "7.3.1"
            },
            "references": [
                {
                    "id": "filebeat-*",
                    "name": "kibanaSavedObjectMeta.searchSourceJSON.index",
                    "type": "index-pattern"
                }
            ],
            "type": "visualization",
            "updated_at": "2019-10-17T14:50:09.427Z",
            "version": "WzYxMTUsMV0="
        },
        {
            "attributes": {
                "description": "",
                "kibanaSavedObjectMeta": {
                    "searchSourceJSON": "{\"query\": {\"query\": \"event.dataset :\\\"azure.activitylogs\\\" \", \"language\": \"kuery\"}, \"indexRefName\": \"kibanaSavedObjectMeta.searchSourceJSON.index\", \"filter\": []}"
                },
                "title": "Resource Creations [Filebeat Azure]",
                "uiStateJSON": "{}",
                "version": 1,
                "visState": "{\"title\": \"Resource Creations [Filebeat Azure]\", \"params\": {\"addLegend\": true, \"categoryAxes\": [{\"title\": {}, \"position\": \"left\", \"scale\": {\"type\": \"linear\"}, \"labels\": {\"show\": true, \"truncate\": 200, \"rotate\": 0, \"filter\": false}, \"type\": \"category\", \"id\": \"CategoryAxis-1\", \"style\": {}, \"show\": true}], \"seriesParams\": [{\"valueAxis\": \"ValueAxis-1\", \"mode\": \"stacked\", \"showCircles\": true, \"lineWidth\": 2, \"data\": {\"label\": \"Count\", \"id\": \"1\"}, \"type\": \"histogram\", \"drawLinesBetweenPoints\": true, \"show\": true}], \"legendPosition\": \"right\", \"labels\": {}, \"times\": [], \"thresholdLine\": {\"color\": \"#E7664C\", \"width\": 1, \"value\": 10, \"show\": false, \"style\": \"full\"}, \"grid\": {\"categoryLines\": false, \"valueAxis\": \"\"}, \"dimensions\": {\"y\": [{\"label\": \"Count\", \"params\": {}, \"aggType\": \"count\", \"accessor\": 2, \"format\": {\"id\": \"number\"}}], \"series\": [{\"label\": \"Creations\", \"params\": {}, \"aggType\": \"terms\", \"accessor\": 1, \"format\": {\"params\": {\"otherBucketLabel\": \"Other\", \"id\": \"string\", \"missingBucketLabel\": \"Missing\"}, \"id\": \"terms\"}}], \"x\": {\"label\": \"Resource type\", \"params\": {}, \"aggType\": \"terms\", \"accessor\": 0, \"format\": {\"params\": {\"otherBucketLabel\": \"Other\", \"id\": \"string\", \"missingBucketLabel\": \"Missing\"}, \"id\": \"terms\"}}}, \"valueAxes\": [{\"title\": {\"text\": \"Count\"}, \"position\": \"bottom\", \"name\": \"LeftAxis-1\", \"scale\": {\"type\": \"linear\", \"mode\": \"normal\"}, \"labels\": {\"show\": true, \"truncate\": 100, \"rotate\": 75, \"filter\": true}, \"type\": \"value\", \"id\": \"ValueAxis-1\", \"style\": {}, \"show\": false}], \"type\": \"histogram\", \"addTooltip\": true, \"addTimeMarker\": false}, \"type\": \"horizontal_bar\", \"aggs\": [{\"params\": {}, \"schema\": \"metric\", \"type\": \"count\", \"id\": \"1\", \"enabled\": true}, {\"params\": {\"field\": \"azure.resource.provider\", \"missingBucket\": false, \"order\": \"desc\", \"missingBucketLabel\": \"Missing\", \"size\": 15, \"otherBucketLabel\": \"Other\", \"orderBy\": \"1\", \"customLabel\": \"Resource type\", \"otherBucket\": false}, \"schema\": \"segment\", \"type\": \"terms\", \"id\": \"2\", \"enabled\": true}, {\"params\": {\"field\": \"azure.activitylogs.identity.authorization.action\", \"missingBucket\": false, \"order\": \"desc\", \"missingBucketLabel\": \"Missing\", \"size\": 15, \"otherBucketLabel\": \"Other\", \"include\": \".*write\", \"orderBy\": \"1\", \"customLabel\": \"Creations\", \"otherBucket\": false}, \"schema\": \"group\", \"type\": \"terms\", \"id\": \"4\", \"enabled\": true}]}"
            },
            "id": "d91ce8d0-53e8-11ea-b1b7-7de801e1c297",
            "migrationVersion": {
                "visualization": "7.3.1"
            },
            "references": [
                {
                    "id": "filebeat-*",
                    "name": "kibanaSavedObjectMeta.searchSourceJSON.index",
                    "type": "index-pattern"
                }
            ],
            "type": "visualization",
            "updated_at": "2020-02-20T13:57:45.235Z",
            "version": "WzU4OSwxXQ=="
        },
        {
            "attributes": {
                "description": "",
                "kibanaSavedObjectMeta": {
                    "searchSourceJSON": "{\"query\": {\"query\": \"event.dataset :\\\"azure.activitylogs\\\" \", \"language\": \"kuery\"}, \"indexRefName\": \"kibanaSavedObjectMeta.searchSourceJSON.index\", \"filter\": []}"
                },
                "title": "Resource Deletions [Filebeat Azure]",
                "uiStateJSON": "{}",
                "version": 1,
                "visState": "{\"title\": \"Resource Deletions [Filebeat Azure]\", \"params\": {\"addLegend\": true, \"categoryAxes\": [{\"title\": {}, \"position\": \"left\", \"scale\": {\"type\": \"linear\"}, \"type\": \"category\", \"labels\": {\"truncate\": 200, \"filter\": false, \"show\": true, \"rotate\": 0}, \"id\": \"CategoryAxis-1\", \"style\": {}, \"show\": true}], \"seriesParams\": [{\"valueAxis\": \"ValueAxis-1\", \"mode\": \"normal\", \"showCircles\": true, \"lineWidth\": 2, \"data\": {\"label\": \"Count\", \"id\": \"1\"}, \"type\": \"histogram\", \"drawLinesBetweenPoints\": true, \"show\": true}], \"legendPosition\": \"right\", \"type\": \"histogram\", \"times\": [], \"thresholdLine\": {\"color\": \"#E7664C\", \"width\": 1, \"value\": 10, \"show\": false, \"style\": \"full\"}, \"grid\": {\"categoryLines\": false}, \"dimensions\": {\"y\": [{\"params\": {}, \"label\": \"Count\", \"format\": {\"id\": \"number\"}, \"accessor\": 2, \"aggType\": \"count\"}], \"series\": [{\"params\": {}, \"label\": \"Deletions\", \"format\": {\"params\": {\"otherBucketLabel\": \"Other\", \"id\": \"string\", \"missingBucketLabel\": \"Missing\"}, \"id\": \"terms\"}, \"accessor\": 1, \"aggType\": \"terms\"}], \"x\": {\"params\": {}, \"label\": \"azure.resource.provider: Descending\", \"format\": {\"params\": {\"otherBucketLabel\": \"Other\", \"id\": \"string\", \"missingBucketLabel\": \"Missing\"}, \"id\": \"terms\"}, \"accessor\": 0, \"aggType\": \"terms\"}}, \"valueAxes\": [{\"title\": {\"text\": \"Count\"}, \"position\": \"bottom\", \"name\": \"LeftAxis-1\", \"scale\": {\"type\": \"linear\", \"mode\": \"normal\"}, \"type\": \"value\", \"labels\": {\"truncate\": 100, \"filter\": true, \"show\": false, \"rotate\": 75}, \"id\": \"ValueAxis-1\", \"style\": {}, \"show\": true}], \"labels\": {}, \"addTooltip\": true, \"addTimeMarker\": false}, \"type\": \"horizontal_bar\", \"aggs\": [{\"params\": {}, \"schema\": \"metric\", \"type\": \"count\", \"id\": \"1\", \"enabled\": true}, {\"params\": {\"field\": \"azure.resource.provider\", \"missingBucket\": false, \"order\": \"desc\", \"missingBucketLabel\": \"Missing\", \"size\": 15, \"otherBucketLabel\": \"Other\", \"orderBy\": \"1\", \"customLabel\": \"Resource type\", \"otherBucket\": false}, \"schema\": \"segment\", \"type\": \"terms\", \"id\": \"2\", \"enabled\": true}, {\"params\": {\"field\": \"azure.activitylogs.identity.authorization.action\", \"missingBucket\": false, \"order\": \"desc\", \"missingBucketLabel\": \"Missing\", \"size\": 15, \"otherBucketLabel\": \"Other\", \"include\": \".*delete\", \"orderBy\": \"1\", \"customLabel\": \"Deletions\", \"otherBucket\": false}, \"schema\": \"group\", \"type\": \"terms\", \"id\": \"3\", \"enabled\": true}]}"
            },
            "id": "6db84660-53e9-11ea-b1b7-7de801e1c297",
            "migrationVersion": {
                "visualization": "7.3.1"
            },
            "references": [
                {
                    "id": "filebeat-*",
                    "name": "kibanaSavedObjectMeta.searchSourceJSON.index",
                    "type": "index-pattern"
                }
            ],
            "type": "visualization",
            "updated_at": "2020-02-20T14:01:02.150Z",
            "version": "WzU5MiwxXQ=="
        },
        {
            "attributes": {
                "description": "",
                "kibanaSavedObjectMeta": {
                    "searchSourceJSON": "{\"query\": {\"query\": \"event.dataset :\\\"azure.activitylogs\\\" \", \"language\": \"kuery\"}, \"indexRefName\": \"kibanaSavedObjectMeta.searchSourceJSON.index\", \"filter\": []}"
                },
                "title": "Resource Type Breakdown [Filebeat Azure]",
                "uiStateJSON": "{}",
                "version": 1,
                "visState": "{\"params\": {\"addLegend\": true, \"addTooltip\": true, \"type\": \"pie\", \"legendPosition\": \"right\", \"dimensions\": {\"buckets\": [{\"params\": {}, \"aggType\": \"terms\", \"accessor\": 0, \"format\": {\"params\": {\"otherBucketLabel\": \"Other\", \"id\": \"string\", \"missingBucketLabel\": \"Missing\"}, \"id\": \"terms\"}}], \"metric\": {\"params\": {}, \"aggType\": \"count\", \"accessor\": 1, \"format\": {\"id\": \"number\"}}}, \"isDonut\": false, \"labels\": {\"truncate\": 100, \"values\": true, \"last_level\": true, \"show\": false}}, \"title\": \"Resource Type Breakdown [Filebeat Azure]\", \"type\": \"pie\", \"aggs\": [{\"params\": {}, \"schema\": \"metric\", \"type\": \"count\", \"enabled\": true, \"id\": \"1\"}, {\"params\": {\"field\": \"azure.resource.provider\", \"missingBucket\": false, \"order\": \"desc\", \"missingBucketLabel\": \"Missing\", \"size\": 10, \"otherBucketLabel\": \"Other\", \"orderBy\": \"1\", \"otherBucket\": false}, \"schema\": \"segment\", \"type\": \"terms\", \"enabled\": true, \"id\": \"2\"}]}"
            },
            "id": "9ed46680-f0ce-11e9-90ec-112a988266d5",
            "migrationVersion": {
                "visualization": "7.3.1"
            },
            "references": [
                {
                    "id": "filebeat-*",
                    "name": "kibanaSavedObjectMeta.searchSourceJSON.index",
                    "type": "index-pattern"
                }
            ],
            "type": "visualization",
            "updated_at": "2019-10-17T11:32:13.057Z",
            "version": "WzQ4OTYsMV0="
        }
    ],
    "version": "7.4.0"
}