{
    "objects": [
        {
            "attributes": {
                "description": "",
                "kibanaSavedObjectMeta": {
                    "searchSourceJSON": "{\"filter\": []}"
                },
                "savedSearchId": "Apache-access-logs-ecs",
                "title": "Unique IPs map [Filebeat Apache] ECS",
                "uiStateJSON": "{\"mapCenter\": [14.944784875088372, 5.09765625]}",
                "version": 1,
                "visState": "{\"listeners\": {}, \"params\": {\"mapZoom\": 2, \"heatMaxZoom\": 16, \"isDesaturated\": true, \"addTooltip\": true, \"legendPosition\": \"bottomright\", \"heatRadius\": 25, \"mapType\": \"Scaled Circle Markers\", \"heatBlur\": 15, \"heatMinOpacity\": 0.1, \"heatNormalizeData\": true, \"wms\": {\"options\": {\"transparent\": true, \"layers\": \"0\", \"version\": \"1.3.0\", \"format\": \"image/png\", \"styles\": \"\", \"attribution\": \"Maps provided by USGS\"}, \"enabled\": false, \"url\": \"https://basemap.nationalmap.gov/arcgis/services/USGSTopo/MapServer/WMSServer\"}, \"mapCenter\": [15, 5]}, \"type\": \"tile_map\", \"aggs\": [{\"params\": {\"field\": \"source.address\"}, \"schema\": \"metric\", \"type\": \"cardinality\", \"enabled\": true, \"id\": \"1\"}, {\"params\": {\"field\": \"source.geo.location\", \"autoPrecision\": true}, \"schema\": \"segment\", \"type\": \"geohash_grid\", \"enabled\": true, \"id\": \"2\"}], \"title\": \"Apache access unique IPs map ECS\"}"
            },
            "id": "Apache-access-unique-IPs-map-ecs",
            "type": "visualization",
            "version": 1
        },
        {
            "attributes": {
                "description": "",
                "kibanaSavedObjectMeta": {
                    "searchSourceJSON": "{\"filter\": []}"
                },
                "savedSearchId": "Apache-access-logs-ecs",
                "title": "Top URLs by response code [Filebeat Apache] ECS",
                "uiStateJSON": "{\"vis\": {\"colors\": {\"200\": \"#7EB26D\", \"404\": \"#EF843C\"}}}",
                "version": 1,
                "visState": "{\"listeners\": {}, \"params\": {\"addLegend\": true, \"legendPosition\": \"right\", \"isDonut\": false, \"shareYAxis\": true, \"addTooltip\": true}, \"type\": \"pie\", \"aggs\": [{\"params\": {}, \"schema\": \"metric\", \"type\": \"count\", \"enabled\": true, \"id\": \"1\"}, {\"params\": {\"field\": \"url.original\", \"order\": \"desc\", \"row\": false, \"size\": 5, \"orderBy\": \"1\", \"customLabel\": \"URL\"}, \"schema\": \"split\", \"type\": \"terms\", \"enabled\": true, \"id\": \"3\"}, {\"params\": {\"field\": \"http.response.status_code\", \"orderBy\": \"1\", \"order\": \"desc\", \"size\": 5}, \"schema\": \"segment\", \"type\": \"terms\", \"enabled\": true, \"id\": \"2\"}], \"title\": \"Apache response codes of top URLs ECS\"}"
            },
            "id": "Apache-response-codes-of-top-URLs-ecs",
            "type": "visualization",
            "version": 1
        },
        {
            "attributes": {
                "description": "",
                "kibanaSavedObjectMeta": {
                    "searchSourceJSON": "{\"filter\": []}"
                },
                "savedSearchId": "Apache-access-logs-ecs",
                "title": "Browsers breakdown [Filebeat Apache] ECS",
                "uiStateJSON": "{}",
                "version": 1,
                "visState": "{\"listeners\": {}, \"params\": {\"addLegend\": true, \"legendPosition\": \"bottom\", \"isDonut\": true, \"shareYAxis\": true, \"addTooltip\": true}, \"type\": \"pie\", \"aggs\": [{\"params\": {\"field\": \"source.address\"}, \"schema\": \"metric\", \"type\": \"cardinality\", \"enabled\": true, \"id\": \"1\"}, {\"params\": {\"field\": \"user_agent.name\", \"orderBy\": \"1\", \"order\": \"desc\", \"size\": 5}, \"schema\": \"segment\", \"type\": \"terms\", \"enabled\": true, \"id\": \"2\"}, {\"params\": {\"field\": \"user_agent.version\", \"orderBy\": \"1\", \"order\": \"desc\", \"size\": 5}, \"schema\": \"segment\", \"type\": \"terms\", \"enabled\": true, \"id\": \"3\"}], \"title\": \"Apache browsers ECS\"}"
            },
            "id": "Apache-browsers-ecs",
            "type": "visualization",
            "version": 1
        },
        {
            "attributes": {
                "description": "",
                "kibanaSavedObjectMeta": {
                    "searchSourceJSON": "{\"filter\": []}"
                },
                "savedSearchId": "Apache-access-logs-ecs",
                "title": "Operating systems breakdown [Filebeat Apache] ECS",
                "uiStateJSON": "{}",
                "version": 1,
                "visState": "{\"listeners\": {}, \"params\": {\"addLegend\": true, \"legendPosition\": \"bottom\", \"isDonut\": true, \"shareYAxis\": true, \"addTooltip\": true}, \"type\": \"pie\", \"aggs\": [{\"params\": {\"field\": \"source.address\"}, \"schema\": \"metric\", \"type\": \"cardinality\", \"enabled\": true, \"id\": \"1\"}, {\"params\": {\"field\": \"user_agent.os.name\", \"orderBy\": \"1\", \"order\": \"desc\", \"size\": 5}, \"schema\": \"segment\", \"type\": \"terms\", \"enabled\": true, \"id\": \"2\"}, {\"params\": {\"field\": \"user_agent.os.version\", \"orderBy\": \"1\", \"order\": \"desc\", \"size\": 5}, \"schema\": \"segment\", \"type\": \"terms\", \"enabled\": true, \"id\": \"3\"}], \"title\": \"Apache operating systems ECS\"}"
            },
            "id": "Apache-operating-systems-ecs",
            "type": "visualization",
            "version": 1
        },
        {
            "attributes": {
                "description": "",
                "kibanaSavedObjectMeta": {
                    "searchSourceJSON": "{\"filter\": []}"
                },
                "savedSearchId": "Apache-errors-log-ecs",
                "title": "Error logs over time [Filebeat Apache] ECS",
                "uiStateJSON": "{}",
                "version": 1,
                "visState": "{\"listeners\": {}, \"params\": {\"addLegend\": true, \"yAxis\": {}, \"defaultYExtents\": false, \"shareYAxis\": true, \"mode\": \"stacked\", \"addTooltip\": true, \"legendPosition\": \"right\", \"times\": [], \"scale\": \"linear\", \"setYExtents\": false, \"addTimeMarker\": false}, \"type\": \"histogram\", \"aggs\": [{\"params\": {}, \"schema\": \"metric\", \"type\": \"count\", \"enabled\": true, \"id\": \"1\"}, {\"params\": {\"customInterval\": \"2h\", \"extended_bounds\": {}, \"min_doc_count\": 1, \"interval\": \"auto\", \"field\": \"@timestamp\"}, \"schema\": \"segment\", \"type\": \"date_histogram\", \"enabled\": true, \"id\": \"2\"}, {\"params\": {\"field\": \"log.level\", \"orderBy\": \"1\", \"order\": \"desc\", \"size\": 5}, \"schema\": \"group\", \"type\": \"terms\", \"enabled\": true, \"id\": \"3\"}], \"title\": \"Apache error logs over time ECS\"}"
            },
            "id": "Apache-error-logs-over-time-ecs",
            "type": "visualization",
            "version": 1
        },
        {
            "attributes": {
                "description": "",
                "kibanaSavedObjectMeta": {
                    "searchSourceJSON": "{\"filter\": []}"
                },
                "savedSearchId": "Apache-access-logs-ecs",
                "title": "Response codes over time [Filebeat Apache] ECS",
                "uiStateJSON": "{\"vis\": {\"colors\": {\"200\": \"#629E51\", \"404\": \"#EF843C\"}}}",
                "version": 1,
                "visState": "{\"listeners\": {}, \"params\": {\"addLegend\": true, \"yAxis\": {}, \"defaultYExtents\": false, \"shareYAxis\": true, \"mode\": \"stacked\", \"addTooltip\": true, \"legendPosition\": \"right\", \"times\": [], \"scale\": \"linear\", \"setYExtents\": false, \"addTimeMarker\": false}, \"type\": \"histogram\", \"aggs\": [{\"params\": {}, \"schema\": \"metric\", \"type\": \"count\", \"enabled\": true, \"id\": \"1\"}, {\"params\": {\"customInterval\": \"2h\", \"extended_bounds\": {}, \"min_doc_count\": 1, \"interval\": \"auto\", \"field\": \"@timestamp\"}, \"schema\": \"segment\", \"type\": \"date_histogram\", \"enabled\": true, \"id\": \"2\"}, {\"params\": {\"field\": \"http.response.status_code\", \"orderBy\": \"1\", \"order\": \"desc\", \"size\": 5}, \"schema\": \"group\", \"type\": \"terms\", \"enabled\": true, \"id\": \"3\"}], \"title\": \"Apache response codes over time ECS\"}"
            },
            "id": "Apache-response-codes-over-time-ecs",
            "type": "visualization",
            "version": 1
        },
        {
            "attributes": {
                "columns": [
                    "source.address",
                    "log.level",
                    "apache2.error.module",
                    "message"
                ],
                "description": "",
                "hits": 0,
                "kibanaSavedObjectMeta": {
                    "searchSourceJSON": "{\"highlight\": {\"pre_tags\": [\"@kibana-highlighted-field@\"], \"require_field_match\": false, \"fields\": {\"*\": {}}, \"post_tags\": [\"@/kibana-highlighted-field@\"], \"fragment_size\": 2147483647}, \"query\": {\"query\": \"event.dataset:apache.error\", \"language\": \"kuery\"}, \"index\": \"filebeat-*\", \"filter\": []}"
                },
                "sort": [
                    "@timestamp",
                    "desc"
                ],
                "title": "Apache errors log [Filebeat Apache] ECS",
                "version": 1
            },
            "id": "Apache-errors-log-ecs",
            "type": "search",
            "version": 1
        },
        {
            "attributes": {
                "columns": [
                    "source.address",
                    "http.request.method",
                    "url.original",
                    "http.response.status_code"
                ],
                "description": "",
                "hits": 0,
                "kibanaSavedObjectMeta": {
                    "searchSourceJSON": "{\"highlight\": {\"pre_tags\": [\"@kibana-highlighted-field@\"], \"require_field_match\": false, \"fields\": {\"*\": {}}, \"post_tags\": [\"@/kibana-highlighted-field@\"], \"fragment_size\": 2147483647}, \"query\": {\"query\": \"event.dataset:apache.access\", \"language\": \"kuery\"}, \"index\": \"filebeat-*\", \"filter\": []}"
                },
                "sort": [
                    "@timestamp",
                    "desc"
                ],
                "title": "Apache access logs [Filebeat Apache] ECS",
                "version": 1
            },
            "id": "Apache-access-logs-ecs",
            "type": "search",
            "version": 1
        },
        {
            "attributes": {
                "description": "Filebeat Apache module dashboard",
                "hits": 0,
                "kibanaSavedObjectMeta": {
                    "searchSourceJSON": "{\"version\": true, \"query\": {\"query\": \"\", \"language\": \"kuery\"}, \"highlightAll\": true, \"filter\": []}"
                },
                "optionsJSON": "{\"darkTheme\": false}",
                "panelsJSON": "[{\"size_y\": 3, \"panelIndex\": 1, \"row\": 1, \"col\": 1, \"type\": \"visualization\", \"size_x\": 12, \"id\": \"Apache-access-unique-IPs-map-ecs\"}, {\"size_y\": 3, \"panelIndex\": 2, \"row\": 6, \"col\": 1, \"type\": \"visualization\", \"size_x\": 8, \"id\": \"Apache-response-codes-of-top-URLs-ecs\"}, {\"size_y\": 3, \"panelIndex\": 3, \"row\": 6, \"col\": 9, \"type\": \"visualization\", \"size_x\": 4, \"id\": \"Apache-browsers-ecs\"}, {\"size_y\": 2, \"panelIndex\": 4, \"row\": 4, \"col\": 11, \"type\": \"visualization\", \"size_x\": 2, \"id\": \"Apache-operating-systems-ecs\"}, {\"size_y\": 2, \"panelIndex\": 5, \"row\": 9, \"col\": 1, \"type\": \"visualization\", \"size_x\": 12, \"id\": \"Apache-error-logs-over-time-ecs\"}, {\"size_y\": 2, \"panelIndex\": 6, \"row\": 4, \"col\": 1, \"type\": \"visualization\", \"size_x\": 10, \"id\": \"Apache-response-codes-over-time-ecs\"}, {\"size_y\": 3, \"panelIndex\": 7, \"size_x\": 12, \"columns\": [\"source.address\", \"log.level\", \"apache2.error.module\", \"message\"], \"row\": 11, \"sort\": [\"@timestamp\", \"desc\"], \"col\": 1, \"type\": \"search\", \"id\": \"Apache-errors-log-ecs\"}]",
                "timeRestore": false,
                "title": "[Filebeat Apache] Access and error logs ECS",
                "uiStateJSON": "{\"P-1\": {\"mapCollar\": {\"top_left\": {\"lat\": 90, \"lon\": -180}, \"zoom\": 2, \"bottom_right\": {\"lat\": -39.667755, \"lon\": 180}}, \"mapZoom\": 2, \"mapBounds\": {\"top_left\": {\"lat\": 67.7427590666639, \"lon\": -205.6640625}, \"bottom_right\": {\"lat\": -3.864254615721396, \"lon\": 205.3125}}, \"mapCenter\": [40.713955826286046, -0.17578125]}}",
                "version": 1
            },
            "id": "Filebeat-Apache-Dashboard-ecs",
            "type": "dashboard",
            "version": 2
        }
    ],
    "version": "6.0.0-beta1-SNAPSHOT"
}