{
    "objects": [
        {
            "attributes": {
                "description": "",
                "kibanaSavedObjectMeta": {
                    "searchSourceJSON": "{\"filter\": []}"
                },
                "savedSearchId": "710043e0-2417-11e7-a83b-d5f4cebac9ff-ecs",
                "title": "Startup Errors [Filebeat Icinga] ECS",
                "uiStateJSON": "{\"vis\": {\"colors\": {\"Count\": \"#BF1B00\"}}}",
                "version": 1,
                "visState": "{\"listeners\": {}, \"params\": {\"addLegend\": true, \"defaultYExtents\": false, \"mode\": \"stacked\", \"addTooltip\": true, \"legendPosition\": \"right\", \"times\": [], \"scale\": \"linear\", \"setYExtents\": false, \"addTimeMarker\": false}, \"type\": \"histogram\", \"aggs\": [{\"params\": {}, \"schema\": \"metric\", \"type\": \"count\", \"enabled\": true, \"id\": \"1\"}, {\"params\": {\"customInterval\": \"2h\", \"extended_bounds\": {}, \"min_doc_count\": 1, \"interval\": \"auto\", \"field\": \"@timestamp\"}, \"schema\": \"segment\", \"type\": \"date_histogram\", \"enabled\": true, \"id\": \"2\"}], \"title\": \"Icinga Startup Errors ECS\"}"
            },
            "id": "a59b5e00-2417-11e7-a83b-d5f4cebac9ff-ecs",
            "type": "visualization",
            "version": 2
        },
        {
            "attributes": {
                "columns": [
                    "icinga.startup.facility",
                    "log.level",
                    "message"
                ],
                "description": "",
                "hits": 0,
                "kibanaSavedObjectMeta": {
                    "searchSourceJSON": "{\"version\": true, \"index\": \"filebeat-*\", \"highlightAll\": true, \"query\": {\"query\": \"log.level:critical\", \"language\": \"kuery\"}, \"filter\": []}"
                },
                "sort": [
                    "@timestamp",
                    "desc"
                ],
                "title": "Startup Errors [Filebeat Icinga] ECS",
                "version": 1
            },
            "id": "710043e0-2417-11e7-a83b-d5f4cebac9ff-ecs",
            "type": "search",
            "version": 2
        },
        {
            "attributes": {
                "description": "Filebeat Icinga module dashboard for startup errors",
                "hits": 0,
                "kibanaSavedObjectMeta": {
                    "searchSourceJSON": "{\"version\": true, \"query\": {\"query\": \"\", \"language\": \"kuery\"}, \"highlightAll\": true, \"filter\": []}"
                },
                "optionsJSON": "{\"darkTheme\": false}",
                "panelsJSON": "[{\"size_y\": 2, \"panelIndex\": 1, \"row\": 1, \"col\": 1, \"type\": \"visualization\", \"size_x\": 12, \"id\": \"a59b5e00-2417-11e7-a83b-d5f4cebac9ff-ecs\"}, {\"size_y\": 13, \"panelIndex\": 2, \"size_x\": 12, \"columns\": [\"icinga.startup.facility\", \"log.level\", \"message\"], \"row\": 3, \"sort\": [\"@timestamp\", \"desc\"], \"col\": 1, \"type\": \"search\", \"id\": \"710043e0-2417-11e7-a83b-d5f4cebac9ff-ecs\"}]",
                "timeRestore": false,
                "title": "[Filebeat Icinga] Startup Errors ECS",
                "uiStateJSON": "{}",
                "version": 1
            },
            "id": "b9163ea0-2417-11e7-a83b-d5f4cebac9ff-ecs",
            "type": "dashboard",
            "version": 2
        }
    ],
    "version": "6.0.0-beta1-SNAPSHOT"
}