{
    "objects": [
        {
            "attributes": {
                "description": "This dashboard provides expanded alerts overview for Azure cloud",
                "hits": 0,
                "kibanaSavedObjectMeta": {
                    "searchSourceJSON": "{\"query\": {\"query\": \"\", \"language\": \"kuery\"}, \"filter\": []}"
                },
                "optionsJSON": "{\"useMargins\": true, \"hidePanelTitles\": false}",
                "panelsJSON": "[{\"version\": \"7.4.0\", \"panelIndex\": \"9d1a26e6-2ff0-4d3e-bab3-7bb3c50cd060\", \"gridData\": {\"y\": 0, \"i\": \"9d1a26e6-2ff0-4d3e-bab3-7bb3c50cd060\", \"h\": 4, \"w\": 7, \"x\": 0}, \"embeddableConfig\": {\"title\": \"\"}, \"panelRefName\": \"panel_0\"}, {\"version\": \"7.4.0\", \"panelIndex\": \"676fd632-a9c1-46ed-829b-ca5b55817379\", \"gridData\": {\"y\": 0, \"i\": \"676fd632-a9c1-46ed-829b-ca5b55817379\", \"h\": 4, \"w\": 14, \"x\": 7}, \"embeddableConfig\": {\"title\": \"\"}, \"panelRefName\": \"panel_1\"}, {\"version\": \"7.4.0\", \"panelIndex\": \"096b4eaa-072e-455f-befa-3076f71be12d\", \"gridData\": {\"y\": 0, \"i\": \"096b4eaa-072e-455f-befa-3076f71be12d\", \"h\": 15, \"w\": 27, \"x\": 21}, \"embeddableConfig\": {}, \"panelRefName\": \"panel_2\"}, {\"version\": \"7.4.0\", \"panelIndex\": \"162fb43e-fff3-4f50-aa9b-a713418bd651\", \"gridData\": {\"y\": 15, \"i\": \"162fb43e-fff3-4f50-aa9b-a713418bd651\", \"h\": 9, \"w\": 27, \"x\": 21}, \"embeddableConfig\": {}, \"panelRefName\": \"panel_3\"}, {\"version\": \"7.4.0\", \"panelIndex\": \"36fb5c08-80d9-4a1c-8fde-9c063381fdd8\", \"gridData\": {\"y\": 4, \"i\": \"36fb5c08-80d9-4a1c-8fde-9c063381fdd8\", \"h\": 20, \"w\": 21, \"x\": 0}, \"embeddableConfig\": {}, \"panelRefName\": \"panel_4\"}]",
                "timeRestore": false,
                "title": "[Filebeat Azure] Alerts Overview",
                "version": 1
            },
            "id": "0f559cc0-f0d5-11e9-90ec-112a988266d5",
            "migrationVersion": {
                "dashboard": "7.3.0"
            },
            "references": [
                {
                    "id": "46544960-f0d5-11e9-90ec-112a988266d5",
                    "name": "panel_0",
                    "type": "visualization"
                },
                {
                    "id": "097d74d0-f044-11e9-90ec-112a988266d5",
                    "name": "panel_1",
                    "type": "visualization"
                },
                {
                    "id": "52c2a4e0-ec1f-11e9-90ec-112a988266d5",
                    "name": "panel_2",
                    "type": "visualization"
                },
                {
                    "id": "f684a750-ec23-11e9-90ec-112a988266d5",
                    "name": "panel_3",
                    "type": "visualization"
                },
                {
                    "id": "c704b050-f0de-11e9-90ec-112a988266d5",
                    "name": "panel_4",
                    "type": "visualization"
                }
            ],
            "type": "dashboard",
            "updated_at": "2019-10-18T15:21:16.305Z",
            "version": "WzkyNDEsMV0="
        },
        {
            "attributes": {
                "description": "",
                "kibanaSavedObjectMeta": {
                    "searchSourceJSON": "{\"query\": {\"query\": \"\", \"language\": \"kuery\"}, \"filter\": []}"
                },
                "title": "Navigation Alerts [Filebeat Azure]",
                "uiStateJSON": "{}",
                "version": 1,
                "visState": "{\"params\": {\"markdown\": \"### Azure Monitoring\\n\\n[Overview](#/dashboard/41e84340-ec20-11e9-90ec-112a988266d5) | [Users](#/dashboard/87095750-f05a-11e9-90ec-112a988266d5) | [**Alerts**](#/dashboard/0f559cc0-f0d5-11e9-90ec-112a988266d5) \", \"fontSize\": 10, \"openLinksInNewTab\": false}, \"title\": \"Navigation Alerts [Filebeat Azure]\", \"type\": \"markdown\", \"aggs\": []}"
            },
            "id": "46544960-f0d5-11e9-90ec-112a988266d5",
            "migrationVersion": {
                "visualization": "7.3.1"
            },
            "references": [],
            "type": "visualization",
            "updated_at": "2019-10-17T11:57:36.537Z",
            "version": "WzQ5NDAsMV0="
        },
        {
            "attributes": {
                "description": "",
                "kibanaSavedObjectMeta": {
                    "searchSourceJSON": "{\"query\": {\"query\": \"\", \"language\": \"kuery\"}, \"filter\": []}"
                },
                "title": "Subscriptions Filter [Filebeat Azure]",
                "uiStateJSON": "{}",
                "version": 1,
                "visState": "{\"params\": {\"useTimeFilter\": false, \"pinFilters\": false, \"controls\": [{\"label\": \"Subscription ID\", \"parent\": \"\", \"fieldName\": \"azure.subscription_id\", \"indexPatternRefName\": \"control_0_index_pattern\", \"type\": \"list\", \"options\": {\"dynamicOptions\": true, \"multiselect\": true, \"order\": \"desc\", \"type\": \"terms\", \"size\": 5}, \"id\": \"1571250866125\"}], \"updateFiltersOnChange\": true}, \"title\": \"Subscriptions Filter [Filebeat Azure]\", \"type\": \"input_control_vis\", \"aggs\": []}"
            },
            "id": "097d74d0-f044-11e9-90ec-112a988266d5",
            "migrationVersion": {
                "visualization": "7.3.1"
            },
            "references": [
                {
                    "id": "filebeat-*",
                    "name": "control_0_index_pattern",
                    "type": "index-pattern"
                }
            ],
            "type": "visualization",
            "updated_at": "2019-10-16T18:37:41.917Z",
            "version": "WzQ0MDEsMV0="
        },
        {
            "attributes": {
                "description": "",
                "kibanaSavedObjectMeta": {
                    "searchSourceJSON": "{\"query\": {\"query\": \"\", \"language\": \"kuery\"}, \"filter\": []}"
                },
                "title": "Alerts Overview [Filebeat Azure]",
                "uiStateJSON": "{}",
                "version": 1,
                "visState": "{\"params\": {\"axis_position\": \"left\", \"isModelInvalid\": false, \"default_index_pattern\": \"metricbeat-*\", \"type\": \"timeseries\", \"show_grid\": 1, \"index_pattern\": \"filebeat-*\", \"id\": \"61ca57f0-469d-11e7-af02-69e470af7417\", \"filter\": {\"query\": \"event.dataset :\\\"azure.activitylogs\\\" and azure.activitylogs.event_category : \\\"Alert\\\"\", \"language\": \"kuery\"}, \"series\": [{\"color\": \"rgba(252,220,0,1)\", \"hide_in_legend\": 0, \"axis_position\": \"right\", \"separate_axis\": 0, \"fill\": 0.5, \"formatter\": \"number\", \"split_mode\": \"filter\", \"id\": \"61ca57f1-469d-11e7-af02-69e470af7417\", \"line_width\": 1, \"chart_type\": \"line\", \"stacked\": \"none\", \"point_size\": 1, \"filter\": {\"query\": \"azure.activitylogs.result_type: \\\"Activated\\\"\", \"language\": \"kuery\"}, \"metrics\": [{\"type\": \"count\", \"id\": \"61ca57f2-469d-11e7-af02-69e470af7417\"}]}, {\"color\": \"#68BC00\", \"hide_in_legend\": 0, \"axis_position\": \"right\", \"separate_axis\": 0, \"fill\": 0.5, \"formatter\": \"number\", \"split_mode\": \"filter\", \"id\": \"5a52f170-ec1e-11e9-b6a7-21d19b63822a\", \"line_width\": 1, \"chart_type\": \"line\", \"stacked\": \"none\", \"point_size\": 1, \"filter\": {\"query\": \"azure.activitylogs.result_type: \\\"Resolved\\\" or azure.activitylogs.result_type: \\\"Succeeded\\\"\", \"language\": \"kuery\"}, \"metrics\": [{\"type\": \"count\", \"id\": \"5a52f171-ec1e-11e9-b6a7-21d19b63822a\"}]}], \"interval\": \"\", \"default_timefield\": \"@timestamp\", \"axis_scale\": \"normal\", \"time_field\": \"\", \"show_legend\": 0, \"axis_formatter\": \"number\"}, \"title\": \"Alerts Overview [Filebeat Azure]\", \"type\": \"metrics\", \"aggs\": []}"
            },
            "id": "52c2a4e0-ec1f-11e9-90ec-112a988266d5",
            "migrationVersion": {
                "visualization": "7.3.1"
            },
            "references": [],
            "type": "visualization",
            "updated_at": "2019-10-16T18:41:58.846Z",
            "version": "WzQ0MDcsMV0="
        },
        {
            "attributes": {
                "description": "",
                "kibanaSavedObjectMeta": {
                    "searchSourceJSON": "{\"query\": {\"query\": \"event.dataset :\\\"azure.activitylogs\\\" and azure.activitylogs.event_category : \\\"Alert\\\" \", \"language\": \"kuery\"}, \"indexRefName\": \"kibanaSavedObjectMeta.searchSourceJSON.index\", \"filter\": []}"
                },
                "title": "Alerts Count [Filebeat Azure]",
                "uiStateJSON": "{}",
                "version": 1,
                "visState": "{\"params\": {\"addLegend\": false, \"dimensions\": {\"bucket\": {\"format\": {\"params\": {}, \"id\": \"string\"}, \"accessor\": 0, \"type\": \"vis_dimension\"}, \"metrics\": [{\"format\": {\"params\": {}, \"id\": \"number\"}, \"accessor\": 1, \"type\": \"vis_dimension\"}]}, \"type\": \"metric\", \"metric\": {\"invertColors\": false, \"colorsRange\": [{\"type\": \"range\", \"to\": 10000, \"from\": 0}], \"metricColorMode\": \"None\", \"useRanges\": false, \"colorSchema\": \"Green to Red\", \"labels\": {\"show\": true}, \"style\": {\"fontSize\": 60, \"labelColor\": false, \"bgColor\": false, \"bgFill\": \"#000\", \"subText\": \"\"}, \"percentageMode\": false}, \"addTooltip\": true}, \"title\": \"Alerts Count [Filebeat Azure]\", \"type\": \"metric\", \"aggs\": [{\"params\": {\"customLabel\": \"Alerts\"}, \"schema\": \"metric\", \"type\": \"count\", \"enabled\": true, \"id\": \"1\"}, {\"params\": {\"filters\": [{\"label\": \"Activated\", \"input\": {\"query\": \"azure.activitylogs.result_type : \\\"Activated\\\"\", \"language\": \"kuery\"}}, {\"label\": \"Resolved\", \"input\": {\"query\": \"azure.activitylogs.result_type : \\\"Resolved\\\"\", \"language\": \"kuery\"}}, {\"label\": \"Succeeded\", \"input\": {\"query\": \"azure.activitylogs.result_type : \\\"Succeeded\\\"\", \"language\": \"kuery\"}}]}, \"schema\": \"group\", \"type\": \"filters\", \"enabled\": true, \"id\": \"2\"}]}"
            },
            "id": "f684a750-ec23-11e9-90ec-112a988266d5",
            "migrationVersion": {
                "visualization": "7.3.1"
            },
            "references": [
                {
                    "id": "filebeat-*",
                    "name": "kibanaSavedObjectMeta.searchSourceJSON.index",
                    "type": "index-pattern"
                }
            ],
            "type": "visualization",
            "updated_at": "2019-10-16T18:44:12.955Z",
            "version": "WzQ0MTAsMV0="
        },
        {
            "attributes": {
                "description": "",
                "kibanaSavedObjectMeta": {
                    "searchSourceJSON": "{\"query\": {\"query\": \"event.dataset :\\\"azure.activitylogs\\\" and azure.activitylogs.event_category : \\\"Alert\\\" \", \"language\": \"kuery\"}, \"indexRefName\": \"kibanaSavedObjectMeta.searchSourceJSON.index\", \"filter\": []}"
                },
                "title": "Alerts Heatmap [Filebeat Azure]",
                "uiStateJSON": "{\"vis\": {\"defaultColors\": {\"0\": \"rgb(247,252,245)\"}}}",
                "version": 1,
                "visState": "{\"params\": {\"addLegend\": true, \"invertColors\": false, \"colorsRange\": [], \"valueAxes\": [{\"labels\": {\"color\": \"black\", \"overwriteColor\": false, \"rotate\": 0, \"show\": false}, \"scale\": {\"type\": \"linear\", \"defaultYExtents\": false}, \"type\": \"value\", \"id\": \"ValueAxis-1\", \"show\": false}], \"addTooltip\": true, \"legendPosition\": \"right\", \"type\": \"heatmap\", \"times\": [], \"enableHover\": false, \"colorSchema\": \"Greens\", \"dimensions\": {\"y\": [{\"params\": {}, \"aggType\": \"count\", \"accessor\": 1, \"format\": {\"id\": \"number\"}}], \"x\": {\"params\": {}, \"aggType\": \"terms\", \"accessor\": 0, \"format\": {\"params\": {\"otherBucketLabel\": \"Other\", \"id\": \"string\", \"missingBucketLabel\": \"Missing\"}, \"id\": \"terms\"}}}, \"colorsNumber\": 4, \"setColorRange\": false, \"percentageMode\": false}, \"title\": \"Alerts Heatmap [Filebeat Azure]\", \"type\": \"heatmap\", \"aggs\": [{\"params\": {}, \"schema\": \"metric\", \"type\": \"count\", \"enabled\": true, \"id\": \"1\"}, {\"params\": {\"field\": \"azure.resource.provider\", \"missingBucket\": false, \"order\": \"desc\", \"missingBucketLabel\": \"Missing\", \"size\": 5, \"otherBucketLabel\": \"Other\", \"otherBucket\": false, \"orderBy\": \"1\", \"customLabel\": \"Provider\"}, \"schema\": \"segment\", \"type\": \"terms\", \"enabled\": true, \"id\": \"2\"}, {\"params\": {\"field\": \"azure.resource.group\", \"missingBucket\": false, \"order\": \"desc\", \"missingBucketLabel\": \"Missing\", \"size\": 5, \"otherBucketLabel\": \"Other\", \"otherBucket\": false, \"orderBy\": \"1\", \"customLabel\": \"Resource Group\"}, \"schema\": \"group\", \"type\": \"terms\", \"enabled\": true, \"id\": \"3\"}]}"
            },
            "id": "c704b050-f0de-11e9-90ec-112a988266d5",
            "migrationVersion": {
                "visualization": "7.3.1"
            },
            "references": [
                {
                    "id": "filebeat-*",
                    "name": "kibanaSavedObjectMeta.searchSourceJSON.index",
                    "type": "index-pattern"
                }
            ],
            "type": "visualization",
            "updated_at": "2019-10-17T13:05:22.389Z",
            "version": "WzQ5NTYsMV0="
        }
    ],
    "version": "7.4.0"
}