{
    "objects": [
        {
            "attributes": {
                "description": "Operating system activity from endpoints.",
                "hits": 0,
                "kibanaSavedObjectMeta": {
                    "searchSourceJSON": "{\"version\": true, \"query\": {\"query\": \"*\", \"language\": \"lucene\"}, \"highlightAll\": true, \"filter\": []}"
                },
                "optionsJSON": "{\"darkTheme\": false}",
                "panelsJSON": "[{\"version\": \"7.3.0\", \"panelIndex\": \"3\", \"gridData\": {\"y\": 28, \"i\": \"3\", \"h\": 12, \"w\": 24, \"x\": 0}, \"embeddableConfig\": {\"vis\": {\"legendOpen\": true, \"colors\": {\"Event Types\": \"#EF843C\", \"Count\": \"#64B0C8\", \"Destination User Names\": \"#E24D42\"}}}, \"panelRefName\": \"panel_0\"}, {\"version\": \"7.3.0\", \"panelIndex\": \"4\", \"gridData\": {\"y\": 4, \"i\": \"4\", \"h\": 8, \"w\": 40, \"x\": 0}, \"embeddableConfig\": {\"vis\": {\"defaultColors\": {\"0 - 100\": \"rgb(0,104,55)\"}}}, \"panelRefName\": \"panel_1\"}, {\"version\": \"7.3.0\", \"panelIndex\": \"5\", \"gridData\": {\"y\": 28, \"i\": \"5\", \"h\": 12, \"w\": 24, \"x\": 24}, \"embeddableConfig\": {\"vis\": {\"legendOpen\": false, \"defaultColors\": {\"385k - 440k\": \"rgb(237,47,34)\", \"275k - 330k\": \"rgb(253,141,60)\", \"495k - 550k\": \"rgb(176,0,38)\", \"330k - 385k\": \"rgb(252,91,46)\", \"0 - 55k\": \"rgb(255,255,204)\", \"55k - 110k\": \"rgb(255,241,170)\", \"440k - 495k\": \"rgb(212,16,32)\", \"220k - 275k\": \"rgb(254,171,73)\", \"165k - 220k\": \"rgb(254,201,101)\", \"110k - 165k\": \"rgb(254,225,135)\"}}}, \"panelRefName\": \"panel_2\"}, {\"version\": \"7.3.0\", \"panelIndex\": \"7\", \"gridData\": {\"y\": 20, \"i\": \"7\", \"h\": 8, \"w\": 48, \"x\": 0}, \"embeddableConfig\": {}, \"panelRefName\": \"panel_3\"}, {\"version\": \"7.3.0\", \"panelIndex\": \"8\", \"gridData\": {\"y\": 52, \"i\": \"8\", \"h\": 12, \"w\": 24, \"x\": 24}, \"embeddableConfig\": {\"vis\": {\"colors\": {\"/Attempt\": \"#447EBC\", \"/Success\": \"#7EB26D\", \"/Failure\": \"#E24D42\"}}}, \"panelRefName\": \"panel_4\"}, {\"version\": \"7.3.0\", \"panelIndex\": \"9\", \"gridData\": {\"y\": 40, \"i\": \"9\", \"h\": 24, \"w\": 24, \"x\": 0}, \"embeddableConfig\": {\"vis\": {\"params\": {\"sort\": {\"direction\": null, \"columnIndex\": null}}}}, \"panelRefName\": \"panel_5\"}, {\"version\": \"7.3.0\", \"panelIndex\": \"10\", \"gridData\": {\"y\": 40, \"i\": \"10\", \"h\": 12, \"w\": 24, \"x\": 24}, \"embeddableConfig\": {}, \"panelRefName\": \"panel_6\"}, {\"version\": \"7.3.0\", \"panelIndex\": \"11\", \"gridData\": {\"y\": 0, \"i\": \"11\", \"h\": 4, \"w\": 48, \"x\": 0}, \"embeddableConfig\": {}, \"panelRefName\": \"panel_7\"}, {\"version\": \"7.3.0\", \"panelIndex\": \"12\", \"gridData\": {\"y\": 4, \"i\": \"12\", \"h\": 8, \"w\": 8, \"x\": 40}, \"embeddableConfig\": {}, \"panelRefName\": \"panel_8\"}, {\"version\": \"7.3.0\", \"panelIndex\": \"13\", \"gridData\": {\"y\": 12, \"i\": \"13\", \"h\": 8, \"w\": 48, \"x\": 0}, \"embeddableConfig\": {\"vis\": {\"colors\": {\"Destination Users\": \"#E24D42\", \"Event Count\": \"#64B0C8\"}}}, \"panelRefName\": \"panel_9\"}, {\"version\": \"7.3.0\", \"panelIndex\": \"14\", \"gridData\": {\"y\": 64, \"i\": \"14\", \"h\": 20, \"w\": 16, \"x\": 32}, \"embeddableConfig\": {\"vis\": {\"legendOpen\": false}}, \"panelRefName\": \"panel_10\"}, {\"version\": \"7.3.0\", \"panelIndex\": \"15\", \"gridData\": {\"y\": 84, \"i\": \"15\", \"h\": 24, \"w\": 16, \"x\": 32}, \"embeddableConfig\": {\"vis\": {\"legendOpen\": false}}, \"panelRefName\": \"panel_11\"}, {\"version\": \"7.3.0\", \"panelIndex\": \"16\", \"gridData\": {\"y\": 80, \"i\": \"16\", \"h\": 12, \"w\": 32, \"x\": 0}, \"embeddableConfig\": {}, \"panelRefName\": \"panel_12\"}, {\"version\": \"7.3.0\", \"panelIndex\": \"17\", \"gridData\": {\"y\": 100, \"i\": \"17\", \"h\": 8, \"w\": 32, \"x\": 0}, \"embeddableConfig\": {}, \"panelRefName\": \"panel_13\"}, {\"version\": \"7.3.0\", \"panelIndex\": \"18\", \"gridData\": {\"y\": 64, \"i\": \"18\", \"h\": 16, \"w\": 32, \"x\": 0}, \"embeddableConfig\": {}, \"panelRefName\": \"panel_14\"}, {\"version\": \"7.3.0\", \"panelIndex\": \"19\", \"gridData\": {\"y\": 92, \"i\": \"19\", \"h\": 8, \"w\": 32, \"x\": 0}, \"embeddableConfig\": {}, \"panelRefName\": \"panel_15\"}]",
                "refreshInterval": {
                    "display": "Off",
                    "pause": false,
                    "value": 0
                },
                "timeFrom": "now-24h",
                "timeRestore": true,
                "timeTo": "now",
                "title": "[Filebeat CEF] Endpoint OS Activity Dashboard",
                "version": 1
            },
            "id": "9e352900-89c3-4c1b-863e-249e24d0dac9",
            "migrationVersion": {
                "dashboard": "7.3.0"
            },
            "references": [
                {
                    "id": "59ad829b-12b8-4256-95a5-e7078eda628b",
                    "name": "panel_0",
                    "type": "visualization"
                },
                {
                    "id": "158d809a-89db-4ffa-88a1-eb5c4bf58d50",
                    "name": "panel_1",
                    "type": "visualization"
                },
                {
                    "id": "77ee0e91-010b-4897-b483-7e9a907d2afe",
                    "name": "panel_2",
                    "type": "visualization"
                },
                {
                    "id": "0f4028b2-3dc2-4cb6-80d8-285c847a02a1",
                    "name": "panel_3",
                    "type": "visualization"
                },
                {
                    "id": "e06d85f2-2da4-41e2-b2ab-f685b64bb3f9",
                    "name": "panel_4",
                    "type": "visualization"
                },
                {
                    "id": "2726382e-638a-4dcc-94fc-0ffdc0f92048",
                    "name": "panel_5",
                    "type": "visualization"
                },
                {
                    "id": "92aecea0-a632-4a55-bb56-50e4cdaca036",
                    "name": "panel_6",
                    "type": "visualization"
                },
                {
                    "id": "677891a1-90c4-4273-b126-f0e54689bd76",
                    "name": "panel_7",
                    "type": "visualization"
                },
                {
                    "id": "76c088c3-486e-4420-8840-5ede667edffe",
                    "name": "panel_8",
                    "type": "visualization"
                },
                {
                    "id": "5f187dc8-aa7e-4f91-a2d8-1186ce254d00",
                    "name": "panel_9",
                    "type": "visualization"
                },
                {
                    "id": "316fdc75-7215-4c6b-8e1b-70a097b34e28",
                    "name": "panel_10",
                    "type": "visualization"
                },
                {
                    "id": "6437e9bb-9ed1-4e2d-bb10-e63ccd35c409",
                    "name": "panel_11",
                    "type": "visualization"
                },
                {
                    "id": "4a7c10c7-4abd-47b4-b4c3-dee33377fbdf",
                    "name": "panel_12",
                    "type": "visualization"
                },
                {
                    "id": "acc915fe-b971-4795-9040-3fbfdf62abe1",
                    "name": "panel_13",
                    "type": "visualization"
                },
                {
                    "id": "4e25b5ce-53c3-46fc-b5e5-71d3c52f1956",
                    "name": "panel_14",
                    "type": "visualization"
                },
                {
                    "id": "8cd00d20-957d-4663-be4d-ea80b1609586",
                    "name": "panel_15",
                    "type": "visualization"
                }
            ],
            "type": "dashboard",
            "updated_at": "2019-10-25T16:30:02.301Z",
            "version": "WzEyNTksMV0="
        },
        {
            "attributes": {
                "description": "",
                "kibanaSavedObjectMeta": {
                    "searchSourceJSON": "{\"filter\": []}"
                },
                "savedSearchRefName": "search_0",
                "title": "Source Users by Event Type and Destination Users [Filebeat CEF]",
                "uiStateJSON": "{}",
                "version": 1,
                "visState": "{\"listeners\": {}, \"params\": {\"addLegend\": true, \"showCircles\": true, \"categoryAxes\": [{\"title\": {\"text\": \"Source Users\"}, \"position\": \"bottom\", \"scale\": {\"type\": \"linear\"}, \"labels\": {\"truncate\": 100, \"show\": true}, \"type\": \"category\", \"id\": \"CategoryAxis-1\", \"style\": {}, \"show\": true}], \"addTooltip\": true, \"seriesParams\": [{\"valueAxis\": \"ValueAxis-1\", \"mode\": \"stacked\", \"showCircles\": true, \"data\": {\"label\": \"Count\", \"id\": \"1\"}, \"type\": \"histogram\", \"drawLinesBetweenPoints\": true, \"show\": \"true\"}, {\"valueAxis\": \"ValueAxis-2\", \"mode\": \"stacked\", \"showCircles\": true, \"interpolate\": \"linear\", \"lineWidth\": 2, \"data\": {\"label\": \"Event Types\", \"id\": \"3\"}, \"type\": \"line\", \"drawLinesBetweenPoints\": true, \"show\": true}, {\"valueAxis\": \"ValueAxis-2\", \"mode\": \"stacked\", \"showCircles\": true, \"interpolate\": \"linear\", \"lineWidth\": 2, \"data\": {\"label\": \"Destination User Names\", \"id\": \"4\"}, \"type\": \"line\", \"drawLinesBetweenPoints\": true, \"show\": true}], \"legendPosition\": \"right\", \"drawLinesBetweenPoints\": true, \"times\": [], \"scale\": \"linear\", \"valueAxes\": [{\"title\": {\"text\": \"Count\"}, \"position\": \"left\", \"name\": \"LeftAxis-1\", \"scale\": {\"type\": \"square root\", \"mode\": \"normal\"}, \"labels\": {\"show\": true, \"truncate\": 100, \"rotate\": 0, \"filter\": false}, \"type\": \"value\", \"id\": \"ValueAxis-1\", \"style\": {}, \"show\": true}, {\"title\": {\"text\": \"\"}, \"position\": \"right\", \"name\": \"RightAxis-1\", \"scale\": {\"type\": \"square root\", \"mode\": \"normal\"}, \"labels\": {\"show\": true, \"truncate\": 100, \"rotate\": 0, \"filter\": false}, \"type\": \"value\", \"id\": \"ValueAxis-2\", \"style\": {}, \"show\": true}], \"defaultYExtents\": false, \"grid\": {\"categoryLines\": false, \"style\": {\"color\": \"#eee\"}}, \"interpolate\": \"linear\", \"addTimeMarker\": false, \"setYExtents\": false, \"radiusRatio\": 9}, \"type\": \"histogram\", \"aggs\": [{\"params\": {}, \"schema\": \"metric\", \"type\": \"count\", \"enabled\": true, \"id\": \"1\"}, {\"params\": {\"field\": \"source.user.name\", \"orderBy\": \"1\", \"order\": \"desc\", \"customLabel\": \"Source Users\", \"size\": 20}, \"schema\": \"segment\", \"type\": \"terms\", \"enabled\": true, \"id\": \"2\"}, {\"params\": {\"field\": \"cef.extensions.categoryBehavior\", \"customLabel\": \"Event Types\"}, \"schema\": \"metric\", \"type\": \"cardinality\", \"enabled\": true, \"id\": \"3\"}, {\"params\": {\"field\": \"destination.user.name\", \"customLabel\": \"Destination User Names\"}, \"schema\": \"metric\", \"type\": \"cardinality\", \"enabled\": true, \"id\": \"4\"}], \"title\": \"Source Users by Event Type and Destination Users [Filebeat CEF]\"}"
            },
            "id": "59ad829b-12b8-4256-95a5-e7078eda628b",
            "migrationVersion": {
                "visualization": "7.3.1"
            },
            "references": [
                {
                    "id": "e6cf2383-71f4-4db1-a791-1a7d4f110194",
                    "name": "search_0",
                    "type": "search"
                }
            ],
            "type": "visualization",
            "updated_at": "2019-10-25T16:30:02.301Z",
            "version": "WzEyNjAsMV0="
        },
        {
            "attributes": {
                "description": "",
                "kibanaSavedObjectMeta": {
                    "searchSourceJSON": "{\"filter\": []}"
                },
                "savedSearchRefName": "search_0",
                "title": "Endpoint OS Metrics Overview [Filebeat CEF]",
                "uiStateJSON": "{\"vis\": {\"defaultColors\": {\"0 - 100\": \"rgb(0,104,55)\"}}}",
                "version": 1,
                "visState": "{\"listeners\": {}, \"params\": {\"addLegend\": false, \"fontSize\": \"30\", \"addTooltip\": true, \"gauge\": {\"invertColors\": false, \"gaugeType\": \"Metric\", \"orientation\": \"vertical\", \"colorSchema\": \"Green to Red\", \"labels\": {\"color\": \"black\", \"show\": true}, \"gaugeStyle\": \"Full\", \"useRange\": false, \"verticalSplit\": false, \"backStyle\": \"Full\", \"autoExtend\": false, \"scale\": {\"color\": \"#333\", \"labels\": false, \"show\": false, \"width\": 2}, \"gaugeColorMode\": \"None\", \"colorsRange\": [{\"to\": 100, \"from\": 0}], \"type\": \"simple\", \"style\": {\"fontSize\": \"20\", \"labelColor\": false, \"bgColor\": false, \"bgFill\": \"#000\", \"subText\": \"\"}, \"percentageMode\": false}, \"type\": \"gauge\", \"handleNoResults\": true}, \"type\": \"metric\", \"aggs\": [{\"params\": {\"customLabel\": \"Total Events\"}, \"schema\": \"metric\", \"type\": \"count\", \"enabled\": true, \"id\": \"1\"}, {\"params\": {\"field\": \"observer.hostname\", \"customLabel\": \"Devices\"}, \"schema\": \"metric\", \"type\": \"cardinality\", \"enabled\": true, \"id\": \"6\"}, {\"params\": {\"field\": \"cef.extensions.categoryBehavior\", \"customLabel\": \"Event Types\"}, \"schema\": \"metric\", \"type\": \"cardinality\", \"enabled\": true, \"id\": \"7\"}, {\"params\": {\"field\": \"cef.extensions.categoryOutcome\", \"customLabel\": \"Event Outcomes\"}, \"schema\": \"metric\", \"type\": \"cardinality\", \"enabled\": true, \"id\": \"8\"}], \"title\": \"Endpoint OS Metrics Overview [Filebeat CEF]\"}"
            },
            "id": "158d809a-89db-4ffa-88a1-eb5c4bf58d50",
            "migrationVersion": {
                "visualization": "7.3.1"
            },
            "references": [
                {
                    "id": "e6cf2383-71f4-4db1-a791-1a7d4f110194",
                    "name": "search_0",
                    "type": "search"
                }
            ],
            "type": "visualization",
            "updated_at": "2019-10-25T16:30:02.301Z",
            "version": "WzEyNjEsMV0="
        },
        {
            "attributes": {
                "description": "",
                "kibanaSavedObjectMeta": {
                    "searchSourceJSON": "{\"filter\": []}"
                },
                "savedSearchRefName": "search_0",
                "title": "Top 10 Behaviors by Outcome [Filebeat CEF]",
                "uiStateJSON": "{\"vis\": {\"defaultColors\": {\"9,000 - 18,000\": \"rgb(255,241,170)\", \"27,000 - 36,000\": \"rgb(254,201,101)\", \"72,000 - 81,000\": \"rgb(212,16,32)\", \"81,000 - 90,000\": \"rgb(176,0,38)\", \"54,000 - 63,000\": \"rgb(252,91,46)\", \"18,000 - 27,000\": \"rgb(254,225,135)\", \"63,000 - 72,000\": \"rgb(237,47,34)\", \"0 - 9,000\": \"rgb(255,255,204)\", \"45,000 - 54,000\": \"rgb(253,141,60)\", \"36,000 - 45,000\": \"rgb(254,171,73)\"}}}",
                "version": 1,
                "visState": "{\"listeners\": {}, \"params\": {\"addLegend\": true, \"invertColors\": false, \"colorsRange\": [], \"valueAxes\": [{\"labels\": {\"color\": \"#555\", \"rotate\": 0, \"show\": false}, \"scale\": {\"type\": \"linear\", \"defaultYExtents\": false}, \"type\": \"value\", \"id\": \"ValueAxis-1\", \"show\": false}], \"addTooltip\": true, \"legendPosition\": \"right\", \"times\": [], \"enableHover\": true, \"colorSchema\": \"Yellow to Red\", \"colorsNumber\": 10, \"setColorRange\": false, \"percentageMode\": false}, \"type\": \"heatmap\", \"aggs\": [{\"params\": {}, \"schema\": \"metric\", \"type\": \"count\", \"enabled\": true, \"id\": \"1\"}, {\"params\": {\"field\": \"cef.extensions.categoryBehavior\", \"orderBy\": \"1\", \"order\": \"desc\", \"customLabel\": \"Event Type\", \"size\": 10}, \"schema\": \"segment\", \"type\": \"terms\", \"enabled\": true, \"id\": \"2\"}, {\"params\": {\"field\": \"cef.extensions.categoryOutcome\", \"orderBy\": \"1\", \"order\": \"desc\", \"customLabel\": \"Event Outcome\", \"size\": 5}, \"schema\": \"group\", \"type\": \"terms\", \"enabled\": true, \"id\": \"3\"}], \"title\": \"Top 10 Behaviors by Outcome [Filebeat CEF]\"}"
            },
            "id": "77ee0e91-010b-4897-b483-7e9a907d2afe",
            "migrationVersion": {
                "visualization": "7.3.1"
            },
            "references": [
                {
                    "id": "e6cf2383-71f4-4db1-a791-1a7d4f110194",
                    "name": "search_0",
                    "type": "search"
                }
            ],
            "type": "visualization",
            "updated_at": "2019-10-25T16:30:02.301Z",
            "version": "WzEyNjIsMV0="
        },
        {
            "attributes": {
                "description": "",
                "kibanaSavedObjectMeta": {
                    "searchSourceJSON": "{\"query\": {\"query_string\": {\"query\": \"*\"}}, \"filter\": []}"
                },
                "title": "Events by Outcomes [Filebeat CEF]",
                "uiStateJSON": "{}",
                "version": 1,
                "visState": "{\"listeners\": {}, \"params\": {\"interval\": \"auto\", \"series\": [{\"label\": \"Event Outcomes\", \"color\": \"rgba(244,78,59,1)\", \"hide_in_legend\": 0, \"axis_position\": \"right\", \"fill\": \"0\", \"formatter\": \"number\", \"split_mode\": \"filters\", \"seperate_axis\": 1, \"id\": \"932c5de4-f841-4f27-99e4-60d95d3aa16c\", \"terms_size\": \"3\", \"line_width\": \"3\", \"chart_type\": \"line\", \"terms_field\": \"cef.extensions.categoryOutcome\", \"stacked\": \"none\", \"point_size\": 1, \"split_filters\": [{\"color\": \"rgba(244,78,59,1)\", \"label\": \"Failure\", \"id\": \"94371b84-a7aa-4824-b4d1-217ecbe725a5\", \"filter\": \"cef.extensions.categoryOutcome:\\\"/Failure\\\"\"}, {\"color\": \"rgba(104,188,0,1)\", \"label\": \"Success\", \"id\": \"31564794-9278-4f2e-bb20-557f5cfbea79\", \"filter\": \"cef.extensions.categoryOutcome:\\\"/Success\\\"\"}, {\"color\": \"rgba(251,158,0,1)\", \"label\": \"Attempt\", \"id\": \"10c0f919-0853-41b5-94b4-2e39932e7aa0\", \"filter\": \"cef.extensions.categoryOutcome:\\\"/Attempt\\\"\"}], \"metrics\": [{\"type\": \"count\", \"id\": \"4c263b6d-8117-43c6-b83f-5c4145f43cfc\"}]}, {\"label\": \"Event Count\", \"color\": \"rgba(104,182,204,1)\", \"axis_position\": \"left\", \"fill\": 0.5, \"formatter\": \"number\", \"split_mode\": \"everything\", \"seperate_axis\": 1, \"id\": \"c9eca9d0-c2e0-45e6-a3ce-f158c40fdd74\", \"line_width\": 1, \"chart_type\": \"bar\", \"stacked\": \"none\", \"point_size\": 1, \"metrics\": [{\"type\": \"count\", \"id\": \"6d8513ca-cc72-4b27-91b6-6b689558cdcb\"}]}], \"axis_position\": \"left\", \"axis_formatter\": \"number\", \"time_field\": \"@timestamp\", \"type\": \"timeseries\", \"index_pattern\": \"filebeat-*\", \"id\": \"74716d29-91c6-4095-bc7d-7f6700f12b1f\", \"show_legend\": 1, \"filter\": {\"query\": \"cef.extensions.categoryDeviceGroup:\\\"/Operating System\\\"\", \"language\": \"lucene\"}}, \"type\": \"metrics\", \"aggs\": [], \"title\": \"Events by Outcomes [Filebeat CEF]\"}"
            },
            "id": "0f4028b2-3dc2-4cb6-80d8-285c847a02a1",
            "migrationVersion": {
                "visualization": "7.3.1"
            },
            "references": [],
            "type": "visualization",
            "updated_at": "2019-10-25T16:30:02.301Z",
            "version": "WzEyNjMsMV0="
        },
        {
            "attributes": {
                "description": "",
                "kibanaSavedObjectMeta": {
                    "searchSourceJSON": "{\"filter\": []}"
                },
                "savedSearchRefName": "search_0",
                "title": "Top 20 Behaviors by Outcome [Filebeat CEF]",
                "uiStateJSON": "{}",
                "version": 1,
                "visState": "{\"listeners\": {}, \"params\": {\"addLegend\": true, \"legendPosition\": \"right\", \"isDonut\": true, \"addTooltip\": true}, \"type\": \"pie\", \"aggs\": [{\"params\": {}, \"schema\": \"metric\", \"type\": \"count\", \"enabled\": true, \"id\": \"1\"}, {\"params\": {\"field\": \"cef.extensions.categoryBehavior\", \"orderBy\": \"1\", \"order\": \"desc\", \"customLabel\": \"Event Behavior\", \"size\": 20}, \"schema\": \"segment\", \"type\": \"terms\", \"enabled\": true, \"id\": \"2\"}, {\"params\": {\"field\": \"cef.extensions.categoryOutcome\", \"orderBy\": \"1\", \"order\": \"desc\", \"customLabel\": \"Event Outcome\", \"size\": 3}, \"schema\": \"segment\", \"type\": \"terms\", \"enabled\": true, \"id\": \"3\"}], \"title\": \"Top 20 Behaviors by Outcome [Filebeat CEF]\"}"
            },
            "id": "e06d85f2-2da4-41e2-b2ab-f685b64bb3f9",
            "migrationVersion": {
                "visualization": "7.3.1"
            },
            "references": [
                {
                    "id": "e6cf2383-71f4-4db1-a791-1a7d4f110194",
                    "name": "search_0",
                    "type": "search"
                }
            ],
            "type": "visualization",
            "updated_at": "2019-10-25T16:30:02.301Z",
            "version": "WzEyNjQsMV0="
        },
        {
            "attributes": {
                "description": "",
                "kibanaSavedObjectMeta": {
                    "searchSourceJSON": "{\"filter\": []}"
                },
                "savedSearchRefName": "search_0",
                "title": "Top 15 Event Types by Events [Filebeat CEF]",
                "uiStateJSON": "{\"vis\": {\"params\": {\"sort\": {\"direction\": null, \"columnIndex\": null}}}}",
                "version": 1,
                "visState": "{\"listeners\": {}, \"params\": {\"showPartialRows\": false, \"totalFunc\": \"sum\", \"sort\": {\"direction\": null, \"columnIndex\": null}, \"showMeticsAtAllLevels\": false, \"perPage\": 15, \"showTotal\": false}, \"type\": \"table\", \"aggs\": [{\"params\": {\"field\": \"cef.extensions.categoryBehavior\", \"orderBy\": \"1\", \"order\": \"desc\", \"customLabel\": \"Event Types\", \"size\": 15}, \"schema\": \"bucket\", \"type\": \"terms\", \"enabled\": true, \"id\": \"2\"}, {\"params\": {\"field\": \"source.user.name\", \"customLabel\": \"Source Users\"}, \"schema\": \"metric\", \"type\": \"cardinality\", \"enabled\": true, \"id\": \"3\"}, {\"params\": {\"field\": \"destination.user.name\", \"customLabel\": \"Destination Users\"}, \"schema\": \"metric\", \"type\": \"cardinality\", \"enabled\": true, \"id\": \"4\"}, {\"params\": {\"field\": \"source.domain\", \"customLabel\": \"Source Hosts\"}, \"schema\": \"metric\", \"type\": \"cardinality\", \"enabled\": true, \"id\": \"5\"}, {\"params\": {\"field\": \"destination.domain\", \"customLabel\": \"Destination Hosts\"}, \"schema\": \"metric\", \"type\": \"cardinality\", \"enabled\": true, \"id\": \"6\"}, {\"params\": {}, \"schema\": \"metric\", \"type\": \"count\", \"enabled\": true, \"id\": \"1\"}], \"title\": \"Top 15 Event Types by Events [Filebeat CEF]\"}"
            },
            "id": "2726382e-638a-4dcc-94fc-0ffdc0f92048",
            "migrationVersion": {
                "visualization": "7.3.1"
            },
            "references": [
                {
                    "id": "e6cf2383-71f4-4db1-a791-1a7d4f110194",
                    "name": "search_0",
                    "type": "search"
                }
            ],
            "type": "visualization",
            "updated_at": "2019-10-25T16:30:02.301Z",
            "version": "WzEyNjUsMV0="
        },
        {
            "attributes": {
                "description": "",
                "kibanaSavedObjectMeta": {
                    "searchSourceJSON": "{\"filter\": []}"
                },
                "savedSearchRefName": "search_0",
                "title": "Top 5 Vendors by Product [Filebeat CEF]",
                "uiStateJSON": "{}",
                "version": 1,
                "visState": "{\"listeners\": {}, \"params\": {\"addLegend\": true, \"legendPosition\": \"right\", \"isDonut\": true, \"addTooltip\": true}, \"type\": \"pie\", \"aggs\": [{\"params\": {}, \"schema\": \"metric\", \"type\": \"count\", \"enabled\": true, \"id\": \"1\"}, {\"params\": {\"field\": \"cef.device.vendor\", \"orderBy\": \"1\", \"order\": \"desc\", \"customLabel\": \"OS Vendor\", \"size\": 5}, \"schema\": \"segment\", \"type\": \"terms\", \"enabled\": true, \"id\": \"2\"}, {\"params\": {\"field\": \"cef.device.product\", \"orderBy\": \"1\", \"order\": \"desc\", \"customLabel\": \"OS Product\", \"size\": 5}, \"schema\": \"segment\", \"type\": \"terms\", \"enabled\": true, \"id\": \"3\"}], \"title\": \"Top 5 Vendors by Product [Filebeat CEF]\"}"
            },
            "id": "92aecea0-a632-4a55-bb56-50e4cdaca036",
            "migrationVersion": {
                "visualization": "7.3.1"
            },
            "references": [
                {
                    "id": "e6cf2383-71f4-4db1-a791-1a7d4f110194",
                    "name": "search_0",
                    "type": "search"
                }
            ],
            "type": "visualization",
            "updated_at": "2019-10-25T16:30:02.301Z",
            "version": "WzEyNjYsMV0="
        },
        {
            "attributes": {
                "description": "",
                "kibanaSavedObjectMeta": {
                    "searchSourceJSON": "{\"query\": {\"query_string\": {\"query\": \"*\"}}, \"filter\": []}"
                },
                "title": " Dashboard Navigation [Filebeat CEF]",
                "uiStateJSON": "{}",
                "version": 1,
                "visState": "{\"listeners\": {}, \"params\": {\"markdown\": \"[Network Overview](#/dashboard/dd0bc9af-2e89-4150-9b42-62517ea56b71) | [Network Suspicious Activity](#/dashboard/db1e1aca-279e-4ecc-b84e-fe58644f7619) | [Endpoint Overview](#dashboard/c10ce1cf-f6b8-4de4-8715-2cb5f6770b3b) | [Endpoint OS Activity](#/dashboard/9e352900-89c3-4c1b-863e-249e24d0dac9) | [Microsoft DNS Overview](#/dashboard/56428e01-0c47-4770-8ba4-9345a029ea41)\"}, \"type\": \"markdown\", \"aggs\": [], \"title\": \" Dashboard Navigation [Filebeat CEF]\"}"
            },
            "id": "677891a1-90c4-4273-b126-f0e54689bd76",
            "migrationVersion": {
                "visualization": "7.3.1"
            },
            "references": [],
            "type": "visualization",
            "updated_at": "2019-10-25T16:30:06.345Z",
            "version": "WzEzMzYsMV0="
        },
        {
            "attributes": {
                "description": "",
                "kibanaSavedObjectMeta": {
                    "searchSourceJSON": "{\"query\": {\"query_string\": {\"query\": \"*\"}}, \"filter\": []}"
                },
                "title": "Endpoint - OS Average EPS [Filebeat CEF]",
                "uiStateJSON": "{}",
                "version": 1,
                "visState": "{\"listeners\": {}, \"params\": {\"gauge_inner_width\": 10, \"axis_position\": \"left\", \"gauge_width\": 10, \"gauge_color_rules\": [{\"id\": \"03a2fd72-fc9c-4582-9133-20af36217180\"}], \"type\": \"gauge\", \"index_pattern\": \"filebeat-*\", \"id\": \"94161c6c-4f48-4beb-9d78-f79f29c02a34\", \"filter\": {\"query\": \"cef.extensions.categoryDeviceGroup:\\\"/Operating System\\\"\", \"language\": \"lucene\"}, \"series\": [{\"label\": \"Event Throughput\", \"color\": \"rgba(0,156,224,1)\", \"axis_position\": \"right\", \"fill\": 0.5, \"value_template\": \"{{value}} / s\", \"formatter\": \"number\", \"split_mode\": \"everything\", \"seperate_axis\": 0, \"id\": \"b4373ffd-9660-4206-afd6-d4867ac7dbdf\", \"line_width\": 1, \"chart_type\": \"line\", \"offset_time\": \"1m\", \"stacked\": \"none\", \"point_size\": 1, \"metrics\": [{\"type\": \"count\", \"id\": \"b1a48389-d799-4eba-8b98-7ee8ef0bb440\"}, {\"field\": \"b1a48389-d799-4eba-8b98-7ee8ef0bb440\", \"type\": \"cumulative_sum\", \"id\": \"89f8286e-4aec-4cb4-83ad-b139692edf3d\"}, {\"field\": \"89f8286e-4aec-4cb4-83ad-b139692edf3d\", \"type\": \"derivative\", \"id\": \"1df39e5f-3e98-4ed7-ab08-47f3ca2ee915\", \"unit\": \"1s\"}, {\"beta\": 0.1, \"field\": \"1df39e5f-3e98-4ed7-ab08-47f3ca2ee915\", \"model_type\": \"simple\", \"multiplicative\": false, \"gamma\": 0.3, \"period\": 1, \"type\": \"moving_average\", \"id\": \"f46a6e6e-444f-4c7e-b5eb-e1a59568f2eb\", \"alpha\": 0.3, \"window\": \"10\"}]}], \"interval\": \"auto\", \"bar_color_rules\": [{\"id\": \"ce9549a0-3af0-4070-b169-4b6d145d4c39\"}], \"gauge_style\": \"half\", \"time_field\": \"@timestamp\", \"show_legend\": 1, \"axis_formatter\": \"number\"}, \"type\": \"metrics\", \"aggs\": [], \"title\": \"Endpoint - OS Average EPS [Filebeat CEF]\"}"
            },
            "id": "76c088c3-486e-4420-8840-5ede667edffe",
            "migrationVersion": {
                "visualization": "7.3.1"
            },
            "references": [],
            "type": "visualization",
            "updated_at": "2019-10-25T16:30:02.301Z",
            "version": "WzEyNjgsMV0="
        },
        {
            "attributes": {
                "description": "",
                "kibanaSavedObjectMeta": {
                    "searchSourceJSON": "{\"filter\": []}"
                },
                "savedSearchRefName": "search_0",
                "title": "Events by Source and Destination Users [Filebeat CEF]",
                "uiStateJSON": "{}",
                "version": 1,
                "visState": "{\"listeners\": {}, \"params\": {\"addLegend\": true, \"showCircles\": true, \"categoryAxes\": [{\"title\": {\"text\": \"Timestamp\"}, \"position\": \"bottom\", \"scale\": {\"type\": \"linear\"}, \"labels\": {\"truncate\": 100, \"show\": true}, \"type\": \"category\", \"id\": \"CategoryAxis-1\", \"style\": {}, \"show\": true}], \"addTooltip\": true, \"seriesParams\": [{\"valueAxis\": \"ValueAxis-1\", \"mode\": \"stacked\", \"showCircles\": true, \"data\": {\"label\": \"Event Count\", \"id\": \"1\"}, \"type\": \"histogram\", \"drawLinesBetweenPoints\": true, \"show\": \"true\"}, {\"valueAxis\": \"ValueAxis-2\", \"mode\": \"normal\", \"showCircles\": true, \"interpolate\": \"linear\", \"lineWidth\": 3, \"data\": {\"label\": \"Source Users\", \"id\": \"3\"}, \"type\": \"line\", \"drawLinesBetweenPoints\": true, \"show\": true}, {\"valueAxis\": \"ValueAxis-2\", \"mode\": \"normal\", \"showCircles\": true, \"interpolate\": \"linear\", \"lineWidth\": 3, \"data\": {\"label\": \"Destination Users\", \"id\": \"4\"}, \"type\": \"line\", \"drawLinesBetweenPoints\": true, \"show\": true}], \"legendPosition\": \"right\", \"drawLinesBetweenPoints\": true, \"times\": [], \"scale\": \"linear\", \"valueAxes\": [{\"title\": {\"text\": \"Event Count\"}, \"position\": \"left\", \"name\": \"LeftAxis-1\", \"scale\": {\"type\": \"linear\", \"mode\": \"normal\"}, \"labels\": {\"show\": true, \"truncate\": 100, \"rotate\": 0, \"filter\": false}, \"type\": \"value\", \"id\": \"ValueAxis-1\", \"style\": {}, \"show\": true}, {\"title\": {\"text\": \"\"}, \"position\": \"right\", \"name\": \"RightAxis-1\", \"scale\": {\"type\": \"square root\", \"mode\": \"normal\"}, \"labels\": {\"show\": true, \"truncate\": 100, \"rotate\": 0, \"filter\": false}, \"type\": \"value\", \"id\": \"ValueAxis-2\", \"style\": {}, \"show\": true}], \"defaultYExtents\": false, \"grid\": {\"categoryLines\": false, \"style\": {\"color\": \"#eee\"}}, \"interpolate\": \"linear\", \"addTimeMarker\": false, \"setYExtents\": false, \"radiusRatio\": 9}, \"type\": \"histogram\", \"aggs\": [{\"params\": {\"customLabel\": \"Event Count\"}, \"schema\": \"metric\", \"type\": \"count\", \"enabled\": true, \"id\": \"1\"}, {\"params\": {\"field\": \"@timestamp\", \"extended_bounds\": {}, \"min_doc_count\": 1, \"interval\": \"auto\", \"customLabel\": \"Timestamp\"}, \"schema\": \"segment\", \"type\": \"date_histogram\", \"enabled\": true, \"id\": \"2\"}, {\"params\": {\"field\": \"source.user.name\", \"customLabel\": \"Source Users\"}, \"schema\": \"metric\", \"type\": \"cardinality\", \"enabled\": true, \"id\": \"3\"}, {\"params\": {\"field\": \"destination.user.name\", \"customLabel\": \"Destination Users\"}, \"schema\": \"metric\", \"type\": \"cardinality\", \"enabled\": true, \"id\": \"4\"}], \"title\": \"Events by Source and Destination Users [Filebeat CEF]\"}"
            },
            "id": "5f187dc8-aa7e-4f91-a2d8-1186ce254d00",
            "migrationVersion": {
                "visualization": "7.3.1"
            },
            "references": [
                {
                    "id": "e6cf2383-71f4-4db1-a791-1a7d4f110194",
                    "name": "search_0",
                    "type": "search"
                }
            ],
            "type": "visualization",
            "updated_at": "2019-10-25T16:30:02.301Z",
            "version": "WzEyNjksMV0="
        },
        {
            "attributes": {
                "description": "",
                "kibanaSavedObjectMeta": {
                    "searchSourceJSON": "{\"filter\": []}"
                },
                "savedSearchRefName": "search_0",
                "title": "Top 10 Sources by Destinations [Filebeat CEF]",
                "uiStateJSON": "{}",
                "version": 1,
                "visState": "{\"listeners\": {}, \"params\": {\"addLegend\": true, \"legendPosition\": \"bottom\", \"isDonut\": true, \"addTooltip\": true}, \"type\": \"pie\", \"aggs\": [{\"params\": {}, \"schema\": \"metric\", \"type\": \"count\", \"enabled\": true, \"id\": \"1\"}, {\"params\": {\"field\": \"source.domain\", \"orderBy\": \"1\", \"order\": \"desc\", \"customLabel\": \"Source Host\", \"size\": 10}, \"schema\": \"segment\", \"type\": \"terms\", \"enabled\": true, \"id\": \"2\"}, {\"params\": {\"field\": \"destination.domain\", \"orderBy\": \"1\", \"order\": \"desc\", \"customLabel\": \"Destination Host\", \"size\": 10}, \"schema\": \"segment\", \"type\": \"terms\", \"enabled\": true, \"id\": \"3\"}], \"title\": \"Top 10 Sources by Destinations [Filebeat CEF]\"}"
            },
            "id": "316fdc75-7215-4c6b-8e1b-70a097b34e28",
            "migrationVersion": {
                "visualization": "7.3.1"
            },
            "references": [
                {
                    "id": "e6cf2383-71f4-4db1-a791-1a7d4f110194",
                    "name": "search_0",
                    "type": "search"
                }
            ],
            "type": "visualization",
            "updated_at": "2019-10-25T16:30:02.301Z",
            "version": "WzEyNzAsMV0="
        },
        {
            "attributes": {
                "description": "",
                "kibanaSavedObjectMeta": {
                    "searchSourceJSON": "{\"filter\": []}"
                },
                "savedSearchRefName": "search_0",
                "title": "Top 10 Source Users by Destination Users [Filebeat CEF]",
                "uiStateJSON": "{}",
                "version": 1,
                "visState": "{\"listeners\": {}, \"params\": {\"addLegend\": true, \"legendPosition\": \"bottom\", \"isDonut\": true, \"addTooltip\": true}, \"type\": \"pie\", \"aggs\": [{\"params\": {}, \"schema\": \"metric\", \"type\": \"count\", \"enabled\": true, \"id\": \"1\"}, {\"params\": {\"field\": \"source.user.name\", \"orderBy\": \"1\", \"order\": \"desc\", \"customLabel\": \"Source Users\", \"size\": 10}, \"schema\": \"segment\", \"type\": \"terms\", \"enabled\": true, \"id\": \"2\"}, {\"params\": {\"field\": \"destination.user.name\", \"orderBy\": \"1\", \"order\": \"desc\", \"customLabel\": \"Destination Users\", \"size\": 10}, \"schema\": \"segment\", \"type\": \"terms\", \"enabled\": true, \"id\": \"3\"}], \"title\": \"Top 10 Source Users by Destination Users [Filebeat CEF]\"}"
            },
            "id": "6437e9bb-9ed1-4e2d-bb10-e63ccd35c409",
            "migrationVersion": {
                "visualization": "7.3.1"
            },
            "references": [
                {
                    "id": "e6cf2383-71f4-4db1-a791-1a7d4f110194",
                    "name": "search_0",
                    "type": "search"
                }
            ],
            "type": "visualization",
            "updated_at": "2019-10-25T16:30:02.301Z",
            "version": "WzEyNzEsMV0="
        },
        {
            "attributes": {
                "description": "",
                "kibanaSavedObjectMeta": {
                    "searchSourceJSON": "{\"filter\": []}"
                },
                "savedSearchRefName": "search_0",
                "title": "Top 10 Destinations [Filebeat CEF]",
                "uiStateJSON": "{}",
                "version": 1,
                "visState": "{\"listeners\": {}, \"params\": {\"scale\": \"linear\", \"orientation\": \"single\", \"minFontSize\": 10, \"maxFontSize\": 60}, \"type\": \"tagcloud\", \"aggs\": [{\"params\": {}, \"schema\": \"metric\", \"type\": \"count\", \"enabled\": true, \"id\": \"1\"}, {\"params\": {\"field\": \"destination.domain\", \"orderBy\": \"1\", \"order\": \"desc\", \"customLabel\": \"Destination Hosts\", \"size\": 10}, \"schema\": \"segment\", \"type\": \"terms\", \"enabled\": true, \"id\": \"2\"}], \"title\": \"Top 10 Destinations [Filebeat CEF]\"}"
            },
            "id": "4a7c10c7-4abd-47b4-b4c3-dee33377fbdf",
            "migrationVersion": {
                "visualization": "7.3.1"
            },
            "references": [
                {
                    "id": "e6cf2383-71f4-4db1-a791-1a7d4f110194",
                    "name": "search_0",
                    "type": "search"
                }
            ],
            "type": "visualization",
            "updated_at": "2019-10-25T16:30:02.301Z",
            "version": "WzEyNzIsMV0="
        },
        {
            "attributes": {
                "description": "",
                "kibanaSavedObjectMeta": {
                    "searchSourceJSON": "{\"filter\": []}"
                },
                "savedSearchRefName": "search_0",
                "title": "Top 10 Destination Users [Filebeat CEF]",
                "uiStateJSON": "{}",
                "version": 1,
                "visState": "{\"listeners\": {}, \"params\": {\"scale\": \"linear\", \"orientation\": \"single\", \"minFontSize\": 10, \"maxFontSize\": 60}, \"type\": \"tagcloud\", \"aggs\": [{\"params\": {}, \"schema\": \"metric\", \"type\": \"count\", \"enabled\": true, \"id\": \"1\"}, {\"params\": {\"field\": \"destination.user.name\", \"orderBy\": \"1\", \"order\": \"desc\", \"customLabel\": \"Destination Users\", \"size\": 10}, \"schema\": \"segment\", \"type\": \"terms\", \"enabled\": true, \"id\": \"2\"}], \"title\": \"Top 10 Destination Users [Filebeat CEF]\"}"
            },
            "id": "acc915fe-b971-4795-9040-3fbfdf62abe1",
            "migrationVersion": {
                "visualization": "7.3.1"
            },
            "references": [
                {
                    "id": "e6cf2383-71f4-4db1-a791-1a7d4f110194",
                    "name": "search_0",
                    "type": "search"
                }
            ],
            "type": "visualization",
            "updated_at": "2019-10-25T16:30:02.301Z",
            "version": "WzEyNzMsMV0="
        },
        {
            "attributes": {
                "description": "",
                "kibanaSavedObjectMeta": {
                    "searchSourceJSON": "{\"filter\": []}"
                },
                "savedSearchRefName": "search_0",
                "title": "Top 10 Sources [Filebeat CEF]",
                "uiStateJSON": "{}",
                "version": 1,
                "visState": "{\"listeners\": {}, \"params\": {\"scale\": \"linear\", \"orientation\": \"single\", \"minFontSize\": 10, \"maxFontSize\": 60}, \"type\": \"tagcloud\", \"aggs\": [{\"params\": {}, \"schema\": \"metric\", \"type\": \"count\", \"enabled\": true, \"id\": \"1\"}, {\"params\": {\"field\": \"source.domain\", \"orderBy\": \"1\", \"order\": \"desc\", \"customLabel\": \"Source Hosts\", \"size\": 10}, \"schema\": \"segment\", \"type\": \"terms\", \"enabled\": true, \"id\": \"2\"}], \"title\": \"Top 10 Sources [Filebeat CEF]\"}"
            },
            "id": "4e25b5ce-53c3-46fc-b5e5-71d3c52f1956",
            "migrationVersion": {
                "visualization": "7.3.1"
            },
            "references": [
                {
                    "id": "e6cf2383-71f4-4db1-a791-1a7d4f110194",
                    "name": "search_0",
                    "type": "search"
                }
            ],
            "type": "visualization",
            "updated_at": "2019-10-25T16:30:02.301Z",
            "version": "WzEyNzQsMV0="
        },
        {
            "attributes": {
                "description": "",
                "kibanaSavedObjectMeta": {
                    "searchSourceJSON": "{\"filter\": []}"
                },
                "savedSearchRefName": "search_0",
                "title": "Top 10 Source Users [Filebeat CEF]",
                "uiStateJSON": "{}",
                "version": 1,
                "visState": "{\"listeners\": {}, \"params\": {\"scale\": \"linear\", \"orientation\": \"single\", \"minFontSize\": 10, \"maxFontSize\": 60}, \"type\": \"tagcloud\", \"aggs\": [{\"params\": {}, \"schema\": \"metric\", \"type\": \"count\", \"enabled\": true, \"id\": \"1\"}, {\"params\": {\"field\": \"source.user.name\", \"orderBy\": \"1\", \"order\": \"desc\", \"customLabel\": \"Source Users\", \"size\": 10}, \"schema\": \"segment\", \"type\": \"terms\", \"enabled\": true, \"id\": \"2\"}], \"title\": \"Top 10 Source Users [Filebeat CEF]\"}"
            },
            "id": "8cd00d20-957d-4663-be4d-ea80b1609586",
            "migrationVersion": {
                "visualization": "7.3.1"
            },
            "references": [
                {
                    "id": "e6cf2383-71f4-4db1-a791-1a7d4f110194",
                    "name": "search_0",
                    "type": "search"
                }
            ],
            "type": "visualization",
            "updated_at": "2019-10-25T16:30:02.301Z",
            "version": "WzEyNzUsMV0="
        },
        {
            "attributes": {
                "columns": [
                    "cef.device.vendor",
                    "cef.device.product",
                    "message",
                    "cef.device.event_class_id",
                    "cef.extensions.deviceEventCategory",
                    "source.user.name",
                    "destination.user.name",
                    "destination.domain",
                    "cef.extensions.categoryBehavior",
                    "cef.extensions.categoryOutcome",
                    "cef.extensions.sourceNtDomain",
                    "cef.extensions.destinationNtDomain"
                ],
                "description": "",
                "hits": 0,
                "kibanaSavedObjectMeta": {
                    "searchSourceJSON": "{\"version\": true, \"query\": {\"query_string\": {\"query\": \"cef.extensions.categoryDeviceGroup:\\\"/Operating System\\\"\", \"analyze_wildcard\": true}}, \"highlightAll\": true, \"indexRefName\": \"kibanaSavedObjectMeta.searchSourceJSON.index\", \"filter\": []}"
                },
                "sort": [
                    [
                        "@timestamp",
                        "desc"
                    ]
                ],
                "title": "Endpoint - OS Events [Filebeat CEF]",
                "version": 1
            },
            "id": "e6cf2383-71f4-4db1-a791-1a7d4f110194",
            "migrationVersion": {
                "search": "7.4.0"
            },
            "references": [
                {
                    "id": "filebeat-*",
                    "name": "kibanaSavedObjectMeta.searchSourceJSON.index",
                    "type": "index-pattern"
                }
            ],
            "type": "search",
            "updated_at": "2019-10-25T16:30:02.301Z",
            "version": "WzEyNzYsMV0="
        }
    ],
    "version": "7.4.1"
}