{
    "objects": [
        {
            "attributes": {
                "description": "",
                "kibanaSavedObjectMeta": {
                    "searchSourceJSON": "{\"query\": {\"query\": \"\", \"language\": \"kuery\"}, \"filter\": []}"
                },
                "savedSearchId": "cfaba090-cbda-11e7-9852-73e0a9df1bb6-ecs",
                "title": "Logs Severity [Filebeat Logstash] ECS",
                "uiStateJSON": "{}",
                "version": 1,
                "visState": "{\"params\": {\"addLegend\": true, \"legendPosition\": \"right\", \"isDonut\": true, \"type\": \"pie\", \"addTooltip\": true}, \"title\": \"Logs Severity [Filebeat Logstash] ECS\", \"type\": \"pie\", \"aggs\": [{\"params\": {}, \"schema\": \"metric\", \"type\": \"count\", \"enabled\": true, \"id\": \"1\"}, {\"params\": {\"field\": \"log.level\", \"orderBy\": \"1\", \"order\": \"desc\", \"size\": 5}, \"schema\": \"segment\", \"type\": \"terms\", \"enabled\": true, \"id\": \"2\"}]}"
            },
            "id": "0b1dace0-cbdb-11e7-9852-73e0a9df1bb6-ecs",
            "type": "visualization",
            "version": 1
        },
        {
            "attributes": {
                "description": "",
                "kibanaSavedObjectMeta": {
                    "searchSourceJSON": "{\"query\": {\"query\": \"\", \"language\": \"kuery\"}, \"filter\": []}"
                },
                "savedSearchId": "cfaba090-cbda-11e7-9852-73e0a9df1bb6-ecs",
                "title": "logs over time [Filebeat Logstash] ECS",
                "uiStateJSON": "{}",
                "version": 1,
                "visState": "{\"params\": {\"addLegend\": true, \"seriesParams\": [{\"valueAxis\": \"ValueAxis-1\", \"mode\": \"stacked\", \"showCircles\": true, \"data\": {\"label\": \"Count\", \"id\": \"1\"}, \"type\": \"histogram\", \"drawLinesBetweenPoints\": true, \"show\": \"true\"}], \"grid\": {\"categoryLines\": false, \"style\": {\"color\": \"#eee\"}}, \"categoryAxes\": [{\"title\": {}, \"position\": \"bottom\", \"scale\": {\"type\": \"linear\"}, \"labels\": {\"truncate\": 100, \"show\": true}, \"type\": \"category\", \"id\": \"CategoryAxis-1\", \"style\": {}, \"show\": true}], \"addTooltip\": true, \"legendPosition\": \"right\", \"type\": \"histogram\", \"times\": [], \"valueAxes\": [{\"title\": {\"text\": \"Count\"}, \"position\": \"left\", \"name\": \"LeftAxis-1\", \"scale\": {\"type\": \"linear\", \"mode\": \"normal\"}, \"labels\": {\"show\": true, \"truncate\": 100, \"rotate\": 0, \"filter\": false}, \"type\": \"value\", \"id\": \"ValueAxis-1\", \"style\": {}, \"show\": true}], \"addTimeMarker\": false}, \"title\": \"logs over time [Filebeat Logstash] ECS\", \"type\": \"histogram\", \"aggs\": [{\"params\": {}, \"schema\": \"metric\", \"type\": \"count\", \"enabled\": true, \"id\": \"1\"}, {\"params\": {\"customInterval\": \"2h\", \"extended_bounds\": {}, \"min_doc_count\": 1, \"interval\": \"auto\", \"field\": \"@timestamp\"}, \"schema\": \"segment\", \"type\": \"date_histogram\", \"enabled\": true, \"id\": \"2\"}, {\"params\": {\"field\": \"log.level\", \"orderBy\": \"1\", \"order\": \"desc\", \"size\": 5}, \"schema\": \"group\", \"type\": \"terms\", \"enabled\": true, \"id\": \"3\"}]}"
            },
            "id": "e90b7240-cbda-11e7-9852-73e0a9df1bb6-ecs",
            "type": "visualization",
            "version": 1
        },
        {
            "attributes": {
                "columns": [
                    "log.level",
                    "logstash.log.module",
                    "message",
                    "source"
                ],
                "description": "",
                "hits": 0,
                "kibanaSavedObjectMeta": {
                    "searchSourceJSON": "{\"version\": true, \"index\": \"filebeat-*\", \"highlightAll\": true, \"query\": {\"query\": \"\", \"language\": \"kuery\"}, \"filter\": [{\"query\": {\"match\": {\"event.module\": {\"query\": \"logstash\", \"type\": \"phrase\"}}}, \"meta\": {\"negate\": false, \"key\": \"event.module\", \"disabled\": false, \"params\": {\"query\": \"logstash\", \"type\": \"phrase\"}, \"alias\": null, \"index\": \"filebeat-*\", \"type\": \"phrase\", \"value\": \"logstash\"}, \"$state\": {\"store\": \"appState\"}}, {\"query\": {\"match\": {\"fileset.name\": {\"query\": \"log\", \"type\": \"phrase\"}}}, \"meta\": {\"negate\": false, \"key\": \"fileset.name\", \"disabled\": false, \"params\": {\"query\": \"log\", \"type\": \"phrase\"}, \"alias\": null, \"index\": \"filebeat-*\", \"type\": \"phrase\", \"value\": \"log\"}, \"$state\": {\"store\": \"appState\"}}]}"
                },
                "sort": [
                    "@timestamp",
                    "desc"
                ],
                "title": "logs [Filebeat Logstash] ECS",
                "version": 1
            },
            "id": "cfaba090-cbda-11e7-9852-73e0a9df1bb6-ecs",
            "type": "search",
            "version": 1
        },
        {
            "attributes": {
                "description": "Overview of Logstash logs",
                "hits": 0,
                "kibanaSavedObjectMeta": {
                    "searchSourceJSON": "{\"version\": true, \"query\": {\"query\": \"\", \"language\": \"kuery\"}, \"highlightAll\": true, \"filter\": []}"
                },
                "optionsJSON": "{\"darkTheme\": false}",
                "panelsJSON": "[{\"size_y\": 3, \"panelIndex\": 2, \"row\": 1, \"col\": 7, \"type\": \"visualization\", \"size_x\": 6, \"id\": \"0b1dace0-cbdb-11e7-9852-73e0a9df1bb6-ecs\"}, {\"size_y\": 3, \"panelIndex\": 3, \"row\": 1, \"col\": 1, \"type\": \"visualization\", \"size_x\": 6, \"id\": \"e90b7240-cbda-11e7-9852-73e0a9df1bb6-ecs\"}, {\"size_y\": 10, \"panelIndex\": 4, \"size_x\": 12, \"columns\": [\"log.level\", \"logstash.log.module\", \"message\", \"source\"], \"row\": 4, \"sort\": [\"@timestamp\", \"desc\"], \"col\": 1, \"type\": \"search\", \"id\": \"cfaba090-cbda-11e7-9852-73e0a9df1bb6-ecs\"}]",
                "timeRestore": false,
                "title": "[Filebeat Logstash] Logstash Logs ECS",
                "uiStateJSON": "{}",
                "version": 1
            },
            "id": "Filebeat-Logstash-Log-Dashboard-ecs",
            "type": "dashboard",
            "version": 1
        }
    ],
    "version": "6.0.0"
}