{
    "objects": [
        {
            "attributes": {
                "description": "This dashboard provides an overview of user activity, alerts and resource in Azure cloud.",
                "hits": 0,
                "kibanaSavedObjectMeta": {
                    "searchSourceJSON": "{\"query\": {\"query\": \"\", \"language\": \"kuery\"}, \"filter\": []}"
                },
                "optionsJSON": "{\"useMargins\": true, \"hidePanelTitles\": false}",
                "panelsJSON": "[{\"version\": \"7.4.0\", \"panelIndex\": \"6b6e7452-979c-4f78-afc2-cc58fcf105ff\", \"gridData\": {\"y\": 0, \"i\": \"6b6e7452-979c-4f78-afc2-cc58fcf105ff\", \"h\": 4, \"w\": 9, \"x\": 0}, \"embeddableConfig\": {\"title\": \"\"}, \"panelRefName\": \"panel_0\"}, {\"version\": \"7.4.0\", \"panelIndex\": \"042f777a-5e41-41e8-9d6e-d842473a8aed\", \"gridData\": {\"y\": 0, \"i\": \"042f777a-5e41-41e8-9d6e-d842473a8aed\", \"h\": 4, \"w\": 15, \"x\": 9}, \"embeddableConfig\": {\"title\": \"\"}, \"panelRefName\": \"panel_1\"}, {\"title\": \"Activity Level\", \"panelIndex\": \"1e73bca7-8569-41b5-830e-2f762602219a\", \"embeddableConfig\": {\"title\": \"Activity Level\"}, \"panelRefName\": \"panel_2\", \"version\": \"7.4.0\", \"gridData\": {\"y\": 0, \"i\": \"1e73bca7-8569-41b5-830e-2f762602219a\", \"h\": 8, \"w\": 24, \"x\": 24}}, {\"version\": \"7.4.0\", \"panelIndex\": \"d9465e9f-49f1-4173-b1a4-fea9ee3120ab\", \"gridData\": {\"y\": 4, \"i\": \"d9465e9f-49f1-4173-b1a4-fea9ee3120ab\", \"h\": 6, \"w\": 24, \"x\": 0}, \"embeddableConfig\": {\"title\": \"\"}, \"panelRefName\": \"panel_3\"}, {\"title\": \"Access Requests\", \"panelIndex\": \"18ec1e20-202b-4a40-8d0d-22060ac3e23c\", \"embeddableConfig\": {\"title\": \"Access Requests\"}, \"panelRefName\": \"panel_4\", \"version\": \"7.4.0\", \"gridData\": {\"y\": 8, \"i\": \"18ec1e20-202b-4a40-8d0d-22060ac3e23c\", \"h\": 7, \"w\": 24, \"x\": 24}}, {\"title\": \"Top Active Users\", \"panelIndex\": \"d2bdec0f-dde1-4925-bf7e-afbc430c0eca\", \"embeddableConfig\": {\"title\": \"Top Active Users\"}, \"panelRefName\": \"panel_5\", \"version\": \"7.4.0\", \"gridData\": {\"y\": 10, \"i\": \"d2bdec0f-dde1-4925-bf7e-afbc430c0eca\", \"h\": 11, \"w\": 24, \"x\": 0}}, {\"title\": \"Alerts Overview\", \"panelIndex\": \"3bcc964d-6862-4fdd-9d82-f7510cc02162\", \"embeddableConfig\": {\"title\": \"Alerts Overview\"}, \"panelRefName\": \"panel_6\", \"version\": \"7.4.0\", \"gridData\": {\"y\": 15, \"i\": \"3bcc964d-6862-4fdd-9d82-f7510cc02162\", \"h\": 7, \"w\": 12, \"x\": 24}}, {\"title\": \"Service Health\", \"panelIndex\": \"74436614-9dfc-4c38-bc58-8cb76c348f37\", \"embeddableConfig\": {\"title\": \"Service Health\"}, \"panelRefName\": \"panel_7\", \"version\": \"7.4.0\", \"gridData\": {\"y\": 15, \"i\": \"74436614-9dfc-4c38-bc58-8cb76c348f37\", \"h\": 7, \"w\": 12, \"x\": 36}}, {\"title\": \"Top Resource Groups\", \"panelIndex\": \"a6f36dfe-b6d6-4dca-b63c-81f5b4f7c8f8\", \"embeddableConfig\": {\"title\": \"Top Resource Groups\", \"vis\": {\"legendOpen\": false}}, \"panelRefName\": \"panel_8\", \"version\": \"7.4.0\", \"gridData\": {\"y\": 21, \"i\": \"a6f36dfe-b6d6-4dca-b63c-81f5b4f7c8f8\", \"h\": 19, \"w\": 24, \"x\": 0}}, {\"version\": \"7.4.0\", \"panelIndex\": \"644c6151-fd05-4b2e-b18e-30843697e932\", \"gridData\": {\"y\": 22, \"i\": \"644c6151-fd05-4b2e-b18e-30843697e932\", \"h\": 6, \"w\": 12, \"x\": 24}, \"embeddableConfig\": {\"title\": \"\"}, \"panelRefName\": \"panel_9\"}, {\"version\": \"7.4.0\", \"panelIndex\": \"3d5ccff8-6576-4a1c-b3ee-363ae665906e\", \"gridData\": {\"y\": 22, \"i\": \"3d5ccff8-6576-4a1c-b3ee-363ae665906e\", \"h\": 6, \"w\": 12, \"x\": 36}, \"embeddableConfig\": {\"title\": \"\"}, \"panelRefName\": \"panel_10\"}, {\"version\": \"7.4.0\", \"panelIndex\": \"1a6dce1d-d039-4d18-87c7-1b700da676c2\", \"embeddableConfig\": {\"legendOpen\": false, \"vis\": {\"legendOpen\": true}}, \"gridData\": {\"y\": 28, \"i\": \"1a6dce1d-d039-4d18-87c7-1b700da676c2\", \"h\": 12, \"w\": 12, \"x\": 24}, \"panelRefName\": \"panel_11\"}, {\"version\": \"7.4.0\", \"panelIndex\": \"8fddd3bb-c1e6-4533-b075-1ab7361b3af0\", \"embeddableConfig\": {\"legendOpen\": false, \"vis\": {\"legendOpen\": true}}, \"gridData\": {\"y\": 28, \"i\": \"8fddd3bb-c1e6-4533-b075-1ab7361b3af0\", \"h\": 12, \"w\": 12, \"x\": 36}, \"panelRefName\": \"panel_12\"}]",
                "timeRestore": false,
                "title": "[Filebeat Azure] Cloud Overview",
                "version": 1
            },
            "id": "41e84340-ec20-11e9-90ec-112a988266d5",
            "migrationVersion": {
                "dashboard": "7.3.0"
            },
            "references": [
                {
                    "id": "fe24ac90-f05a-11e9-90ec-112a988266d5",
                    "name": "panel_0",
                    "type": "visualization"
                },
                {
                    "id": "097d74d0-f044-11e9-90ec-112a988266d5",
                    "name": "panel_1",
                    "type": "visualization"
                },
                {
                    "id": "da67d650-ec14-11e9-90ec-112a988266d5",
                    "name": "panel_2",
                    "type": "visualization"
                },
                {
                    "id": "e4c7f4b0-f045-11e9-90ec-112a988266d5",
                    "name": "panel_3",
                    "type": "visualization"
                },
                {
                    "id": "709995e0-ec16-11e9-90ec-112a988266d5",
                    "name": "panel_4",
                    "type": "visualization"
                },
                {
                    "id": "ffe22180-ec1c-11e9-90ec-112a988266d5",
                    "name": "panel_5",
                    "type": "visualization"
                },
                {
                    "id": "52c2a4e0-ec1f-11e9-90ec-112a988266d5",
                    "name": "panel_6",
                    "type": "visualization"
                },
                {
                    "id": "bc65e840-ec1e-11e9-90ec-112a988266d5",
                    "name": "panel_7",
                    "type": "visualization"
                },
                {
                    "id": "71b62ca0-ec1a-11e9-90ec-112a988266d5",
                    "name": "panel_8",
                    "type": "visualization"
                },
                {
                    "id": "f684a750-ec23-11e9-90ec-112a988266d5",
                    "name": "panel_9",
                    "type": "visualization"
                },
                {
                    "id": "e37cd3d0-ec23-11e9-90ec-112a988266d5",
                    "name": "panel_10",
                    "type": "visualization"
                },
                {
                    "id": "d91ce8d0-53e8-11ea-b1b7-7de801e1c297",
                    "name": "panel_11",
                    "type": "visualization"
                },
                {
                    "id": "6db84660-53e9-11ea-b1b7-7de801e1c297",
                    "name": "panel_12",
                    "type": "visualization"
                }
            ],
            "type": "dashboard",
            "updated_at": "2019-10-18T15:20:07.860Z",
            "version": "WzkyMzcsMV0="
        },
        {
            "attributes": {
                "description": "",
                "kibanaSavedObjectMeta": {
                    "searchSourceJSON": "{\"query\": {\"query\": \"\", \"language\": \"kuery\"}, \"filter\": []}"
                },
                "title": "Navigation Overview [Filebeat Azure]",
                "uiStateJSON": "{}",
                "version": 1,
                "visState": "{\"params\": {\"markdown\": \"### Azure Monitoring\\n\\n[**Overview**](#/dashboard/41e84340-ec20-11e9-90ec-112a988266d5) | [Users](#/dashboard/87095750-f05a-11e9-90ec-112a988266d5) | [Alerts](#/dashboard/0f559cc0-f0d5-11e9-90ec-112a988266d5) \", \"fontSize\": 10, \"openLinksInNewTab\": false}, \"title\": \"Navigation Overview [Filebeat Azure]\", \"type\": \"markdown\", \"aggs\": []}"
            },
            "id": "fe24ac90-f05a-11e9-90ec-112a988266d5",
            "migrationVersion": {
                "visualization": "7.3.1"
            },
            "references": [],
            "type": "visualization",
            "updated_at": "2019-10-17T11:56:32.153Z",
            "version": "WzQ5MzQsMV0="
        },
        {
            "attributes": {
                "description": "",
                "kibanaSavedObjectMeta": {
                    "searchSourceJSON": "{\"query\": {\"query\": \"\", \"language\": \"kuery\"}, \"filter\": []}"
                },
                "title": "Subscriptions Filter [Filebeat Azure]",
                "uiStateJSON": "{}",
                "version": 1,
                "visState": "{\"params\": {\"useTimeFilter\": false, \"pinFilters\": false, \"controls\": [{\"label\": \"Subscription ID\", \"parent\": \"\", \"fieldName\": \"azure.subscription_id\", \"indexPatternRefName\": \"control_0_index_pattern\", \"type\": \"list\", \"options\": {\"dynamicOptions\": true, \"multiselect\": true, \"order\": \"desc\", \"type\": \"terms\", \"size\": 5}, \"id\": \"1571250866125\"}], \"updateFiltersOnChange\": true}, \"title\": \"Subscriptions Filter [Filebeat Azure]\", \"type\": \"input_control_vis\", \"aggs\": []}"
            },
            "id": "097d74d0-f044-11e9-90ec-112a988266d5",
            "migrationVersion": {
                "visualization": "7.3.1"
            },
            "references": [
                {
                    "id": "filebeat-*",
                    "name": "control_0_index_pattern",
                    "type": "index-pattern"
                }
            ],
            "type": "visualization",
            "updated_at": "2019-10-16T18:37:41.917Z",
            "version": "WzQ0MDEsMV0="
        },
        {
            "attributes": {
                "description": "",
                "kibanaSavedObjectMeta": {
                    "searchSourceJSON": "{\"query\": {\"query\": \"\", \"language\": \"kuery\"}, \"filter\": []}"
                },
                "title": "Activity Level [Filebeat Azure]",
                "uiStateJSON": "{}",
                "version": 1,
                "visState": "{\"params\": {\"axis_position\": \"left\", \"isModelInvalid\": false, \"default_index_pattern\": \"metricbeat-*\", \"type\": \"timeseries\", \"show_grid\": 1, \"index_pattern\": \"filebeat-*\", \"id\": \"61ca57f0-469d-11e7-af02-69e470af7417\", \"filter\": {\"query\": \"event.dataset :\\\"azure.activitylogs\\\" and azure.activitylogs.event_category :\\\"Administrative\\\" \", \"language\": \"kuery\"}, \"series\": [{\"color\": \"#68BC00\", \"axis_position\": \"right\", \"separate_axis\": 0, \"fill\": 0.5, \"formatter\": \"number\", \"split_mode\": \"everything\", \"id\": \"61ca57f1-469d-11e7-af02-69e470af7417\", \"line_width\": 1, \"chart_type\": \"bar\", \"stacked\": \"none\", \"point_size\": 1, \"metrics\": [{\"type\": \"count\", \"id\": \"61ca57f2-469d-11e7-af02-69e470af7417\"}]}], \"interval\": \"\", \"default_timefield\": \"@timestamp\", \"axis_scale\": \"normal\", \"time_field\": \"\", \"show_legend\": 0, \"axis_formatter\": \"number\"}, \"title\": \"Activity Level [Filebeat Azure]\", \"type\": \"metrics\", \"aggs\": []}"
            },
            "id": "da67d650-ec14-11e9-90ec-112a988266d5",
            "migrationVersion": {
                "visualization": "7.3.1"
            },
            "references": [],
            "type": "visualization",
            "updated_at": "2019-10-16T18:18:42.561Z",
            "version": "WzQzODYsMV0="
        },
        {
            "attributes": {
                "description": "",
                "kibanaSavedObjectMeta": {
                    "searchSourceJSON": "{\"query\": {\"query\": \"event.dataset : \\\"azure.activitylogs\\\" \", \"language\": \"kuery\"}, \"indexRefName\": \"kibanaSavedObjectMeta.searchSourceJSON.index\", \"filter\": []}"
                },
                "title": "Activity Stats [Filebeat Azure]",
                "uiStateJSON": "{}",
                "version": 1,
                "visState": "{\"params\": {\"addLegend\": false, \"dimensions\": {\"metrics\": [{\"format\": {\"params\": {}, \"id\": \"number\"}, \"accessor\": 0, \"type\": \"vis_dimension\"}, {\"format\": {\"params\": {}, \"id\": \"number\"}, \"accessor\": 1, \"type\": \"vis_dimension\"}, {\"format\": {\"params\": {}, \"id\": \"number\"}, \"accessor\": 2, \"type\": \"vis_dimension\"}]}, \"type\": \"metric\", \"metric\": {\"invertColors\": false, \"colorsRange\": [{\"type\": \"range\", \"to\": 10000, \"from\": 0}], \"metricColorMode\": \"None\", \"useRanges\": false, \"colorSchema\": \"Green to Red\", \"labels\": {\"show\": true}, \"style\": {\"fontSize\": 60, \"labelColor\": false, \"bgColor\": false, \"bgFill\": \"#000\", \"subText\": \"\"}, \"percentageMode\": false}, \"addTooltip\": true}, \"title\": \"Activity Stats [Filebeat Azure]\", \"type\": \"metric\", \"aggs\": [{\"params\": {\"field\": \"azure.resource.name\", \"customLabel\": \"Resources\"}, \"schema\": \"metric\", \"type\": \"cardinality\", \"enabled\": true, \"id\": \"1\"}, {\"params\": {\"field\": \"azure.activitylogs.identity.claims_initiated_by_user.name\", \"customLabel\": \"Users\"}, \"schema\": \"metric\", \"type\": \"cardinality\", \"enabled\": true, \"id\": \"2\"}, {\"params\": {\"field\": \"azure.resource.group\", \"customLabel\": \"Resource Groups\"}, \"schema\": \"metric\", \"type\": \"cardinality\", \"enabled\": true, \"id\": \"3\"}, {\"params\": {\"field\": \"azure.subscription_id\", \"customLabel\": \"Subscriptions\"}, \"schema\": \"metric\", \"type\": \"cardinality\", \"enabled\": true, \"id\": \"4\"}]}"
            },
            "id": "e4c7f4b0-f045-11e9-90ec-112a988266d5",
            "migrationVersion": {
                "visualization": "7.3.1"
            },
            "references": [
                {
                    "id": "filebeat-*",
                    "name": "kibanaSavedObjectMeta.searchSourceJSON.index",
                    "type": "index-pattern"
                }
            ],
            "type": "visualization",
            "updated_at": "2019-10-18T09:14:38.537Z",
            "version": "WzgwNzYsMV0="
        },
        {
            "attributes": {
                "description": "",
                "kibanaSavedObjectMeta": {
                    "searchSourceJSON": "{\"query\": {\"query\": \"\", \"language\": \"kuery\"}, \"filter\": []}"
                },
                "title": "Access Requests [Filebeat Azure]",
                "uiStateJSON": "{}",
                "version": 1,
                "visState": "{\"params\": {\"axis_position\": \"left\", \"isModelInvalid\": false, \"default_index_pattern\": \"metricbeat-*\", \"type\": \"timeseries\", \"show_grid\": 1, \"index_pattern\": \"filebeat-*\", \"id\": \"61ca57f0-469d-11e7-af02-69e470af7417\", \"filter\": {\"query\": \"event.dataset :\\\"azure.activitylogs\\\" and azure.activitylogs.operation_name : *LISTKEYS*\", \"language\": \"kuery\"}, \"series\": [{\"label\": \"Success\", \"color\": \"#68BC00\", \"axis_position\": \"right\", \"separate_axis\": 0, \"fill\": \"0\", \"formatter\": \"number\", \"split_mode\": \"filter\", \"id\": \"61ca57f1-469d-11e7-af02-69e470af7417\", \"line_width\": \"2\", \"chart_type\": \"line\", \"stacked\": \"none\", \"point_size\": 1, \"filter\": {\"query\": \"event.outcome : \\\"success\\\" or event.outcome : \\\"Success\\\" \", \"language\": \"kuery\"}, \"metrics\": [{\"type\": \"count\", \"id\": \"61ca57f2-469d-11e7-af02-69e470af7417\"}]}, {\"label\": \"Failure\", \"color\": \"rgba(226,115,0,1)\", \"axis_position\": \"right\", \"separate_axis\": 0, \"fill\": \"0\", \"formatter\": \"number\", \"split_mode\": \"filter\", \"id\": \"1b5f75a0-ec15-11e9-b6a7-21d19b63822a\", \"line_width\": \"2\", \"chart_type\": \"line\", \"stacked\": \"none\", \"point_size\": 1, \"filter\": {\"query\": \"event.outcome : \\\"Failure\\\"  or event.outcome : \\\"failure\\\"  \", \"language\": \"kuery\"}, \"metrics\": [{\"type\": \"count\", \"id\": \"1b5f75a1-ec15-11e9-b6a7-21d19b63822a\"}]}], \"interval\": \"\", \"default_timefield\": \"@timestamp\", \"axis_scale\": \"normal\", \"time_field\": \"\", \"show_legend\": 0, \"axis_formatter\": \"number\"}, \"title\": \"Access Requests [Filebeat Azure]\", \"type\": \"metrics\", \"aggs\": []}"
            },
            "id": "709995e0-ec16-11e9-90ec-112a988266d5",
            "migrationVersion": {
                "visualization": "7.3.1"
            },
            "references": [],
            "type": "visualization",
            "updated_at": "2019-10-11T11:01:13.406Z",
            "version": "WzI3MzYsMV0="
        },
        {
            "attributes": {
                "description": "",
                "kibanaSavedObjectMeta": {
                    "searchSourceJSON": "{\"query\": {\"query\": \"\", \"language\": \"kuery\"}, \"indexRefName\": \"kibanaSavedObjectMeta.searchSourceJSON.index\", \"filter\": []}"
                },
                "title": "User Tag Cloud [Filebeat Azure]",
                "uiStateJSON": "{}",
                "version": 1,
                "visState": "{\"params\": {\"scale\": \"linear\", \"orientation\": \"single\", \"metric\": {\"format\": {\"params\": {}, \"id\": \"string\"}, \"accessor\": 1, \"type\": \"vis_dimension\"}, \"showLabel\": true, \"maxFontSize\": 32, \"minFontSize\": 12, \"bucket\": {\"format\": {\"params\": {\"otherBucketLabel\": \"Other\", \"id\": \"string\", \"missingBucketLabel\": \"Missing\"}, \"id\": \"terms\"}, \"accessor\": 0, \"type\": \"vis_dimension\"}}, \"title\": \"User Tag Cloud [Filebeat Azure]\", \"type\": \"tagcloud\", \"aggs\": [{\"params\": {}, \"schema\": \"metric\", \"type\": \"count\", \"enabled\": true, \"id\": \"1\"}, {\"params\": {\"field\": \"azure.activitylogs.identity.claims_initiated_by_user.name\", \"missingBucket\": false, \"order\": \"desc\", \"missingBucketLabel\": \"Missing\", \"size\": 10, \"otherBucketLabel\": \"Other\", \"orderBy\": \"1\", \"otherBucket\": false}, \"schema\": \"segment\", \"type\": \"terms\", \"enabled\": true, \"id\": \"2\"}]}"
            },
            "id": "ffe22180-ec1c-11e9-90ec-112a988266d5",
            "migrationVersion": {
                "visualization": "7.3.1"
            },
            "references": [
                {
                    "id": "filebeat-*",
                    "name": "kibanaSavedObjectMeta.searchSourceJSON.index",
                    "type": "index-pattern"
                }
            ],
            "type": "visualization",
            "updated_at": "2019-10-18T09:12:32.252Z",
            "version": "WzgwNzEsMV0="
        },
        {
            "attributes": {
                "description": "",
                "kibanaSavedObjectMeta": {
                    "searchSourceJSON": "{\"query\": {\"query\": \"\", \"language\": \"kuery\"}, \"filter\": []}"
                },
                "title": "Alerts Overview [Filebeat Azure]",
                "uiStateJSON": "{}",
                "version": 1,
                "visState": "{\"params\": {\"axis_position\": \"left\", \"isModelInvalid\": false, \"default_index_pattern\": \"metricbeat-*\", \"type\": \"timeseries\", \"show_grid\": 1, \"index_pattern\": \"filebeat-*\", \"id\": \"61ca57f0-469d-11e7-af02-69e470af7417\", \"filter\": {\"query\": \"event.dataset :\\\"azure.activitylogs\\\" and azure.activitylogs.event_category : \\\"Alert\\\"\", \"language\": \"kuery\"}, \"series\": [{\"color\": \"rgba(252,220,0,1)\", \"hide_in_legend\": 0, \"axis_position\": \"right\", \"separate_axis\": 0, \"fill\": 0.5, \"formatter\": \"number\", \"split_mode\": \"filter\", \"id\": \"61ca57f1-469d-11e7-af02-69e470af7417\", \"line_width\": 1, \"chart_type\": \"line\", \"stacked\": \"none\", \"point_size\": 1, \"filter\": {\"query\": \"azure.activitylogs.result_type: \\\"Activated\\\"\", \"language\": \"kuery\"}, \"metrics\": [{\"type\": \"count\", \"id\": \"61ca57f2-469d-11e7-af02-69e470af7417\"}]}, {\"color\": \"#68BC00\", \"hide_in_legend\": 0, \"axis_position\": \"right\", \"separate_axis\": 0, \"fill\": 0.5, \"formatter\": \"number\", \"split_mode\": \"filter\", \"id\": \"5a52f170-ec1e-11e9-b6a7-21d19b63822a\", \"line_width\": 1, \"chart_type\": \"line\", \"stacked\": \"none\", \"point_size\": 1, \"filter\": {\"query\": \"azure.activitylogs.result_type: \\\"Resolved\\\" or azure.activitylogs.result_type: \\\"Succeeded\\\"\", \"language\": \"kuery\"}, \"metrics\": [{\"type\": \"count\", \"id\": \"5a52f171-ec1e-11e9-b6a7-21d19b63822a\"}]}], \"interval\": \"\", \"default_timefield\": \"@timestamp\", \"axis_scale\": \"normal\", \"time_field\": \"\", \"show_legend\": 0, \"axis_formatter\": \"number\"}, \"title\": \"Alerts Overview [Filebeat Azure]\", \"type\": \"metrics\", \"aggs\": []}"
            },
            "id": "52c2a4e0-ec1f-11e9-90ec-112a988266d5",
            "migrationVersion": {
                "visualization": "7.3.1"
            },
            "references": [],
            "type": "visualization",
            "updated_at": "2019-10-16T18:41:58.846Z",
            "version": "WzQ0MDcsMV0="
        },
        {
            "attributes": {
                "description": "",
                "kibanaSavedObjectMeta": {
                    "searchSourceJSON": "{\"query\": {\"query\": \"\", \"language\": \"kuery\"}, \"filter\": []}"
                },
                "title": "Service Health Overview [Filebeat Azure]",
                "uiStateJSON": "{}",
                "version": 1,
                "visState": "{\"params\": {\"axis_position\": \"left\", \"isModelInvalid\": false, \"default_index_pattern\": \"metricbeat-*\", \"type\": \"timeseries\", \"show_grid\": 1, \"index_pattern\": \"filebeat-*\", \"id\": \"61ca57f0-469d-11e7-af02-69e470af7417\", \"filter\": {\"query\": \"event.dataset :\\\"azure.activitylogs\\\" and azure.activitylogs.event_category : \\\"ServiceHealth\\\"\", \"language\": \"kuery\"}, \"series\": [{\"color\": \"rgba(252,220,0,1)\", \"hide_in_legend\": 0, \"axis_position\": \"right\", \"separate_axis\": 0, \"fill\": 0.5, \"formatter\": \"number\", \"split_mode\": \"filter\", \"id\": \"61ca57f1-469d-11e7-af02-69e470af7417\", \"line_width\": 1, \"chart_type\": \"line\", \"stacked\": \"none\", \"point_size\": 1, \"filter\": {\"query\": \"azure.activitylogs.result_type: \\\"Active\\\"\", \"language\": \"kuery\"}, \"metrics\": [{\"type\": \"count\", \"id\": \"61ca57f2-469d-11e7-af02-69e470af7417\"}]}, {\"color\": \"#68BC00\", \"hide_in_legend\": 0, \"axis_position\": \"right\", \"separate_axis\": 0, \"fill\": 0.5, \"formatter\": \"number\", \"split_mode\": \"filter\", \"id\": \"5a52f170-ec1e-11e9-b6a7-21d19b63822a\", \"line_width\": 1, \"chart_type\": \"line\", \"stacked\": \"none\", \"point_size\": 1, \"filter\": {\"query\": \"azure.activitylogs.result_type: \\\"Resolved\\\" \", \"language\": \"kuery\"}, \"metrics\": [{\"type\": \"count\", \"id\": \"5a52f171-ec1e-11e9-b6a7-21d19b63822a\"}]}], \"interval\": \"\", \"default_timefield\": \"@timestamp\", \"axis_scale\": \"normal\", \"time_field\": \"\", \"show_legend\": 0, \"axis_formatter\": \"number\"}, \"title\": \"Service Health Overview [Filebeat Azure]\", \"type\": \"metrics\", \"aggs\": []}"
            },
            "id": "bc65e840-ec1e-11e9-90ec-112a988266d5",
            "migrationVersion": {
                "visualization": "7.3.1"
            },
            "references": [],
            "type": "visualization",
            "updated_at": "2019-10-16T18:40:07.894Z",
            "version": "WzQ0MDQsMV0="
        },
        {
            "attributes": {
                "description": "",
                "kibanaSavedObjectMeta": {
                    "searchSourceJSON": "{\"query\": {\"query\": \"\", \"language\": \"kuery\"}, \"indexRefName\": \"kibanaSavedObjectMeta.searchSourceJSON.index\", \"filter\": []}"
                },
                "title": "Top Resource Groups [Filebeat Azure]",
                "uiStateJSON": "{}",
                "version": 1,
                "visState": "{\"params\": {\"addLegend\": true, \"categoryAxes\": [{\"title\": {}, \"position\": \"left\", \"scale\": {\"type\": \"linear\"}, \"labels\": {\"show\": true, \"truncate\": 200, \"rotate\": 0, \"filter\": false}, \"type\": \"category\", \"id\": \"CategoryAxis-1\", \"style\": {}, \"show\": true}], \"seriesParams\": [{\"valueAxis\": \"ValueAxis-1\", \"mode\": \"normal\", \"showCircles\": true, \"data\": {\"label\": \"Count\", \"id\": \"1\"}, \"type\": \"histogram\", \"drawLinesBetweenPoints\": true, \"show\": true}], \"legendPosition\": \"right\", \"type\": \"histogram\", \"times\": [], \"grid\": {\"categoryLines\": false}, \"dimensions\": {\"y\": [{\"params\": {}, \"aggType\": \"count\", \"accessor\": 1, \"format\": {\"id\": \"number\"}}], \"x\": {\"params\": {}, \"aggType\": \"terms\", \"accessor\": 0, \"format\": {\"params\": {\"otherBucketLabel\": \"Other\", \"id\": \"string\", \"missingBucketLabel\": \"Missing\"}, \"id\": \"terms\"}}}, \"valueAxes\": [{\"title\": {\"text\": \"Count\"}, \"position\": \"bottom\", \"name\": \"LeftAxis-1\", \"scale\": {\"type\": \"linear\", \"mode\": \"normal\"}, \"labels\": {\"show\": true, \"truncate\": 100, \"rotate\": 75, \"filter\": true}, \"type\": \"value\", \"id\": \"ValueAxis-1\", \"style\": {}, \"show\": false}], \"labels\": {}, \"addTooltip\": true, \"addTimeMarker\": false}, \"title\": \"Top Resource Groups [Filebeat Azure]\", \"type\": \"horizontal_bar\", \"aggs\": [{\"params\": {}, \"schema\": \"metric\", \"type\": \"count\", \"enabled\": true, \"id\": \"1\"}, {\"params\": {\"field\": \"azure.resource.group\", \"missingBucket\": false, \"order\": \"desc\", \"missingBucketLabel\": \"Missing\", \"size\": 10, \"otherBucketLabel\": \"Other\", \"otherBucket\": false, \"orderBy\": \"1\", \"customLabel\": \"Resource Groups\"}, \"schema\": \"segment\", \"type\": \"terms\", \"enabled\": true, \"id\": \"2\"}]}"
            },
            "id": "71b62ca0-ec1a-11e9-90ec-112a988266d5",
            "migrationVersion": {
                "visualization": "7.3.1"
            },
            "references": [
                {
                    "id": "filebeat-*",
                    "name": "kibanaSavedObjectMeta.searchSourceJSON.index",
                    "type": "index-pattern"
                }
            ],
            "type": "visualization",
            "updated_at": "2019-10-17T14:50:09.427Z",
            "version": "WzYxMTUsMV0="
        },
        {
            "attributes": {
                "description": "",
                "kibanaSavedObjectMeta": {
                    "searchSourceJSON": "{\"query\": {\"query\": \"event.dataset :\\\"azure.activitylogs\\\" and azure.activitylogs.event_category : \\\"Alert\\\" \", \"language\": \"kuery\"}, \"indexRefName\": \"kibanaSavedObjectMeta.searchSourceJSON.index\", \"filter\": []}"
                },
                "title": "Alerts Count [Filebeat Azure]",
                "uiStateJSON": "{}",
                "version": 1,
                "visState": "{\"params\": {\"addLegend\": false, \"dimensions\": {\"bucket\": {\"format\": {\"params\": {}, \"id\": \"string\"}, \"accessor\": 0, \"type\": \"vis_dimension\"}, \"metrics\": [{\"format\": {\"params\": {}, \"id\": \"number\"}, \"accessor\": 1, \"type\": \"vis_dimension\"}]}, \"type\": \"metric\", \"metric\": {\"invertColors\": false, \"colorsRange\": [{\"type\": \"range\", \"to\": 10000, \"from\": 0}], \"metricColorMode\": \"None\", \"useRanges\": false, \"colorSchema\": \"Green to Red\", \"labels\": {\"show\": true}, \"style\": {\"fontSize\": 60, \"labelColor\": false, \"bgColor\": false, \"bgFill\": \"#000\", \"subText\": \"\"}, \"percentageMode\": false}, \"addTooltip\": true}, \"title\": \"Alerts Count [Filebeat Azure]\", \"type\": \"metric\", \"aggs\": [{\"params\": {\"customLabel\": \"Alerts\"}, \"schema\": \"metric\", \"type\": \"count\", \"enabled\": true, \"id\": \"1\"}, {\"params\": {\"filters\": [{\"label\": \"Activated\", \"input\": {\"query\": \"azure.activitylogs.result_type : \\\"Activated\\\"\", \"language\": \"kuery\"}}, {\"label\": \"Resolved\", \"input\": {\"query\": \"azure.activitylogs.result_type : \\\"Resolved\\\"\", \"language\": \"kuery\"}}, {\"label\": \"Succeeded\", \"input\": {\"query\": \"azure.activitylogs.result_type : \\\"Succeeded\\\"\", \"language\": \"kuery\"}}]}, \"schema\": \"group\", \"type\": \"filters\", \"enabled\": true, \"id\": \"2\"}]}"
            },
            "id": "f684a750-ec23-11e9-90ec-112a988266d5",
            "migrationVersion": {
                "visualization": "7.3.1"
            },
            "references": [
                {
                    "id": "filebeat-*",
                    "name": "kibanaSavedObjectMeta.searchSourceJSON.index",
                    "type": "index-pattern"
                }
            ],
            "type": "visualization",
            "updated_at": "2019-10-16T18:44:12.955Z",
            "version": "WzQ0MTAsMV0="
        },
        {
            "attributes": {
                "description": "",
                "kibanaSavedObjectMeta": {
                    "searchSourceJSON": "{\"query\": {\"query\": \"event.dataset :\\\"azure.activitylogs\\\" and azure.activitylogs.event_category : \\\"ServiceHealth\\\" \", \"language\": \"kuery\"}, \"indexRefName\": \"kibanaSavedObjectMeta.searchSourceJSON.index\", \"filter\": []}"
                },
                "title": "Service Health Count [Filebeat Azure]",
                "uiStateJSON": "{}",
                "version": 1,
                "visState": "{\"params\": {\"addLegend\": false, \"dimensions\": {\"bucket\": {\"format\": {\"params\": {}, \"id\": \"string\"}, \"accessor\": 0, \"type\": \"vis_dimension\"}, \"metrics\": [{\"format\": {\"params\": {}, \"id\": \"number\"}, \"accessor\": 1, \"type\": \"vis_dimension\"}]}, \"type\": \"metric\", \"metric\": {\"invertColors\": false, \"colorsRange\": [{\"type\": \"range\", \"to\": 10000, \"from\": 0}], \"metricColorMode\": \"None\", \"useRanges\": false, \"colorSchema\": \"Green to Red\", \"labels\": {\"show\": true}, \"style\": {\"fontSize\": 60, \"labelColor\": false, \"bgColor\": false, \"bgFill\": \"#000\", \"subText\": \"\"}, \"percentageMode\": false}, \"addTooltip\": true}, \"title\": \"Service Health Count [Filebeat Azure]\", \"type\": \"metric\", \"aggs\": [{\"params\": {\"customLabel\": \"Incidents\"}, \"schema\": \"metric\", \"type\": \"count\", \"enabled\": true, \"id\": \"1\"}, {\"params\": {\"filters\": [{\"label\": \"Active\", \"input\": {\"query\": \"azure.activitylogs.result_type : \\\"Active\\\"\", \"language\": \"kuery\"}}, {\"label\": \"Resolved\", \"input\": {\"query\": \"azure.activitylogs.result_type : \\\"Resolved\\\"\", \"language\": \"kuery\"}}]}, \"schema\": \"group\", \"type\": \"filters\", \"enabled\": true, \"id\": \"2\"}]}"
            },
            "id": "e37cd3d0-ec23-11e9-90ec-112a988266d5",
            "migrationVersion": {
                "visualization": "7.3.1"
            },
            "references": [
                {
                    "id": "filebeat-*",
                    "name": "kibanaSavedObjectMeta.searchSourceJSON.index",
                    "type": "index-pattern"
                }
            ],
            "type": "visualization",
            "updated_at": "2019-10-16T18:45:10.848Z",
            "version": "WzQ0MTEsMV0="
        },
        {
            "attributes": {
                "description": "",
                "kibanaSavedObjectMeta": {
                    "searchSourceJSON": "{\"query\": {\"query\": \"event.dataset :\\\"azure.activitylogs\\\" \", \"language\": \"kuery\"}, \"indexRefName\": \"kibanaSavedObjectMeta.searchSourceJSON.index\", \"filter\": []}"
                },
                "title": "Resource Creations [Filebeat Azure]",
                "uiStateJSON": "{}",
                "version": 1,
                "visState": "{\"title\": \"Resource Creations [Filebeat Azure]\", \"params\": {\"addLegend\": true, \"categoryAxes\": [{\"title\": {}, \"position\": \"left\", \"scale\": {\"type\": \"linear\"}, \"labels\": {\"show\": true, \"truncate\": 200, \"rotate\": 0, \"filter\": false}, \"type\": \"category\", \"id\": \"CategoryAxis-1\", \"style\": {}, \"show\": true}], \"seriesParams\": [{\"valueAxis\": \"ValueAxis-1\", \"mode\": \"stacked\", \"showCircles\": true, \"lineWidth\": 2, \"data\": {\"label\": \"Count\", \"id\": \"1\"}, \"type\": \"histogram\", \"drawLinesBetweenPoints\": true, \"show\": true}], \"legendPosition\": \"right\", \"labels\": {}, \"times\": [], \"thresholdLine\": {\"color\": \"#E7664C\", \"width\": 1, \"value\": 10, \"show\": false, \"style\": \"full\"}, \"grid\": {\"categoryLines\": false, \"valueAxis\": \"\"}, \"dimensions\": {\"y\": [{\"label\": \"Count\", \"params\": {}, \"aggType\": \"count\", \"accessor\": 2, \"format\": {\"id\": \"number\"}}], \"series\": [{\"label\": \"Creations\", \"params\": {}, \"aggType\": \"terms\", \"accessor\": 1, \"format\": {\"params\": {\"otherBucketLabel\": \"Other\", \"id\": \"string\", \"missingBucketLabel\": \"Missing\"}, \"id\": \"terms\"}}], \"x\": {\"label\": \"Resource type\", \"params\": {}, \"aggType\": \"terms\", \"accessor\": 0, \"format\": {\"params\": {\"otherBucketLabel\": \"Other\", \"id\": \"string\", \"missingBucketLabel\": \"Missing\"}, \"id\": \"terms\"}}}, \"valueAxes\": [{\"title\": {\"text\": \"Count\"}, \"position\": \"bottom\", \"name\": \"LeftAxis-1\", \"scale\": {\"type\": \"linear\", \"mode\": \"normal\"}, \"labels\": {\"show\": true, \"truncate\": 100, \"rotate\": 75, \"filter\": true}, \"type\": \"value\", \"id\": \"ValueAxis-1\", \"style\": {}, \"show\": false}], \"type\": \"histogram\", \"addTooltip\": true, \"addTimeMarker\": false}, \"type\": \"horizontal_bar\", \"aggs\": [{\"params\": {}, \"schema\": \"metric\", \"type\": \"count\", \"id\": \"1\", \"enabled\": true}, {\"params\": {\"field\": \"azure.resource.provider\", \"missingBucket\": false, \"order\": \"desc\", \"missingBucketLabel\": \"Missing\", \"size\": 15, \"otherBucketLabel\": \"Other\", \"orderBy\": \"1\", \"customLabel\": \"Resource type\", \"otherBucket\": false}, \"schema\": \"segment\", \"type\": \"terms\", \"id\": \"2\", \"enabled\": true}, {\"params\": {\"field\": \"azure.activitylogs.identity.authorization.action\", \"missingBucket\": false, \"order\": \"desc\", \"missingBucketLabel\": \"Missing\", \"size\": 15, \"otherBucketLabel\": \"Other\", \"include\": \".*write\", \"orderBy\": \"1\", \"customLabel\": \"Creations\", \"otherBucket\": false}, \"schema\": \"group\", \"type\": \"terms\", \"id\": \"4\", \"enabled\": true}]}"
            },
            "id": "d91ce8d0-53e8-11ea-b1b7-7de801e1c297",
            "migrationVersion": {
                "visualization": "7.3.1"
            },
            "references": [
                {
                    "id": "filebeat-*",
                    "name": "kibanaSavedObjectMeta.searchSourceJSON.index",
                    "type": "index-pattern"
                }
            ],
            "type": "visualization",
            "updated_at": "2020-02-20T13:57:45.235Z",
            "version": "WzU4OSwxXQ=="
        },
        {
            "attributes": {
                "description": "",
                "kibanaSavedObjectMeta": {
                    "searchSourceJSON": "{\"query\": {\"query\": \"event.dataset :\\\"azure.activitylogs\\\" \", \"language\": \"kuery\"}, \"indexRefName\": \"kibanaSavedObjectMeta.searchSourceJSON.index\", \"filter\": []}"
                },
                "title": "Resource Deletions [Filebeat Azure]",
                "uiStateJSON": "{}",
                "version": 1,
                "visState": "{\"title\": \"Resource Deletions [Filebeat Azure]\", \"params\": {\"addLegend\": true, \"categoryAxes\": [{\"title\": {}, \"position\": \"left\", \"scale\": {\"type\": \"linear\"}, \"type\": \"category\", \"labels\": {\"truncate\": 200, \"filter\": false, \"show\": true, \"rotate\": 0}, \"id\": \"CategoryAxis-1\", \"style\": {}, \"show\": true}], \"seriesParams\": [{\"valueAxis\": \"ValueAxis-1\", \"mode\": \"normal\", \"showCircles\": true, \"lineWidth\": 2, \"data\": {\"label\": \"Count\", \"id\": \"1\"}, \"type\": \"histogram\", \"drawLinesBetweenPoints\": true, \"show\": true}], \"legendPosition\": \"right\", \"type\": \"histogram\", \"times\": [], \"thresholdLine\": {\"color\": \"#E7664C\", \"width\": 1, \"value\": 10, \"show\": false, \"style\": \"full\"}, \"grid\": {\"categoryLines\": false}, \"dimensions\": {\"y\": [{\"params\": {}, \"label\": \"Count\", \"format\": {\"id\": \"number\"}, \"accessor\": 2, \"aggType\": \"count\"}], \"series\": [{\"params\": {}, \"label\": \"Deletions\", \"format\": {\"params\": {\"otherBucketLabel\": \"Other\", \"id\": \"string\", \"missingBucketLabel\": \"Missing\"}, \"id\": \"terms\"}, \"accessor\": 1, \"aggType\": \"terms\"}], \"x\": {\"params\": {}, \"label\": \"azure.resource.provider: Descending\", \"format\": {\"params\": {\"otherBucketLabel\": \"Other\", \"id\": \"string\", \"missingBucketLabel\": \"Missing\"}, \"id\": \"terms\"}, \"accessor\": 0, \"aggType\": \"terms\"}}, \"valueAxes\": [{\"title\": {\"text\": \"Count\"}, \"position\": \"bottom\", \"name\": \"LeftAxis-1\", \"scale\": {\"type\": \"linear\", \"mode\": \"normal\"}, \"type\": \"value\", \"labels\": {\"truncate\": 100, \"filter\": true, \"show\": false, \"rotate\": 75}, \"id\": \"ValueAxis-1\", \"style\": {}, \"show\": true}], \"labels\": {}, \"addTooltip\": true, \"addTimeMarker\": false}, \"type\": \"horizontal_bar\", \"aggs\": [{\"params\": {}, \"schema\": \"metric\", \"type\": \"count\", \"id\": \"1\", \"enabled\": true}, {\"params\": {\"field\": \"azure.resource.provider\", \"missingBucket\": false, \"order\": \"desc\", \"missingBucketLabel\": \"Missing\", \"size\": 15, \"otherBucketLabel\": \"Other\", \"orderBy\": \"1\", \"customLabel\": \"Resource type\", \"otherBucket\": false}, \"schema\": \"segment\", \"type\": \"terms\", \"id\": \"2\", \"enabled\": true}, {\"params\": {\"field\": \"azure.activitylogs.identity.authorization.action\", \"missingBucket\": false, \"order\": \"desc\", \"missingBucketLabel\": \"Missing\", \"size\": 15, \"otherBucketLabel\": \"Other\", \"include\": \".*delete\", \"orderBy\": \"1\", \"customLabel\": \"Deletions\", \"otherBucket\": false}, \"schema\": \"group\", \"type\": \"terms\", \"id\": \"3\", \"enabled\": true}]}"
            },
            "id": "6db84660-53e9-11ea-b1b7-7de801e1c297",
            "migrationVersion": {
                "visualization": "7.3.1"
            },
            "references": [
                {
                    "id": "filebeat-*",
                    "name": "kibanaSavedObjectMeta.searchSourceJSON.index",
                    "type": "index-pattern"
                }
            ],
            "type": "visualization",
            "updated_at": "2020-02-20T14:01:02.150Z",
            "version": "WzU5MiwxXQ=="
        }
    ],
    "version": "7.4.0"
}