{
    "objects": [
        {
            "attributes": {
                "description": "",
                "kibanaSavedObjectMeta": {
                    "searchSourceJSON": "{\"version\": true, \"index\": \"filebeat-*\", \"highlightAll\": true, \"query\": {\"query\": \"event.dataset:redis.log\", \"language\": \"kuery\"}, \"filter\": []}"
                },
                "title": "Log levels and roles breakdown [Filebeat Redis] ECS",
                "uiStateJSON": "{}",
                "version": 1,
                "visState": "{\"params\": {\"addLegend\": true, \"legendPosition\": \"bottom\", \"isDonut\": false, \"type\": \"pie\", \"addTooltip\": true}, \"title\": \"Log levels and roles breakdown [Filebeat Redis] ECS\", \"type\": \"pie\", \"aggs\": [{\"params\": {}, \"schema\": \"metric\", \"type\": \"count\", \"enabled\": true, \"id\": \"1\"}, {\"params\": {\"field\": \"redis.log.role\", \"orderBy\": \"1\", \"order\": \"desc\", \"size\": 5}, \"schema\": \"segment\", \"type\": \"terms\", \"enabled\": true, \"id\": \"3\"}, {\"params\": {\"field\": \"log.level\", \"orderBy\": \"1\", \"order\": \"desc\", \"customLabel\": \"Log level\", \"size\": 5}, \"schema\": \"segment\", \"type\": \"terms\", \"enabled\": true, \"id\": \"2\"}]}"
            },
            "id": "78b9afe0-478f-11e7-b1f0-cb29bac6bf8b-ecs",
            "type": "visualization",
            "version": 2
        },
        {
            "attributes": {
                "description": "",
                "kibanaSavedObjectMeta": {
                    "searchSourceJSON": "{\"version\": true, \"index\": \"filebeat-*\", \"highlightAll\": true, \"query\": {\"query\": \"event.dataset:redis.log\", \"language\": \"kuery\"}, \"filter\": []}"
                },
                "title": "Logs over time [Filebeat Redis] ECS",
                "uiStateJSON": "{\"vis\": {\"colors\": {\"notice\": \"#629E51\", \"warning\": \"#EF843C\"}}}",
                "version": 1,
                "visState": "{\"params\": {\"addLegend\": true, \"showCircles\": true, \"categoryAxes\": [{\"title\": {\"text\": \"@timestamp per month\"}, \"position\": \"bottom\", \"scale\": {\"type\": \"linear\"}, \"labels\": {\"truncate\": 100, \"show\": true}, \"type\": \"category\", \"id\": \"CategoryAxis-1\", \"style\": {}, \"show\": true}], \"addTooltip\": true, \"seriesParams\": [{\"valueAxis\": \"ValueAxis-1\", \"mode\": \"stacked\", \"showCircles\": true, \"data\": {\"label\": \"Count\", \"id\": \"1\"}, \"type\": \"histogram\", \"drawLinesBetweenPoints\": true, \"show\": \"true\"}], \"legendPosition\": \"right\", \"type\": \"histogram\", \"drawLinesBetweenPoints\": true, \"times\": [], \"scale\": \"linear\", \"valueAxes\": [{\"title\": {\"text\": \"Count\"}, \"position\": \"left\", \"name\": \"LeftAxis-1\", \"scale\": {\"type\": \"linear\", \"mode\": \"normal\"}, \"labels\": {\"show\": true, \"truncate\": 100, \"rotate\": 0, \"filter\": false}, \"type\": \"value\", \"id\": \"ValueAxis-1\", \"style\": {}, \"show\": true}], \"defaultYExtents\": false, \"grid\": {\"categoryLines\": false, \"style\": {\"color\": \"#eee\"}}, \"interpolate\": \"linear\", \"addTimeMarker\": false, \"setYExtents\": false, \"radiusRatio\": 9}, \"title\": \"Logs over time [Filebeat Redis] ECS\", \"type\": \"histogram\", \"aggs\": [{\"params\": {}, \"schema\": \"metric\", \"type\": \"count\", \"enabled\": true, \"id\": \"1\"}, {\"params\": {\"customInterval\": \"2h\", \"extended_bounds\": {}, \"min_doc_count\": 1, \"interval\": \"auto\", \"field\": \"@timestamp\"}, \"schema\": \"segment\", \"type\": \"date_histogram\", \"enabled\": true, \"id\": \"2\"}, {\"params\": {\"field\": \"log.level\", \"orderBy\": \"1\", \"order\": \"desc\", \"size\": 5}, \"schema\": \"group\", \"type\": \"terms\", \"enabled\": true, \"id\": \"3\"}]}"
            },
            "id": "d2864600-478f-11e7-be88-2ddb32f3df97-ecs",
            "type": "visualization",
            "version": 2
        },
        {
            "attributes": {
                "columns": [
                    "host.name",
                    "log.level",
                    "redis.log.role",
                    "message"
                ],
                "description": "",
                "hits": 0,
                "kibanaSavedObjectMeta": {
                    "searchSourceJSON": "{\"version\": true, \"index\": \"filebeat-*\", \"highlightAll\": true, \"query\": {\"query\": \"\", \"language\": \"kuery\"}, \"filter\": [{\"query\": {\"match\": {\"event.module\": {\"query\": \"redis\", \"type\": \"phrase\"}}}, \"meta\": {\"negate\": false, \"key\": \"event.module\", \"disabled\": false, \"params\": {\"query\": \"redis\", \"type\": \"phrase\"}, \"alias\": null, \"index\": \"filebeat-*\", \"type\": \"phrase\", \"value\": \"redis\"}, \"$state\": {\"store\": \"appState\"}}, {\"query\": {\"match\": {\"fileset.name\": {\"query\": \"log\", \"type\": \"phrase\"}}}, \"meta\": {\"negate\": false, \"key\": \"fileset.name\", \"disabled\": false, \"params\": {\"query\": \"log\", \"type\": \"phrase\"}, \"alias\": null, \"index\": \"filebeat-*\", \"type\": \"phrase\", \"value\": \"log\"}, \"$state\": {\"store\": \"appState\"}}]}"
                },
                "sort": [
                    "@timestamp",
                    "desc"
                ],
                "title": "Logs [Filebeat Redis] ECS",
                "version": 1
            },
            "id": "73613570-4791-11e7-be88-2ddb32f3df97-ecs",
            "type": "search",
            "version": 2
        },
        {
            "attributes": {
                "description": "",
                "kibanaSavedObjectMeta": {
                    "searchSourceJSON": "{\"filter\": []}"
                },
                "savedSearchId": "0ab87b80-478e-11e7-b1f0-cb29bac6bf8b-ecs",
                "title": "Top slowest commands [Filebeat Redis] ECS",
                "uiStateJSON": "{}",
                "version": 1,
                "visState": "{\"params\": {\"addLegend\": true, \"showCircles\": true, \"categoryAxes\": [{\"title\": {\"text\": \"Duration (microseconds)\"}, \"position\": \"left\", \"scale\": {\"type\": \"linear\"}, \"labels\": {\"show\": true, \"truncate\": 200, \"rotate\": 0, \"filter\": false}, \"type\": \"category\", \"id\": \"CategoryAxis-1\", \"style\": {}, \"show\": true}], \"addTooltip\": true, \"seriesParams\": [{\"valueAxis\": \"ValueAxis-1\", \"mode\": \"normal\", \"showCircles\": true, \"data\": {\"label\": \"Command\", \"id\": \"1\"}, \"type\": \"histogram\", \"drawLinesBetweenPoints\": true, \"show\": true}], \"legendPosition\": \"right\", \"type\": \"histogram\", \"drawLinesBetweenPoints\": true, \"times\": [], \"scale\": \"linear\", \"valueAxes\": [{\"title\": {\"text\": \"Command\"}, \"position\": \"bottom\", \"name\": \"LeftAxis-1\", \"scale\": {\"type\": \"linear\", \"mode\": \"normal\"}, \"labels\": {\"show\": true, \"truncate\": 100, \"rotate\": 75, \"filter\": true}, \"type\": \"value\", \"id\": \"ValueAxis-1\", \"style\": {}, \"show\": true}], \"defaultYExtents\": false, \"grid\": {\"categoryLines\": false, \"style\": {\"color\": \"#eee\"}}, \"interpolate\": \"linear\", \"addTimeMarker\": false, \"setYExtents\": false, \"radiusRatio\": 9}, \"title\": \"Top slowest commands [Filebeat Redis] ECS\", \"type\": \"histogram\", \"aggs\": [{\"params\": {\"field\": \"redis.slowlog.duration.us\", \"customLabel\": \"Command\"}, \"schema\": \"metric\", \"type\": \"max\", \"enabled\": true, \"id\": \"1\"}, {\"params\": {\"field\": \"redis.slowlog.cmd\", \"orderBy\": \"1\", \"order\": \"desc\", \"customLabel\": \"Duration (microseconds)\", \"size\": 5}, \"schema\": \"segment\", \"type\": \"terms\", \"enabled\": true, \"id\": \"2\"}]}"
            },
            "id": "dcccaa80-4791-11e7-be88-2ddb32f3df97-ecs",
            "type": "visualization",
            "version": 2
        },
        {
            "attributes": {
                "columns": [
                    "host.name",
                    "message",
                    "redis.slowlog.duration.us",
                    "redis.slowlog.key"
                ],
                "description": "",
                "hits": 0,
                "kibanaSavedObjectMeta": {
                    "searchSourceJSON": "{\"version\": true, \"index\": \"filebeat-*\", \"highlightAll\": true, \"query\": {\"query\": \"event.dataset:redis.slowlog\", \"language\": \"kuery\"}, \"filter\": []}"
                },
                "sort": [
                    "@timestamp",
                    "desc"
                ],
                "title": "Slow logs [Filebeat Redis] ECS",
                "version": 1
            },
            "id": "0ab87b80-478e-11e7-b1f0-cb29bac6bf8b-ecs",
            "type": "search",
            "version": 2
        },
        {
            "attributes": {
                "description": "Overview dashboard for the FIlebeat Redis module",
                "hits": 0,
                "kibanaSavedObjectMeta": {
                    "searchSourceJSON": "{\"version\": true, \"query\": {\"query\": \"\", \"language\": \"kuery\"}, \"highlightAll\": true, \"filter\": []}"
                },
                "optionsJSON": "{\"darkTheme\": false}",
                "panelsJSON": "[{\"size_y\": 3, \"panelIndex\": 2, \"row\": 5, \"col\": 1, \"type\": \"visualization\", \"size_x\": 3, \"id\": \"78b9afe0-478f-11e7-b1f0-cb29bac6bf8b-ecs\"}, {\"size_y\": 3, \"panelIndex\": 3, \"row\": 5, \"col\": 4, \"type\": \"visualization\", \"size_x\": 9, \"id\": \"d2864600-478f-11e7-be88-2ddb32f3df97-ecs\"}, {\"size_y\": 4, \"panelIndex\": 4, \"size_x\": 12, \"columns\": [\"host.name\", \"log.level\", \"redis.log.role\", \"message\"], \"row\": 8, \"sort\": [\"@timestamp\", \"desc\"], \"col\": 1, \"type\": \"search\", \"id\": \"73613570-4791-11e7-be88-2ddb32f3df97-ecs\"}, {\"size_y\": 4, \"panelIndex\": 5, \"row\": 1, \"col\": 7, \"type\": \"visualization\", \"size_x\": 6, \"id\": \"dcccaa80-4791-11e7-be88-2ddb32f3df97-ecs\"}, {\"size_y\": 4, \"panelIndex\": 6, \"size_x\": 6, \"columns\": [\"host.name\", \"message\", \"redis.slowlog.duration.us\", \"redis.slowlog.key\"], \"row\": 1, \"sort\": [\"@timestamp\", \"desc\"], \"col\": 1, \"type\": \"search\", \"id\": \"0ab87b80-478e-11e7-b1f0-cb29bac6bf8b-ecs\"}]",
                "timeRestore": false,
                "title": "[Filebeat Redis] Overview ECS",
                "uiStateJSON": "{\"P-5\": {\"vis\": {\"legendOpen\": false}}}",
                "version": 1
            },
            "id": "7fea2930-478e-11e7-b1f0-cb29bac6bf8b-ecs",
            "type": "dashboard",
            "version": 4
        }
    ],
    "version": "6.0.0-beta1-SNAPSHOT"
}