{
    "objects": [
        {
            "attributes": {
                "description": "Network data overview.",
                "hits": 0,
                "kibanaSavedObjectMeta": {
                    "searchSourceJSON": "{\"version\": true, \"query\": {\"query\": \"*\", \"language\": \"lucene\"}, \"highlightAll\": true, \"filter\": []}"
                },
                "optionsJSON": "{\"darkTheme\": false}",
                "panelsJSON": "[{\"version\": \"7.3.0\", \"panelIndex\": \"1\", \"gridData\": {\"y\": 44, \"i\": \"1\", \"h\": 8, \"w\": 48, \"x\": 0}, \"embeddableConfig\": {}, \"panelRefName\": \"panel_0\"}, {\"version\": \"7.3.0\", \"panelIndex\": \"2\", \"gridData\": {\"y\": 68, \"i\": \"2\", \"h\": 8, \"w\": 48, \"x\": 0}, \"embeddableConfig\": {}, \"panelRefName\": \"panel_1\"}, {\"version\": \"7.3.0\", \"panelIndex\": \"5\", \"gridData\": {\"y\": 12, \"i\": \"5\", \"h\": 8, \"w\": 48, \"x\": 0}, \"embeddableConfig\": {}, \"panelRefName\": \"panel_2\"}, {\"version\": \"7.3.0\", \"panelIndex\": \"6\", \"gridData\": {\"y\": 60, \"i\": \"6\", \"h\": 8, \"w\": 48, \"x\": 0}, \"embeddableConfig\": {}, \"panelRefName\": \"panel_3\"}, {\"version\": \"7.3.0\", \"panelIndex\": \"7\", \"gridData\": {\"y\": 4, \"i\": \"7\", \"h\": 8, \"w\": 40, \"x\": 0}, \"embeddableConfig\": {\"vis\": {\"legendOpen\": false, \"defaultColors\": {\"0 - 100\": \"rgb(0,104,55)\"}}}, \"panelRefName\": \"panel_4\"}, {\"version\": \"7.3.0\", \"panelIndex\": \"9\", \"gridData\": {\"y\": 20, \"i\": \"9\", \"h\": 12, \"w\": 16, \"x\": 0}, \"embeddableConfig\": {\"vis\": {\"colors\": {\"/Attempt\": \"#0A50A1\", \"/Success\": \"#629E51\", \"/Failure\": \"#BF1B00\"}}}, \"panelRefName\": \"panel_5\"}, {\"version\": \"7.3.0\", \"panelIndex\": \"11\", \"gridData\": {\"y\": 20, \"i\": \"11\", \"h\": 12, \"w\": 16, \"x\": 16}, \"embeddableConfig\": {\"vis\": {\"colors\": {\"/Attempt\": \"#0A50A1\", \"/Success\": \"#629E51\", \"/Failure\": \"#BF1B00\"}}}, \"panelRefName\": \"panel_6\"}, {\"version\": \"7.3.0\", \"panelIndex\": \"13\", \"gridData\": {\"y\": 32, \"i\": \"13\", \"h\": 12, \"w\": 32, \"x\": 0}, \"embeddableConfig\": {\"vis\": {\"params\": {\"sort\": {\"direction\": null, \"columnIndex\": null}}}}, \"panelRefName\": \"panel_7\"}, {\"version\": \"7.3.0\", \"panelIndex\": \"15\", \"gridData\": {\"y\": 32, \"i\": \"15\", \"h\": 12, \"w\": 16, \"x\": 32}, \"embeddableConfig\": {\"vis\": {\"legendOpen\": false, \"defaultColors\": {\"50% - 67%\": \"rgb(253,141,60)\", \"67% - 84%\": \"rgb(244,61,37)\", \"84% - 100%\": \"rgb(202,8,35)\", \"0% - 17%\": \"rgb(255,255,204)\", \"17% - 34%\": \"rgb(255,230,146)\", \"34% - 50%\": \"rgb(254,191,90)\"}}}, \"panelRefName\": \"panel_8\"}, {\"version\": \"7.3.0\", \"panelIndex\": \"16\", \"gridData\": {\"y\": 20, \"i\": \"16\", \"h\": 12, \"w\": 16, \"x\": 32}, \"embeddableConfig\": {\"vis\": {\"colors\": {\"Content Security\": \"#7EB26D\", \"Anti-Virus\": \"#EF843C\", \"Integrated Security\": \"#962D82\", \"Operating System\": \"#1F78C1\", \"VPN\": \"#EAB839\", \"Firewall\": \"#E24D42\", \"Network-based IDS/IPS\": \"#1F78C1\"}}}, \"panelRefName\": \"panel_9\"}, {\"version\": \"7.3.0\", \"panelIndex\": \"17\", \"gridData\": {\"y\": 52, \"i\": \"17\", \"h\": 8, \"w\": 48, \"x\": 0}, \"embeddableConfig\": {}, \"panelRefName\": \"panel_10\"}, {\"version\": \"7.3.0\", \"panelIndex\": \"18\", \"gridData\": {\"y\": 76, \"i\": \"18\", \"h\": 16, \"w\": 24, \"x\": 0}, \"embeddableConfig\": {\"vis\": {\"params\": {\"sort\": {\"direction\": null, \"columnIndex\": null}}}}, \"panelRefName\": \"panel_11\"}, {\"version\": \"7.3.0\", \"panelIndex\": \"19\", \"gridData\": {\"y\": 76, \"i\": \"19\", \"h\": 16, \"w\": 24, \"x\": 24}, \"embeddableConfig\": {}, \"panelRefName\": \"panel_12\"}, {\"version\": \"7.3.0\", \"panelIndex\": \"20\", \"gridData\": {\"y\": 4, \"i\": \"20\", \"h\": 8, \"w\": 8, \"x\": 40}, \"embeddableConfig\": {}, \"panelRefName\": \"panel_13\"}, {\"version\": \"7.3.0\", \"panelIndex\": \"21\", \"gridData\": {\"y\": 0, \"i\": \"21\", \"h\": 4, \"w\": 48, \"x\": 0}, \"embeddableConfig\": {}, \"panelRefName\": \"panel_14\"}, {\"version\": \"7.3.0\", \"panelIndex\": \"24\", \"gridData\": {\"y\": 92, \"i\": \"24\", \"h\": 24, \"w\": 24, \"x\": 0}, \"embeddableConfig\": {\"mapZoom\": 1, \"mapCenter\": [-0.3515602939922709, 0]}, \"panelRefName\": \"panel_15\"}, {\"version\": \"7.3.0\", \"panelIndex\": \"25\", \"gridData\": {\"y\": 92, \"i\": \"25\", \"h\": 24, \"w\": 24, \"x\": 24}, \"embeddableConfig\": {\"mapZoom\": 1, \"mapCenter\": [-0.3515602939922709, 0]}, \"panelRefName\": \"panel_16\"}]",
                "refreshInterval": {
                    "display": "Off",
                    "pause": false,
                    "value": 0
                },
                "timeFrom": "now-24h",
                "timeRestore": true,
                "timeTo": "now",
                "title": "[Filebeat CEF] Network Overview Dashboard",
                "version": 1
            },
            "id": "dd0bc9af-2e89-4150-9b42-62517ea56b71",
            "migrationVersion": {
                "dashboard": "7.3.0"
            },
            "references": [
                {
                    "id": "f5258de9-71f7-410f-b713-201007f77470",
                    "name": "panel_0",
                    "type": "visualization"
                },
                {
                    "id": "0abfc226-535b-45a2-b534-e9bc87e5584f",
                    "name": "panel_1",
                    "type": "visualization"
                },
                {
                    "id": "a97e3628-022b-46cf-8f29-a73cf9bb4e26",
                    "name": "panel_2",
                    "type": "visualization"
                },
                {
                    "id": "499f50ba-2f84-4f7c-9021-73a4efc47921",
                    "name": "panel_3",
                    "type": "visualization"
                },
                {
                    "id": "d061c7a9-7f92-4bf4-b35c-499b9f4b987a",
                    "name": "panel_4",
                    "type": "visualization"
                },
                {
                    "id": "b1002b5c-08fc-4bbe-b9a0-6243a8637e60",
                    "name": "panel_5",
                    "type": "visualization"
                },
                {
                    "id": "df056709-2deb-4363-ae7a-b0148ea456c6",
                    "name": "panel_6",
                    "type": "visualization"
                },
                {
                    "id": "e89a64e8-928c-41fc-8745-3c8157b21cdb",
                    "name": "panel_7",
                    "type": "visualization"
                },
                {
                    "id": "a729c249-8d34-4eb1-bbb0-5d25cf224114",
                    "name": "panel_8",
                    "type": "visualization"
                },
                {
                    "id": "3c19f138-2ab3-4ecb-bb1b-86fb90158042",
                    "name": "panel_9",
                    "type": "visualization"
                },
                {
                    "id": "e513c269-350c-40c3-ac20-16c5782103b8",
                    "name": "panel_10",
                    "type": "visualization"
                },
                {
                    "id": "8f6075c5-f525-4173-92a4-3a56e96e362d",
                    "name": "panel_11",
                    "type": "visualization"
                },
                {
                    "id": "013ff153-7b80-490b-8fec-6e56cba785ed",
                    "name": "panel_12",
                    "type": "visualization"
                },
                {
                    "id": "33747d52-ec4c-4d91-86d8-fbdf9b9c82db",
                    "name": "panel_13",
                    "type": "visualization"
                },
                {
                    "id": "c394e650-b16c-407c-b305-bd409d69d433",
                    "name": "panel_14",
                    "type": "visualization"
                },
                {
                    "id": "8b31af8b-522e-41fe-b9d6-9a3451b54108",
                    "name": "panel_15",
                    "type": "visualization"
                },
                {
                    "id": "4fccee0c-7193-4aa8-919f-0b0b0a16d013",
                    "name": "panel_16",
                    "type": "visualization"
                }
            ],
            "type": "dashboard",
            "updated_at": "2019-10-25T16:30:05.361Z",
            "version": "WzEzMDcsMV0="
        },
        {
            "attributes": {
                "description": "",
                "kibanaSavedObjectMeta": {
                    "searchSourceJSON": "{\"filter\": []}"
                },
                "savedSearchRefName": "search_0",
                "title": "Top 10 Application Protocols [Filebeat CEF]",
                "uiStateJSON": "{}",
                "version": 1,
                "visState": "{\"listeners\": {}, \"params\": {\"orientation\": \"single\", \"scale\": \"square root\", \"minFontSize\": 26, \"hideLabel\": false, \"maxFontSize\": 72}, \"type\": \"tagcloud\", \"aggs\": [{\"params\": {}, \"schema\": \"metric\", \"type\": \"count\", \"enabled\": true, \"id\": \"1\"}, {\"params\": {\"field\": \"network.application\", \"orderBy\": \"1\", \"order\": \"desc\", \"size\": 20}, \"schema\": \"segment\", \"type\": \"terms\", \"enabled\": true, \"id\": \"2\"}], \"title\": \"Top 10 Application Protocols [Filebeat CEF]\"}"
            },
            "id": "f5258de9-71f7-410f-b713-201007f77470",
            "migrationVersion": {
                "visualization": "7.3.1"
            },
            "references": [
                {
                    "id": "68202a5c-c8f2-432f-8c08-04fbfacb95c8",
                    "name": "search_0",
                    "type": "search"
                }
            ],
            "type": "visualization",
            "updated_at": "2019-10-25T16:30:05.361Z",
            "version": "WzEzMDgsMV0="
        },
        {
            "attributes": {
                "description": "",
                "kibanaSavedObjectMeta": {
                    "searchSourceJSON": "{\"query\": {\"query_string\": {\"query\": \"*\"}}, \"filter\": []}"
                },
                "title": "Bandwidth Utilization [Filebeat CEF]",
                "uiStateJSON": "{}",
                "version": 1,
                "visState": "{\"listeners\": {}, \"params\": {\"background_color\": null, \"axis_position\": \"left\", \"type\": \"timeseries\", \"index_pattern\": \"filebeat-*\", \"id\": \"ec53a1d3-213c-4b0f-a074-5005a84cdb83\", \"filter\": {\"query\": \"cef.extensions.categoryDeviceGroup:\\\"/Firewall\\\" OR cef.extensions.categoryDeviceGroup:\\\"/IDS/Network\\\" OR cef.extensions.categoryDeviceGroup:\\\"/VPN\\\" \", \"language\": \"lucene\"}, \"show_legend\": 1, \"series\": [{\"label\": \"Inbound\", \"color\": \"rgba(0,156,224,1)\", \"axis_position\": \"right\", \"fill\": 0.5, \"formatter\": \"bytes\", \"split_mode\": \"everything\", \"seperate_axis\": 0, \"terms_order_by\": \"_count\", \"id\": \"d27f09dc-b07e-493f-a223-a85033ad6548\", \"line_width\": 1, \"chart_type\": \"line\", \"series_index_pattern\": \"filebeat-*\", \"stacked\": \"none\", \"point_size\": 1, \"terms_field\": \"observer.hostname\", \"series_time_field\": \"@timestamp\", \"metrics\": [{\"field\": \"source.bytes\", \"type\": \"sum\", \"id\": \"9ce9ec3a-2f11-4935-91b2-531494d2a619\"}], \"override_index_pattern\": 1}, {\"label\": \"Outbound\", \"color\": \"rgba(244,78,59,1)\", \"axis_position\": \"right\", \"fill\": 0.5, \"formatter\": \"bytes\", \"split_mode\": \"everything\", \"seperate_axis\": 0, \"id\": \"b1ef2c75-5916-469d-8790-5b213367a5a0\", \"line_width\": 1, \"chart_type\": \"line\", \"steps\": 0, \"series_index_pattern\": \"filebeat-*\", \"stacked\": \"none\", \"point_size\": 1, \"series_time_field\": \"@timestamp\", \"metrics\": [{\"field\": \"destination.bytes\", \"type\": \"sum\", \"id\": \"11b1852f-9b62-4e96-8128-522e6c5bf16d\"}, {\"type\": \"calculation\", \"variables\": [{\"field\": \"11b1852f-9b62-4e96-8128-522e6c5bf16d\", \"name\": \"outbound\", \"id\": \"c57067f2-2927-41d8-97f4-9f47b3b3bcae\"}], \"id\": \"2a6b00bf-1658-4d02-b4e2-61ad6e4c3a9b\", \"script\": \"params.outbound > 0 ? params.outbound * -1 : 0\"}], \"override_index_pattern\": 1}], \"interval\": \"auto\", \"bar_color_rules\": [{\"id\": \"23db5bf6-f787-474e-86ab-76362432e984\"}], \"time_field\": \"@timestamp\", \"axis_formatter\": \"number\"}, \"type\": \"metrics\", \"aggs\": [], \"title\": \"Bandwidth Utilization [Filebeat CEF]\"}"
            },
            "id": "0abfc226-535b-45a2-b534-e9bc87e5584f",
            "migrationVersion": {
                "visualization": "7.3.1"
            },
            "references": [],
            "type": "visualization",
            "updated_at": "2019-10-25T16:30:05.361Z",
            "version": "WzEzMDksMV0="
        },
        {
            "attributes": {
                "description": "",
                "kibanaSavedObjectMeta": {
                    "searchSourceJSON": "{\"query\": {\"query_string\": {\"query\": \"*\"}}, \"filter\": []}"
                },
                "title": "Events by Source [Filebeat CEF]",
                "uiStateJSON": "{}",
                "version": 1,
                "visState": "{\"listeners\": {}, \"params\": {\"gauge_inner_width\": 10, \"background_color\": null, \"axis_position\": \"left\", \"gauge_width\": 10, \"gauge_color_rules\": [{\"id\": \"3ed9a6b9-fd2e-4e0d-bd83-7ad467b3c8a4\"}], \"type\": \"timeseries\", \"background_color_rules\": [{\"id\": \"2fddda5e-d6fc-4581-bbb7-574e1017ae8f\"}], \"index_pattern\": \"filebeat-*\", \"id\": \"ec53a1d3-213c-4b0f-a074-5005a84cdb83\", \"filter\": {\"query\": \"cef.extensions.categoryDeviceType:\\\"Firewall\\\" OR cef.extensions.categoryDeviceGroup:\\\"/IDS/Network\\\" OR cef.extensions.categoryDeviceGroup:\\\"/VPN\\\"\", \"language\": \"lucene\"}, \"series\": [{\"label\": \"Events\", \"color\": \"rgba(244,78,59,1)\", \"axis_position\": \"right\", \"fill\": \"0\", \"formatter\": \"number\", \"split_mode\": \"filters\", \"seperate_axis\": 1, \"terms_order_by\": null, \"id\": \"04c44192-1112-4515-a8d9-e9e13215aecf\", \"line_width\": \"3\", \"chart_type\": \"line\", \"steps\": 0, \"terms_field\": \"observer.hostname\", \"stacked\": \"none\", \"point_size\": \"0\", \"filter\": {\"query\": \"cef.extensions.categoryDeviceGroup:\\\"/Firewall\\\"\", \"language\": \"lucene\"}, \"split_filters\": [{\"color\": \"rgba(244,78,59,1)\", \"label\": \"Firewall Events\", \"id\": \"0c929603-fc92-4ebc-a963-fe2795417d89\", \"filter\": {\"query\": \"cef.extensions.categoryDeviceGroup:\\\"/Firewall\\\"\", \"language\": \"lucene\"}}, {\"color\": \"rgba(254,146,0,1)\", \"label\": \"Intrusion Detection Events\", \"id\": \"7798827b-87ab-436b-9e62-9fe36143eb9b\", \"filter\": {\"query\": \"cef.extensions.categoryDeviceGroup:\\\"/IDS/Network\\\"\", \"language\": \"lucene\"}}, {\"color\": \"rgba(252,220,0,1)\", \"label\": \"VPN\", \"id\": \"490f7ad7-8218-45f9-85a9-a4dd9ed7da13\", \"filter\": {\"query\": \"cef.extensions.categoryDeviceGroup:\\\"/VPN\\\"\", \"language\": \"lucene\"}}], \"metrics\": [{\"type\": \"count\", \"id\": \"c5dbb050-fc10-4a0d-abe0-bc093db6cf0e\"}, {\"beta\": 0.1, \"field\": \"c5dbb050-fc10-4a0d-abe0-bc093db6cf0e\", \"model_type\": \"simple\", \"multiplicative\": false, \"gamma\": 0.3, \"period\": 1, \"type\": \"moving_average\", \"window\": \"10\", \"id\": \"e5a48d9d-7834-4da7-8d78-7d4528136b9b\", \"alpha\": 0.3, \"sigma\": \"\"}]}, {\"label\": \"Moving Average by Device Hosts\", \"color\": \"rgba(0,156,224,1)\", \"axis_position\": \"left\", \"fill\": \"0.5\", \"formatter\": \"number\", \"split_mode\": \"terms\", \"seperate_axis\": 1, \"id\": \"29d6131a-5143-4a64-b597-9538692f0269\", \"terms_size\": \"10\", \"line_width\": 1, \"chart_type\": \"bar\", \"terms_field\": \"observer.hostname\", \"stacked\": \"none\", \"point_size\": 1, \"split_color_mode\": \"gradient\", \"metrics\": [{\"type\": \"count\", \"id\": \"dc74afdf-64ad-47d6-bbed-114e09d12255\"}, {\"beta\": 0.1, \"field\": \"dc74afdf-64ad-47d6-bbed-114e09d12255\", \"model_type\": \"simple\", \"multiplicative\": false, \"gamma\": 0.3, \"period\": 1, \"type\": \"moving_average\", \"id\": \"87e21aaa-12eb-4213-bb37-41cb19219240\", \"alpha\": 0.3, \"window\": \"10\"}]}], \"axis_formatter\": \"number\", \"bar_color_rules\": [{\"id\": \"23db5bf6-f787-474e-86ab-76362432e984\"}], \"gauge_style\": \"half\", \"time_field\": \"@timestamp\", \"show_legend\": 1, \"interval\": \"auto\"}, \"type\": \"metrics\", \"aggs\": [], \"title\": \"Events by Source [Filebeat CEF]\"}"
            },
            "id": "a97e3628-022b-46cf-8f29-a73cf9bb4e26",
            "migrationVersion": {
                "visualization": "7.3.1"
            },
            "references": [],
            "type": "visualization",
            "updated_at": "2019-10-25T16:30:05.361Z",
            "version": "WzEzMTAsMV0="
        },
        {
            "attributes": {
                "description": "",
                "kibanaSavedObjectMeta": {
                    "searchSourceJSON": "{\"query\": {\"query_string\": {\"query\": \"*\"}}, \"filter\": []}"
                },
                "title": "Events by Outcome [Filebeat CEF]",
                "uiStateJSON": "{}",
                "version": 1,
                "visState": "{\"listeners\": {}, \"params\": {\"gauge_inner_width\": 10, \"background_color\": null, \"axis_position\": \"left\", \"gauge_width\": 10, \"gauge_color_rules\": [{\"id\": \"3ed9a6b9-fd2e-4e0d-bd83-7ad467b3c8a4\"}], \"type\": \"timeseries\", \"background_color_rules\": [{\"id\": \"2fddda5e-d6fc-4581-bbb7-574e1017ae8f\"}], \"index_pattern\": \"filebeat-*\", \"id\": \"ec53a1d3-213c-4b0f-a074-5005a84cdb83\", \"filter\": {\"query\": \"cef.extensions.categoryDeviceType:\\\"Firewall\\\" OR cef.extensions.categoryDeviceGroup:\\\"/IDS/Network\\\" OR cef.extensions.categoryDeviceGroup:\\\"/VPN\\\"\", \"language\": \"lucene\"}, \"interval\": \"auto\", \"series\": [{\"label\": \"Events\", \"color\": \"rgba(211,49,21,1)\", \"axis_position\": \"right\", \"fill\": \"0\", \"formatter\": \"number\", \"split_mode\": \"filter\", \"seperate_axis\": 0, \"terms_order_by\": null, \"id\": \"04c44192-1112-4515-a8d9-e9e13215aecf\", \"line_width\": \"3\", \"chart_type\": \"line\", \"steps\": 0, \"terms_field\": \"observer.hostname\", \"stacked\": \"none\", \"point_size\": \"0\", \"filter\": {\"query\": \"(cef.extensions.categoryDeviceGroup:\\\"/Firewall\\\" OR cef.extensions.categoryDeviceGroup:\\\"/IDS/Network\\\" OR cef.extensions.categoryDeviceGroup:\\\"/VPN\\\") AND _exists_:cef.extensions.categoryOutcome\", \"language\": \"lucene\"}, \"split_filters\": [{\"color\": \"rgba(254,146,0,1)\", \"label\": \"Firewall\", \"id\": \"4c7aac7d-2749-41b6-8136-40dc8636a7e7\", \"filter\": {\"query\": \"cef.extensions.categoryDeviceGroup:\\\"/Firewall\\\"\", \"language\": \"lucene\"}}], \"metrics\": [{\"type\": \"count\", \"id\": \"c5dbb050-fc10-4a0d-abe0-bc093db6cf0e\"}, {\"beta\": 0.1, \"field\": \"c5dbb050-fc10-4a0d-abe0-bc093db6cf0e\", \"model_type\": \"simple\", \"multiplicative\": false, \"gamma\": 0.3, \"period\": 1, \"type\": \"moving_average\", \"id\": \"c43af7e6-3f06-48a4-a7c3-7ba8bd6214f9\", \"alpha\": 0.3, \"window\": \"10\"}]}, {\"label\": \"Moving Average by Event Outcome\", \"color\": \"rgba(104,188,0,1)\", \"axis_position\": \"left\", \"fill\": \"1\", \"formatter\": \"number\", \"split_mode\": \"filters\", \"seperate_axis\": 0, \"id\": \"29d6131a-5143-4a64-b597-9538692f0269\", \"terms_size\": \"3\", \"line_width\": 1, \"chart_type\": \"bar\", \"terms_field\": \"cef.extensions.categoryOutcome\", \"stacked\": \"stacked\", \"point_size\": 1, \"split_filters\": [{\"color\": \"rgba(104,188,0,0.35)\", \"label\": \"Success\", \"id\": \"cb1ae397-13a0-4b6f-a848-bcdc96870f05\", \"filter\": \"cef.extensions.categoryOutcome:\\\"/Success\\\"\"}, {\"color\": \"rgba(244,78,59,1)\", \"label\": \"Failure\", \"id\": \"ef021c15-1b95-4334-bc3c-e2950e9b0f6f\", \"filter\": \"cef.extensions.categoryOutcome:\\\"/Failure\\\"\"}, {\"color\": \"rgba(0,156,224,1)\", \"label\": \"Attempt\", \"id\": \"2ff1e859-b178-4824-a0f2-69a115932b98\", \"filter\": \"cef.extensions.categoryOutcome:\\\"/Attempt\\\"\"}], \"metrics\": [{\"type\": \"count\", \"id\": \"dc74afdf-64ad-47d6-bbed-114e09d12255\"}]}], \"axis_formatter\": \"number\", \"bar_color_rules\": [{\"bar_color\": null, \"value\": 0, \"id\": \"23db5bf6-f787-474e-86ab-76362432e984\"}], \"gauge_style\": \"half\", \"time_field\": \"@timestamp\", \"show_legend\": 1, \"drilldown_url\": \"\"}, \"type\": \"metrics\", \"aggs\": [], \"title\": \"Events by Outcome [Filebeat CEF]\"}"
            },
            "id": "499f50ba-2f84-4f7c-9021-73a4efc47921",
            "migrationVersion": {
                "visualization": "7.3.1"
            },
            "references": [],
            "type": "visualization",
            "updated_at": "2019-10-25T16:30:05.361Z",
            "version": "WzEzMTEsMV0="
        },
        {
            "attributes": {
                "description": "",
                "kibanaSavedObjectMeta": {
                    "searchSourceJSON": "{\"filter\": []}"
                },
                "savedSearchRefName": "search_0",
                "title": "Device Metrics Overview [Filebeat CEF]",
                "uiStateJSON": "{\"vis\": {\"defaultColors\": {\"0 - 100\": \"rgb(0,104,55)\"}}}",
                "version": 1,
                "visState": "{\"listeners\": {}, \"params\": {\"addLegend\": false, \"fontSize\": \"30\", \"addTooltip\": true, \"gauge\": {\"invertColors\": false, \"gaugeType\": \"Metric\", \"orientation\": \"vertical\", \"colorSchema\": \"Green to Red\", \"labels\": {\"color\": \"black\", \"show\": true}, \"gaugeStyle\": \"Full\", \"useRange\": false, \"verticalSplit\": false, \"backStyle\": \"Full\", \"autoExtend\": false, \"scale\": {\"color\": \"#333\", \"labels\": false, \"show\": false, \"width\": 2}, \"gaugeColorMode\": \"None\", \"colorsRange\": [{\"to\": 100, \"from\": 0}], \"type\": \"simple\", \"style\": {\"fontSize\": \"12\", \"labelColor\": false, \"bgColor\": false, \"bgFill\": \"#000\", \"subText\": \"\"}, \"percentageMode\": false}, \"type\": \"gauge\", \"handleNoResults\": true}, \"type\": \"metric\", \"aggs\": [{\"params\": {\"customLabel\": \"Event Count\"}, \"schema\": \"metric\", \"type\": \"count\", \"enabled\": true, \"id\": \"8\"}, {\"params\": {\"field\": \"observer.hostname\", \"customLabel\": \"Devices\"}, \"schema\": \"metric\", \"type\": \"cardinality\", \"enabled\": true, \"id\": \"4\"}, {\"params\": {\"field\": \"source.ip\", \"customLabel\": \"Sources\"}, \"schema\": \"metric\", \"type\": \"cardinality\", \"enabled\": true, \"id\": \"5\"}, {\"params\": {\"field\": \"destination.ip\", \"customLabel\": \"Destinations\"}, \"schema\": \"metric\", \"type\": \"cardinality\", \"enabled\": true, \"id\": \"6\"}, {\"params\": {\"field\": \"destination.port\", \"customLabel\": \"Ports\"}, \"schema\": \"metric\", \"type\": \"cardinality\", \"enabled\": true, \"id\": \"7\"}], \"title\": \"Device Metrics Overview [Filebeat CEF]\"}"
            },
            "id": "d061c7a9-7f92-4bf4-b35c-499b9f4b987a",
            "migrationVersion": {
                "visualization": "7.3.1"
            },
            "references": [
                {
                    "id": "68202a5c-c8f2-432f-8c08-04fbfacb95c8",
                    "name": "search_0",
                    "type": "search"
                }
            ],
            "type": "visualization",
            "updated_at": "2019-10-25T16:30:05.361Z",
            "version": "WzEzMTIsMV0="
        },
        {
            "attributes": {
                "description": "",
                "kibanaSavedObjectMeta": {
                    "searchSourceJSON": "{\"filter\": []}"
                },
                "savedSearchRefName": "search_0",
                "title": "Outcome by Device Type [Filebeat CEF]",
                "uiStateJSON": "{\"vis\": {\"colors\": {\"/Success\": \"#629E51\", \"/Failure\": \"#BF1B00\"}}}",
                "version": 1,
                "visState": "{\"listeners\": {}, \"params\": {\"addLegend\": true, \"showCircles\": true, \"categoryAxes\": [{\"title\": {\"text\": \"Firewall Types\"}, \"position\": \"bottom\", \"scale\": {\"type\": \"linear\"}, \"labels\": {\"truncate\": 100, \"rotate\": 75, \"show\": true}, \"type\": \"category\", \"id\": \"CategoryAxis-1\", \"style\": {}, \"show\": true}], \"addTooltip\": true, \"seriesParams\": [{\"valueAxis\": \"ValueAxis-1\", \"mode\": \"stacked\", \"showCircles\": true, \"data\": {\"label\": \"Count\", \"id\": \"1\"}, \"type\": \"histogram\", \"drawLinesBetweenPoints\": true, \"show\": \"true\"}], \"legendPosition\": \"right\", \"drawLinesBetweenPoints\": true, \"times\": [], \"scale\": \"linear\", \"valueAxes\": [{\"title\": {}, \"position\": \"left\", \"name\": \"LeftAxis-1\", \"scale\": {\"type\": \"square root\", \"mode\": \"percentage\"}, \"labels\": {\"show\": true, \"truncate\": 100, \"rotate\": 0, \"filter\": false}, \"type\": \"value\", \"id\": \"ValueAxis-1\", \"style\": {}, \"show\": true}], \"defaultYExtents\": false, \"grid\": {\"categoryLines\": false, \"style\": {\"color\": \"#eee\"}}, \"interpolate\": \"linear\", \"orderBucketsBySum\": true, \"addTimeMarker\": false, \"setYExtents\": false, \"radiusRatio\": 9}, \"type\": \"histogram\", \"aggs\": [{\"params\": {}, \"schema\": \"metric\", \"type\": \"count\", \"enabled\": true, \"id\": \"1\"}, {\"params\": {\"field\": \"cef.extensions.categoryDeviceType\", \"orderBy\": \"1\", \"order\": \"desc\", \"customLabel\": \"Firewall Types\", \"size\": 10}, \"schema\": \"segment\", \"type\": \"terms\", \"enabled\": true, \"id\": \"2\"}, {\"params\": {\"field\": \"cef.extensions.categoryOutcome\", \"orderBy\": \"1\", \"order\": \"desc\", \"customLabel\": \"Event Outcome\", \"size\": 3}, \"schema\": \"group\", \"type\": \"terms\", \"enabled\": true, \"id\": \"3\"}], \"title\": \"Outcome by Device Type [Filebeat CEF]\"}"
            },
            "id": "b1002b5c-08fc-4bbe-b9a0-6243a8637e60",
            "migrationVersion": {
                "visualization": "7.3.1"
            },
            "references": [
                {
                    "id": "68202a5c-c8f2-432f-8c08-04fbfacb95c8",
                    "name": "search_0",
                    "type": "search"
                }
            ],
            "type": "visualization",
            "updated_at": "2019-10-25T16:30:05.361Z",
            "version": "WzEzMTMsMV0="
        },
        {
            "attributes": {
                "description": "",
                "kibanaSavedObjectMeta": {
                    "searchSourceJSON": "{\"filter\": []}"
                },
                "savedSearchRefName": "search_0",
                "title": "Destination Ports by Outcome [Filebeat CEF]",
                "uiStateJSON": "{\"vis\": {\"colors\": {\"/Success\": \"#629E51\", \"/Failure\": \"#BF1B00\"}}}",
                "version": 1,
                "visState": "{\"listeners\": {}, \"params\": {\"addLegend\": true, \"showCircles\": true, \"categoryAxes\": [{\"title\": {\"text\": \"Protocols\"}, \"position\": \"bottom\", \"scale\": {\"type\": \"linear\"}, \"labels\": {\"truncate\": 100, \"rotate\": 75, \"show\": true}, \"type\": \"category\", \"id\": \"CategoryAxis-1\", \"style\": {}, \"show\": true}], \"addTooltip\": true, \"seriesParams\": [{\"valueAxis\": \"ValueAxis-1\", \"mode\": \"stacked\", \"showCircles\": true, \"data\": {\"label\": \"Count\", \"id\": \"1\"}, \"type\": \"histogram\", \"drawLinesBetweenPoints\": true, \"show\": \"true\"}], \"legendPosition\": \"right\", \"drawLinesBetweenPoints\": true, \"times\": [], \"scale\": \"linear\", \"valueAxes\": [{\"title\": {\"text\": \"Count\"}, \"position\": \"left\", \"name\": \"LeftAxis-1\", \"scale\": {\"type\": \"linear\", \"mode\": \"percentage\"}, \"labels\": {\"show\": true, \"truncate\": 100, \"rotate\": 0, \"filter\": false}, \"type\": \"value\", \"id\": \"ValueAxis-1\", \"style\": {}, \"show\": true}], \"defaultYExtents\": false, \"grid\": {\"categoryLines\": false, \"style\": {\"color\": \"#eee\"}}, \"interpolate\": \"linear\", \"addTimeMarker\": false, \"setYExtents\": false, \"radiusRatio\": 9}, \"type\": \"histogram\", \"aggs\": [{\"params\": {}, \"schema\": \"metric\", \"type\": \"count\", \"enabled\": true, \"id\": \"1\"}, {\"params\": {\"field\": \"destination.port\", \"orderBy\": \"1\", \"order\": \"desc\", \"customLabel\": \"Protocols\", \"size\": 10}, \"schema\": \"segment\", \"type\": \"terms\", \"enabled\": true, \"id\": \"2\"}, {\"params\": {\"field\": \"cef.extensions.categoryOutcome\", \"orderBy\": \"1\", \"order\": \"desc\", \"size\": 5}, \"schema\": \"group\", \"type\": \"terms\", \"enabled\": true, \"id\": \"3\"}], \"title\": \"Destination Ports by Outcome [Filebeat CEF]\"}"
            },
            "id": "df056709-2deb-4363-ae7a-b0148ea456c6",
            "migrationVersion": {
                "visualization": "7.3.1"
            },
            "references": [
                {
                    "id": "68202a5c-c8f2-432f-8c08-04fbfacb95c8",
                    "name": "search_0",
                    "type": "search"
                }
            ],
            "type": "visualization",
            "updated_at": "2019-10-25T16:30:05.361Z",
            "version": "WzEzMTQsMV0="
        },
        {
            "attributes": {
                "description": "",
                "kibanaSavedObjectMeta": {
                    "searchSourceJSON": "{\"filter\": []}"
                },
                "savedSearchRefName": "search_0",
                "title": "Top 10 Devices by Bandwidth [Filebeat CEF]",
                "uiStateJSON": "{\"vis\": {\"params\": {\"sort\": {\"direction\": null, \"columnIndex\": null}}}}",
                "version": 1,
                "visState": "{\"listeners\": {}, \"params\": {\"showPartialRows\": false, \"totalFunc\": \"sum\", \"sort\": {\"direction\": null, \"columnIndex\": null}, \"showMeticsAtAllLevels\": false, \"perPage\": 10, \"showTotal\": false}, \"type\": \"table\", \"aggs\": [{\"params\": {\"field\": \"observer.hostname\", \"orderBy\": \"1\", \"order\": \"desc\", \"customLabel\": \"Device\", \"size\": 10}, \"schema\": \"bucket\", \"type\": \"terms\", \"enabled\": true, \"id\": \"2\"}, {\"params\": {\"field\": \"source.ip\", \"customLabel\": \"Source(s)\"}, \"schema\": \"metric\", \"type\": \"cardinality\", \"enabled\": true, \"id\": \"4\"}, {\"params\": {\"field\": \"destination.ip\", \"customLabel\": \"Destination(s)\"}, \"schema\": \"metric\", \"type\": \"cardinality\", \"enabled\": true, \"id\": \"5\"}, {\"params\": {\"field\": \"destination.port\", \"customLabel\": \"Destination Ports\"}, \"schema\": \"metric\", \"type\": \"cardinality\", \"enabled\": true, \"id\": \"6\"}, {\"params\": {\"field\": \"source.bytes\", \"customLabel\": \"Bandwidth (Incoming)\"}, \"schema\": \"metric\", \"type\": \"sum\", \"enabled\": true, \"id\": \"1\"}, {\"params\": {\"field\": \"destination.bytes\", \"customLabel\": \"Bandwidth (Outgoing)\"}, \"schema\": \"metric\", \"type\": \"sum\", \"enabled\": true, \"id\": \"3\"}], \"title\": \"Top 10 Devices by Bandwidth [Filebeat CEF]\"}"
            },
            "id": "e89a64e8-928c-41fc-8745-3c8157b21cdb",
            "migrationVersion": {
                "visualization": "7.3.1"
            },
            "references": [
                {
                    "id": "68202a5c-c8f2-432f-8c08-04fbfacb95c8",
                    "name": "search_0",
                    "type": "search"
                }
            ],
            "type": "visualization",
            "updated_at": "2019-10-25T16:30:05.361Z",
            "version": "WzEzMTUsMV0="
        },
        {
            "attributes": {
                "description": "",
                "kibanaSavedObjectMeta": {
                    "searchSourceJSON": "{\"filter\": []}"
                },
                "savedSearchRefName": "search_0",
                "title": "Top 10 Devices by Outcome [Filebeat CEF]",
                "uiStateJSON": "{\"vis\": {\"defaultColors\": {\"50% - 67%\": \"rgb(253,141,60)\", \"67% - 84%\": \"rgb(244,61,37)\", \"84% - 100%\": \"rgb(202,8,35)\", \"0% - 17%\": \"rgb(255,255,204)\", \"17% - 34%\": \"rgb(255,230,146)\", \"34% - 50%\": \"rgb(254,191,90)\"}}}",
                "version": 1,
                "visState": "{\"listeners\": {}, \"params\": {\"addLegend\": true, \"invertColors\": false, \"colorsRange\": [], \"valueAxes\": [{\"labels\": {\"color\": \"#555\", \"rotate\": 0, \"show\": false}, \"scale\": {\"type\": \"linear\", \"defaultYExtents\": false}, \"type\": \"value\", \"id\": \"ValueAxis-1\", \"show\": false}], \"addTooltip\": true, \"legendPosition\": \"right\", \"times\": [], \"enableHover\": true, \"colorSchema\": \"Yellow to Red\", \"colorsNumber\": 6, \"setColorRange\": false, \"percentageMode\": true}, \"type\": \"heatmap\", \"aggs\": [{\"params\": {}, \"schema\": \"metric\", \"type\": \"count\", \"enabled\": true, \"id\": \"1\"}, {\"params\": {\"field\": \"observer.hostname\", \"orderBy\": \"1\", \"order\": \"desc\", \"customLabel\": \"Device Host Names\", \"size\": 10}, \"schema\": \"segment\", \"type\": \"terms\", \"enabled\": true, \"id\": \"2\"}, {\"params\": {\"field\": \"cef.extensions.categoryOutcome\", \"orderBy\": \"1\", \"order\": \"desc\", \"customLabel\": \"Event Outcome\", \"size\": 5}, \"schema\": \"group\", \"type\": \"terms\", \"enabled\": true, \"id\": \"3\"}], \"title\": \"Top 10 Devices by Outcome [Filebeat CEF]\"}"
            },
            "id": "a729c249-8d34-4eb1-bbb0-5d25cf224114",
            "migrationVersion": {
                "visualization": "7.3.1"
            },
            "references": [
                {
                    "id": "68202a5c-c8f2-432f-8c08-04fbfacb95c8",
                    "name": "search_0",
                    "type": "search"
                }
            ],
            "type": "visualization",
            "updated_at": "2019-10-25T16:30:05.361Z",
            "version": "WzEzMTYsMV0="
        },
        {
            "attributes": {
                "description": "",
                "kibanaSavedObjectMeta": {
                    "searchSourceJSON": "{\"filter\": []}"
                },
                "savedSearchRefName": "search_0",
                "title": "Device Type Breakdown [Filebeat CEF]",
                "uiStateJSON": "{}",
                "version": 1,
                "visState": "{\"listeners\": {}, \"params\": {\"addLegend\": true, \"legendPosition\": \"right\", \"isDonut\": false, \"addTooltip\": true}, \"type\": \"pie\", \"aggs\": [{\"params\": {}, \"schema\": \"metric\", \"type\": \"count\", \"enabled\": true, \"id\": \"1\"}, {\"params\": {\"field\": \"cef.extensions.categoryDeviceType\", \"orderBy\": \"1\", \"order\": \"desc\", \"customLabel\": \"Firewall Types\", \"size\": 5}, \"schema\": \"segment\", \"type\": \"terms\", \"enabled\": true, \"id\": \"2\"}], \"title\": \"Device Type Breakdown [Filebeat CEF]\"}"
            },
            "id": "3c19f138-2ab3-4ecb-bb1b-86fb90158042",
            "migrationVersion": {
                "visualization": "7.3.1"
            },
            "references": [
                {
                    "id": "68202a5c-c8f2-432f-8c08-04fbfacb95c8",
                    "name": "search_0",
                    "type": "search"
                }
            ],
            "type": "visualization",
            "updated_at": "2019-10-25T16:30:05.361Z",
            "version": "WzEzMTcsMV0="
        },
        {
            "attributes": {
                "description": "",
                "kibanaSavedObjectMeta": {
                    "searchSourceJSON": "{\"query\": {\"query_string\": {\"query\": \"*\"}}, \"filter\": []}"
                },
                "title": "Events by Device Types [Filebeat CEF]",
                "uiStateJSON": "{}",
                "version": 1,
                "visState": "{\"listeners\": {}, \"params\": {\"gauge_inner_width\": 10, \"background_color\": null, \"axis_position\": \"left\", \"gauge_width\": 10, \"gauge_color_rules\": [{\"id\": \"3ed9a6b9-fd2e-4e0d-bd83-7ad467b3c8a4\"}], \"type\": \"timeseries\", \"background_color_rules\": [{\"id\": \"2fddda5e-d6fc-4581-bbb7-574e1017ae8f\"}], \"index_pattern\": \"filebeat-*\", \"id\": \"ec53a1d3-213c-4b0f-a074-5005a84cdb83\", \"filter\": {\"query\": \"cef.extensions.categoryDeviceType:\\\"Firewall\\\" OR cef.extensions.categoryDeviceGroup:\\\"/IDS/Network\\\" OR cef.extensions.categoryDeviceGroup:\\\"/VPN\\\"\", \"language\": \"lucene\"}, \"series\": [{\"label\": \"Events\", \"color\": \"rgba(211,49,21,1)\", \"axis_position\": \"right\", \"fill\": \"0\", \"formatter\": \"number\", \"split_mode\": \"everything\", \"seperate_axis\": 1, \"terms_order_by\": null, \"id\": \"04c44192-1112-4515-a8d9-e9e13215aecf\", \"line_width\": \"3\", \"chart_type\": \"line\", \"steps\": 0, \"terms_field\": \"observer.hostname\", \"stacked\": \"none\", \"point_size\": \"0\", \"filter\": \"\", \"split_filters\": [{\"color\": \"rgba(244,78,59,1)\", \"label\": \"Firewall\", \"id\": \"78bfdf07-ec02-4dd8-8ff4-b7e250c561c2\", \"filter\": \"cef.extensions.categoryDeviceGroup:\\\"/Firewall\\\"\"}], \"metrics\": [{\"type\": \"count\", \"id\": \"c5dbb050-fc10-4a0d-abe0-bc093db6cf0e\"}, {\"beta\": 0.1, \"field\": \"c5dbb050-fc10-4a0d-abe0-bc093db6cf0e\", \"model_type\": \"simple\", \"multiplicative\": false, \"gamma\": 0.3, \"period\": 1, \"type\": \"moving_average\", \"window\": \"10\", \"id\": \"e5a48d9d-7834-4da7-8d78-7d4528136b9b\", \"alpha\": 0.3, \"sigma\": \"\"}]}, {\"label\": \"Top Device Types by Mvg Averages\", \"color\": \"rgba(251,158,0,1)\", \"axis_position\": \"left\", \"fill\": 0.5, \"formatter\": \"number\", \"split_mode\": \"terms\", \"seperate_axis\": 1, \"id\": \"29d6131a-5143-4a64-b597-9538692f0269\", \"terms_size\": \"10\", \"line_width\": 1, \"chart_type\": \"bar\", \"terms_field\": \"cef.extensions.categoryDeviceType\", \"stacked\": \"none\", \"point_size\": 1, \"metrics\": [{\"type\": \"count\", \"id\": \"dc74afdf-64ad-47d6-bbed-114e09d12255\"}, {\"beta\": 0.1, \"field\": \"dc74afdf-64ad-47d6-bbed-114e09d12255\", \"model_type\": \"simple\", \"multiplicative\": false, \"gamma\": 0.3, \"period\": 1, \"type\": \"moving_average\", \"id\": \"87e21aaa-12eb-4213-bb37-41cb19219240\", \"alpha\": 0.3, \"window\": \"10\"}]}], \"axis_formatter\": \"number\", \"bar_color_rules\": [{\"id\": \"23db5bf6-f787-474e-86ab-76362432e984\"}], \"gauge_style\": \"half\", \"time_field\": \"@timestamp\", \"show_legend\": 1, \"interval\": \"auto\"}, \"type\": \"metrics\", \"aggs\": [], \"title\": \"Events by Device Types [Filebeat CEF]\"}"
            },
            "id": "e513c269-350c-40c3-ac20-16c5782103b8",
            "migrationVersion": {
                "visualization": "7.3.1"
            },
            "references": [],
            "type": "visualization",
            "updated_at": "2019-10-25T16:30:05.361Z",
            "version": "WzEzMTgsMV0="
        },
        {
            "attributes": {
                "description": "",
                "kibanaSavedObjectMeta": {
                    "searchSourceJSON": "{\"filter\": []}"
                },
                "savedSearchRefName": "search_0",
                "title": "Top 10 Source Countries by Events [Filebeat CEF]",
                "uiStateJSON": "{\"vis\": {\"params\": {\"sort\": {\"direction\": null, \"columnIndex\": null}}}}",
                "version": 1,
                "visState": "{\"listeners\": {}, \"params\": {\"showPartialRows\": false, \"totalFunc\": \"sum\", \"sort\": {\"direction\": null, \"columnIndex\": null}, \"showMeticsAtAllLevels\": false, \"perPage\": 10, \"showTotal\": false}, \"type\": \"table\", \"aggs\": [{\"params\": {\"customLabel\": \"Total Events\"}, \"schema\": \"metric\", \"type\": \"count\", \"enabled\": true, \"id\": \"1\"}, {\"params\": {\"field\": \"source.geo.country_iso_code\", \"orderBy\": \"1\", \"order\": \"desc\", \"customLabel\": \"Source Country\", \"size\": 10}, \"schema\": \"bucket\", \"type\": \"terms\", \"enabled\": true, \"id\": \"2\"}, {\"params\": {\"field\": \"source.ip\", \"customLabel\": \"Source Addresses\"}, \"schema\": \"metric\", \"type\": \"cardinality\", \"enabled\": true, \"id\": \"3\"}, {\"params\": {\"field\": \"destination.ip\", \"customLabel\": \"Destination Addresses\"}, \"schema\": \"metric\", \"type\": \"cardinality\", \"enabled\": true, \"id\": \"4\"}, {\"params\": {\"field\": \"destination.port\", \"customLabel\": \"Destination Ports\"}, \"schema\": \"metric\", \"type\": \"cardinality\", \"enabled\": true, \"id\": \"5\"}], \"title\": \"Top 10 Source Countries by Events [Filebeat CEF]\"}"
            },
            "id": "8f6075c5-f525-4173-92a4-3a56e96e362d",
            "migrationVersion": {
                "visualization": "7.3.1"
            },
            "references": [
                {
                    "id": "68202a5c-c8f2-432f-8c08-04fbfacb95c8",
                    "name": "search_0",
                    "type": "search"
                }
            ],
            "type": "visualization",
            "updated_at": "2019-10-25T16:30:05.361Z",
            "version": "WzEzMTksMV0="
        },
        {
            "attributes": {
                "description": "",
                "kibanaSavedObjectMeta": {
                    "searchSourceJSON": "{\"filter\": []}"
                },
                "savedSearchRefName": "search_0",
                "title": "Top 20 Source Countries [Filebeat CEF]",
                "uiStateJSON": "{}",
                "version": 1,
                "visState": "{\"listeners\": {}, \"params\": {\"orientation\": \"single\", \"scale\": \"square root\", \"minFontSize\": 26, \"hideLabel\": false, \"maxFontSize\": 72}, \"type\": \"tagcloud\", \"aggs\": [{\"params\": {}, \"schema\": \"metric\", \"type\": \"count\", \"enabled\": true, \"id\": \"1\"}, {\"params\": {\"field\": \"source.geo.country_iso_code\", \"orderBy\": \"1\", \"order\": \"desc\", \"size\": 20}, \"schema\": \"segment\", \"type\": \"terms\", \"enabled\": true, \"id\": \"2\"}], \"title\": \"Top 20 Source Countries [Filebeat CEF]\"}"
            },
            "id": "013ff153-7b80-490b-8fec-6e56cba785ed",
            "migrationVersion": {
                "visualization": "7.3.1"
            },
            "references": [
                {
                    "id": "68202a5c-c8f2-432f-8c08-04fbfacb95c8",
                    "name": "search_0",
                    "type": "search"
                }
            ],
            "type": "visualization",
            "updated_at": "2019-10-25T16:30:05.361Z",
            "version": "WzEzMjAsMV0="
        },
        {
            "attributes": {
                "description": "",
                "kibanaSavedObjectMeta": {
                    "searchSourceJSON": "{\"query\": {\"query_string\": {\"query\": \"*\"}}, \"filter\": []}"
                },
                "title": "Network - Event Throughput [Filebeat CEF]",
                "uiStateJSON": "{}",
                "version": 1,
                "visState": "{\"listeners\": {}, \"params\": {\"gauge_inner_width\": 10, \"gauge_style\": \"half\", \"axis_position\": \"left\", \"gauge_width\": 10, \"gauge_color_rules\": [{\"gauge\": null, \"value\": 0, \"id\": \"4d957654-cc7e-4ef3-8b29-61c0aeadd51a\"}], \"type\": \"gauge\", \"background_color_rules\": [{\"id\": \"3eadd451-5033-423f-88e3-814cc5e50b50\"}], \"index_pattern\": \"filebeat-*\", \"id\": \"73968651-c41e-473e-a153-a025f49d1a1b\", \"filter\": {\"query\": \"cef.extensions.categoryDeviceType:\\\"Firewall\\\" OR cef.extensions.categoryDeviceGroup:\\\"/IDS/Network\\\" OR cef.extensions.categoryDeviceGroup:\\\"/VPN\\\" \", \"language\": \"lucene\"}, \"series\": [{\"label\": \"Event Throughput\", \"color\": \"rgba(0,156,224,1)\", \"axis_position\": \"right\", \"fill\": 0.5, \"value_template\": \"{{value}}  / s\", \"formatter\": \"number\", \"split_mode\": \"everything\", \"seperate_axis\": 0, \"id\": \"90d7621e-3265-4fe8-8882-8df9605ea659\", \"line_width\": 1, \"chart_type\": \"line\", \"stacked\": \"none\", \"point_size\": 1, \"metrics\": [{\"type\": \"count\", \"id\": \"ba1830b9-9ce3-4bf1-8f4d-f7478b7f1bba\"}, {\"field\": \"ba1830b9-9ce3-4bf1-8f4d-f7478b7f1bba\", \"type\": \"cumulative_sum\", \"id\": \"ca3a65d0-9f3d-42a9-9f4e-16f9e24cba19\"}, {\"field\": \"ca3a65d0-9f3d-42a9-9f4e-16f9e24cba19\", \"type\": \"derivative\", \"id\": \"6db67bc1-7fff-47e7-a931-f797b1f76732\", \"unit\": \"1s\"}, {\"beta\": 0.1, \"field\": \"6db67bc1-7fff-47e7-a931-f797b1f76732\", \"model_type\": \"simple\", \"multiplicative\": false, \"gamma\": 0.3, \"period\": 1, \"type\": \"moving_average\", \"id\": \"92bc1447-2b30-498c-ae8a-c67904fc82b2\", \"alpha\": 0.3, \"window\": \"10\"}]}], \"axis_formatter\": \"number\", \"bar_color_rules\": [{\"id\": \"8d4596c5-49ad-429b-af54-5451b1c2e8d4\"}], \"gauge_max\": \"\", \"time_field\": \"@timestamp\", \"show_legend\": 1, \"interval\": \"auto\"}, \"type\": \"metrics\", \"aggs\": [], \"title\": \"Network - Event Throughput [Filebeat CEF]\"}"
            },
            "id": "33747d52-ec4c-4d91-86d8-fbdf9b9c82db",
            "migrationVersion": {
                "visualization": "7.3.1"
            },
            "references": [],
            "type": "visualization",
            "updated_at": "2019-10-25T16:30:06.345Z",
            "version": "WzEzMzgsMV0="
        },
        {
            "attributes": {
                "description": "",
                "kibanaSavedObjectMeta": {
                    "searchSourceJSON": "{\"query\": {\"query_string\": {\"query\": \"*\"}}, \"filter\": []}"
                },
                "title": " Dashboard Navigation [Filebeat CEF]",
                "uiStateJSON": "{}",
                "version": 1,
                "visState": "{\"listeners\": {}, \"params\": {\"markdown\": \"[Network Overview](#/dashboard/dd0bc9af-2e89-4150-9b42-62517ea56b71) | [Network Suspicious Activity](#/dashboard/db1e1aca-279e-4ecc-b84e-fe58644f7619) | [Endpoint Overview](#dashboard/c10ce1cf-f6b8-4de4-8715-2cb5f6770b3b) | [Endpoint OS Activity](#/dashboard/9e352900-89c3-4c1b-863e-249e24d0dac9) | [Microsoft DNS Overview](#/dashboard/56428e01-0c47-4770-8ba4-9345a029ea41)\"}, \"type\": \"markdown\", \"aggs\": [], \"title\": \" Dashboard Navigation [Filebeat CEF]\"}"
            },
            "id": "c394e650-b16c-407c-b305-bd409d69d433",
            "migrationVersion": {
                "visualization": "7.3.1"
            },
            "references": [],
            "type": "visualization",
            "updated_at": "2019-10-25T16:30:05.361Z",
            "version": "WzEzMjIsMV0="
        },
        {
            "attributes": {
                "description": "",
                "kibanaSavedObjectMeta": {
                    "searchSourceJSON": "{\"filter\": []}"
                },
                "savedSearchRefName": "search_0",
                "title": "Top Destination Locations by Events [Filebeat CEF]",
                "uiStateJSON": "{}",
                "version": 1,
                "visState": "{\"listeners\": {}, \"params\": {\"mapZoom\": 2, \"heatMaxZoom\": 0, \"isDesaturated\": true, \"addTooltip\": true, \"legendPosition\": \"bottomright\", \"heatRadius\": 25, \"mapType\": \"Shaded Circle Markers\", \"heatBlur\": 15, \"heatMinOpacity\": 0.1, \"heatNormalizeData\": true, \"wms\": {\"options\": {\"transparent\": true, \"layers\": \"0\", \"version\": \"1.3.0\", \"format\": \"image/png\", \"styles\": \"\", \"attribution\": \"Maps provided by USGS\"}, \"enabled\": false, \"url\": \"https://basemap.nationalmap.gov/arcgis/services/USGSTopo/MapServer/WMSServer\"}, \"mapCenter\": [0, 0]}, \"type\": \"tile_map\", \"aggs\": [{\"params\": {\"customLabel\": \"Event Count\"}, \"schema\": \"metric\", \"type\": \"count\", \"enabled\": true, \"id\": \"1\"}, {\"params\": {\"field\": \"destination.geo.location\", \"useGeocentroid\": true, \"precision\": 2, \"customLabel\": \"Destination Location\", \"autoPrecision\": true}, \"schema\": \"segment\", \"type\": \"geohash_grid\", \"enabled\": true, \"id\": \"2\"}], \"title\": \"Top Destination Locations by Events [Filebeat CEF]\"}"
            },
            "id": "8b31af8b-522e-41fe-b9d6-9a3451b54108",
            "migrationVersion": {
                "visualization": "7.3.1"
            },
            "references": [
                {
                    "id": "68202a5c-c8f2-432f-8c08-04fbfacb95c8",
                    "name": "search_0",
                    "type": "search"
                }
            ],
            "type": "visualization",
            "updated_at": "2019-10-25T16:30:05.361Z",
            "version": "WzEzMjMsMV0="
        },
        {
            "attributes": {
                "description": "",
                "kibanaSavedObjectMeta": {
                    "searchSourceJSON": "{\"filter\": []}"
                },
                "savedSearchRefName": "search_0",
                "title": "Top Source Locations by Events [Filebeat CEF]",
                "uiStateJSON": "{}",
                "version": 1,
                "visState": "{\"listeners\": {}, \"params\": {\"mapZoom\": 2, \"heatMaxZoom\": 0, \"isDesaturated\": true, \"addTooltip\": true, \"legendPosition\": \"bottomright\", \"heatRadius\": 25, \"mapType\": \"Shaded Circle Markers\", \"heatBlur\": 15, \"heatMinOpacity\": 0.1, \"heatNormalizeData\": true, \"wms\": {\"options\": {\"transparent\": true, \"layers\": \"0\", \"version\": \"1.3.0\", \"format\": \"image/png\", \"styles\": \"\", \"attribution\": \"Maps provided by USGS\"}, \"enabled\": false, \"url\": \"https://basemap.nationalmap.gov/arcgis/services/USGSTopo/MapServer/WMSServer\"}, \"mapCenter\": [0, 0]}, \"type\": \"tile_map\", \"aggs\": [{\"params\": {\"customLabel\": \"Event Count\"}, \"schema\": \"metric\", \"type\": \"count\", \"enabled\": true, \"id\": \"1\"}, {\"params\": {\"field\": \"source.geo.location\", \"useGeocentroid\": true, \"precision\": 2, \"customLabel\": \"Source Location\", \"autoPrecision\": true}, \"schema\": \"segment\", \"type\": \"geohash_grid\", \"enabled\": true, \"id\": \"2\"}], \"title\": \"Top Source Locations by Events [Filebeat CEF]\"}"
            },
            "id": "4fccee0c-7193-4aa8-919f-0b0b0a16d013",
            "migrationVersion": {
                "visualization": "7.3.1"
            },
            "references": [
                {
                    "id": "68202a5c-c8f2-432f-8c08-04fbfacb95c8",
                    "name": "search_0",
                    "type": "search"
                }
            ],
            "type": "visualization",
            "updated_at": "2019-10-25T16:30:05.361Z",
            "version": "WzEzMjQsMV0="
        },
        {
            "attributes": {
                "columns": [
                    "priority",
                    "message",
                    "source.ip",
                    "source.port",
                    "destination.ip",
                    "destination.port",
                    "network.application",
                    "message",
                    "cef.extensions.categoryBehavior",
                    "cef.extensions.categoryOutcome",
                    "deviceAddress",
                    "cef.device.product",
                    "cef.device.vendor",
                    "cef.extensions.categoryDeviceGroup",
                    "cef.extensions.categoryDeviceType"
                ],
                "description": "",
                "hits": 0,
                "kibanaSavedObjectMeta": {
                    "searchSourceJSON": "{\"version\": true, \"query\": {\"query_string\": {\"query\": \"cef.extensions.categoryDeviceGroup:\\\"/Firewall\\\" OR cef.extensions.categoryDeviceGroup:\\\"/IDS/Network\\\" OR cef.extensions.categoryDeviceGroup:\\\"/VPN\\\"\", \"analyze_wildcard\": true}}, \"highlightAll\": true, \"indexRefName\": \"kibanaSavedObjectMeta.searchSourceJSON.index\", \"filter\": []}"
                },
                "sort": [
                    [
                        "@timestamp",
                        "desc"
                    ]
                ],
                "title": "Network Events [Filebeat CEF]",
                "version": 1
            },
            "id": "68202a5c-c8f2-432f-8c08-04fbfacb95c8",
            "migrationVersion": {
                "search": "7.4.0"
            },
            "references": [
                {
                    "id": "filebeat-*",
                    "name": "kibanaSavedObjectMeta.searchSourceJSON.index",
                    "type": "index-pattern"
                }
            ],
            "type": "search",
            "updated_at": "2019-10-25T16:30:05.361Z",
            "version": "WzEzMjUsMV0="
        }
    ],
    "version": "7.4.1"
}