{
    "objects": [
        {
            "attributes": {
                "description": "",
                "kibanaSavedObjectMeta": {
                    "searchSourceJSON": "{\"index\": \"filebeat-*\", \"query\": {\"query\": \"\", \"language\": \"kuery\"}, \"filter\": []}"
                },
                "title": "Message Types Timeline [Filebeat NATS] ECS",
                "uiStateJSON": "{}",
                "version": 1,
                "visState": "{\"params\": {\"addLegend\": true, \"seriesParams\": [{\"valueAxis\": \"ValueAxis-1\", \"mode\": \"normal\", \"showCircles\": true, \"interpolate\": \"cardinal\", \"data\": {\"label\": \"Count\", \"id\": \"1\"}, \"type\": \"line\", \"drawLinesBetweenPoints\": true, \"show\": \"true\"}], \"grid\": {\"categoryLines\": false, \"style\": {\"color\": \"#eee\"}}, \"categoryAxes\": [{\"title\": {}, \"position\": \"bottom\", \"scale\": {\"type\": \"linear\"}, \"labels\": {\"truncate\": 100, \"show\": true}, \"type\": \"category\", \"id\": \"CategoryAxis-1\", \"style\": {}, \"show\": true}], \"addTooltip\": true, \"legendPosition\": \"right\", \"type\": \"line\", \"times\": [], \"valueAxes\": [{\"title\": {\"text\": \"Count\"}, \"position\": \"left\", \"name\": \"LeftAxis-1\", \"scale\": {\"type\": \"linear\", \"mode\": \"normal\"}, \"labels\": {\"show\": true, \"truncate\": 100, \"rotate\": 0, \"filter\": false}, \"type\": \"value\", \"id\": \"ValueAxis-1\", \"style\": {}, \"show\": true}], \"addTimeMarker\": false}, \"title\": \"Message Types Timeline [Filebeat NATS] ECS\", \"type\": \"line\", \"aggs\": [{\"params\": {\"customLabel\": \"\"}, \"schema\": \"metric\", \"type\": \"count\", \"enabled\": true, \"id\": \"1\"}, {\"schema\": \"segment\", \"type\": \"date_histogram\", \"enabled\": true, \"id\": \"2\"}, {\"params\": {\"field\": \"nats.log.msg.type\", \"size\": 15}, \"schema\": \"group\", \"type\": \"significant_terms\", \"enabled\": true, \"id\": \"3\"}]}"
            },
            "id": "6987a800-41a8-11e9-a4da-b1df688edbcd-ecs",
            "type": "visualization",
            "updated_at": "2019-03-08T21:47:49.627Z",
            "version": 3
        },
        {
            "attributes": {
                "description": "",
                "kibanaSavedObjectMeta": {
                    "searchSourceJSON": "{\"index\": \"filebeat-*\", \"query\": {\"query\": \"service.type: nats\", \"language\": \"kuery\"}, \"filter\": []}"
                },
                "title": "Communication Directions [Filebeat NATS] ECS",
                "uiStateJSON": "{}",
                "version": 1,
                "visState": "{\"params\": {\"addLegend\": true, \"seriesParams\": [{\"valueAxis\": \"ValueAxis-1\", \"mode\": \"normal\", \"showCircles\": true, \"data\": {\"label\": \"Count\", \"id\": \"1\"}, \"type\": \"line\", \"drawLinesBetweenPoints\": true, \"show\": \"true\"}], \"grid\": {\"categoryLines\": false, \"style\": {\"color\": \"#eee\"}}, \"categoryAxes\": [{\"title\": {}, \"position\": \"bottom\", \"scale\": {\"type\": \"linear\"}, \"labels\": {\"truncate\": 100, \"show\": true}, \"type\": \"category\", \"id\": \"CategoryAxis-1\", \"style\": {}, \"show\": true}], \"addTooltip\": true, \"legendPosition\": \"right\", \"type\": \"line\", \"times\": [], \"valueAxes\": [{\"title\": {\"text\": \"Count\"}, \"position\": \"left\", \"name\": \"LeftAxis-1\", \"scale\": {\"type\": \"linear\", \"mode\": \"normal\"}, \"labels\": {\"show\": true, \"truncate\": 100, \"rotate\": 0, \"filter\": false}, \"type\": \"value\", \"id\": \"ValueAxis-1\", \"style\": {}, \"show\": true}], \"addTimeMarker\": false}, \"title\": \"Communication Directions [Filebeat NATS] ECS\", \"type\": \"line\", \"aggs\": [{\"params\": {}, \"schema\": \"metric\", \"type\": \"count\", \"enabled\": true, \"id\": \"1\"}, {\"schema\": \"segment\", \"type\": \"date_histogram\", \"enabled\": true, \"id\": \"2\"}, {\"params\": {\"field\": \"network.direction\", \"size\": 2}, \"schema\": \"group\", \"type\": \"significant_terms\", \"enabled\": true, \"id\": \"3\"}]}"
            },
            "id": "0b2061d0-41ad-11e9-a4da-b1df688edbcd-ecs",
            "type": "visualization",
            "updated_at": "2019-03-08T21:54:53.381Z",
            "version": 3
        },
        {
            "attributes": {
                "description": "",
                "kibanaSavedObjectMeta": {
                    "searchSourceJSON": "{\"index\": \"filebeat-*\", \"query\": {\"query\": \"\", \"language\": \"kuery\"}, \"filter\": []}"
                },
                "title": "Topics Timeline [Filebeat NATS] ECS",
                "uiStateJSON": "{}",
                "version": 1,
                "visState": "{\"params\": {\"addLegend\": true, \"seriesParams\": [{\"valueAxis\": \"ValueAxis-1\", \"mode\": \"normal\", \"showCircles\": true, \"data\": {\"label\": \"Count\", \"id\": \"1\"}, \"type\": \"line\", \"drawLinesBetweenPoints\": true, \"show\": \"true\"}], \"grid\": {\"categoryLines\": false, \"style\": {\"color\": \"#eee\"}}, \"categoryAxes\": [{\"title\": {}, \"position\": \"bottom\", \"scale\": {\"type\": \"linear\"}, \"labels\": {\"truncate\": 100, \"show\": true}, \"type\": \"category\", \"id\": \"CategoryAxis-1\", \"style\": {}, \"show\": true}], \"addTooltip\": true, \"legendPosition\": \"right\", \"type\": \"line\", \"times\": [], \"valueAxes\": [{\"title\": {\"text\": \"Count\"}, \"position\": \"left\", \"name\": \"LeftAxis-1\", \"scale\": {\"type\": \"linear\", \"mode\": \"normal\"}, \"labels\": {\"show\": true, \"truncate\": 100, \"rotate\": 0, \"filter\": false}, \"type\": \"value\", \"id\": \"ValueAxis-1\", \"style\": {}, \"show\": true}], \"addTimeMarker\": false}, \"title\": \"Topics Timeline [Filebeat NATS] ECS\", \"type\": \"line\", \"aggs\": [{\"params\": {}, \"schema\": \"metric\", \"type\": \"count\", \"enabled\": true, \"id\": \"1\"}, {\"schema\": \"segment\", \"type\": \"date_histogram\", \"enabled\": true, \"id\": \"2\"}, {\"params\": {\"field\": \"nats.log.msg.subject\", \"size\": 5}, \"schema\": \"group\", \"type\": \"significant_terms\", \"enabled\": true, \"id\": \"3\"}]}"
            },
            "id": "4a6d9ec0-41a8-11e9-a4da-b1df688edbcd-ecs",
            "type": "visualization",
            "updated_at": "2019-03-08T21:49:49.112Z",
            "version": 3
        },
        {
            "attributes": {
                "description": "",
                "kibanaSavedObjectMeta": {
                    "searchSourceJSON": "{\"index\": \"filebeat-*\", \"query\": {\"query\": \"\", \"language\": \"kuery\"}, \"filter\": []}"
                },
                "title": " Bytes Timeline [Filebeat NATS] ECS",
                "uiStateJSON": "{}",
                "version": 1,
                "visState": "{\"params\": {\"addLegend\": true, \"seriesParams\": [{\"valueAxis\": \"ValueAxis-1\", \"mode\": \"normal\", \"showCircles\": true, \"data\": {\"label\": \"Sum of Message Bytes\", \"id\": \"1\"}, \"type\": \"line\", \"drawLinesBetweenPoints\": true, \"show\": \"true\"}], \"grid\": {\"categoryLines\": false, \"style\": {\"color\": \"#eee\"}}, \"categoryAxes\": [{\"title\": {}, \"position\": \"bottom\", \"scale\": {\"type\": \"linear\"}, \"labels\": {\"truncate\": 100, \"show\": true}, \"type\": \"category\", \"id\": \"CategoryAxis-1\", \"style\": {}, \"show\": true}], \"addTooltip\": true, \"legendPosition\": \"right\", \"type\": \"line\", \"times\": [], \"valueAxes\": [{\"title\": {\"text\": \"Sum of Message Bytes\"}, \"position\": \"left\", \"name\": \"LeftAxis-1\", \"scale\": {\"type\": \"linear\", \"mode\": \"normal\"}, \"labels\": {\"show\": true, \"truncate\": 100, \"rotate\": 0, \"filter\": false}, \"type\": \"value\", \"id\": \"ValueAxis-1\", \"style\": {}, \"show\": true}], \"addTimeMarker\": false}, \"title\": \" Bytes Timeline [Filebeat NATS] ECS\", \"type\": \"line\", \"aggs\": [{\"params\": {\"field\": \"nats.log.msg.bytes\", \"customLabel\": \"Sum of Message Bytes\"}, \"schema\": \"metric\", \"type\": \"sum\", \"enabled\": true, \"id\": \"1\"}, {\"schema\": \"segment\", \"type\": \"date_histogram\", \"enabled\": true, \"id\": \"2\"}]}"
            },
            "id": "c3d1ab80-41a8-11e9-a4da-b1df688edbcd-ecs",
            "type": "visualization",
            "updated_at": "2019-03-08T21:38:11.578Z",
            "version": 3
        },
        {
            "attributes": {
                "description": "",
                "kibanaSavedObjectMeta": {
                    "searchSourceJSON": "{\"index\": \"filebeat-*\", \"query\": {\"query\": \"service.type: nats\", \"language\": \"kuery\"}, \"filter\": []}"
                },
                "title": "Communication Directions Distribution [Filebeat NATS] ECS",
                "uiStateJSON": "{}",
                "version": 1,
                "visState": "{\"params\": {\"addLegend\": true, \"addTooltip\": true, \"legendPosition\": \"right\", \"isDonut\": true, \"type\": \"pie\", \"labels\": {\"truncate\": 100, \"values\": true, \"last_level\": true, \"show\": true}}, \"title\": \"Communication Directions Distribution [Filebeat NATS] ECS\", \"type\": \"pie\", \"aggs\": [{\"params\": {}, \"schema\": \"metric\", \"type\": \"count\", \"enabled\": true, \"id\": \"1\"}, {\"params\": {\"field\": \"network.direction\", \"size\": 2}, \"schema\": \"segment\", \"type\": \"significant_terms\", \"enabled\": true, \"id\": \"2\"}]}"
            },
            "id": "7716c780-41ad-11e9-a4da-b1df688edbcd-ecs",
            "type": "visualization",
            "updated_at": "2019-03-08T21:39:03.899Z",
            "version": 5
        },
        {
            "attributes": {
                "description": "",
                "kibanaSavedObjectMeta": {
                    "searchSourceJSON": "{\"index\": \"filebeat-*\", \"query\": {\"query\": \"service.type: nats\", \"language\": \"kuery\"}, \"filter\": []}"
                },
                "title": "Log Level Distribution [Filebeat NATS] ECS",
                "uiStateJSON": "{}",
                "version": 1,
                "visState": "{\"params\": {\"addLegend\": true, \"addTooltip\": true, \"legendPosition\": \"right\", \"isDonut\": true, \"type\": \"pie\", \"labels\": {\"truncate\": 100, \"values\": true, \"last_level\": true, \"show\": true}}, \"title\": \"Log Level Distribution [Filebeat NATS] ECS\", \"type\": \"pie\", \"aggs\": [{\"params\": {}, \"schema\": \"metric\", \"type\": \"count\", \"enabled\": true, \"id\": \"1\"}, {\"params\": {\"field\": \"log.level\", \"size\": 10}, \"schema\": \"segment\", \"type\": \"significant_terms\", \"enabled\": true, \"id\": \"2\"}]}"
            },
            "id": "3f6cca40-41ae-11e9-a4da-b1df688edbcd-ecs",
            "type": "visualization",
            "updated_at": "2019-03-08T21:44:31.263Z",
            "version": 3
        },
        {
            "attributes": {
                "description": "",
                "kibanaSavedObjectMeta": {
                    "searchSourceJSON": "{\"index\": \"filebeat-*\", \"query\": {\"query\": \"\", \"language\": \"kuery\"}, \"filter\": []}"
                },
                "title": "Message Type Distribution [Filebeat NATS] ECS",
                "uiStateJSON": "{}",
                "version": 1,
                "visState": "{\"params\": {\"addLegend\": true, \"addTooltip\": true, \"legendPosition\": \"right\", \"isDonut\": true, \"type\": \"pie\", \"labels\": {\"truncate\": 100, \"values\": true, \"last_level\": true, \"show\": true}}, \"title\": \"Message Type Distribution [Filebeat NATS] ECS\", \"type\": \"pie\", \"aggs\": [{\"params\": {}, \"schema\": \"metric\", \"type\": \"count\", \"enabled\": true, \"id\": \"1\"}, {\"params\": {\"field\": \"nats.log.msg.type\", \"size\": 15}, \"schema\": \"segment\", \"type\": \"significant_terms\", \"enabled\": true, \"id\": \"2\"}]}"
            },
            "id": "7ed62870-41ae-11e9-a4da-b1df688edbcd-ecs",
            "type": "visualization",
            "updated_at": "2019-03-08T21:48:10.554Z",
            "version": 3
        },
        {
            "attributes": {
                "description": "",
                "kibanaSavedObjectMeta": {
                    "searchSourceJSON": "{\"index\": \"filebeat-*\", \"query\": {\"query\": \"service.type: nats\", \"language\": \"kuery\"}, \"filter\": []}"
                },
                "title": "Log Level Timeline [Filebeat NATS] ECS",
                "uiStateJSON": "{}",
                "version": 1,
                "visState": "{\"params\": {\"addLegend\": true, \"seriesParams\": [{\"valueAxis\": \"ValueAxis-1\", \"mode\": \"stacked\", \"showCircles\": true, \"interpolate\": \"linear\", \"data\": {\"label\": \"Count\", \"id\": \"1\"}, \"type\": \"area\", \"drawLinesBetweenPoints\": true, \"show\": \"true\"}], \"grid\": {\"categoryLines\": false, \"style\": {\"color\": \"#eee\"}}, \"categoryAxes\": [{\"title\": {}, \"position\": \"bottom\", \"scale\": {\"type\": \"linear\"}, \"labels\": {\"truncate\": 100, \"show\": true}, \"type\": \"category\", \"id\": \"CategoryAxis-1\", \"style\": {}, \"show\": true}], \"addTooltip\": true, \"legendPosition\": \"right\", \"type\": \"area\", \"times\": [], \"valueAxes\": [{\"title\": {\"text\": \"Count\"}, \"position\": \"left\", \"name\": \"LeftAxis-1\", \"scale\": {\"type\": \"linear\", \"mode\": \"normal\"}, \"labels\": {\"show\": true, \"truncate\": 100, \"rotate\": 0, \"filter\": false}, \"type\": \"value\", \"id\": \"ValueAxis-1\", \"style\": {}, \"show\": true}], \"addTimeMarker\": false}, \"title\": \"Log Level Timeline [Filebeat NATS] ECS\", \"type\": \"area\", \"aggs\": [{\"params\": {}, \"schema\": \"metric\", \"type\": \"count\", \"enabled\": true, \"id\": \"1\"}, {\"schema\": \"segment\", \"type\": \"date_histogram\", \"enabled\": true, \"id\": \"2\"}, {\"params\": {\"field\": \"log.level\", \"size\": 10}, \"schema\": \"group\", \"type\": \"significant_terms\", \"enabled\": true, \"id\": \"3\"}]}"
            },
            "id": "04083600-41af-11e9-a4da-b1df688edbcd-ecs",
            "type": "visualization",
            "updated_at": "2019-03-08T21:48:44.582Z",
            "version": 2
        },
        {
            "attributes": {
                "description": "",
                "kibanaSavedObjectMeta": {
                    "searchSourceJSON": "{\"index\": \"filebeat-*\", \"query\": {\"query\": \"service.type: nats\", \"language\": \"kuery\"}, \"filter\": []}"
                },
                "title": "Client IP Count Timeline [Filebeat NATS] ECS",
                "uiStateJSON": "{}",
                "version": 1,
                "visState": "{\"params\": {\"addLegend\": true, \"seriesParams\": [{\"valueAxis\": \"ValueAxis-1\", \"mode\": \"normal\", \"showCircles\": true, \"data\": {\"label\": \"Count\", \"id\": \"1\"}, \"type\": \"line\", \"drawLinesBetweenPoints\": true, \"show\": \"true\"}], \"grid\": {\"categoryLines\": false, \"style\": {\"color\": \"#eee\"}}, \"categoryAxes\": [{\"title\": {}, \"position\": \"bottom\", \"scale\": {\"type\": \"linear\"}, \"labels\": {\"truncate\": 100, \"show\": true}, \"type\": \"category\", \"id\": \"CategoryAxis-1\", \"style\": {}, \"show\": true}], \"addTooltip\": true, \"legendPosition\": \"right\", \"type\": \"line\", \"times\": [], \"valueAxes\": [{\"title\": {\"text\": \"Count\"}, \"position\": \"left\", \"name\": \"LeftAxis-1\", \"scale\": {\"type\": \"linear\", \"mode\": \"normal\"}, \"labels\": {\"show\": true, \"truncate\": 100, \"rotate\": 0, \"filter\": false}, \"type\": \"value\", \"id\": \"ValueAxis-1\", \"style\": {}, \"show\": true}], \"addTimeMarker\": false}, \"title\": \"Client IP Count Timeline [Filebeat NATS] ECS\", \"type\": \"line\", \"aggs\": [{\"params\": {}, \"schema\": \"metric\", \"type\": \"count\", \"enabled\": true, \"id\": \"1\"}, {\"schema\": \"segment\", \"type\": \"date_histogram\", \"enabled\": true, \"id\": \"2\"}, {\"params\": {\"field\": \"client.ip\", \"ipRangeType\": \"fromTo\", \"ranges\": {\"fromTo\": [{\"to\": \"127.255.255.255\", \"from\": \"0.0.0.0\"}, {\"to\": \"191.255.255.255\", \"from\": \"128.0.0.0\"}], \"mask\": [{\"mask\": \"0.0.0.0/1\"}, {\"mask\": \"128.0.0.0/2\"}]}}, \"schema\": \"group\", \"type\": \"ip_range\", \"enabled\": true, \"id\": \"3\"}]}"
            },
            "id": "c669ae20-41ed-11e9-ac5c-71ffa38a62e3-ecs",
            "type": "visualization",
            "updated_at": "2019-03-08T22:01:50.337Z",
            "version": 1
        },
        {
            "attributes": {
                "description": "Overview of NATS server statistics",
                "hits": 0,
                "kibanaSavedObjectMeta": {
                    "searchSourceJSON": "{\"query\": {\"query\": \"\", \"language\": \"kuery\"}, \"filter\": []}"
                },
                "optionsJSON": "{\"useMargins\": true, \"hidePanelTitles\": false, \"darkTheme\": false}",
                "panelsJSON": "[{\"panelIndex\": \"1\", \"embeddableConfig\": {}, \"version\": \"6.6.0\", \"type\": \"visualization\", \"id\": \"6987a800-41a8-11e9-a4da-b1df688edbcd-ecs\", \"gridData\": {\"y\": 0, \"i\": \"1\", \"h\": 11, \"w\": 17, \"x\": 0}}, {\"panelIndex\": \"2\", \"embeddableConfig\": {}, \"version\": \"6.6.0\", \"type\": \"visualization\", \"id\": \"0b2061d0-41ad-11e9-a4da-b1df688edbcd-ecs\", \"gridData\": {\"y\": 0, \"i\": \"2\", \"h\": 11, \"w\": 17, \"x\": 31}}, {\"panelIndex\": \"3\", \"embeddableConfig\": {}, \"version\": \"6.6.0\", \"type\": \"visualization\", \"id\": \"4a6d9ec0-41a8-11e9-a4da-b1df688edbcd-ecs\", \"gridData\": {\"y\": 20, \"i\": \"3\", \"h\": 12, \"w\": 25, \"x\": 0}}, {\"panelIndex\": \"4\", \"embeddableConfig\": {\"vis\": {\"legendOpen\": false}}, \"version\": \"6.6.0\", \"type\": \"visualization\", \"id\": \"c3d1ab80-41a8-11e9-a4da-b1df688edbcd-ecs\", \"gridData\": {\"y\": 11, \"i\": \"4\", \"h\": 9, \"w\": 12, \"x\": 11}}, {\"panelIndex\": \"5\", \"embeddableConfig\": {\"vis\": {\"legendOpen\": false}}, \"version\": \"6.6.0\", \"type\": \"visualization\", \"id\": \"7716c780-41ad-11e9-a4da-b1df688edbcd-ecs\", \"gridData\": {\"y\": 11, \"i\": \"5\", \"h\": 9, \"w\": 11, \"x\": 0}}, {\"panelIndex\": \"6\", \"embeddableConfig\": {\"vis\": {\"legendOpen\": false}}, \"version\": \"6.6.0\", \"type\": \"visualization\", \"id\": \"3f6cca40-41ae-11e9-a4da-b1df688edbcd-ecs\", \"gridData\": {\"y\": 11, \"i\": \"6\", \"h\": 9, \"w\": 11, \"x\": 37}}, {\"panelIndex\": \"7\", \"embeddableConfig\": {\"vis\": {\"legendOpen\": false}}, \"version\": \"6.6.0\", \"type\": \"visualization\", \"id\": \"7ed62870-41ae-11e9-a4da-b1df688edbcd-ecs\", \"gridData\": {\"y\": 0, \"i\": \"7\", \"h\": 11, \"w\": 14, \"x\": 17}}, {\"panelIndex\": \"8\", \"embeddableConfig\": {}, \"version\": \"6.6.0\", \"type\": \"visualization\", \"id\": \"04083600-41af-11e9-a4da-b1df688edbcd-ecs\", \"gridData\": {\"y\": 11, \"i\": \"8\", \"h\": 9, \"w\": 14, \"x\": 23}}, {\"panelIndex\": \"9\", \"embeddableConfig\": {}, \"version\": \"6.6.0\", \"type\": \"visualization\", \"id\": \"c669ae20-41ed-11e9-ac5c-71ffa38a62e3-ecs\", \"gridData\": {\"y\": 20, \"i\": \"9\", \"h\": 12, \"w\": 22, \"x\": 25}}]",
                "timeRestore": false,
                "title": "[Filebeat NATS] Overview ECS",
                "version": 1
            },
            "id": "Filebeat-nats-overview-ecs",
            "type": "dashboard",
            "updated_at": "2019-03-08T22:02:50.580Z",
            "version": 5
        }
    ],
    "version": "6.6.0"
}