{
    "objects": [
        {
            "attributes": {
                "description": "Netflow Top N flows",
                "hits": 0,
                "kibanaSavedObjectMeta": {
                    "searchSourceJSON": "{\"version\": true, \"highlightAll\": true, \"filter\": [{\"query\": {\"match\": {\"input.type\": {\"query\": \"netflow\", \"type\": \"phrase\"}}}, \"meta\": {\"negate\": false, \"key\": \"input.type\", \"disabled\": false, \"params\": {\"query\": \"netflow\"}, \"alias\": null, \"type\": \"phrase\", \"indexRefName\": \"kibanaSavedObjectMeta.searchSourceJSON.filter[0].meta.index\", \"value\": \"netflow\"}, \"$state\": {\"store\": \"globalState\"}}]}"
                },
                "optionsJSON": "{\"darkTheme\": false}",
                "panelsJSON": "[{\"size_y\": 1, \"panelIndex\": 1, \"row\": 1, \"panelRefName\": \"panel_0\", \"col\": 1, \"size_x\": 12}, {\"size_y\": 5, \"panelIndex\": 2, \"row\": 2, \"panelRefName\": \"panel_1\", \"col\": 1, \"size_x\": 6}, {\"size_y\": 5, \"panelIndex\": 3, \"row\": 2, \"panelRefName\": \"panel_2\", \"col\": 7, \"size_x\": 6}, {\"size_y\": 5, \"panelIndex\": 4, \"row\": 7, \"panelRefName\": \"panel_3\", \"col\": 1, \"size_x\": 6}, {\"size_y\": 5, \"panelIndex\": 5, \"row\": 7, \"panelRefName\": \"panel_4\", \"col\": 7, \"size_x\": 6}, {\"size_y\": 5, \"panelIndex\": 6, \"row\": 12, \"panelRefName\": \"panel_5\", \"col\": 1, \"size_x\": 6}, {\"size_y\": 5, \"panelIndex\": 7, \"row\": 12, \"panelRefName\": \"panel_6\", \"col\": 7, \"size_x\": 6}, {\"size_y\": 5, \"panelIndex\": 8, \"row\": 17, \"panelRefName\": \"panel_7\", \"col\": 1, \"size_x\": 6}, {\"size_y\": 5, \"panelIndex\": 9, \"row\": 17, \"panelRefName\": \"panel_8\", \"col\": 7, \"size_x\": 6}]",
                "timeRestore": false,
                "title": "[Filebeat Netflow] Top-N",
                "uiStateJSON": "{\"P-9\": {\"vis\": {\"params\": {\"sort\": {\"direction\": null, \"columnIndex\": null}}}}, \"P-8\": {\"vis\": {\"params\": {\"sort\": {\"direction\": \"desc\", \"columnIndex\": 2}}}}, \"P-2\": {\"vis\": {\"params\": {\"sort\": {\"direction\": null, \"columnIndex\": null}}}}, \"P-4\": {\"vis\": {\"params\": {\"sort\": {\"direction\": null, \"columnIndex\": null}}}}, \"P-3\": {\"vis\": {\"params\": {\"sort\": {\"direction\": null, \"columnIndex\": null}}}}, \"P-7\": {\"vis\": {\"params\": {\"sort\": {\"direction\": null, \"columnIndex\": null}}}}, \"P-5\": {\"vis\": {\"params\": {\"sort\": {\"direction\": null, \"columnIndex\": null}}}}, \"P-6\": {\"vis\": {\"params\": {\"sort\": {\"direction\": null, \"columnIndex\": null}}}}}",
                "version": 1
            },
            "id": "14387a13-53bc-43a4-b9cd-63977aa8d87c",
            "migrationVersion": {
                "dashboard": "7.0.0"
            },
            "references": [
                {
                    "id": "filebeat-*",
                    "name": "kibanaSavedObjectMeta.searchSourceJSON.filter[0].meta.index",
                    "type": "index-pattern"
                },
                {
                    "id": "d4e6520a-9ced-47c9-a8f2-7246e8cbd2d3",
                    "name": "panel_0",
                    "type": "visualization"
                },
                {
                    "id": "15295ea6-ba84-47db-8ced-9312abbf495c",
                    "name": "panel_1",
                    "type": "visualization"
                },
                {
                    "id": "5303e99b-389c-47b7-ae7a-945c5a92ba49",
                    "name": "panel_2",
                    "type": "visualization"
                },
                {
                    "id": "e9ad835b-b2f2-42d3-a3e7-555a593deacf",
                    "name": "panel_3",
                    "type": "visualization"
                },
                {
                    "id": "31b5f6fd-eb9d-4e97-90fd-367062ef217f",
                    "name": "panel_4",
                    "type": "visualization"
                },
                {
                    "id": "2b3d4e86-2254-4033-8fe3-ce4753fafd03",
                    "name": "panel_5",
                    "type": "visualization"
                },
                {
                    "id": "036aef95-ec90-468d-ad7c-3cc4405e9e81",
                    "name": "panel_6",
                    "type": "visualization"
                },
                {
                    "id": "5292a65b-c532-422a-9008-1251a8073a3a",
                    "name": "panel_7",
                    "type": "visualization"
                },
                {
                    "id": "cccff92f-cb71-49a9-9caf-84867751d31e",
                    "name": "panel_8",
                    "type": "visualization"
                }
            ],
            "type": "dashboard",
            "updated_at": "2019-07-11T04:44:37.748Z",
            "version": "WzM0NTIsMV0="
        },
        {
            "attributes": {
                "description": "",
                "kibanaSavedObjectMeta": {
                    "searchSourceJSON": "{\"query\": {\"query_string\": {\"query\": \"*\", \"analyze_wildcard\": true}}, \"filter\": []}"
                },
                "title": "Dashboard Navigation [Filebeat Netflow]",
                "uiStateJSON": "{}",
                "version": 1,
                "visState": "{\"listeners\": {}, \"params\": {\"markdown\": \"[Overview](#/dashboard/34e26884-161a-4448-9556-43b5bf2f62a2) | [Conversation Partners](#/dashboard/acd7a630-0c71-4840-bc9e-4a3801374a32) | [Traffic Analysis](#/dashboard/38012abe-c611-4124-8497-381fcd85acc8) | [Top-N](#/dashboard/14387a13-53bc-43a4-b9cd-63977aa8d87c) | [Geo Location](#/dashboard/77326664-23be-4bf1-a126-6d7e60cfc024) | [Autonomous Systems](#/dashboard/c64665f9-d222-421e-90b0-c7310d944b8a) | [Flow Exporters](#/dashboard/feebb4e6-b13e-4e4e-b9fc-d3a178276425) | [Raw Flow Records](#/dashboard/94972700-de4a-4272-9143-2fa8d4981365)\\n***\"}, \"type\": \"markdown\", \"aggs\": [], \"title\": \"Dashboard Navigation [Filebeat Netflow]\"}"
            },
            "id": "d4e6520a-9ced-47c9-a8f2-7246e8cbd2d3",
            "migrationVersion": {
                "visualization": "7.2.0"
            },
            "references": [],
            "type": "visualization",
            "updated_at": "2019-07-11T04:44:38.685Z",
            "version": "WzM0NjQsMV0="
        },
        {
            "attributes": {
                "description": "",
                "kibanaSavedObjectMeta": {
                    "searchSourceJSON": "{\"query\": {\"query_string\": {\"query\": \"*\", \"analyze_wildcard\": true}}, \"indexRefName\": \"kibanaSavedObjectMeta.searchSourceJSON.index\", \"filter\": []}"
                },
                "title": "Top Sources [Filebeat Netflow]",
                "uiStateJSON": "{\"vis\": {\"params\": {\"sort\": {\"direction\": null, \"columnIndex\": null}}}}",
                "version": 1,
                "visState": "{\"listeners\": {}, \"params\": {\"showPartialRows\": false, \"totalFunc\": \"sum\", \"sort\": {\"direction\": null, \"columnIndex\": null}, \"showMeticsAtAllLevels\": false, \"perPage\": 10, \"showTotal\": true}, \"type\": \"table\", \"aggs\": [{\"params\": {\"field\": \"network.bytes\", \"customLabel\": \"Bytes\"}, \"schema\": \"metric\", \"type\": \"sum\", \"enabled\": true, \"id\": \"2\"}, {\"params\": {\"field\": \"network.packets\", \"customLabel\": \"Packets\"}, \"schema\": \"metric\", \"type\": \"sum\", \"enabled\": true, \"id\": \"3\"}, {\"params\": {\"customLabel\": \"Flow Records\"}, \"schema\": \"metric\", \"type\": \"count\", \"enabled\": true, \"id\": \"1\"}, {\"params\": {\"field\": \"source.ip\", \"orderBy\": \"2\", \"order\": \"desc\", \"customLabel\": \"Source\", \"size\": 500}, \"schema\": \"bucket\", \"type\": \"terms\", \"enabled\": true, \"id\": \"4\"}], \"title\": \"Top Sources [Filebeat Netflow]\"}"
            },
            "id": "15295ea6-ba84-47db-8ced-9312abbf495c",
            "migrationVersion": {
                "visualization": "7.2.0"
            },
            "references": [
                {
                    "id": "filebeat-*",
                    "name": "kibanaSavedObjectMeta.searchSourceJSON.index",
                    "type": "index-pattern"
                }
            ],
            "type": "visualization",
            "updated_at": "2019-07-11T04:44:37.748Z",
            "version": "WzM0NTQsMV0="
        },
        {
            "attributes": {
                "description": "",
                "kibanaSavedObjectMeta": {
                    "searchSourceJSON": "{\"query\": {\"query_string\": {\"query\": \"*\", \"analyze_wildcard\": true}}, \"indexRefName\": \"kibanaSavedObjectMeta.searchSourceJSON.index\", \"filter\": []}"
                },
                "title": "Top Destinations [Filebeat Netflow]",
                "uiStateJSON": "{\"vis\": {\"params\": {\"sort\": {\"direction\": null, \"columnIndex\": null}}}}",
                "version": 1,
                "visState": "{\"listeners\": {}, \"params\": {\"showPartialRows\": false, \"totalFunc\": \"sum\", \"sort\": {\"direction\": null, \"columnIndex\": null}, \"showMeticsAtAllLevels\": false, \"perPage\": 10, \"showTotal\": true}, \"type\": \"table\", \"aggs\": [{\"params\": {\"field\": \"network.bytes\", \"customLabel\": \"Bytes\"}, \"schema\": \"metric\", \"type\": \"sum\", \"enabled\": true, \"id\": \"2\"}, {\"params\": {\"field\": \"network.packets\", \"customLabel\": \"Packets\"}, \"schema\": \"metric\", \"type\": \"sum\", \"enabled\": true, \"id\": \"3\"}, {\"params\": {\"customLabel\": \"Flow Records\"}, \"schema\": \"metric\", \"type\": \"count\", \"enabled\": true, \"id\": \"1\"}, {\"params\": {\"field\": \"destination.ip\", \"orderBy\": \"2\", \"order\": \"desc\", \"customLabel\": \"Destination\", \"size\": 500}, \"schema\": \"bucket\", \"type\": \"terms\", \"enabled\": true, \"id\": \"4\"}], \"title\": \"Top Destinations [Filebeat Netflow]\"}"
            },
            "id": "5303e99b-389c-47b7-ae7a-945c5a92ba49",
            "migrationVersion": {
                "visualization": "7.2.0"
            },
            "references": [
                {
                    "id": "filebeat-*",
                    "name": "kibanaSavedObjectMeta.searchSourceJSON.index",
                    "type": "index-pattern"
                }
            ],
            "type": "visualization",
            "updated_at": "2019-07-11T04:44:37.748Z",
            "version": "WzM0NTUsMV0="
        },
        {
            "attributes": {
                "description": "",
                "kibanaSavedObjectMeta": {
                    "searchSourceJSON": "{\"query\": {\"query_string\": {\"query\": \"*\", \"analyze_wildcard\": true}}, \"indexRefName\": \"kibanaSavedObjectMeta.searchSourceJSON.index\", \"filter\": []}"
                },
                "title": "Top Source Ports [Filebeat Netflow]",
                "uiStateJSON": "{\"vis\": {\"params\": {\"sort\": {\"direction\": null, \"columnIndex\": null}}}}",
                "version": 1,
                "visState": "{\"listeners\": {}, \"params\": {\"showPartialRows\": false, \"totalFunc\": \"sum\", \"sort\": {\"direction\": null, \"columnIndex\": null}, \"showMeticsAtAllLevels\": false, \"perPage\": 10, \"showTotal\": true}, \"type\": \"table\", \"aggs\": [{\"params\": {\"field\": \"network.bytes\", \"customLabel\": \"Bytes\"}, \"schema\": \"metric\", \"type\": \"sum\", \"enabled\": true, \"id\": \"2\"}, {\"params\": {\"field\": \"network.packets\", \"customLabel\": \"Packets\"}, \"schema\": \"metric\", \"type\": \"sum\", \"enabled\": true, \"id\": \"3\"}, {\"params\": {\"customLabel\": \"Flow Records\"}, \"schema\": \"metric\", \"type\": \"count\", \"enabled\": true, \"id\": \"1\"}, {\"params\": {\"field\": \"source.port\", \"orderBy\": \"2\", \"order\": \"desc\", \"customLabel\": \"Source\", \"size\": 500}, \"schema\": \"bucket\", \"type\": \"terms\", \"enabled\": true, \"id\": \"4\"}], \"title\": \"Top Source Ports [Filebeat Netflow]\"}"
            },
            "id": "e9ad835b-b2f2-42d3-a3e7-555a593deacf",
            "migrationVersion": {
                "visualization": "7.2.0"
            },
            "references": [
                {
                    "id": "filebeat-*",
                    "name": "kibanaSavedObjectMeta.searchSourceJSON.index",
                    "type": "index-pattern"
                }
            ],
            "type": "visualization",
            "updated_at": "2019-07-11T04:44:37.748Z",
            "version": "WzM0NTYsMV0="
        },
        {
            "attributes": {
                "description": "",
                "kibanaSavedObjectMeta": {
                    "searchSourceJSON": "{\"query\": {\"query_string\": {\"query\": \"*\", \"analyze_wildcard\": true}}, \"indexRefName\": \"kibanaSavedObjectMeta.searchSourceJSON.index\", \"filter\": []}"
                },
                "title": "Top Destination Ports [Filebeat Netflow]",
                "uiStateJSON": "{\"vis\": {\"params\": {\"sort\": {\"direction\": null, \"columnIndex\": null}}}}",
                "version": 1,
                "visState": "{\"listeners\": {}, \"params\": {\"showPartialRows\": false, \"totalFunc\": \"sum\", \"sort\": {\"direction\": null, \"columnIndex\": null}, \"showMeticsAtAllLevels\": false, \"perPage\": 10, \"showTotal\": true}, \"type\": \"table\", \"aggs\": [{\"params\": {\"field\": \"network.bytes\", \"customLabel\": \"Bytes\"}, \"schema\": \"metric\", \"type\": \"sum\", \"enabled\": true, \"id\": \"2\"}, {\"params\": {\"field\": \"network.packets\", \"customLabel\": \"Packets\"}, \"schema\": \"metric\", \"type\": \"sum\", \"enabled\": true, \"id\": \"3\"}, {\"params\": {\"customLabel\": \"Flow Records\"}, \"schema\": \"metric\", \"type\": \"count\", \"enabled\": true, \"id\": \"1\"}, {\"params\": {\"field\": \"destination.port\", \"orderBy\": \"2\", \"order\": \"desc\", \"customLabel\": \"Destination\", \"size\": 500}, \"schema\": \"bucket\", \"type\": \"terms\", \"enabled\": true, \"id\": \"4\"}], \"title\": \"Top Destination Ports [Filebeat Netflow]\"}"
            },
            "id": "31b5f6fd-eb9d-4e97-90fd-367062ef217f",
            "migrationVersion": {
                "visualization": "7.2.0"
            },
            "references": [
                {
                    "id": "filebeat-*",
                    "name": "kibanaSavedObjectMeta.searchSourceJSON.index",
                    "type": "index-pattern"
                }
            ],
            "type": "visualization",
            "updated_at": "2019-07-11T04:44:37.748Z",
            "version": "WzM0NTcsMV0="
        },
        {
            "attributes": {
                "description": "",
                "kibanaSavedObjectMeta": {
                    "searchSourceJSON": "{\"query\": {\"query_string\": {\"query\": \"*\", \"analyze_wildcard\": true}}, \"indexRefName\": \"kibanaSavedObjectMeta.searchSourceJSON.index\", \"filter\": []}"
                },
                "title": "Top Protocols [Filebeat Netflow]",
                "uiStateJSON": "{\"vis\": {\"params\": {\"sort\": {\"direction\": null, \"columnIndex\": null}}}}",
                "version": 1,
                "visState": "{\"listeners\": {}, \"params\": {\"showPartialRows\": false, \"totalFunc\": \"sum\", \"sort\": {\"direction\": null, \"columnIndex\": null}, \"showMeticsAtAllLevels\": false, \"perPage\": 10, \"showTotal\": true}, \"type\": \"table\", \"aggs\": [{\"params\": {\"field\": \"network.bytes\", \"customLabel\": \"Bytes\"}, \"schema\": \"metric\", \"type\": \"sum\", \"enabled\": true, \"id\": \"2\"}, {\"params\": {\"field\": \"network.packets\", \"customLabel\": \"Packets\"}, \"schema\": \"metric\", \"type\": \"sum\", \"enabled\": true, \"id\": \"3\"}, {\"params\": {\"customLabel\": \"Flow Records\"}, \"schema\": \"metric\", \"type\": \"count\", \"enabled\": true, \"id\": \"1\"}, {\"params\": {\"field\": \"network.transport\", \"orderBy\": \"2\", \"order\": \"desc\", \"customLabel\": \"Protocol\", \"size\": 500}, \"schema\": \"bucket\", \"type\": \"terms\", \"enabled\": true, \"id\": \"4\"}], \"title\": \"Top Protocols [Filebeat Netflow]\"}"
            },
            "id": "2b3d4e86-2254-4033-8fe3-ce4753fafd03",
            "migrationVersion": {
                "visualization": "7.2.0"
            },
            "references": [
                {
                    "id": "filebeat-*",
                    "name": "kibanaSavedObjectMeta.searchSourceJSON.index",
                    "type": "index-pattern"
                }
            ],
            "type": "visualization",
            "updated_at": "2019-07-11T04:44:37.748Z",
            "version": "WzM0NTgsMV0="
        },
        {
            "attributes": {
                "description": "",
                "kibanaSavedObjectMeta": {
                    "searchSourceJSON": "{\"query\": {\"query_string\": {\"query\": \"*\", \"analyze_wildcard\": true}}, \"indexRefName\": \"kibanaSavedObjectMeta.searchSourceJSON.index\", \"filter\": []}"
                },
                "title": "Top Autonomous Systems [Filebeat Netflow]",
                "uiStateJSON": "{\"vis\": {\"params\": {\"sort\": {\"direction\": null, \"columnIndex\": null}}}}",
                "version": 1,
                "visState": "{\"listeners\": {}, \"params\": {\"showPartialRows\": false, \"totalFunc\": \"sum\", \"sort\": {\"direction\": null, \"columnIndex\": null}, \"showMeticsAtAllLevels\": false, \"perPage\": 10, \"showTotal\": true}, \"type\": \"table\", \"aggs\": [{\"params\": {\"field\": \"network.bytes\", \"customLabel\": \"Bytes\"}, \"schema\": \"metric\", \"type\": \"sum\", \"enabled\": true, \"id\": \"2\"}, {\"params\": {\"field\": \"network.packets\", \"customLabel\": \"Packets\"}, \"schema\": \"metric\", \"type\": \"sum\", \"enabled\": true, \"id\": \"3\"}, {\"params\": {\"customLabel\": \"Flow Records\"}, \"schema\": \"metric\", \"type\": \"count\", \"enabled\": true, \"id\": \"1\"}, {\"params\": {\"field\": \"destination.as.organization.name\", \"orderBy\": \"2\", \"order\": \"desc\", \"customLabel\": \"Autonomous System\", \"size\": 500}, \"schema\": \"bucket\", \"type\": \"terms\", \"enabled\": true, \"id\": \"4\"}], \"title\": \"Top Autonomous Systems [Filebeat Netflow]\"}"
            },
            "id": "036aef95-ec90-468d-ad7c-3cc4405e9e81",
            "migrationVersion": {
                "visualization": "7.2.0"
            },
            "references": [
                {
                    "id": "filebeat-*",
                    "name": "kibanaSavedObjectMeta.searchSourceJSON.index",
                    "type": "index-pattern"
                }
            ],
            "type": "visualization",
            "updated_at": "2019-07-11T04:44:37.748Z",
            "version": "WzM0NTksMV0="
        },
        {
            "attributes": {
                "description": "",
                "kibanaSavedObjectMeta": {
                    "searchSourceJSON": "{\"query\": {\"query_string\": {\"query\": \"*\", \"analyze_wildcard\": true}}, \"indexRefName\": \"kibanaSavedObjectMeta.searchSourceJSON.index\", \"filter\": []}"
                },
                "title": "Top Cities [Filebeat Netflow]",
                "uiStateJSON": "{\"vis\": {\"params\": {\"sort\": {\"direction\": \"desc\", \"columnIndex\": 2}}}}",
                "version": 1,
                "visState": "{\"listeners\": {}, \"params\": {\"showPartialRows\": true, \"totalFunc\": \"sum\", \"sort\": {\"direction\": null, \"columnIndex\": null}, \"showMeticsAtAllLevels\": false, \"perPage\": 10, \"showTotal\": true}, \"type\": \"table\", \"aggs\": [{\"params\": {\"field\": \"network.bytes\", \"customLabel\": \"Bytes\"}, \"schema\": \"metric\", \"type\": \"sum\", \"enabled\": true, \"id\": \"2\"}, {\"params\": {\"field\": \"network.packets\", \"customLabel\": \"Packets\"}, \"schema\": \"metric\", \"type\": \"sum\", \"enabled\": true, \"id\": \"3\"}, {\"params\": {\"customLabel\": \"Flow Records\"}, \"schema\": \"metric\", \"type\": \"count\", \"enabled\": true, \"id\": \"1\"}, {\"params\": {\"field\": \"destination.geo.country_name\", \"orderBy\": \"2\", \"order\": \"desc\", \"customLabel\": \"Country\", \"size\": 500}, \"schema\": \"bucket\", \"type\": \"terms\", \"enabled\": true, \"id\": \"4\"}, {\"params\": {\"field\": \"destination.geo.city_name\", \"orderBy\": \"2\", \"order\": \"desc\", \"customLabel\": \"City\", \"size\": 500}, \"schema\": \"bucket\", \"type\": \"terms\", \"enabled\": true, \"id\": \"5\"}], \"title\": \"Top Cities [Filebeat Netflow]\"}"
            },
            "id": "5292a65b-c532-422a-9008-1251a8073a3a",
            "migrationVersion": {
                "visualization": "7.2.0"
            },
            "references": [
                {
                    "id": "filebeat-*",
                    "name": "kibanaSavedObjectMeta.searchSourceJSON.index",
                    "type": "index-pattern"
                }
            ],
            "type": "visualization",
            "updated_at": "2019-07-11T04:44:37.748Z",
            "version": "WzM0NjAsMV0="
        },
        {
            "attributes": {
                "description": "",
                "kibanaSavedObjectMeta": {
                    "searchSourceJSON": "{\"query\": {\"query_string\": {\"query\": \"*\", \"analyze_wildcard\": true}}, \"indexRefName\": \"kibanaSavedObjectMeta.searchSourceJSON.index\", \"filter\": []}"
                },
                "title": "Top Flow Exporters [Filebeat Netflow]",
                "uiStateJSON": "{\"vis\": {\"params\": {\"sort\": {\"direction\": null, \"columnIndex\": null}}}}",
                "version": 1,
                "visState": "{\"listeners\": {}, \"params\": {\"showPartialRows\": false, \"totalFunc\": \"sum\", \"sort\": {\"direction\": null, \"columnIndex\": null}, \"showMeticsAtAllLevels\": false, \"perPage\": 10, \"showTotal\": true}, \"type\": \"table\", \"aggs\": [{\"params\": {\"field\": \"network.bytes\", \"customLabel\": \"Bytes\"}, \"schema\": \"metric\", \"type\": \"sum\", \"enabled\": true, \"id\": \"2\"}, {\"params\": {\"field\": \"network.packets\", \"customLabel\": \"Packets\"}, \"schema\": \"metric\", \"type\": \"sum\", \"enabled\": true, \"id\": \"3\"}, {\"params\": {\"customLabel\": \"Flow Records\"}, \"schema\": \"metric\", \"type\": \"count\", \"enabled\": true, \"id\": \"1\"}, {\"params\": {\"field\": \"agent.hostname\", \"orderBy\": \"2\", \"order\": \"desc\", \"customLabel\": \"Flow Exporter\", \"size\": 500}, \"schema\": \"bucket\", \"type\": \"terms\", \"enabled\": true, \"id\": \"4\"}], \"title\": \"Top Flow Exporters [Filebeat Netflow]\"}"
            },
            "id": "cccff92f-cb71-49a9-9caf-84867751d31e",
            "migrationVersion": {
                "visualization": "7.2.0"
            },
            "references": [
                {
                    "id": "filebeat-*",
                    "name": "kibanaSavedObjectMeta.searchSourceJSON.index",
                    "type": "index-pattern"
                }
            ],
            "type": "visualization",
            "updated_at": "2019-07-11T04:44:37.748Z",
            "version": "WzM0NjEsMV0="
        }
    ],
    "version": "7.2.0"
}