{
    "objects": [
        {
            "attributes": {
                "description": "",
                "kibanaSavedObjectMeta": {
                    "searchSourceJSON": "{\"filter\": []}"
                },
                "savedSearchId": "ffaf5a30-2413-11e7-a0d9-39604d45ca7f-ecs",
                "title": "Mainlog Severity [Filebeat Icinga] ECS",
                "uiStateJSON": "{\"vis\": {\"colors\": {\"critical\": \"#BF1B00\", \"warning\": \"#E5AC0E\"}}}",
                "version": 1,
                "visState": "{\"listeners\": {}, \"params\": {\"addLegend\": true, \"defaultYExtents\": false, \"mode\": \"stacked\", \"addTooltip\": true, \"legendPosition\": \"right\", \"times\": [], \"scale\": \"linear\", \"setYExtents\": false, \"addTimeMarker\": false}, \"type\": \"histogram\", \"aggs\": [{\"params\": {}, \"schema\": \"metric\", \"type\": \"count\", \"enabled\": true, \"id\": \"1\"}, {\"params\": {\"customInterval\": \"2h\", \"extended_bounds\": {}, \"min_doc_count\": 1, \"interval\": \"auto\", \"field\": \"@timestamp\"}, \"schema\": \"segment\", \"type\": \"date_histogram\", \"enabled\": true, \"id\": \"2\"}, {\"params\": {\"field\": \"log.level\", \"orderBy\": \"1\", \"order\": \"desc\", \"size\": 5}, \"schema\": \"group\", \"type\": \"terms\", \"enabled\": true, \"id\": \"3\"}], \"title\": \"Icinga Mainlog Severity ECS\"}"
            },
            "id": "d8e5dc40-2417-11e7-a83b-d5f4cebac9ff-ecs",
            "type": "visualization",
            "version": 2
        },
        {
            "attributes": {
                "columns": [
                    "icinga.main.facility",
                    "log.level",
                    "message"
                ],
                "description": "",
                "hits": 0,
                "kibanaSavedObjectMeta": {
                    "searchSourceJSON": "{\"version\": true, \"index\": \"filebeat-*\", \"highlightAll\": true, \"query\": {\"query\": \"\", \"language\": \"kuery\"}, \"filter\": [{\"query\": {\"match\": {\"event.module\": {\"query\": \"icinga\", \"type\": \"phrase\"}}}, \"meta\": {\"negate\": false, \"key\": \"event.module\", \"disabled\": false, \"params\": {\"query\": \"icinga\", \"type\": \"phrase\"}, \"alias\": null, \"index\": \"filebeat-*\", \"type\": \"phrase\", \"value\": \"icinga\"}, \"$state\": {\"store\": \"appState\"}}, {\"query\": {\"match\": {\"fileset.name\": {\"query\": \"main\", \"type\": \"phrase\"}}}, \"meta\": {\"negate\": false, \"key\": \"fileset.name\", \"disabled\": false, \"params\": {\"query\": \"main\", \"type\": \"phrase\"}, \"alias\": null, \"index\": \"filebeat-*\", \"type\": \"phrase\", \"value\": \"main\"}, \"$state\": {\"store\": \"appState\"}}]}"
                },
                "sort": [
                    "@timestamp",
                    "desc"
                ],
                "title": "Main Log [Filebeat Icinga] ECS",
                "version": 1
            },
            "id": "ffaf5a30-2413-11e7-a0d9-39604d45ca7f-ecs",
            "type": "search",
            "version": 2
        },
        {
            "attributes": {
                "description": "",
                "kibanaSavedObjectMeta": {
                    "searchSourceJSON": "{\"filter\": []}"
                },
                "savedSearchId": "ffaf5a30-2413-11e7-a0d9-39604d45ca7f-ecs",
                "title": "Mainlog Facility [Filebeat Icinga] ECS",
                "uiStateJSON": "{}",
                "version": 1,
                "visState": "{\"listeners\": {}, \"params\": {\"addLegend\": true, \"defaultYExtents\": false, \"mode\": \"stacked\", \"addTooltip\": true, \"legendPosition\": \"right\", \"times\": [], \"scale\": \"linear\", \"setYExtents\": false, \"addTimeMarker\": false}, \"type\": \"histogram\", \"aggs\": [{\"params\": {}, \"schema\": \"metric\", \"type\": \"count\", \"enabled\": true, \"id\": \"1\"}, {\"params\": {\"customInterval\": \"2h\", \"extended_bounds\": {}, \"min_doc_count\": 1, \"interval\": \"auto\", \"field\": \"@timestamp\"}, \"schema\": \"segment\", \"type\": \"date_histogram\", \"enabled\": true, \"id\": \"2\"}, {\"params\": {\"field\": \"icinga.main.facility\", \"orderBy\": \"1\", \"order\": \"desc\", \"size\": 5}, \"schema\": \"group\", \"type\": \"terms\", \"enabled\": true, \"id\": \"3\"}], \"title\": \"Icinga Mainlog Facility ECS\"}"
            },
            "id": "2cf77780-2418-11e7-a83b-d5f4cebac9ff-ecs",
            "type": "visualization",
            "version": 2
        },
        {
            "attributes": {
                "description": "Filebeat Icinga module dashboard for the main log files",
                "hits": 0,
                "kibanaSavedObjectMeta": {
                    "searchSourceJSON": "{\"version\": true, \"query\": {\"query\": \"\", \"language\": \"kuery\"}, \"highlightAll\": true, \"filter\": []}"
                },
                "optionsJSON": "{\"darkTheme\": false}",
                "panelsJSON": "[{\"size_y\": 3, \"panelIndex\": 1, \"row\": 1, \"col\": 7, \"type\": \"visualization\", \"size_x\": 6, \"id\": \"d8e5dc40-2417-11e7-a83b-d5f4cebac9ff-ecs\"}, {\"size_y\": 25, \"panelIndex\": 2, \"size_x\": 12, \"columns\": [\"icinga.main.facility\", \"log.level\", \"message\"], \"row\": 4, \"sort\": [\"@timestamp\", \"desc\"], \"col\": 1, \"type\": \"search\", \"id\": \"ffaf5a30-2413-11e7-a0d9-39604d45ca7f-ecs\"}, {\"size_y\": 3, \"panelIndex\": 3, \"row\": 1, \"col\": 1, \"type\": \"visualization\", \"size_x\": 6, \"id\": \"2cf77780-2418-11e7-a83b-d5f4cebac9ff-ecs\"}]",
                "timeRestore": false,
                "title": "[Filebeat Icinga] Main Log ECS",
                "uiStateJSON": "{}",
                "version": 1
            },
            "id": "f693d260-2417-11e7-a83b-d5f4cebac9ff-ecs",
            "type": "dashboard",
            "version": 4
        }
    ],
    "version": "6.0.0-beta1-SNAPSHOT"
}