{
    "objects": [
        {
            "attributes": {
                "description": "Palo Alto Networks PAN-OS Networks Overview",
                "hits": 0,
                "kibanaSavedObjectMeta": {
                    "searchSourceJSON": "{\"query\": {\"query\": \"\", \"language\": \"kuery\"}, \"filter\": []}"
                },
                "optionsJSON": "{\"useMargins\": true, \"hidePanelTitles\": false}",
                "panelsJSON": "[{\"version\": \"7.1.0\", \"panelIndex\": \"1\", \"gridData\": {\"y\": 0, \"i\": \"1\", \"h\": 15, \"w\": 24, \"x\": 24}, \"embeddableConfig\": {}, \"panelRefName\": \"panel_0\"}, {\"version\": \"7.1.0\", \"panelIndex\": \"2\", \"gridData\": {\"y\": 0, \"i\": \"2\", \"h\": 15, \"w\": 24, \"x\": 0}, \"embeddableConfig\": {}, \"panelRefName\": \"panel_1\"}, {\"version\": \"7.1.0\", \"panelIndex\": \"3\", \"gridData\": {\"y\": 15, \"i\": \"3\", \"h\": 15, \"w\": 24, \"x\": 0}, \"embeddableConfig\": {\"vis\": {\"legendOpen\": false}}, \"panelRefName\": \"panel_2\"}, {\"version\": \"7.1.0\", \"panelIndex\": \"4\", \"gridData\": {\"y\": 15, \"i\": \"4\", \"h\": 15, \"w\": 12, \"x\": 24}, \"embeddableConfig\": {\"vis\": {\"legendOpen\": false}}, \"panelRefName\": \"panel_3\"}, {\"version\": \"7.1.0\", \"panelIndex\": \"5\", \"gridData\": {\"y\": 15, \"i\": \"5\", \"h\": 15, \"w\": 12, \"x\": 36}, \"embeddableConfig\": {}, \"panelRefName\": \"panel_4\"}, {\"version\": \"7.1.0\", \"panelIndex\": \"6\", \"gridData\": {\"y\": 30, \"i\": \"6\", \"h\": 15, \"w\": 24, \"x\": 0}, \"embeddableConfig\": {}, \"panelRefName\": \"panel_5\"}, {\"version\": \"7.1.0\", \"panelIndex\": \"7\", \"gridData\": {\"y\": 30, \"i\": \"7\", \"h\": 15, \"w\": 24, \"x\": 24}, \"embeddableConfig\": {}, \"panelRefName\": \"panel_6\"}]",
                "timeRestore": false,
                "title": "[Filebeat PANW] Network Flows ECS",
                "version": 1
            },
            "id": "e40ba240-7572-11e9-976e-65a8f47cc4c1",
            "migrationVersion": {
                "dashboard": "7.0.0"
            },
            "references": [
                {
                    "id": "091fe860-756a-11e9-976e-65a8f47cc4c1",
                    "name": "panel_0",
                    "type": "visualization"
                },
                {
                    "id": "87f30f60-7569-11e9-976e-65a8f47cc4c1",
                    "name": "panel_1",
                    "type": "visualization"
                },
                {
                    "id": "78e7e820-756d-11e9-976e-65a8f47cc4c1",
                    "name": "panel_2",
                    "type": "visualization"
                },
                {
                    "id": "d9cab170-756f-11e9-976e-65a8f47cc4c1",
                    "name": "panel_3",
                    "type": "visualization"
                },
                {
                    "id": "135930b0-7570-11e9-976e-65a8f47cc4c1",
                    "name": "panel_4",
                    "type": "visualization"
                },
                {
                    "id": "e46331c0-756a-11e9-976e-65a8f47cc4c1",
                    "name": "panel_5",
                    "type": "visualization"
                },
                {
                    "id": "0407a3e0-756f-11e9-976e-65a8f47cc4c1",
                    "name": "panel_6",
                    "type": "visualization"
                }
            ],
            "type": "dashboard",
            "updated_at": "2019-05-13T11:33:12.420Z",
            "version": "WzI0NSwxXQ=="
        },
        {
            "attributes": {
                "description": "",
                "kibanaSavedObjectMeta": {
                    "searchSourceJSON": "{\"query\": {\"query\": \"\", \"language\": \"kuery\"}, \"filter\": []}"
                },
                "savedSearchRefName": "search_0",
                "title": "Destination Flows Map [Filebeat PANW] ECS",
                "uiStateJSON": "{}",
                "version": 1,
                "visState": "{\"params\": {\"mapZoom\": 2, \"mapCenter\": [0, 0], \"heatClusterSize\": 1.5, \"addTooltip\": true, \"legendPosition\": \"bottomright\", \"colorSchema\": \"Yellow to Red\", \"wms\": {\"options\": {\"format\": \"image/png\", \"transparent\": true}, \"enabled\": false}, \"isDesaturated\": true, \"mapType\": \"Scaled Circle Markers\"}, \"title\": \"Destination Flows Map [Filebeat PANW] ECS\", \"type\": \"tile_map\", \"aggs\": [{\"params\": {}, \"schema\": \"metric\", \"type\": \"count\", \"enabled\": true, \"id\": \"1\"}, {\"params\": {\"mapZoom\": 2, \"field\": \"destination.geo.location\", \"isFilteredByCollar\": true, \"precision\": 2, \"useGeocentroid\": true, \"mapCenter\": [0, 0], \"autoPrecision\": true}, \"schema\": \"segment\", \"type\": \"geohash_grid\", \"enabled\": true, \"id\": \"2\"}]}"
            },
            "id": "091fe860-756a-11e9-976e-65a8f47cc4c1",
            "migrationVersion": {
                "visualization": "7.0.1"
            },
            "references": [
                {
                    "id": "290685e0-7569-11e9-976e-65a8f47cc4c1",
                    "name": "search_0",
                    "type": "search"
                }
            ],
            "type": "visualization",
            "updated_at": "2019-05-13T10:29:49.158Z",
            "version": "WzIzOCwxXQ=="
        },
        {
            "attributes": {
                "description": "",
                "kibanaSavedObjectMeta": {
                    "searchSourceJSON": "{\"query\": {\"query\": \"\", \"language\": \"kuery\"}, \"filter\": []}"
                },
                "savedSearchRefName": "search_0",
                "title": "Source Flows Map [Filebeat PANW] ECS",
                "uiStateJSON": "{\"mapZoom\": 1, \"mapCenter\": [-0.17578097424708533, 0.17578125]}",
                "version": 1,
                "visState": "{\"params\": {\"mapZoom\": 2, \"mapCenter\": [0, 0], \"heatClusterSize\": 1.5, \"addTooltip\": true, \"legendPosition\": \"bottomright\", \"colorSchema\": \"Yellow to Red\", \"wms\": {\"options\": {\"format\": \"image/png\", \"transparent\": true}, \"enabled\": false}, \"isDesaturated\": true, \"mapType\": \"Scaled Circle Markers\"}, \"title\": \"Source Flows Map [Filebeat PANW] ECS\", \"type\": \"tile_map\", \"aggs\": [{\"params\": {}, \"schema\": \"metric\", \"type\": \"count\", \"enabled\": true, \"id\": \"1\"}, {\"params\": {\"mapZoom\": 2, \"field\": \"source.geo.location\", \"isFilteredByCollar\": true, \"precision\": 2, \"useGeocentroid\": true, \"mapCenter\": [0, 0], \"autoPrecision\": true}, \"schema\": \"segment\", \"type\": \"geohash_grid\", \"enabled\": true, \"id\": \"2\"}]}"
            },
            "id": "87f30f60-7569-11e9-976e-65a8f47cc4c1",
            "migrationVersion": {
                "visualization": "7.0.1"
            },
            "references": [
                {
                    "id": "290685e0-7569-11e9-976e-65a8f47cc4c1",
                    "name": "search_0",
                    "type": "search"
                }
            ],
            "type": "visualization",
            "updated_at": "2019-05-13T10:26:12.438Z",
            "version": "WzIzNywxXQ=="
        },
        {
            "attributes": {
                "description": "",
                "kibanaSavedObjectMeta": {
                    "searchSourceJSON": "{\"query\": {\"query\": \"\", \"language\": \"kuery\"}, \"filter\": [{\"query\": {\"match\": {\"event.action\": {\"query\": \"flow_terminated\", \"type\": \"phrase\"}}}, \"meta\": {\"negate\": true, \"key\": \"event.action\", \"disabled\": false, \"params\": {\"query\": \"flow_terminated\"}, \"alias\": null, \"type\": \"phrase\", \"indexRefName\": \"kibanaSavedObjectMeta.searchSourceJSON.filter[0].meta.index\", \"value\": \"flow_terminated\"}, \"$state\": {\"store\": \"appState\"}}]}"
                },
                "savedSearchRefName": "search_0",
                "title": "Flow Creation Histogram [Filebeat PANW] ECS",
                "uiStateJSON": "{}",
                "version": 1,
                "visState": "{\"params\": {\"addLegend\": true, \"seriesParams\": [{\"valueAxis\": \"ValueAxis-1\", \"mode\": \"stacked\", \"showCircles\": true, \"data\": {\"label\": \"Count\", \"id\": \"1\"}, \"type\": \"histogram\", \"drawLinesBetweenPoints\": true, \"show\": \"true\"}], \"grid\": {\"categoryLines\": false}, \"categoryAxes\": [{\"title\": {}, \"position\": \"bottom\", \"scale\": {\"type\": \"linear\"}, \"labels\": {\"truncate\": 100, \"show\": true}, \"type\": \"category\", \"id\": \"CategoryAxis-1\", \"style\": {}, \"show\": true}], \"addTooltip\": true, \"legendPosition\": \"right\", \"type\": \"histogram\", \"times\": [], \"valueAxes\": [{\"title\": {\"text\": \"Count\"}, \"position\": \"left\", \"name\": \"LeftAxis-1\", \"scale\": {\"type\": \"linear\", \"mode\": \"normal\"}, \"labels\": {\"show\": true, \"truncate\": 100, \"rotate\": 0, \"filter\": false}, \"type\": \"value\", \"id\": \"ValueAxis-1\", \"style\": {}, \"show\": true}], \"addTimeMarker\": false}, \"title\": \"Flow Creation Histogram [Filebeat PANW] ECS\", \"type\": \"histogram\", \"aggs\": [{\"params\": {}, \"schema\": \"metric\", \"type\": \"count\", \"enabled\": true, \"id\": \"1\"}, {\"params\": {\"field\": \"@timestamp\", \"extended_bounds\": {}, \"interval\": \"auto\", \"useNormalizedEsInterval\": true, \"customInterval\": \"2h\", \"min_doc_count\": 1, \"timeRange\": {\"to\": \"2018-04-10T04:39:56.264Z\", \"from\": \"2018-04-10T04:36:19.586Z\"}, \"drop_partials\": false}, \"schema\": \"segment\", \"type\": \"date_histogram\", \"enabled\": true, \"id\": \"2\"}, {\"params\": {\"field\": \"event.outcome\", \"missingBucket\": false, \"order\": \"desc\", \"missingBucketLabel\": \"Missing\", \"size\": 5, \"otherBucketLabel\": \"Other\", \"orderBy\": \"1\", \"otherBucket\": false}, \"schema\": \"group\", \"type\": \"terms\", \"enabled\": true, \"id\": \"3\"}]}"
            },
            "id": "78e7e820-756d-11e9-976e-65a8f47cc4c1",
            "migrationVersion": {
                "visualization": "7.0.1"
            },
            "references": [
                {
                    "id": "filebeat-*",
                    "name": "kibanaSavedObjectMeta.searchSourceJSON.filter[0].meta.index",
                    "type": "index-pattern"
                },
                {
                    "id": "290685e0-7569-11e9-976e-65a8f47cc4c1",
                    "name": "search_0",
                    "type": "search"
                }
            ],
            "type": "visualization",
            "updated_at": "2019-05-13T10:54:25.186Z",
            "version": "WzI0MCwxXQ=="
        },
        {
            "attributes": {
                "description": "",
                "kibanaSavedObjectMeta": {
                    "searchSourceJSON": "{\"query\": {\"query\": \"\", \"language\": \"kuery\"}, \"filter\": [{\"query\": {\"match\": {\"event.action\": {\"query\": \"flow_started\", \"type\": \"phrase\"}}}, \"meta\": {\"negate\": true, \"key\": \"event.action\", \"disabled\": false, \"params\": {\"query\": \"flow_started\"}, \"alias\": null, \"type\": \"phrase\", \"indexRefName\": \"kibanaSavedObjectMeta.searchSourceJSON.filter[0].meta.index\", \"value\": \"flow_started\"}, \"$state\": {\"store\": \"appState\"}}]}"
                },
                "savedSearchRefName": "search_0",
                "title": "Source Zone breakout [Filebeat PANW] ECS",
                "uiStateJSON": "{}",
                "version": 1,
                "visState": "{\"params\": {\"addLegend\": true, \"seriesParams\": [{\"valueAxis\": \"ValueAxis-1\", \"mode\": \"normal\", \"showCircles\": true, \"data\": {\"label\": \"Count\", \"id\": \"1\"}, \"type\": \"histogram\", \"drawLinesBetweenPoints\": true, \"show\": true}], \"grid\": {\"categoryLines\": false}, \"categoryAxes\": [{\"title\": {}, \"position\": \"left\", \"scale\": {\"type\": \"linear\"}, \"labels\": {\"show\": true, \"truncate\": 200, \"rotate\": 0, \"filter\": false}, \"type\": \"category\", \"id\": \"CategoryAxis-1\", \"style\": {}, \"show\": true}], \"addTooltip\": true, \"legendPosition\": \"right\", \"type\": \"histogram\", \"times\": [], \"valueAxes\": [{\"title\": {\"text\": \"Count\"}, \"position\": \"bottom\", \"name\": \"LeftAxis-1\", \"scale\": {\"type\": \"linear\", \"mode\": \"normal\"}, \"labels\": {\"show\": true, \"truncate\": 100, \"rotate\": 75, \"filter\": true}, \"type\": \"value\", \"id\": \"ValueAxis-1\", \"style\": {}, \"show\": true}], \"addTimeMarker\": false}, \"title\": \"Source Zone breakout [Filebeat PANW] ECS\", \"type\": \"horizontal_bar\", \"aggs\": [{\"params\": {}, \"schema\": \"metric\", \"type\": \"count\", \"enabled\": true, \"id\": \"1\"}, {\"params\": {\"field\": \"panw.panos.source.zone\", \"missingBucket\": false, \"order\": \"desc\", \"missingBucketLabel\": \"Missing\", \"size\": 5, \"otherBucketLabel\": \"Other\", \"orderBy\": \"1\", \"otherBucket\": false}, \"schema\": \"segment\", \"type\": \"terms\", \"enabled\": true, \"id\": \"2\"}, {\"params\": {\"field\": \"event.outcome\", \"missingBucket\": false, \"order\": \"desc\", \"missingBucketLabel\": \"Missing\", \"size\": 5, \"otherBucketLabel\": \"Other\", \"orderBy\": \"1\", \"otherBucket\": false}, \"schema\": \"group\", \"type\": \"terms\", \"enabled\": true, \"id\": \"3\"}]}"
            },
            "id": "d9cab170-756f-11e9-976e-65a8f47cc4c1",
            "migrationVersion": {
                "visualization": "7.0.1"
            },
            "references": [
                {
                    "id": "filebeat-*",
                    "name": "kibanaSavedObjectMeta.searchSourceJSON.filter[0].meta.index",
                    "type": "index-pattern"
                },
                {
                    "id": "290685e0-7569-11e9-976e-65a8f47cc4c1",
                    "name": "search_0",
                    "type": "search"
                }
            ],
            "type": "visualization",
            "updated_at": "2019-05-13T11:12:26.462Z",
            "version": "WzI0MywxXQ=="
        },
        {
            "attributes": {
                "description": "",
                "kibanaSavedObjectMeta": {
                    "searchSourceJSON": "{\"query\": {\"query\": \"\", \"language\": \"kuery\"}, \"filter\": [{\"query\": {\"match\": {\"event.action\": {\"query\": \"flow_started\", \"type\": \"phrase\"}}}, \"meta\": {\"negate\": true, \"key\": \"event.action\", \"disabled\": false, \"params\": {\"query\": \"flow_started\"}, \"alias\": null, \"type\": \"phrase\", \"indexRefName\": \"kibanaSavedObjectMeta.searchSourceJSON.filter[0].meta.index\", \"value\": \"flow_started\"}, \"$state\": {\"store\": \"appState\"}}]}"
                },
                "savedSearchRefName": "search_0",
                "title": "Destination Zone breakout [Filebeat PANW] ECS",
                "uiStateJSON": "{}",
                "version": 1,
                "visState": "{\"params\": {\"addLegend\": true, \"seriesParams\": [{\"valueAxis\": \"ValueAxis-1\", \"mode\": \"normal\", \"showCircles\": true, \"data\": {\"label\": \"Count\", \"id\": \"1\"}, \"type\": \"histogram\", \"drawLinesBetweenPoints\": true, \"show\": true}], \"grid\": {\"categoryLines\": false}, \"categoryAxes\": [{\"title\": {}, \"position\": \"left\", \"scale\": {\"type\": \"linear\"}, \"labels\": {\"show\": true, \"truncate\": 200, \"rotate\": 0, \"filter\": false}, \"type\": \"category\", \"id\": \"CategoryAxis-1\", \"style\": {}, \"show\": true}], \"addTooltip\": true, \"legendPosition\": \"right\", \"type\": \"histogram\", \"times\": [], \"valueAxes\": [{\"title\": {\"text\": \"Count\"}, \"position\": \"bottom\", \"name\": \"LeftAxis-1\", \"scale\": {\"type\": \"linear\", \"mode\": \"normal\"}, \"labels\": {\"show\": true, \"truncate\": 100, \"rotate\": 75, \"filter\": true}, \"type\": \"value\", \"id\": \"ValueAxis-1\", \"style\": {}, \"show\": true}], \"addTimeMarker\": false}, \"title\": \"Destination Zone breakout [Filebeat PANW] ECS\", \"type\": \"horizontal_bar\", \"aggs\": [{\"params\": {}, \"schema\": \"metric\", \"type\": \"count\", \"enabled\": true, \"id\": \"1\"}, {\"params\": {\"field\": \"panw.panos.destination.zone\", \"missingBucket\": false, \"order\": \"desc\", \"missingBucketLabel\": \"Missing\", \"size\": 5, \"otherBucketLabel\": \"Other\", \"orderBy\": \"1\", \"otherBucket\": false}, \"schema\": \"segment\", \"type\": \"terms\", \"enabled\": true, \"id\": \"2\"}, {\"params\": {\"field\": \"event.outcome\", \"missingBucket\": false, \"order\": \"desc\", \"missingBucketLabel\": \"Missing\", \"size\": 5, \"otherBucketLabel\": \"Other\", \"orderBy\": \"1\", \"otherBucket\": false}, \"schema\": \"group\", \"type\": \"terms\", \"enabled\": true, \"id\": \"3\"}]}"
            },
            "id": "135930b0-7570-11e9-976e-65a8f47cc4c1",
            "migrationVersion": {
                "visualization": "7.0.1"
            },
            "references": [
                {
                    "id": "filebeat-*",
                    "name": "kibanaSavedObjectMeta.searchSourceJSON.filter[0].meta.index",
                    "type": "index-pattern"
                },
                {
                    "id": "290685e0-7569-11e9-976e-65a8f47cc4c1",
                    "name": "search_0",
                    "type": "search"
                }
            ],
            "type": "visualization",
            "updated_at": "2019-05-13T11:13:03.291Z",
            "version": "WzI0NCwxXQ=="
        },
        {
            "attributes": {
                "description": "",
                "kibanaSavedObjectMeta": {
                    "searchSourceJSON": "{\"query\": {\"query\": \"\", \"language\": \"kuery\"}, \"filter\": []}"
                },
                "savedSearchRefName": "search_0",
                "title": "Event Outcome by Transport and Destination Port [Filebeat PANW] ECS",
                "uiStateJSON": "{}",
                "version": 1,
                "visState": "{\"params\": {\"addLegend\": true, \"addTooltip\": true, \"legendPosition\": \"right\", \"isDonut\": true, \"type\": \"pie\", \"labels\": {\"truncate\": 100, \"values\": true, \"last_level\": true, \"show\": false}}, \"title\": \"Event Outcome by Transport and Destination Port [Filebeat PANW] ECS\", \"type\": \"pie\", \"aggs\": [{\"params\": {}, \"schema\": \"metric\", \"type\": \"count\", \"enabled\": true, \"id\": \"1\"}, {\"params\": {\"field\": \"event.outcome\", \"missingBucket\": false, \"order\": \"desc\", \"missingBucketLabel\": \"Missing\", \"size\": 5, \"otherBucketLabel\": \"Other\", \"orderBy\": \"1\", \"otherBucket\": false}, \"schema\": \"segment\", \"type\": \"terms\", \"enabled\": true, \"id\": \"2\"}, {\"params\": {\"field\": \"network.transport\", \"missingBucket\": false, \"order\": \"desc\", \"missingBucketLabel\": \"Missing\", \"size\": 5, \"otherBucketLabel\": \"Other\", \"orderBy\": \"1\", \"otherBucket\": false}, \"schema\": \"segment\", \"type\": \"terms\", \"enabled\": true, \"id\": \"3\"}, {\"params\": {\"field\": \"destination.port\", \"missingBucket\": false, \"order\": \"desc\", \"missingBucketLabel\": \"Missing\", \"size\": 5, \"otherBucketLabel\": \"Other\", \"orderBy\": \"1\", \"otherBucket\": false}, \"schema\": \"segment\", \"type\": \"terms\", \"enabled\": true, \"id\": \"4\"}]}"
            },
            "id": "e46331c0-756a-11e9-976e-65a8f47cc4c1",
            "migrationVersion": {
                "visualization": "7.0.1"
            },
            "references": [
                {
                    "id": "290685e0-7569-11e9-976e-65a8f47cc4c1",
                    "name": "search_0",
                    "type": "search"
                }
            ],
            "type": "visualization",
            "updated_at": "2019-05-13T10:35:57.020Z",
            "version": "WzIzOSwxXQ=="
        },
        {
            "attributes": {
                "description": "",
                "kibanaSavedObjectMeta": {
                    "searchSourceJSON": "{\"query\": {\"query\": \"\", \"language\": \"kuery\"}, \"filter\": []}"
                },
                "savedSearchRefName": "search_0",
                "title": "Network Application breakout [Filebeat PANW] ECS",
                "uiStateJSON": "{}",
                "version": 1,
                "visState": "{\"params\": {\"addLegend\": true, \"addTooltip\": true, \"legendPosition\": \"right\", \"isDonut\": true, \"type\": \"pie\", \"labels\": {\"truncate\": 100, \"values\": true, \"last_level\": true, \"show\": false}}, \"title\": \"Network Application breakout [Filebeat PANW] ECS\", \"type\": \"pie\", \"aggs\": [{\"params\": {}, \"schema\": \"metric\", \"type\": \"count\", \"enabled\": true, \"id\": \"1\"}, {\"params\": {\"field\": \"event.outcome\", \"missingBucket\": false, \"order\": \"desc\", \"missingBucketLabel\": \"Missing\", \"size\": 5, \"otherBucketLabel\": \"Other\", \"orderBy\": \"1\", \"otherBucket\": false}, \"schema\": \"segment\", \"type\": \"terms\", \"enabled\": true, \"id\": \"2\"}, {\"params\": {\"field\": \"network.application\", \"missingBucket\": false, \"order\": \"desc\", \"missingBucketLabel\": \"Missing\", \"size\": 5, \"otherBucketLabel\": \"Other\", \"orderBy\": \"1\", \"otherBucket\": false}, \"schema\": \"segment\", \"type\": \"terms\", \"enabled\": true, \"id\": \"3\"}]}"
            },
            "id": "0407a3e0-756f-11e9-976e-65a8f47cc4c1",
            "migrationVersion": {
                "visualization": "7.0.1"
            },
            "references": [
                {
                    "id": "290685e0-7569-11e9-976e-65a8f47cc4c1",
                    "name": "search_0",
                    "type": "search"
                }
            ],
            "type": "visualization",
            "updated_at": "2019-05-13T11:05:28.094Z",
            "version": "WzI0MSwxXQ=="
        },
        {
            "attributes": {
                "columns": [
                    "_source"
                ],
                "description": "",
                "hits": 0,
                "kibanaSavedObjectMeta": {
                    "searchSourceJSON": "{\"version\": true, \"query\": {\"query\": \"event.dataset: \\\"panw.panos\\\" and event.category: \\\"network_traffic\\\"\", \"language\": \"kuery\"}, \"highlightAll\": true, \"indexRefName\": \"kibanaSavedObjectMeta.searchSourceJSON.index\", \"filter\": []}"
                },
                "sort": [
                    "@timestamp",
                    "desc"
                ],
                "title": "PAN-OS Flows [Filebeat PANW] ECS",
                "version": 1
            },
            "id": "290685e0-7569-11e9-976e-65a8f47cc4c1",
            "migrationVersion": {
                "search": "7.0.0"
            },
            "references": [
                {
                    "id": "filebeat-*",
                    "name": "kibanaSavedObjectMeta.searchSourceJSON.index",
                    "type": "index-pattern"
                }
            ],
            "type": "search",
            "updated_at": "2019-05-13T10:23:33.182Z",
            "version": "WzIzNSwxXQ=="
        }
    ],
    "version": "7.1.0"
}