{
    "objects": [
        {
            "attributes": {
                "description": "Overview of audit events from Google Cloud.",
                "hits": 0,
                "kibanaSavedObjectMeta": {
                    "searchSourceJSON": "{\"query\": {\"query\": \"\", \"language\": \"kuery\"}, \"filter\": []}"
                },
                "optionsJSON": "{\"useMargins\": true, \"hidePanelTitles\": false}",
                "panelsJSON": "[{\"version\": \"8.0.0-SNAPSHOT\", \"panelIndex\": \"a808a985-5cf3-463a-9aad-5159cb64cef1\", \"gridData\": {\"y\": 0, \"i\": \"a808a985-5cf3-463a-9aad-5159cb64cef1\", \"h\": 15, \"w\": 24, \"x\": 0}, \"embeddableConfig\": {\"mapCenter\": {\"lat\": 32.1625, \"lon\": -48.67493, \"zoom\": 1.97}, \"hiddenLayers\": [], \"isLayerTOCOpen\": false, \"openTOCDetails\": []}, \"panelRefName\": \"panel_0\"}, {\"version\": \"8.0.0-SNAPSHOT\", \"panelIndex\": \"9e7025b6-c3bf-424f-b541-d22d00e1fa64\", \"gridData\": {\"y\": 0, \"i\": \"9e7025b6-c3bf-424f-b541-d22d00e1fa64\", \"h\": 15, \"w\": 24, \"x\": 24}, \"embeddableConfig\": {}, \"panelRefName\": \"panel_1\"}, {\"version\": \"8.0.0-SNAPSHOT\", \"panelIndex\": \"5b6a8479-2c18-495e-88fa-9e3239277e3d\", \"gridData\": {\"y\": 15, \"i\": \"5b6a8479-2c18-495e-88fa-9e3239277e3d\", \"h\": 14, \"w\": 12, \"x\": 0}, \"embeddableConfig\": {}, \"panelRefName\": \"panel_2\"}, {\"version\": \"8.0.0-SNAPSHOT\", \"panelIndex\": \"46da4e61-e0bb-4595-a2c7-05210bfbea64\", \"gridData\": {\"y\": 15, \"i\": \"46da4e61-e0bb-4595-a2c7-05210bfbea64\", \"h\": 14, \"w\": 12, \"x\": 12}, \"embeddableConfig\": {}, \"panelRefName\": \"panel_3\"}, {\"version\": \"8.0.0-SNAPSHOT\", \"panelIndex\": \"4d698f07-2caf-45c0-bd48-51ea72ea79b0\", \"gridData\": {\"y\": 15, \"i\": \"4d698f07-2caf-45c0-bd48-51ea72ea79b0\", \"h\": 14, \"w\": 12, \"x\": 24}, \"embeddableConfig\": {}, \"panelRefName\": \"panel_4\"}, {\"version\": \"8.0.0-SNAPSHOT\", \"panelIndex\": \"c5e31da0-d4c8-4554-ab32-61da2495ab6c\", \"gridData\": {\"y\": 15, \"i\": \"c5e31da0-d4c8-4554-ab32-61da2495ab6c\", \"h\": 14, \"w\": 12, \"x\": 36}, \"embeddableConfig\": {}, \"panelRefName\": \"panel_5\"}, {\"version\": \"8.0.0-SNAPSHOT\", \"panelIndex\": \"95ebbda8-9b00-4b23-b116-72569ea031e3\", \"gridData\": {\"y\": 29, \"i\": \"95ebbda8-9b00-4b23-b116-72569ea031e3\", \"h\": 9, \"w\": 48, \"x\": 0}, \"embeddableConfig\": {}, \"panelRefName\": \"panel_6\"}]",
                "timeRestore": false,
                "title": "[Filebeat GoogleCloud] Audit",
                "version": 1
            },
            "id": "6576c480-73a2-11ea-a345-f985c61fe654",
            "migrationVersion": {
                "dashboard": "7.3.0"
            },
            "references": [
                {
                    "id": "a97de660-73a5-11ea-a345-f985c61fe654",
                    "name": "panel_0",
                    "type": "map"
                },
                {
                    "id": "4627efa0-73a2-11ea-a345-f985c61fe654",
                    "name": "panel_1",
                    "type": "visualization"
                },
                {
                    "id": "eb5bf570-73a2-11ea-a345-f985c61fe654",
                    "name": "panel_2",
                    "type": "visualization"
                },
                {
                    "id": "33ee1320-73a5-11ea-a345-f985c61fe654",
                    "name": "panel_3",
                    "type": "visualization"
                },
                {
                    "id": "a8e40240-73a3-11ea-a345-f985c61fe654",
                    "name": "panel_4",
                    "type": "visualization"
                },
                {
                    "id": "6d90d320-73a4-11ea-a345-f985c61fe654",
                    "name": "panel_5",
                    "type": "visualization"
                },
                {
                    "id": "d88364c0-73a1-11ea-a345-f985c61fe654",
                    "name": "panel_6",
                    "type": "search"
                }
            ],
            "type": "dashboard",
            "updated_at": "2020-03-31T23:18:30.933Z",
            "version": "WzE1MTYsM10="
        },
        {
            "attributes": {
                "bounds": {
                    "coordinates": [
                        [
                            [
                                -180,
                                74.14342
                            ],
                            [
                                -180,
                                -58.35006
                            ],
                            [
                                180,
                                -58.35006
                            ],
                            [
                                180,
                                74.14342
                            ],
                            [
                                -180,
                                74.14342
                            ]
                        ]
                    ],
                    "type": "Polygon"
                },
                "description": "",
                "layerListJSON": "[{\"sourceDescriptor\":{\"type\":\"EMS_TMS\",\"isAutoSelect\":true},\"id\":\"866b5ce1-6ca0-47db-a6f2-54c5e0dcd2f0\",\"label\":null,\"minZoom\":0,\"maxZoom\":24,\"alpha\":1,\"visible\":true,\"style\":{},\"type\":\"VECTOR_TILE\"},{\"sourceDescriptor\":{\"id\":\"79ec6461-7561-45e4-a6a2-9d6fbd4cf986\",\"geoField\":\"source.geo.location\",\"filterByMapBounds\":true,\"scalingType\":\"LIMIT\",\"topHitsSize\":1,\"type\":\"ES_SEARCH\",\"tooltipProperties\":[],\"sortField\":\"\",\"sortOrder\":\"desc\",\"applyGlobalQuery\":true,\"indexPatternRefName\":\"layer_1_source_index_pattern\"},\"style\":{\"type\":\"VECTOR\",\"properties\":{\"icon\":{\"type\":\"STATIC\",\"options\":{\"value\":\"marker\"}},\"fillColor\":{\"type\":\"STATIC\",\"options\":{\"color\":\"#54B399\"}},\"lineColor\":{\"type\":\"STATIC\",\"options\":{\"color\":\"#41937c\"}},\"lineWidth\":{\"type\":\"STATIC\",\"options\":{\"size\":1}},\"iconSize\":{\"type\":\"STATIC\",\"options\":{\"size\":6}},\"iconOrientation\":{\"type\":\"STATIC\",\"options\":{\"orientation\":0}},\"labelText\":{\"type\":\"STATIC\",\"options\":{\"value\":\"\"}},\"labelColor\":{\"type\":\"STATIC\",\"options\":{\"color\":\"#000000\"}},\"labelSize\":{\"type\":\"STATIC\",\"options\":{\"size\":14}},\"labelBorderColor\":{\"type\":\"STATIC\",\"options\":{\"color\":\"#FFFFFF\"}},\"symbolizeAs\":{\"options\":{\"value\":\"circle\"}},\"labelBorderSize\":{\"options\":{\"size\":\"SMALL\"}}},\"isTimeAware\":true},\"id\":\"279da950-e9a7-4287-ab37-25906e448455\",\"label\":\"Source Locations\",\"minZoom\":0,\"maxZoom\":24,\"alpha\":0.75,\"visible\":true,\"type\":\"VECTOR\",\"joins\":[],\"query\":{\"query\":\"event.dataset:googlecloud.audit\",\"language\":\"kuery\"}}]",
                "mapStateJSON": "{\"zoom\":1.97,\"center\":{\"lon\":0,\"lat\":19.94277},\"timeFilters\":{\"from\":\"now-7d\",\"to\":\"now\"},\"refreshConfig\":{\"isPaused\":false,\"interval\":0},\"query\":{\"query\":\"\",\"language\":\"kuery\"},\"filters\":[]}",
                "title": "Audit Source Locations [Filebeat GoogleCloud]",
                "uiStateJSON": "{\"isLayerTOCOpen\": true, \"openTOCDetails\": []}"
            },
            "id": "a97de660-73a5-11ea-a345-f985c61fe654",
            "references": [
                {
                    "id": "filebeat-*",
                    "name": "layer_1_source_index_pattern",
                    "type": "index-pattern"
                }
            ],
            "type": "map",
            "updated_at": "2020-03-31T23:16:33.861Z",
            "version": "WzE1MDksM10="
        },
        {
            "attributes": {
                "description": "",
                "kibanaSavedObjectMeta": {
                    "searchSourceJSON": "{\"query\": {\"query\": \"\", \"language\": \"kuery\"}, \"filter\": []}"
                },
                "savedSearchRefName": "search_0",
                "title": "Audit Events Outcome over time [Filebeat GoogleCloud]",
                "uiStateJSON": "{}",
                "version": 1,
                "visState": "{\"params\": {\"addLegend\": true, \"categoryAxes\": [{\"title\": {}, \"position\": \"bottom\", \"scale\": {\"type\": \"linear\"}, \"labels\": {\"truncate\": 100, \"show\": true, \"filter\": true}, \"type\": \"category\", \"id\": \"CategoryAxis-1\", \"style\": {}, \"show\": true}], \"seriesParams\": [{\"valueAxis\": \"ValueAxis-1\", \"mode\": \"stacked\", \"showCircles\": true, \"lineWidth\": 2, \"data\": {\"label\": \"Count\", \"id\": \"1\"}, \"type\": \"histogram\", \"drawLinesBetweenPoints\": true, \"show\": true}], \"legendPosition\": \"right\", \"labels\": {\"show\": false}, \"times\": [], \"thresholdLine\": {\"color\": \"#E7664C\", \"width\": 1, \"value\": 10, \"show\": false, \"style\": \"full\"}, \"grid\": {\"categoryLines\": false}, \"valueAxes\": [{\"title\": {\"text\": \"Count\"}, \"position\": \"left\", \"name\": \"LeftAxis-1\", \"scale\": {\"type\": \"linear\", \"mode\": \"normal\"}, \"labels\": {\"show\": true, \"truncate\": 100, \"rotate\": 0, \"filter\": false}, \"type\": \"value\", \"id\": \"ValueAxis-1\", \"style\": {}, \"show\": true}], \"type\": \"histogram\", \"addTooltip\": true, \"addTimeMarker\": false}, \"title\": \"Audit Event Outcome over time [Filebeat GoogleCloud]\", \"type\": \"histogram\", \"aggs\": [{\"params\": {}, \"schema\": \"metric\", \"type\": \"count\", \"enabled\": true, \"id\": \"1\"}, {\"params\": {\"field\": \"@timestamp\", \"extended_bounds\": {}, \"interval\": \"auto\", \"scaleMetricValues\": false, \"useNormalizedEsInterval\": true, \"min_doc_count\": 1, \"timeRange\": {\"to\": \"now\", \"from\": \"now-7d\"}, \"drop_partials\": false}, \"schema\": \"segment\", \"type\": \"date_histogram\", \"enabled\": true, \"id\": \"2\"}, {\"params\": {\"field\": \"event.outcome\", \"missingBucket\": true, \"order\": \"desc\", \"missingBucketLabel\": \"[unknown]\", \"size\": 5, \"otherBucketLabel\": \"Other\", \"orderBy\": \"1\", \"otherBucket\": false}, \"schema\": \"group\", \"type\": \"terms\", \"enabled\": true, \"id\": \"3\"}]}"
            },
            "id": "4627efa0-73a2-11ea-a345-f985c61fe654",
            "migrationVersion": {
                "visualization": "7.4.2"
            },
            "references": [
                {
                    "id": "d88364c0-73a1-11ea-a345-f985c61fe654",
                    "name": "search_0",
                    "type": "search"
                }
            ],
            "type": "visualization",
            "updated_at": "2020-03-31T22:52:18.713Z",
            "version": "WzE0MjQsM10="
        },
        {
            "attributes": {
                "description": "",
                "kibanaSavedObjectMeta": {
                    "searchSourceJSON": "{\"query\": {\"query\": \"\", \"language\": \"kuery\"}, \"filter\": []}"
                },
                "savedSearchRefName": "search_0",
                "title": "Audit Event Action [Filebeat GoogleCloud]",
                "uiStateJSON": "{}",
                "version": 1,
                "visState": "{\"params\": {\"addLegend\": true, \"addTooltip\": true, \"legendPosition\": \"right\", \"isDonut\": true, \"type\": \"pie\", \"labels\": {\"truncate\": 100, \"values\": true, \"last_level\": true, \"show\": false}}, \"title\": \"Audit Event Action [Filebeat GoogleCloud]\", \"type\": \"pie\", \"aggs\": [{\"params\": {}, \"schema\": \"metric\", \"type\": \"count\", \"enabled\": true, \"id\": \"1\"}, {\"params\": {\"field\": \"event.action\", \"missingBucket\": false, \"order\": \"desc\", \"missingBucketLabel\": \"Missing\", \"size\": 20, \"otherBucketLabel\": \"Other\", \"orderBy\": \"1\", \"otherBucket\": false}, \"schema\": \"segment\", \"type\": \"terms\", \"enabled\": true, \"id\": \"2\"}]}"
            },
            "id": "eb5bf570-73a2-11ea-a345-f985c61fe654",
            "migrationVersion": {
                "visualization": "7.4.2"
            },
            "references": [
                {
                    "id": "d88364c0-73a1-11ea-a345-f985c61fe654",
                    "name": "search_0",
                    "type": "search"
                }
            ],
            "type": "visualization",
            "updated_at": "2020-03-31T22:56:55.878Z",
            "version": "WzE0MzgsM10="
        },
        {
            "attributes": {
                "description": "",
                "kibanaSavedObjectMeta": {
                    "searchSourceJSON": "{\"query\": {\"query\": \"\", \"language\": \"kuery\"}, \"filter\": []}"
                },
                "savedSearchRefName": "search_0",
                "title": "Audit Top User Email [Filebeat GoogleCloud]",
                "uiStateJSON": "{}",
                "version": 1,
                "visState": "{\"params\": {\"showLabel\": true, \"scale\": \"linear\", \"orientation\": \"single\", \"minFontSize\": 18, \"maxFontSize\": 72}, \"title\": \"Audit Top User Email [Filebeat GoogleCloud]\", \"type\": \"tagcloud\", \"aggs\": [{\"params\": {}, \"schema\": \"metric\", \"type\": \"count\", \"enabled\": true, \"id\": \"1\"}, {\"params\": {\"field\": \"user.email\", \"missingBucket\": false, \"order\": \"desc\", \"missingBucketLabel\": \"Missing\", \"size\": 15, \"otherBucketLabel\": \"Other\", \"orderBy\": \"1\", \"otherBucket\": false}, \"schema\": \"segment\", \"type\": \"terms\", \"enabled\": true, \"id\": \"2\"}]}"
            },
            "id": "33ee1320-73a5-11ea-a345-f985c61fe654",
            "migrationVersion": {
                "visualization": "7.4.2"
            },
            "references": [
                {
                    "id": "d88364c0-73a1-11ea-a345-f985c61fe654",
                    "name": "search_0",
                    "type": "search"
                }
            ],
            "type": "visualization",
            "updated_at": "2020-03-31T23:13:16.626Z",
            "version": "WzE0OTQsM10="
        },
        {
            "attributes": {
                "description": "",
                "kibanaSavedObjectMeta": {
                    "searchSourceJSON": "{\"query\": {\"query\": \"\", \"language\": \"kuery\"}, \"filter\": []}"
                },
                "savedSearchRefName": "search_0",
                "title": "Audit User Agent [Filebeat GoogleCloud]",
                "uiStateJSON": "{}",
                "version": 1,
                "visState": "{\"params\": {\"addLegend\": true, \"addTooltip\": true, \"legendPosition\": \"right\", \"isDonut\": true, \"type\": \"pie\", \"labels\": {\"truncate\": 100, \"values\": true, \"last_level\": true, \"show\": false}}, \"title\": \"Audit User Agent [Filebeat GoogleCloud]\", \"type\": \"pie\", \"aggs\": [{\"params\": {}, \"schema\": \"metric\", \"type\": \"count\", \"enabled\": true, \"id\": \"1\"}, {\"params\": {\"field\": \"user_agent.name\", \"missingBucket\": false, \"order\": \"desc\", \"missingBucketLabel\": \"Missing\", \"size\": 20, \"otherBucketLabel\": \"Other\", \"orderBy\": \"1\", \"otherBucket\": false}, \"schema\": \"segment\", \"type\": \"terms\", \"enabled\": true, \"id\": \"2\"}]}"
            },
            "id": "a8e40240-73a3-11ea-a345-f985c61fe654",
            "migrationVersion": {
                "visualization": "7.4.2"
            },
            "references": [
                {
                    "id": "d88364c0-73a1-11ea-a345-f985c61fe654",
                    "name": "search_0",
                    "type": "search"
                }
            ],
            "type": "visualization",
            "updated_at": "2020-03-31T23:02:13.859Z",
            "version": "WzE0NTksM10="
        },
        {
            "attributes": {
                "description": "",
                "kibanaSavedObjectMeta": {
                    "searchSourceJSON": "{\"query\": {\"query\": \"\", \"language\": \"kuery\"}, \"filter\": []}"
                },
                "savedSearchRefName": "search_0",
                "title": "Audit Resource Name [Filebeat GoogleCloud]",
                "uiStateJSON": "{}",
                "version": 1,
                "visState": "{\"params\": {\"addLegend\": true, \"addTooltip\": true, \"legendPosition\": \"right\", \"isDonut\": true, \"type\": \"pie\", \"labels\": {\"truncate\": 100, \"values\": true, \"last_level\": true, \"show\": false}}, \"title\": \"Audit Resource Name [Filebeat GoogleCloud]\", \"type\": \"pie\", \"aggs\": [{\"params\": {}, \"schema\": \"metric\", \"type\": \"count\", \"enabled\": true, \"id\": \"1\"}, {\"params\": {\"field\": \"googlecloud.audit.resource_name\", \"missingBucket\": false, \"order\": \"desc\", \"missingBucketLabel\": \"Missing\", \"size\": 20, \"otherBucketLabel\": \"Other\", \"orderBy\": \"1\", \"otherBucket\": false}, \"schema\": \"segment\", \"type\": \"terms\", \"enabled\": true, \"id\": \"2\"}]}"
            },
            "id": "6d90d320-73a4-11ea-a345-f985c61fe654",
            "migrationVersion": {
                "visualization": "7.4.2"
            },
            "references": [
                {
                    "id": "d88364c0-73a1-11ea-a345-f985c61fe654",
                    "name": "search_0",
                    "type": "search"
                }
            ],
            "type": "visualization",
            "updated_at": "2020-03-31T23:07:43.826Z",
            "version": "WzE0NzEsM10="
        },
        {
            "attributes": {
                "columns": [
                    "user.email",
                    "service.name",
                    "googlecloud.audit.type",
                    "event.action",
                    "event.outcome",
                    "source.ip",
                    "source.geo.region_name"
                ],
                "description": "",
                "hits": 0,
                "kibanaSavedObjectMeta": {
                    "searchSourceJSON": "{\"version\": true, \"query\": {\"query\": \"\", \"language\": \"kuery\"}, \"highlightAll\": true, \"indexRefName\": \"kibanaSavedObjectMeta.searchSourceJSON.index\", \"filter\": [{\"query\": {\"match_phrase\": {\"event.dataset\": \"googlecloud.audit\"}}, \"meta\": {\"negate\": false, \"key\": \"event.dataset\", \"disabled\": false, \"params\": {\"query\": \"googlecloud.audit\"}, \"alias\": null, \"type\": \"phrase\", \"indexRefName\": \"kibanaSavedObjectMeta.searchSourceJSON.filter[0].meta.index\"}, \"$state\": {\"store\": \"appState\"}}]}"
                },
                "sort": [],
                "title": "Audit [Filebeat GoogleCloud]",
                "version": 1
            },
            "id": "d88364c0-73a1-11ea-a345-f985c61fe654",
            "migrationVersion": {
                "search": "7.4.0"
            },
            "references": [
                {
                    "id": "filebeat-*",
                    "name": "kibanaSavedObjectMeta.searchSourceJSON.index",
                    "type": "index-pattern"
                },
                {
                    "id": "filebeat-*",
                    "name": "kibanaSavedObjectMeta.searchSourceJSON.filter[0].meta.index",
                    "type": "index-pattern"
                }
            ],
            "type": "search",
            "updated_at": "2020-03-31T22:49:14.763Z",
            "version": "WzE0MTUsM10="
        }
    ],
    "version": "8.0.0-SNAPSHOT"
}