{
    "objects": [
        {
            "attributes": {
                "description": "",
                "kibanaSavedObjectMeta": {
                    "searchSourceJSON": "{\"index\": \"filebeat-*\", \"query\": {\"query\": \"\", \"language\": \"kuery\"}, \"filter\": []}"
                },
                "title": "Browsers breakdown [Filebeat Nginx] ECS",
                "uiStateJSON": "{}",
                "version": 1,
                "visState": "{\"listeners\": {}, \"params\": {\"addLegend\": true, \"legendPosition\": \"bottom\", \"isDonut\": true, \"shareYAxis\": true, \"addTooltip\": true}, \"type\": \"pie\", \"aggs\": [{\"params\": {}, \"schema\": \"metric\", \"type\": \"count\", \"enabled\": true, \"id\": \"1\"}, {\"params\": {\"field\": \"user_agent.name\", \"orderBy\": \"1\", \"order\": \"desc\", \"size\": 5}, \"schema\": \"segment\", \"type\": \"terms\", \"enabled\": true, \"id\": \"2\"}, {\"params\": {\"field\": \"user_agent.version\", \"orderBy\": \"1\", \"order\": \"desc\", \"size\": 5}, \"schema\": \"segment\", \"type\": \"terms\", \"enabled\": true, \"id\": \"3\"}], \"title\": \"Nginx Access Browsers ECS\"}"
            },
            "id": "Nginx-Access-Browsers-ecs",
            "type": "visualization",
            "version": 1
        },
        {
            "attributes": {
                "description": "",
                "kibanaSavedObjectMeta": {
                    "searchSourceJSON": "{\"index\": \"filebeat-*\", \"query\": {\"query\": \"\", \"language\": \"kuery\"}, \"filter\": []}"
                },
                "title": "Operating systems breakdown [Filebeat Nginx] ECS",
                "uiStateJSON": "{}",
                "version": 1,
                "visState": "{\"listeners\": {}, \"params\": {\"addLegend\": true, \"legendPosition\": \"bottom\", \"isDonut\": true, \"shareYAxis\": true, \"addTooltip\": true}, \"type\": \"pie\", \"aggs\": [{\"params\": {}, \"schema\": \"metric\", \"type\": \"count\", \"enabled\": true, \"id\": \"1\"}, {\"params\": {\"field\": \"user_agent.os.name\", \"orderBy\": \"1\", \"order\": \"desc\", \"size\": 5}, \"schema\": \"segment\", \"type\": \"terms\", \"enabled\": true, \"id\": \"2\"}, {\"params\": {\"field\": \"user_agent.os.version\", \"orderBy\": \"1\", \"order\": \"desc\", \"size\": 5}, \"schema\": \"segment\", \"type\": \"terms\", \"enabled\": true, \"id\": \"3\"}], \"title\": \"Nginx Access OSes ECS\"}"
            },
            "id": "Nginx-Access-OSes-ecs",
            "type": "visualization",
            "version": 1
        },
        {
            "attributes": {
                "description": "",
                "kibanaSavedObjectMeta": {
                    "searchSourceJSON": "{\"filter\": []}"
                },
                "savedSearchId": "Filebeat-Nginx-module-ecs",
                "title": "Access Map [Filebeat Nginx] ECS",
                "uiStateJSON": "{\"mapCenter\": [12.039320557540572, -0.17578125]}",
                "version": 1,
                "visState": "{\"listeners\": {}, \"params\": {\"mapZoom\": 2, \"heatMaxZoom\": 16, \"isDesaturated\": true, \"addTooltip\": true, \"legendPosition\": \"bottomright\", \"heatRadius\": 25, \"mapType\": \"Scaled Circle Markers\", \"heatBlur\": 15, \"heatMinOpacity\": 0.1, \"heatNormalizeData\": true, \"wms\": {\"options\": {\"transparent\": true, \"layers\": \"0\", \"version\": \"1.3.0\", \"format\": \"image/png\", \"styles\": \"\", \"attribution\": \"Maps provided by USGS\"}, \"enabled\": false, \"url\": \"https://basemap.nationalmap.gov/arcgis/services/USGSTopo/MapServer/WMSServer\"}, \"mapCenter\": [15, 5]}, \"type\": \"tile_map\", \"aggs\": [{\"params\": {}, \"schema\": \"metric\", \"type\": \"count\", \"enabled\": true, \"id\": \"1\"}, {\"params\": {\"field\": \"source.geo.location\", \"autoPrecision\": true}, \"schema\": \"segment\", \"type\": \"geohash_grid\", \"enabled\": true, \"id\": \"2\"}], \"title\": \"Nginx Access Map ECS\"}"
            },
            "id": "Nginx-Access-Map-ecs",
            "type": "visualization",
            "version": 1
        },
        {
            "attributes": {
                "description": "",
                "kibanaSavedObjectMeta": {
                    "searchSourceJSON": "{}"
                },
                "title": "Response codes over time [Filebeat Nginx] ECS",
                "uiStateJSON": "{}",
                "version": 1,
                "visState": "{\"params\": {\"axis_position\": \"left\", \"show_grid\": 1, \"type\": \"timeseries\", \"index_pattern\": \"filebeat-*\", \"id\": \"61ca57f0-469d-11e7-af02-69e470af7417\", \"legend_position\": \"bottom\", \"filter\": \"event.module:nginx AND fileset.name:access\", \"series\": [{\"label\": \"\", \"color\": \"#68BC00\", \"axis_position\": \"right\", \"fill\": 0.5, \"formatter\": \"number\", \"split_mode\": \"filters\", \"seperate_axis\": 0, \"terms_order_by\": \"61ca57f2-469d-11e7-af02-69e470af7417\", \"id\": \"61ca57f1-469d-11e7-af02-69e470af7417\", \"line_width\": 1, \"chart_type\": \"bar\", \"terms_field\": \"http.response.status_code\", \"stacked\": \"stacked\", \"point_size\": 1, \"split_filters\": [{\"color\": \"#68BC00\", \"label\": \"200s\", \"id\": \"5acdc750-a29d-11e7-a062-a1c3587f4874\", \"filter\": \"http.response.status_code:[200 TO 299]\"}, {\"color\": \"rgba(252,196,0,1)\", \"label\": \"300s\", \"id\": \"6efd2ae0-a29d-11e7-a062-a1c3587f4874\", \"filter\": \"http.response.status_code:[300 TO 399]\"}, {\"color\": \"rgba(211,49,21,1)\", \"label\": \"400s\", \"id\": \"76089a90-a29d-11e7-a062-a1c3587f4874\", \"filter\": \"http.response.status_code:[400 TO 499]\"}, {\"color\": \"rgba(171,20,158,1)\", \"label\": \"500s\", \"id\": \"7c7929d0-a29d-11e7-a062-a1c3587f4874\", \"filter\": \"http.response.status_code:[500 TO 599]\"}], \"metrics\": [{\"type\": \"count\", \"id\": \"61ca57f2-469d-11e7-af02-69e470af7417\"}]}], \"interval\": \"auto\", \"time_field\": \"@timestamp\", \"show_legend\": 1, \"axis_formatter\": \"number\"}, \"title\": \"Response codes over time [Filebeat Nginx] ECS\", \"type\": \"metrics\", \"aggs\": []}"
            },
            "id": "b70b1b20-a1f4-11e7-928f-5dbe6f6f5519-ecs",
            "type": "visualization",
            "version": 7
        },
        {
            "attributes": {
                "description": "",
                "kibanaSavedObjectMeta": {
                    "searchSourceJSON": "{}"
                },
                "title": "Top pages [Filebeat Nginx] ECS",
                "uiStateJSON": "{}",
                "version": 1,
                "visState": "{\"params\": {\"axis_position\": \"left\", \"show_grid\": 1, \"type\": \"top_n\", \"index_pattern\": \"filebeat-*\", \"id\": \"61ca57f0-469d-11e7-af02-69e470af7417\", \"filter\": \"event.module:nginx AND fileset.name:access\", \"show_legend\": 1, \"series\": [{\"color\": \"#68BC00\", \"axis_position\": \"right\", \"fill\": 0.5, \"value_template\": \"\", \"formatter\": \"number\", \"split_mode\": \"terms\", \"seperate_axis\": 0, \"terms_order_by\": \"61ca57f2-469d-11e7-af02-69e470af7417\", \"id\": \"61ca57f1-469d-11e7-af02-69e470af7417\", \"line_width\": 1, \"chart_type\": \"line\", \"terms_field\": \"url.original\", \"stacked\": \"none\", \"point_size\": 1, \"metrics\": [{\"type\": \"count\", \"id\": \"61ca57f2-469d-11e7-af02-69e470af7417\"}]}], \"interval\": \"auto\", \"bar_color_rules\": [{\"id\": \"6252c320-a1f5-11e7-92ba-5d0b8663aece\"}], \"time_field\": \"@timestamp\", \"axis_formatter\": \"number\"}, \"title\": \"Top pages [Filebeat Nginx] ECS\", \"type\": \"metrics\", \"aggs\": []}"
            },
            "id": "9184fa00-a1f5-11e7-928f-5dbe6f6f5519-ecs",
            "type": "visualization",
            "version": 3
        },
        {
            "attributes": {
                "description": "",
                "kibanaSavedObjectMeta": {
                    "searchSourceJSON": "{}"
                },
                "title": "Errors over time [Filebeat Nginx] ECS",
                "uiStateJSON": "{}",
                "version": 1,
                "visState": "{\"params\": {\"axis_position\": \"left\", \"show_grid\": 1, \"type\": \"timeseries\", \"index_pattern\": \"filebeat-*\", \"id\": \"61ca57f0-469d-11e7-af02-69e470af7417\", \"legend_position\": \"bottom\", \"filter\": \"event.module:nginx AND fileset.name:error\", \"series\": [{\"color\": \"rgba(211,49,21,1)\", \"axis_position\": \"right\", \"fill\": 0.5, \"formatter\": \"number\", \"split_mode\": \"terms\", \"seperate_axis\": 0, \"terms_order_by\": \"61ca57f2-469d-11e7-af02-69e470af7417\", \"id\": \"61ca57f1-469d-11e7-af02-69e470af7417\", \"line_width\": 1, \"chart_type\": \"bar\", \"terms_field\": \"log.level\", \"stacked\": \"none\", \"point_size\": 1, \"metrics\": [{\"type\": \"count\", \"id\": \"61ca57f2-469d-11e7-af02-69e470af7417\"}]}], \"interval\": \"auto\", \"time_field\": \"@timestamp\", \"show_legend\": 1, \"axis_formatter\": \"number\"}, \"title\": \"Errors over time [Filebeat Nginx] ECS\", \"type\": \"metrics\", \"aggs\": []}"
            },
            "id": "46322e50-a1f6-11e7-928f-5dbe6f6f5519-ecs",
            "type": "visualization",
            "version": 5
        },
        {
            "attributes": {
                "description": "",
                "kibanaSavedObjectMeta": {
                    "searchSourceJSON": "{}"
                },
                "title": "Data Volume [Filebeat Nginx] ECS",
                "uiStateJSON": "{}",
                "version": 1,
                "visState": "{\"params\": {\"axis_position\": \"left\", \"show_grid\": 1, \"type\": \"timeseries\", \"index_pattern\": \"filebeat-*\", \"id\": \"61ca57f0-469d-11e7-af02-69e470af7417\", \"legend_position\": \"bottom\", \"filter\": \"event.module: nginx AND fileset.name: access\", \"series\": [{\"label\": \"\", \"color\": \"#68BC00\", \"axis_position\": \"right\", \"fill\": 0.5, \"formatter\": \"bytes\", \"split_mode\": \"everything\", \"seperate_axis\": 0, \"id\": \"61ca57f1-469d-11e7-af02-69e470af7417\", \"line_width\": 1, \"chart_type\": \"line\", \"terms_field\": null, \"stacked\": \"none\", \"point_size\": 1, \"split_filters\": [{\"color\": \"#68BC00\", \"label\": \"200s\", \"id\": \"7c343c20-a29e-11e7-a062-a1c3587f4874\", \"filter\": \"http.response.status_code:[200 TO 299]\"}], \"metrics\": [{\"field\": \"http.response.body.bytes\", \"type\": \"sum\", \"id\": \"61ca57f2-469d-11e7-af02-69e470af7417\"}]}], \"interval\": \"auto\", \"time_field\": \"@timestamp\", \"show_legend\": 1, \"axis_formatter\": \"number\"}, \"title\": \"Data Volume [Filebeat Nginx] ECS\", \"type\": \"metrics\", \"aggs\": []}"
            },
            "id": "0dd6f320-a29f-11e7-928f-5dbe6f6f5519-ecs",
            "type": "visualization",
            "version": 2
        },
        {
            "attributes": {
                "description": "",
                "kibanaSavedObjectMeta": {
                    "searchSourceJSON": "{}"
                },
                "title": "Dashboards [Filebeat Nginx] ECS",
                "uiStateJSON": "{}",
                "version": 1,
                "visState": "{\"params\": {\"markdown\": \"[Nginx logs overview](#/dashboard/55a9e6e0-a29e-11e7-928f-5dbe6f6f5519-ecs) | [Nginx access and error logs](#/dashboard/046212a0-a2a1-11e7-928f-5dbe6f6f5519-ecs)\", \"fontSize\": 12}, \"title\": \"Dashboards [Filebeat Nginx] ECS\", \"type\": \"markdown\", \"aggs\": []}"
            },
            "id": "97109780-a2a5-11e7-928f-5dbe6f6f5519-ecs",
            "type": "visualization",
            "version": 1
        },
        {
            "attributes": {
                "columns": [
                    "url.original",
                    "http.request.method",
                    "http.response.status_code",
                    "http.request.referrer",
                    "http.response.body.bytes"
                ],
                "description": "",
                "hits": 0,
                "kibanaSavedObjectMeta": {
                    "searchSourceJSON": "{\"highlight\": {\"pre_tags\": [\"@kibana-highlighted-field@\"], \"require_field_match\": false, \"fields\": {\"*\": {}}, \"post_tags\": [\"@/kibana-highlighted-field@\"], \"fragment_size\": 2147483647}, \"highlightAll\": true, \"version\": true, \"index\": \"filebeat-*\", \"query\": {\"query\": \"event.module:nginx\", \"language\": \"kuery\"}, \"filter\": []}"
                },
                "sort": [
                    "@timestamp",
                    "desc"
                ],
                "title": "Nginx logs [Filebeat Nginx] ECS",
                "version": 1
            },
            "id": "Filebeat-Nginx-module-ecs",
            "type": "search",
            "version": 2
        },
        {
            "attributes": {
                "description": "Dashboard for the Filebeat Nginx module",
                "hits": 0,
                "kibanaSavedObjectMeta": {
                    "searchSourceJSON": "{\"version\": true, \"query\": {\"query\": \"\", \"language\": \"kuery\"}, \"highlightAll\": true, \"filter\": []}"
                },
                "optionsJSON": "{\"darkTheme\": false}",
                "panelsJSON": "[{\"size_y\": 3, \"panelIndex\": 3, \"row\": 12, \"col\": 10, \"type\": \"visualization\", \"size_x\": 3, \"id\": \"Nginx-Access-Browsers-ecs\"}, {\"size_y\": 3, \"panelIndex\": 4, \"row\": 12, \"col\": 7, \"type\": \"visualization\", \"size_x\": 3, \"id\": \"Nginx-Access-OSes-ecs\"}, {\"size_y\": 4, \"panelIndex\": 8, \"row\": 2, \"col\": 1, \"type\": \"visualization\", \"size_x\": 12, \"id\": \"Nginx-Access-Map-ecs\"}, {\"size_y\": 3, \"panelIndex\": 13, \"row\": 6, \"col\": 1, \"type\": \"visualization\", \"size_x\": 12, \"id\": \"b70b1b20-a1f4-11e7-928f-5dbe6f6f5519-ecs\"}, {\"size_y\": 3, \"panelIndex\": 14, \"row\": 9, \"col\": 7, \"type\": \"visualization\", \"size_x\": 6, \"id\": \"9184fa00-a1f5-11e7-928f-5dbe6f6f5519-ecs\"}, {\"size_y\": 3, \"panelIndex\": 15, \"row\": 9, \"col\": 1, \"type\": \"visualization\", \"size_x\": 6, \"id\": \"46322e50-a1f6-11e7-928f-5dbe6f6f5519-ecs\"}, {\"size_y\": 3, \"panelIndex\": 16, \"row\": 12, \"col\": 1, \"type\": \"visualization\", \"size_x\": 6, \"id\": \"0dd6f320-a29f-11e7-928f-5dbe6f6f5519-ecs\"}, {\"size_y\": 1, \"panelIndex\": 17, \"row\": 1, \"col\": 1, \"type\": \"visualization\", \"size_x\": 12, \"id\": \"97109780-a2a5-11e7-928f-5dbe6f6f5519-ecs\"}]",
                "timeRestore": false,
                "title": "[Filebeat Nginx] Overview ECS",
                "uiStateJSON": "{\"P-8\": {\"mapCollar\": {\"top_left\": {\"lat\": 90, \"lon\": -180}, \"zoom\": 2, \"bottom_right\": {\"lat\": -49.583095, \"lon\": 180}}, \"mapZoom\": 2, \"mapBounds\": {\"top_left\": {\"lat\": 77.07878389624943, \"lon\": -245.74218750000003}, \"bottom_right\": {\"lat\": -7.362466865535738, \"lon\": 245.39062500000003}}, \"mapCenter\": [50.51342652633956, -0.17578125]}, \"P-4\": {\"vis\": {\"legendOpen\": true}}}",
                "version": 1
            },
            "id": "55a9e6e0-a29e-11e7-928f-5dbe6f6f5519-ecs",
            "type": "dashboard",
            "version": 6
        }
    ],
    "version": "6.0.0-beta2"
}