{
    "objects": [
        {
            "attributes": {
                "description": "Overview dashboard for Filebeat MSIP module.",
                "hits": 0,
                "kibanaSavedObjectMeta": {
                    "searchSourceJSON": "{\"query\": {\"query\": \"\", \"language\": \"kuery\"}, \"filter\": []}"
                },
                "optionsJSON": "{\"useMargins\": true, \"hidePanelTitles\": false}",
                "panelsJSON": "[{\"version\": \"8.0.0-SNAPSHOT\", \"panelIndex\": \"1\", \"gridData\": {\"y\": 0, \"i\": \"1\", \"h\": 15, \"w\": 24, \"x\": 0}, \"embeddableConfig\": {}, \"panelRefName\": \"panel_0\"}, {\"version\": \"8.0.0-SNAPSHOT\", \"panelIndex\": \"2\", \"gridData\": {\"y\": 0, \"i\": \"2\", \"h\": 15, \"w\": 24, \"x\": 24}, \"embeddableConfig\": {}, \"panelRefName\": \"panel_1\"}, {\"version\": \"8.0.0-SNAPSHOT\", \"panelIndex\": \"3\", \"gridData\": {\"y\": 15, \"i\": \"3\", \"h\": 24, \"w\": 48, \"x\": 0}, \"embeddableConfig\": {\"mapZoom\": 3, \"mapCenter\": [24.686952411999155, 12.128906250000002]}, \"panelRefName\": \"panel_2\"}]",
                "timeRestore": false,
                "title": "[Filebeat MISP] Overview",
                "version": 1
            },
            "id": "c6cac9e0-f105-11e9-9a88-690b10c8ee99",
            "migrationVersion": {
                "dashboard": "7.0.0"
            },
            "references": [
                {
                    "id": "8fc4b140-ed36-11e9-9a88-690b10c8ee99",
                    "name": "panel_0",
                    "type": "visualization"
                },
                {
                    "id": "7d369390-f105-11e9-9a88-690b10c8ee99",
                    "name": "panel_1",
                    "type": "visualization"
                },
                {
                    "id": "73287f70-f1fb-11e9-9a88-690b10c8ee99",
                    "name": "panel_2",
                    "type": "visualization"
                }
            ],
            "type": "dashboard",
            "updated_at": "2019-10-19T18:56:55.244Z",
            "version": "WzM2NCwxNV0="
        },
        {
            "attributes": {
                "description": "",
                "kibanaSavedObjectMeta": {
                    "searchSourceJSON": "{\"query\": {\"query\": \"\", \"language\": \"kuery\"}, \"indexRefName\": \"kibanaSavedObjectMeta.searchSourceJSON.index\", \"filter\": []}"
                },
                "title": "Threat Indicator Type [Filebeat MISP]",
                "uiStateJSON": "{}",
                "version": 1,
                "visState": "{\"params\": {\"addLegend\": true, \"addTooltip\": true, \"legendPosition\": \"right\", \"isDonut\": true, \"type\": \"pie\", \"labels\": {\"truncate\": 100, \"values\": true, \"last_level\": true, \"show\": false}}, \"title\": \"Threat Indicator Type [Filebeat MISP]\", \"type\": \"pie\", \"aggs\": [{\"params\": {}, \"schema\": \"metric\", \"type\": \"count\", \"enabled\": true, \"id\": \"1\"}, {\"params\": {\"field\": \"misp.threat_indicator.type\", \"missingBucket\": false, \"order\": \"desc\", \"missingBucketLabel\": \"Missing\", \"size\": 20, \"otherBucketLabel\": \"Other\", \"orderBy\": \"1\", \"otherBucket\": false}, \"schema\": \"segment\", \"type\": \"terms\", \"enabled\": true, \"id\": \"2\"}]}"
            },
            "id": "8fc4b140-ed36-11e9-9a88-690b10c8ee99",
            "references": [
                {
                    "id": "filebeat-*",
                    "name": "kibanaSavedObjectMeta.searchSourceJSON.index",
                    "type": "index-pattern"
                }
            ],
            "type": "visualization",
            "updated_at": "2019-10-19T19:03:26.386Z",
            "version": "WzM2NSwxNV0="
        },
        {
            "attributes": {
                "description": "",
                "kibanaSavedObjectMeta": {
                    "searchSourceJSON": "{\"query\": {\"query\": \"\", \"language\": \"kuery\"}, \"indexRefName\": \"kibanaSavedObjectMeta.searchSourceJSON.index\", \"filter\": []}"
                },
                "title": "Threat Indicators per Month  [Filebeat MISP]",
                "uiStateJSON": "{}",
                "version": 1,
                "visState": "{\"params\": {\"addLegend\": true, \"seriesParams\": [{\"valueAxis\": \"ValueAxis-1\", \"mode\": \"stacked\", \"showCircles\": true, \"data\": {\"label\": \"Indicators Per Month\", \"id\": \"1\"}, \"type\": \"histogram\", \"drawLinesBetweenPoints\": true, \"show\": \"true\"}], \"grid\": {\"categoryLines\": false}, \"categoryAxes\": [{\"title\": {}, \"position\": \"bottom\", \"scale\": {\"type\": \"linear\"}, \"labels\": {\"truncate\": 100, \"show\": true}, \"type\": \"category\", \"id\": \"CategoryAxis-1\", \"style\": {}, \"show\": true}], \"addTooltip\": true, \"legendPosition\": \"right\", \"type\": \"histogram\", \"times\": [], \"valueAxes\": [{\"title\": {\"text\": \"Indicators Per Month\"}, \"position\": \"left\", \"name\": \"LeftAxis-1\", \"scale\": {\"type\": \"linear\", \"mode\": \"normal\"}, \"labels\": {\"show\": true, \"truncate\": 100, \"rotate\": 0, \"filter\": false}, \"type\": \"value\", \"id\": \"ValueAxis-1\", \"style\": {}, \"show\": true}], \"addTimeMarker\": false}, \"title\": \"Threat Indicators per Month  [Filebeat MISP]\", \"type\": \"histogram\", \"aggs\": [{\"params\": {\"customLabel\": \"Indicators Per Month\"}, \"schema\": \"metric\", \"type\": \"count\", \"enabled\": true, \"id\": \"1\"}, {\"params\": {\"field\": \"@timestamp\", \"extended_bounds\": {}, \"interval\": \"M\", \"useNormalizedEsInterval\": true, \"time_zone\": \"America/Los_Angeles\", \"customInterval\": \"2h\", \"min_doc_count\": 1, \"timeRange\": {\"to\": \"now\", \"from\": \"now-15M\"}, \"drop_partials\": false}, \"schema\": \"segment\", \"type\": \"date_histogram\", \"enabled\": true, \"id\": \"2\"}, {\"params\": {\"field\": \"misp.threat_indicator.type\", \"missingBucket\": false, \"order\": \"desc\", \"missingBucketLabel\": \"Missing\", \"size\": 10, \"otherBucketLabel\": \"Other\", \"orderBy\": \"1\", \"otherBucket\": false}, \"schema\": \"group\", \"type\": \"terms\", \"enabled\": true, \"id\": \"3\"}]}"
            },
            "id": "7d369390-f105-11e9-9a88-690b10c8ee99",
            "references": [
                {
                    "id": "filebeat-*",
                    "name": "kibanaSavedObjectMeta.searchSourceJSON.index",
                    "type": "index-pattern"
                }
            ],
            "type": "visualization",
            "updated_at": "2019-10-19T19:03:46.399Z",
            "version": "WzM2NiwxNV0="
        },
        {
            "attributes": {
                "description": "",
                "kibanaSavedObjectMeta": {
                    "searchSourceJSON": "{\"query\": {\"query\": \"\", \"language\": \"kuery\"}, \"indexRefName\": \"kibanaSavedObjectMeta.searchSourceJSON.index\", \"filter\": []}"
                },
                "title": "Threat Indicator Geo Map [Filebeat MISP]",
                "uiStateJSON": "{\"mapZoom\": 2, \"mapCenter\": [-0.17578097424708533, 0]}",
                "version": 1,
                "visState": "{\"params\": {\"mapZoom\": 2, \"mapCenter\": [0, 0], \"heatClusterSize\": 1.5, \"addTooltip\": true, \"legendPosition\": \"bottomright\", \"colorSchema\": \"Yellow to Red\", \"wms\": {\"options\": {\"format\": \"image/png\", \"transparent\": true}, \"enabled\": false, \"selectedTmsLayer\": {\"attribution\": \"<p>&#169; <a href=\\\"https://www.openstreetmap.org/copyright\\\">OpenStreetMap contributors</a>|<a href=\\\"https://openmaptiles.org\\\">OpenMapTiles</a>|<a href=\\\"https://www.maptiler.com\\\">MapTiler</a>|<a href=\\\"https://www.elastic.co/elastic-maps-service\\\">Elastic Maps Service</a></p>&#10;\", \"maxZoom\": 18, \"id\": \"road_map\", \"minZoom\": 0, \"origin\": \"elastic_maps_service\"}}, \"isDesaturated\": true, \"mapType\": \"Scaled Circle Markers\"}, \"title\": \"Threat Indicator Geo Map [Filebeat MISP]\", \"type\": \"tile_map\", \"aggs\": [{\"params\": {}, \"schema\": \"metric\", \"type\": \"count\", \"enabled\": true, \"id\": \"1\"}, {\"params\": {\"mapZoom\": 4, \"field\": \"source.geo.location\", \"mapBounds\": {\"top_left\": {\"lat\": 42.35854391749705, \"lon\": -60.99609375000001}, \"bottom_right\": {\"lat\": -42.68243539838622, \"lon\": 60.99609375000001}}, \"isFilteredByCollar\": true, \"precision\": 2, \"useGeocentroid\": true, \"mapCenter\": {\"lat\": -0.17578097424708533, \"lon\": 0}, \"autoPrecision\": true}, \"schema\": \"segment\", \"type\": \"geohash_grid\", \"enabled\": true, \"id\": \"2\"}]}"
            },
            "id": "73287f70-f1fb-11e9-9a88-690b10c8ee99",
            "references": [
                {
                    "id": "filebeat-*",
                    "name": "kibanaSavedObjectMeta.searchSourceJSON.index",
                    "type": "index-pattern"
                }
            ],
            "type": "visualization",
            "updated_at": "2019-10-19T19:04:04.029Z",
            "version": "WzM2NywxNV0="
        }
    ],
    "version": "8.0.0-SNAPSHOT"
}