{
    "objects": [
        {
            "attributes": {
                "description": "",
                "kibanaSavedObjectMeta": {
                    "searchSourceJSON": "{\"index\": \"filebeat-*\", \"query\": {\"query\": \"\", \"language\": \"kuery\"}, \"filter\": []}"
                },
                "title": "Event types breakdown [Filebeat Auditd] ECS",
                "uiStateJSON": "{}",
                "version": 1,
                "visState": "{\"listeners\": {}, \"params\": {\"addLegend\": true, \"legendPosition\": \"right\", \"isDonut\": true, \"addTooltip\": true}, \"type\": \"pie\", \"aggs\": [{\"params\": {}, \"schema\": \"metric\", \"type\": \"count\", \"enabled\": true, \"id\": \"1\"}, {\"params\": {\"field\": \"event.action\", \"orderBy\": \"1\", \"order\": \"desc\", \"size\": 50}, \"schema\": \"segment\", \"type\": \"terms\", \"enabled\": true, \"id\": \"2\"}], \"title\": \"Audit Event Types ECS\"}"
            },
            "id": "6295bdd0-0a0e-11e7-825f-6748cda7d858-ecs",
            "type": "visualization",
            "version": 2
        },
        {
            "attributes": {
                "description": "",
                "kibanaSavedObjectMeta": {
                    "searchSourceJSON": "{\"index\": \"filebeat-*\", \"query\": {\"query\": \"event.action:EXECVE\", \"language\": \"kuery\"}, \"filter\": []}"
                },
                "title": "Top Exec Commands [Filebeat Auditd] ECS",
                "uiStateJSON": "{\"vis\": {\"params\": {\"sort\": {\"direction\": null, \"columnIndex\": null}}}}",
                "version": 1,
                "visState": "{\"listeners\": {}, \"params\": {\"showPartialRows\": false, \"totalFunc\": \"sum\", \"sort\": {\"direction\": null, \"columnIndex\": null}, \"showMeticsAtAllLevels\": false, \"perPage\": 10, \"showTotal\": false}, \"type\": \"table\", \"aggs\": [{\"params\": {}, \"schema\": \"metric\", \"type\": \"count\", \"enabled\": true, \"id\": \"1\"}, {\"params\": {\"field\": \"auditd.log.a0\", \"orderBy\": \"1\", \"order\": \"desc\", \"customLabel\": \"Command (arg 0)\", \"size\": 30}, \"schema\": \"bucket\", \"type\": \"terms\", \"enabled\": true, \"id\": \"2\"}], \"title\": \"Audit Top Exec Commands ECS\"}"
            },
            "id": "5ebdbe50-0a0f-11e7-825f-6748cda7d858-ecs",
            "type": "visualization",
            "version": 2
        },
        {
            "attributes": {
                "description": "",
                "kibanaSavedObjectMeta": {
                    "searchSourceJSON": "{}"
                },
                "title": "Event Results [Filebeat Auditd] ECS",
                "uiStateJSON": "{}",
                "version": 1,
                "visState": "{\"params\": {\"expression\": \".es(q=\\\"event.dataset:auditd.log NOT event.outcome:failure\\\").label(\\\"Success\\\"), .es(q=\\\"event.outcome:failed\\\").label(\\\"Failure\\\").title(\\\"Audit Event Results\\\")\", \"interval\": \"auto\"}, \"title\": \"Event Results [Filebeat Auditd] ECS\", \"type\": \"timelion\", \"aggs\": []}"
            },
            "id": "2bb0fa70-0a11-11e7-9e84-43da493ad0c7-ecs",
            "type": "visualization",
            "version": 2
        },
        {
            "attributes": {
                "description": "",
                "kibanaSavedObjectMeta": {
                    "searchSourceJSON": "{\"index\": \"filebeat-*\", \"query\": {\"query\": \"\", \"language\": \"kuery\"}, \"filter\": []}"
                },
                "title": "Event Address Geo Location [Filebeat Auditd] ECS",
                "uiStateJSON": "{}",
                "version": 1,
                "visState": "{\"listeners\": {}, \"params\": {\"mapZoom\": 2, \"heatMaxZoom\": 16, \"isDesaturated\": true, \"addTooltip\": true, \"legendPosition\": \"bottomright\", \"heatRadius\": 25, \"mapType\": \"Scaled Circle Markers\", \"heatBlur\": 15, \"heatMinOpacity\": 0.1, \"heatNormalizeData\": true, \"wms\": {\"options\": {\"transparent\": true, \"layers\": \"0\", \"version\": \"1.3.0\", \"format\": \"image/png\", \"styles\": \"\", \"attribution\": \"Maps provided by USGS\"}, \"enabled\": false, \"url\": \"https://basemap.nationalmap.gov/arcgis/services/USGSTopo/MapServer/WMSServer\"}, \"mapCenter\": [15, 5]}, \"type\": \"tile_map\", \"aggs\": [{\"params\": {}, \"schema\": \"metric\", \"type\": \"count\", \"enabled\": true, \"id\": \"1\"}, {\"params\": {\"field\": \"source.geo.location\", \"precision\": 2, \"autoPrecision\": true}, \"schema\": \"segment\", \"type\": \"geohash_grid\", \"enabled\": true, \"id\": \"2\"}], \"title\": \"Audit Event Address Geo Location ECS\"}"
            },
            "id": "d1726930-0a7f-11e7-8b04-eb22a5669f27-ecs",
            "type": "visualization",
            "version": 2
        },
        {
            "attributes": {
                "description": "",
                "kibanaSavedObjectMeta": {
                    "searchSourceJSON": "{\"index\": \"filebeat-*\", \"query\": {\"query\": \"\", \"language\": \"kuery\"}, \"filter\": []}"
                },
                "title": "Event Account Tag Cloud [Filebeat Auditd] ECS",
                "uiStateJSON": "{}",
                "version": 1,
                "visState": "{\"listeners\": {}, \"params\": {\"orientation\": \"single\", \"scale\": \"linear\", \"minFontSize\": 15, \"hideLabel\": false, \"maxFontSize\": 42}, \"type\": \"tagcloud\", \"aggs\": [{\"params\": {}, \"schema\": \"metric\", \"type\": \"count\", \"enabled\": true, \"id\": \"1\"}, {\"params\": {\"field\": \"user.name\", \"orderBy\": \"1\", \"order\": \"desc\", \"size\": 15}, \"schema\": \"segment\", \"type\": \"terms\", \"enabled\": true, \"id\": \"2\"}], \"title\": \"Audit Event Account Tag Cloud ECS\"}"
            },
            "id": "c5411910-0a87-11e7-8b04-eb22a5669f27-ecs",
            "type": "visualization",
            "version": 2
        },
        {
            "attributes": {
                "columns": [
                    "event.action",
                    "auditd.log.sequence",
                    "user.name"
                ],
                "description": "",
                "hits": 0,
                "kibanaSavedObjectMeta": {
                    "searchSourceJSON": "{\"version\": true, \"index\": \"filebeat-*\", \"highlightAll\": true, \"query\": {\"query\": \"event.dataset:auditd.log\", \"language\": \"kuery\"}, \"filter\": []}"
                },
                "sort": [
                    "@timestamp",
                    "desc"
                ],
                "title": "Audit Events [Filebeat Auditd] ECS",
                "version": 1
            },
            "id": "4ac0a370-0a11-11e7-8b04-eb22a5669f27-ecs",
            "type": "search",
            "version": 2
        },
        {
            "attributes": {
                "description": "Dashboard for the Auditd Filebeat module",
                "hits": 0,
                "kibanaSavedObjectMeta": {
                    "searchSourceJSON": "{\"version\": true, \"query\": {\"query\": \"\", \"language\": \"kuery\"}, \"highlightAll\": true, \"filter\": []}"
                },
                "optionsJSON": "{\"darkTheme\": false}",
                "panelsJSON": "[{\"size_y\": 4, \"panelIndex\": 1, \"row\": 1, \"col\": 1, \"type\": \"visualization\", \"size_x\": 4, \"id\": \"6295bdd0-0a0e-11e7-825f-6748cda7d858-ecs\"}, {\"size_y\": 4, \"panelIndex\": 2, \"row\": 1, \"col\": 9, \"type\": \"visualization\", \"size_x\": 4, \"id\": \"5ebdbe50-0a0f-11e7-825f-6748cda7d858-ecs\"}, {\"size_y\": 3, \"panelIndex\": 3, \"row\": 5, \"col\": 1, \"type\": \"visualization\", \"size_x\": 6, \"id\": \"2bb0fa70-0a11-11e7-9e84-43da493ad0c7-ecs\"}, {\"size_y\": 3, \"panelIndex\": 5, \"row\": 5, \"col\": 7, \"type\": \"visualization\", \"size_x\": 6, \"id\": \"d1726930-0a7f-11e7-8b04-eb22a5669f27-ecs\"}, {\"size_y\": 4, \"panelIndex\": 6, \"row\": 1, \"col\": 5, \"type\": \"visualization\", \"size_x\": 4, \"id\": \"c5411910-0a87-11e7-8b04-eb22a5669f27-ecs\"}, {\"size_y\": 3, \"panelIndex\": 7, \"size_x\": 12, \"columns\": [\"event.action\", \"auditd.log.sequence\", \"user.name\"], \"row\": 8, \"sort\": [\"@timestamp\", \"desc\"], \"col\": 1, \"type\": \"search\", \"id\": \"4ac0a370-0a11-11e7-8b04-eb22a5669f27-ecs\"}]",
                "timeRestore": false,
                "title": "[Filebeat Auditd] Audit Events ECS",
                "uiStateJSON": "{\"P-5\": {\"mapCollar\": {\"top_left\": {\"lat\": 87.16078, \"lon\": -180}, \"zoom\": 2, \"bottom_right\": {\"lat\": -87.16078, \"lon\": 180}}, \"mapZoom\": 2, \"mapBounds\": {\"top_left\": {\"lat\": 43.58039085560784, \"lon\": -102.3046875}, \"bottom_right\": {\"lat\": -43.580390855607845, \"lon\": 102.65625}}}, \"P-2\": {\"vis\": {\"params\": {\"sort\": {\"direction\": null, \"columnIndex\": null}}}}}",
                "version": 1
            },
            "id": "dfbb49f0-0a0f-11e7-8a62-2d05eaaac5cb-ecs",
            "type": "dashboard",
            "version": 4
        }
    ],
    "version": "6.0.0-beta1-SNAPSHOT"
}