{
    "objects": [
        {
            "attributes": {
                "description": "",
                "kibanaSavedObjectMeta": {
                    "searchSourceJSON": "{\"index\": \"filebeat-*\", \"query\": {\"query\": \"\", \"language\": \"kuery\"}, \"filter\": []}"
                },
                "title": "Access map [Filebeat IIS] ECS",
                "uiStateJSON": "{}",
                "version": 1,
                "visState": "{\"params\": {\"mapZoom\": 2, \"isDesaturated\": true, \"heatClusterSize\": 1.5, \"addTooltip\": true, \"legendPosition\": \"bottomright\", \"wms\": {\"options\": {\"format\": \"image/png\", \"transparent\": true}, \"enabled\": false}, \"mapCenter\": [0, 0], \"mapType\": \"Scaled Circle Markers\"}, \"title\": \"Access map [Filebeat IIS] ECS\", \"type\": \"tile_map\", \"aggs\": [{\"params\": {}, \"schema\": \"metric\", \"type\": \"count\", \"enabled\": true, \"id\": \"1\"}, {\"params\": {\"precision\": 2, \"field\": \"source.geo.location\", \"useGeocentroid\": true, \"isFilteredByCollar\": true, \"autoPrecision\": true}, \"schema\": \"segment\", \"type\": \"geohash_grid\", \"enabled\": true, \"id\": \"2\"}]}"
            },
            "id": "eb2db5b0-fe11-11e7-a3b0-d13028918f9f-ecs",
            "type": "visualization",
            "updated_at": "2018-01-20T18:44:17.162Z",
            "version": 1
        },
        {
            "attributes": {
                "description": "",
                "kibanaSavedObjectMeta": {
                    "searchSourceJSON": "{\"index\": \"filebeat-*\", \"query\": {\"query\": \"\", \"language\": \"kuery\"}, \"filter\": []}"
                },
                "title": "Response codes over time [Filebeat IIS] ECS",
                "uiStateJSON": "{}",
                "version": 1,
                "visState": "{\"params\": {\"addLegend\": true, \"seriesParams\": [{\"valueAxis\": \"ValueAxis-1\", \"mode\": \"stacked\", \"showCircles\": true, \"data\": {\"label\": \"Count\", \"id\": \"1\"}, \"type\": \"histogram\", \"drawLinesBetweenPoints\": true, \"show\": \"true\"}], \"grid\": {\"categoryLines\": false, \"style\": {\"color\": \"#eee\"}}, \"categoryAxes\": [{\"title\": {}, \"position\": \"bottom\", \"scale\": {\"type\": \"linear\"}, \"labels\": {\"truncate\": 100, \"show\": true}, \"type\": \"category\", \"id\": \"CategoryAxis-1\", \"style\": {}, \"show\": true}], \"addTooltip\": true, \"legendPosition\": \"right\", \"type\": \"histogram\", \"times\": [], \"valueAxes\": [{\"title\": {\"text\": \"Count\"}, \"position\": \"left\", \"name\": \"LeftAxis-1\", \"scale\": {\"type\": \"linear\", \"mode\": \"normal\"}, \"labels\": {\"show\": true, \"truncate\": 100, \"rotate\": 0, \"filter\": false}, \"type\": \"value\", \"id\": \"ValueAxis-1\", \"style\": {}, \"show\": true}], \"addTimeMarker\": false}, \"title\": \"Response codes over time [Filebeat IIS] ECS\", \"type\": \"histogram\", \"aggs\": [{\"params\": {}, \"schema\": \"metric\", \"type\": \"count\", \"enabled\": true, \"id\": \"1\"}, {\"params\": {\"customInterval\": \"2h\", \"extended_bounds\": {}, \"min_doc_count\": 1, \"interval\": \"auto\", \"field\": \"@timestamp\"}, \"schema\": \"segment\", \"type\": \"date_histogram\", \"enabled\": true, \"id\": \"2\"}, {\"params\": {\"field\": \"http.response.status_code\", \"orderBy\": \"1\", \"order\": \"desc\", \"size\": 5}, \"schema\": \"group\", \"type\": \"terms\", \"enabled\": true, \"id\": \"3\"}]}"
            },
            "id": "f31414b0-fe14-11e7-a3b0-d13028918f9f-ecs",
            "type": "visualization",
            "updated_at": "2018-01-20T19:05:58.905Z",
            "version": 1
        },
        {
            "attributes": {
                "description": "",
                "kibanaSavedObjectMeta": {
                    "searchSourceJSON": "{\"index\": \"filebeat-*\", \"query\": {\"query\": \"\", \"language\": \"kuery\"}, \"filter\": []}"
                },
                "title": "Browsers breakdown [Filebeat IIS] ECS",
                "uiStateJSON": "{}",
                "version": 1,
                "visState": "{\"params\": {\"addLegend\": true, \"addTooltip\": true, \"legendPosition\": \"right\", \"isDonut\": true, \"type\": \"pie\", \"labels\": {\"truncate\": 100, \"values\": true, \"last_level\": true, \"show\": false}}, \"title\": \"Browsers breakdown [Filebeat IIS] ECS\", \"type\": \"pie\", \"aggs\": [{\"params\": {}, \"schema\": \"metric\", \"type\": \"count\", \"enabled\": true, \"id\": \"1\"}, {\"params\": {\"field\": \"user_agent.name\", \"orderBy\": \"1\", \"order\": \"desc\", \"size\": 5}, \"schema\": \"segment\", \"type\": \"terms\", \"enabled\": true, \"id\": \"2\"}, {\"params\": {\"field\": \"user_agent.version\", \"orderBy\": \"1\", \"order\": \"desc\", \"size\": 5}, \"schema\": \"segment\", \"type\": \"terms\", \"enabled\": true, \"id\": \"3\"}]}"
            },
            "id": "63129c80-fe12-11e7-a3b0-d13028918f9f-ecs",
            "type": "visualization",
            "updated_at": "2018-01-20T18:47:38.312Z",
            "version": 1
        },
        {
            "attributes": {
                "description": "",
                "kibanaSavedObjectMeta": {
                    "searchSourceJSON": "{\"index\": \"filebeat-*\", \"query\": {\"query\": \"\", \"language\": \"kuery\"}, \"filter\": []}"
                },
                "title": "Operating systems breakdown [Filebeat IIS] ECS",
                "uiStateJSON": "{}",
                "version": 1,
                "visState": "{\"params\": {\"addLegend\": true, \"addTooltip\": true, \"legendPosition\": \"right\", \"isDonut\": true, \"type\": \"pie\", \"labels\": {\"truncate\": 100, \"values\": true, \"last_level\": true, \"show\": false}}, \"title\": \"Operating systems breakdown [Filebeat IIS] ECS\", \"type\": \"pie\", \"aggs\": [{\"params\": {}, \"schema\": \"metric\", \"type\": \"count\", \"enabled\": true, \"id\": \"1\"}, {\"params\": {\"field\": \"user_agent.os.name\", \"orderBy\": \"1\", \"order\": \"desc\", \"size\": 5}, \"schema\": \"segment\", \"type\": \"terms\", \"enabled\": true, \"id\": \"2\"}, {\"params\": {\"field\": \"user_agent.os.version\", \"orderBy\": \"1\", \"order\": \"desc\", \"size\": 5}, \"schema\": \"segment\", \"type\": \"terms\", \"enabled\": true, \"id\": \"3\"}]}"
            },
            "id": "ccd3f9c0-fe12-11e7-a3b0-d13028918f9f-ecs",
            "type": "visualization",
            "updated_at": "2018-01-20T18:51:54.619Z",
            "version": 2
        },
        {
            "attributes": {
                "description": "",
                "kibanaSavedObjectMeta": {
                    "searchSourceJSON": "{\"index\": \"filebeat-*\", \"query\": {\"query\": \"\", \"language\": \"kuery\"}, \"filter\": []}"
                },
                "title": "Error logs over time [Filebeat IIS] ECS",
                "uiStateJSON": "{}",
                "version": 1,
                "visState": "{\"params\": {\"addLegend\": true, \"seriesParams\": [{\"valueAxis\": \"ValueAxis-1\", \"mode\": \"stacked\", \"showCircles\": true, \"data\": {\"label\": \"Count\", \"id\": \"1\"}, \"type\": \"histogram\", \"drawLinesBetweenPoints\": true, \"show\": \"true\"}], \"grid\": {\"categoryLines\": false, \"style\": {\"color\": \"#eee\"}}, \"categoryAxes\": [{\"title\": {}, \"position\": \"bottom\", \"scale\": {\"type\": \"linear\"}, \"labels\": {\"truncate\": 100, \"show\": true}, \"type\": \"category\", \"id\": \"CategoryAxis-1\", \"style\": {}, \"show\": true}], \"addTooltip\": true, \"legendPosition\": \"right\", \"type\": \"histogram\", \"times\": [], \"valueAxes\": [{\"title\": {\"text\": \"Count\"}, \"position\": \"left\", \"name\": \"LeftAxis-1\", \"scale\": {\"type\": \"linear\", \"mode\": \"normal\"}, \"labels\": {\"show\": true, \"truncate\": 100, \"rotate\": 0, \"filter\": false}, \"type\": \"value\", \"id\": \"ValueAxis-1\", \"style\": {}, \"show\": true}], \"addTimeMarker\": false}, \"title\": \"Error logs over time [Filebeat IIS] ECS\", \"type\": \"histogram\", \"aggs\": [{\"params\": {}, \"schema\": \"metric\", \"type\": \"count\", \"enabled\": true, \"id\": \"1\"}, {\"params\": {\"customInterval\": \"2h\", \"extended_bounds\": {}, \"min_doc_count\": 1, \"interval\": \"auto\", \"field\": \"@timestamp\"}, \"schema\": \"segment\", \"type\": \"date_histogram\", \"enabled\": true, \"id\": \"2\"}, {\"params\": {\"field\": \"http.response.status_code\", \"orderBy\": \"1\", \"order\": \"desc\", \"size\": 5}, \"schema\": \"group\", \"type\": \"terms\", \"enabled\": true, \"id\": \"3\"}]}"
            },
            "id": "41f38230-fe17-11e7-a3b0-d13028918f9f-ecs",
            "type": "visualization",
            "updated_at": "2018-01-20T19:22:30.227Z",
            "version": 1
        },
        {
            "attributes": {
                "description": "",
                "kibanaSavedObjectMeta": {
                    "searchSourceJSON": "{\"index\": \"filebeat-*\", \"query\": {\"query\": \"\", \"language\": \"kuery\"}, \"filter\": []}"
                },
                "title": "Top URLs by response code [Filebeat IIS] ECS",
                "uiStateJSON": "{}",
                "version": 1,
                "visState": "{\"params\": {\"addLegend\": true, \"addTooltip\": true, \"legendPosition\": \"right\", \"isDonut\": false, \"type\": \"pie\", \"labels\": {\"truncate\": 100, \"values\": true, \"last_level\": true, \"show\": false}}, \"title\": \"Top URLs by response code [Filebeat IIS] ECS\", \"type\": \"pie\", \"aggs\": [{\"params\": {}, \"schema\": \"metric\", \"type\": \"count\", \"enabled\": true, \"id\": \"1\"}, {\"params\": {\"field\": \"url.path\", \"order\": \"desc\", \"row\": false, \"size\": 5, \"orderBy\": \"1\", \"customLabel\": \"URL\"}, \"schema\": \"split\", \"type\": \"terms\", \"enabled\": true, \"id\": \"2\"}, {\"params\": {\"field\": \"http.response.status_code\", \"orderBy\": \"1\", \"order\": \"desc\", \"size\": 5}, \"schema\": \"segment\", \"type\": \"terms\", \"enabled\": true, \"id\": \"3\"}]}"
            },
            "id": "c0d02cd0-fe1b-11e7-a3b0-d13028918f9f-ecs",
            "type": "visualization",
            "updated_at": "2018-01-20T19:58:24.005Z",
            "version": 2
        },
        {
            "attributes": {
                "description": "Dashboard for the Filebeat IIS module",
                "hits": 0,
                "kibanaSavedObjectMeta": {
                    "searchSourceJSON": "{\"version\": true, \"query\": {\"query\": \"\", \"language\": \"kuery\"}, \"highlightAll\": true, \"filter\": []}"
                },
                "optionsJSON": "{\"useMargins\": true, \"hidePanelTitles\": false, \"darkTheme\": false}",
                "panelsJSON": "[{\"version\": \"6.1.2\", \"panelIndex\": \"1\", \"type\": \"visualization\", \"id\": \"eb2db5b0-fe11-11e7-a3b0-d13028918f9f-ecs\", \"gridData\": {\"y\": 0, \"i\": \"1\", \"h\": 3, \"w\": 12, \"x\": 0}}, {\"version\": \"6.1.2\", \"panelIndex\": \"2\", \"type\": \"visualization\", \"id\": \"f31414b0-fe14-11e7-a3b0-d13028918f9f-ecs\", \"gridData\": {\"y\": 3, \"i\": \"2\", \"h\": 3, \"w\": 7, \"x\": 0}}, {\"version\": \"6.1.2\", \"panelIndex\": \"4\", \"type\": \"visualization\", \"id\": \"63129c80-fe12-11e7-a3b0-d13028918f9f-ecs\", \"gridData\": {\"y\": 9, \"i\": \"4\", \"h\": 3, \"w\": 6, \"x\": 0}}, {\"version\": \"6.1.2\", \"panelIndex\": \"5\", \"type\": \"visualization\", \"id\": \"ccd3f9c0-fe12-11e7-a3b0-d13028918f9f-ecs\", \"gridData\": {\"y\": 9, \"i\": \"5\", \"h\": 3, \"w\": 6, \"x\": 6}}, {\"version\": \"6.1.2\", \"panelIndex\": \"6\", \"type\": \"visualization\", \"id\": \"41f38230-fe17-11e7-a3b0-d13028918f9f-ecs\", \"gridData\": {\"y\": 3, \"i\": \"6\", \"h\": 3, \"w\": 5, \"x\": 7}}, {\"version\": \"6.1.2\", \"panelIndex\": \"7\", \"type\": \"visualization\", \"id\": \"c0d02cd0-fe1b-11e7-a3b0-d13028918f9f-ecs\", \"gridData\": {\"y\": 6, \"i\": \"7\", \"h\": 3, \"w\": 12, \"x\": 0}}]",
                "timeRestore": false,
                "title": "[Filebeat IIS] Access and error logs ECS",
                "uiStateJSON": "{}",
                "version": 1
            },
            "id": "4278ad30-fe16-11e7-a3b0-d13028918f9f-ecs",
            "type": "dashboard",
            "updated_at": "2018-01-20T19:57:50.287Z",
            "version": 4
        }
    ],
    "version": "6.1.2"
}