{
    "objects": [
        {
            "attributes": {
                "description": "Filebeat AWS S3 Server Access Log Overview Dashboard",
                "hits": 0,
                "kibanaSavedObjectMeta": {
                    "searchSourceJSON": "{\"query\": {\"query\": \"\", \"language\": \"kuery\"}, \"filter\": []}"
                },
                "optionsJSON": "{\"useMargins\": true, \"hidePanelTitles\": false}",
                "panelsJSON": "[{\"title\": \"Top URLs\", \"panelIndex\": \"1\", \"embeddableConfig\": {\"title\": \"Top URLs\"}, \"panelRefName\": \"panel_0\", \"version\": \"7.4.0\", \"gridData\": {\"y\": 0, \"i\": \"1\", \"h\": 15, \"w\": 24, \"x\": 0}}, {\"title\": \"Http Status over time\", \"panelIndex\": \"2\", \"embeddableConfig\": {\"title\": \"Http Status over time\"}, \"panelRefName\": \"panel_1\", \"version\": \"7.4.0\", \"gridData\": {\"y\": 0, \"i\": \"2\", \"h\": 15, \"w\": 24, \"x\": 24}}, {\"title\": \"Error Logs\", \"panelIndex\": \"3\", \"embeddableConfig\": {\"title\": \"Error Logs\"}, \"panelRefName\": \"panel_2\", \"version\": \"7.4.0\", \"gridData\": {\"y\": 15, \"i\": \"3\", \"h\": 15, \"w\": 48, \"x\": 0}}]",
                "timeRestore": false,
                "title": "[Filebeat AWS] S3 Server Access Log Overview",
                "version": 1
            },
            "id": "4746e000-bacd-11e9-9f70-1f7bda85a5eb",
            "migrationVersion": {
                "dashboard": "7.3.0"
            },
            "references": [
                {
                    "id": "99ffdb00-bacb-11e9-9f70-1f7bda85a5eb",
                    "name": "panel_0",
                    "type": "visualization"
                },
                {
                    "id": "5c93cd10-bac3-11e9-9f70-1f7bda85a5eb",
                    "name": "panel_1",
                    "type": "visualization"
                },
                {
                    "id": "5e5a3c90-bac0-11e9-9f70-1f7bda85a5eb",
                    "name": "panel_2",
                    "type": "search"
                }
            ],
            "type": "dashboard",
            "updated_at": "2019-09-11T15:17:53.090Z",
            "version": "WzEyMDAsN10="
        },
        {
            "attributes": {
                "description": "",
                "kibanaSavedObjectMeta": {
                    "searchSourceJSON": "{\"query\": {\"query\": \"\", \"language\": \"kuery\"}, \"indexRefName\": \"kibanaSavedObjectMeta.searchSourceJSON.index\", \"filter\": []}"
                },
                "title": "Top URLs [Filebeat AWS]",
                "uiStateJSON": "{\"vis\": {\"colors\": {\"404\": \"#EAB839\"}}}",
                "version": 1,
                "visState": "{\"params\": {\"addLegend\": true, \"addTooltip\": true, \"type\": \"pie\", \"legendPosition\": \"right\", \"dimensions\": {\"buckets\": [{\"params\": {}, \"aggType\": \"terms\", \"accessor\": 2, \"format\": {\"params\": {\"otherBucketLabel\": \"Other\", \"id\": \"number\", \"missingBucketLabel\": \"Missing\"}, \"id\": \"terms\"}}], \"splitColumn\": [{\"params\": {}, \"aggType\": \"terms\", \"accessor\": 0, \"format\": {\"params\": {\"otherBucketLabel\": \"Other\", \"id\": \"string\", \"missingBucketLabel\": \"Missing\"}, \"id\": \"terms\"}}], \"metric\": {\"params\": {}, \"aggType\": \"count\", \"accessor\": 3, \"format\": {\"id\": \"number\"}}}, \"isDonut\": false, \"labels\": {\"truncate\": 100, \"values\": true, \"last_level\": true, \"show\": false}}, \"title\": \"Top URLs [Filebeat AWS]\", \"type\": \"pie\", \"aggs\": [{\"params\": {}, \"schema\": \"metric\", \"type\": \"count\", \"enabled\": true, \"id\": \"1\"}, {\"params\": {\"field\": \"aws.s3access.request_uri\", \"missingBucket\": false, \"order\": \"desc\", \"missingBucketLabel\": \"Missing\", \"row\": false, \"size\": 5, \"otherBucketLabel\": \"Other\", \"otherBucket\": false, \"orderBy\": \"1\", \"customLabel\": \"Request Uri\"}, \"schema\": \"split\", \"type\": \"terms\", \"enabled\": true, \"id\": \"2\"}, {\"params\": {\"field\": \"aws.s3access.http_status\", \"missingBucket\": false, \"order\": \"desc\", \"missingBucketLabel\": \"Missing\", \"size\": 5, \"otherBucketLabel\": \"Other\", \"otherBucket\": false, \"orderBy\": \"1\", \"customLabel\": \"HTTP Status\"}, \"schema\": \"segment\", \"type\": \"terms\", \"enabled\": true, \"id\": \"3\"}]}"
            },
            "id": "99ffdb00-bacb-11e9-9f70-1f7bda85a5eb",
            "migrationVersion": {
                "visualization": "7.3.1"
            },
            "references": [
                {
                    "id": "filebeat-*",
                    "name": "kibanaSavedObjectMeta.searchSourceJSON.index",
                    "type": "index-pattern"
                }
            ],
            "type": "visualization",
            "updated_at": "2019-09-11T15:11:59.518Z",
            "version": "Wzk0Myw3XQ=="
        },
        {
            "attributes": {
                "description": "",
                "kibanaSavedObjectMeta": {
                    "searchSourceJSON": "{\"query\": {\"query\": \"\", \"language\": \"kuery\"}, \"filter\": []}"
                },
                "title": "Http Status over time [Filebeat AWS]",
                "uiStateJSON": "{}",
                "version": 1,
                "visState": "{\"params\": {\"axis_position\": \"left\", \"show_grid\": 1, \"default_index_pattern\": \"metricbeat-*\", \"type\": \"timeseries\", \"index_pattern\": \"filebeat-*\", \"id\": \"61ca57f0-469d-11e7-af02-69e470af7417\", \"legend_position\": \"bottom\", \"filter\": {\"query\": \"event.module:aws AND fileset.name:s3access\", \"language\": \"lucene\"}, \"series\": [{\"label\": \"Http Status\", \"color\": \"#68BC00\", \"axis_position\": \"right\", \"fill\": 0.5, \"formatter\": \"number\", \"split_mode\": \"filters\", \"seperate_axis\": 0, \"terms_order_by\": \"61ca57f2-469d-11e7-af02-69e470af7417\", \"id\": \"61ca57f1-469d-11e7-af02-69e470af7417\", \"line_width\": 1, \"chart_type\": \"bar\", \"terms_field\": \"http.response.status_code\", \"stacked\": \"stacked\", \"point_size\": 1, \"split_filters\": [{\"color\": \"#68BC00\", \"label\": \"200s\", \"id\": \"5acdc750-a29d-11e7-a062-a1c3587f4874\", \"filter\": {\"query\": \"aws.s3access.http_status < 300 and aws.s3access.http_status >= 200\", \"language\": \"kuery\"}}, {\"color\": \"rgba(252,196,0,1)\", \"label\": \"300s\", \"id\": \"6efd2ae0-a29d-11e7-a062-a1c3587f4874\", \"filter\": {\"query\": \"aws.s3access.http_status < 400 and aws.s3access.http_status >= 300\", \"language\": \"kuery\"}}, {\"color\": \"rgba(211,49,21,1)\", \"label\": \"400s\", \"id\": \"76089a90-a29d-11e7-a062-a1c3587f4874\", \"filter\": {\"query\": \"aws.s3access.http_status < 500 and aws.s3access.http_status >= 400\", \"language\": \"kuery\"}}, {\"color\": \"rgba(171,20,158,1)\", \"label\": \"500s\", \"id\": \"7c7929d0-a29d-11e7-a062-a1c3587f4874\", \"filter\": {\"query\": \"aws.s3access.http_status < 600 and aws.s3access.http_status >= 500\", \"language\": \"kuery\"}}], \"metrics\": [{\"type\": \"count\", \"id\": \"61ca57f2-469d-11e7-af02-69e470af7417\"}]}], \"interval\": \"auto\", \"default_timefield\": \"@timestamp\", \"axis_scale\": \"normal\", \"time_field\": \"@timestamp\", \"show_legend\": 1, \"axis_formatter\": \"number\"}, \"title\": \"Http Status over time [Filebeat AWS]\", \"type\": \"metrics\", \"aggs\": []}"
            },
            "id": "5c93cd10-bac3-11e9-9f70-1f7bda85a5eb",
            "migrationVersion": {
                "visualization": "7.3.1"
            },
            "references": [],
            "type": "visualization",
            "updated_at": "2019-09-11T15:11:59.518Z",
            "version": "Wzk0NCw3XQ=="
        },
        {
            "attributes": {
                "columns": [
                    "aws.s3access.http_status",
                    "aws.s3access.error_code",
                    "aws.s3access.operation",
                    "aws.s3access.request_uri"
                ],
                "description": "",
                "hits": 0,
                "kibanaSavedObjectMeta": {
                    "searchSourceJSON": "{\"version\": true, \"query\": {\"query\": \"\", \"language\": \"kuery\"}, \"highlightAll\": true, \"indexRefName\": \"kibanaSavedObjectMeta.searchSourceJSON.index\", \"filter\": [{\"query\": {\"match\": {\"aws.s3access.http_status\": {\"query\": \"200\", \"type\": \"phrase\"}}}, \"meta\": {\"negate\": true, \"key\": \"aws.s3access.http_status\", \"disabled\": false, \"params\": {\"query\": \"200\"}, \"alias\": null, \"type\": \"phrase\", \"indexRefName\": \"kibanaSavedObjectMeta.searchSourceJSON.filter[0].meta.index\", \"value\": \"200\"}, \"$state\": {\"store\": \"appState\"}}, {\"query\": {\"match\": {\"fileset.name\": {\"query\": \"s3access\", \"type\": \"phrase\"}}}, \"meta\": {\"negate\": false, \"key\": \"fileset.name\", \"disabled\": false, \"params\": {\"query\": \"s3access\"}, \"alias\": null, \"type\": \"phrase\", \"indexRefName\": \"kibanaSavedObjectMeta.searchSourceJSON.filter[1].meta.index\", \"value\": \"s3access\"}, \"$state\": {\"store\": \"appState\"}}]}"
                },
                "sort": [
                    [
                        "@timestamp",
                        "desc"
                    ]
                ],
                "title": "Error Logs [Filebeat AWS]",
                "version": 1
            },
            "id": "5e5a3c90-bac0-11e9-9f70-1f7bda85a5eb",
            "migrationVersion": {
                "search": "7.4.0"
            },
            "references": [
                {
                    "id": "filebeat-*",
                    "name": "kibanaSavedObjectMeta.searchSourceJSON.index",
                    "type": "index-pattern"
                },
                {
                    "id": "filebeat-*",
                    "name": "kibanaSavedObjectMeta.searchSourceJSON.filter[0].meta.index",
                    "type": "index-pattern"
                },
                {
                    "id": "filebeat-*",
                    "name": "kibanaSavedObjectMeta.searchSourceJSON.filter[1].meta.index",
                    "type": "index-pattern"
                }
            ],
            "type": "search",
            "updated_at": "2019-09-11T15:17:42.648Z",
            "version": "WzExOTksN10="
        }
    ],
    "version": "7.4.0"
}