{
    "objects": [
        {
            "attributes": {
                "description": "",
                "kibanaSavedObjectMeta": {
                    "searchSourceJSON": "{\"query\": {\"query\": \"\", \"language\": \"kuery\"}, \"filter\": []}"
                },
                "savedSearchId": "c4e80aa0-1fd4-11e9-ae2a-939083c6a64e-ecs",
                "title": "Ubiquiti Firewall Event Timeline [Filebeat Iptables] ECS",
                "uiStateJSON": "{\"vis\": {\"colors\": {\"deny\": \"#E24D42\", \"allow\": \"#64B0C8\"}}}",
                "version": 1,
                "visState": "{\"params\": {\"addLegend\": true, \"seriesParams\": [{\"valueAxis\": \"ValueAxis-1\", \"mode\": \"stacked\", \"showCircles\": true, \"data\": {\"label\": \"Count\", \"id\": \"1\"}, \"type\": \"histogram\", \"drawLinesBetweenPoints\": true, \"show\": \"true\"}], \"grid\": {\"categoryLines\": false, \"style\": {\"color\": \"#eee\"}}, \"categoryAxes\": [{\"title\": {}, \"position\": \"bottom\", \"scale\": {\"type\": \"linear\"}, \"labels\": {\"truncate\": 100, \"show\": true}, \"type\": \"category\", \"id\": \"CategoryAxis-1\", \"style\": {}, \"show\": true}], \"addTooltip\": true, \"legendPosition\": \"top\", \"type\": \"histogram\", \"times\": [], \"valueAxes\": [{\"title\": {\"text\": \"Count\"}, \"position\": \"left\", \"name\": \"LeftAxis-1\", \"scale\": {\"type\": \"linear\", \"mode\": \"normal\"}, \"labels\": {\"show\": true, \"truncate\": 100, \"rotate\": 0, \"filter\": false}, \"type\": \"value\", \"id\": \"ValueAxis-1\", \"style\": {}, \"show\": true}], \"addTimeMarker\": false}, \"title\": \"Ubiquiti Firewall Event Timeline [Filebeat Iptables] ECS\", \"type\": \"histogram\", \"aggs\": [{\"params\": {}, \"schema\": \"metric\", \"type\": \"count\", \"enabled\": true, \"id\": \"1\"}, {\"params\": {\"field\": \"@timestamp\", \"extended_bounds\": {}, \"interval\": \"auto\", \"useNormalizedEsInterval\": true, \"time_zone\": \"Europe/Berlin\", \"customInterval\": \"2h\", \"min_doc_count\": 1, \"timeRange\": {\"mode\": \"absolute\", \"from\": \"2019-01-24T15:47:12.171Z\", \"to\": \"2019-01-24T15:47:52.785Z\"}, \"drop_partials\": false}, \"schema\": \"segment\", \"type\": \"date_histogram\", \"enabled\": true, \"id\": \"2\"}, {\"params\": {\"field\": \"event.outcome\", \"missingBucket\": true, \"order\": \"desc\", \"missingBucketLabel\": \"Missing\", \"size\": 5, \"otherBucketLabel\": \"Other\", \"orderBy\": \"_key\", \"otherBucket\": true}, \"schema\": \"group\", \"type\": \"terms\", \"enabled\": true, \"id\": \"3\"}]}"
            },
            "id": "758b3620-1fda-11e9-ae2a-939083c6a64e-ecs",
            "type": "visualization",
            "updated_at": "2019-01-24T16:37:11.788Z",
            "version": 2
        },
        {
            "attributes": {
                "description": "",
                "kibanaSavedObjectMeta": {
                    "searchSourceJSON": "{\"query\": {\"query\": \"\", \"language\": \"kuery\"}, \"filter\": []}"
                },
                "savedSearchId": "9f7d97c0-1fe9-11e9-ae2a-939083c6a64e-ecs",
                "title": "Ubiquiti Firewall Top Blocked IPs [Filebeat Iptables] ECS",
                "uiStateJSON": "{\"vis\": {\"params\": {\"sort\": {\"direction\": null, \"columnIndex\": null}}}}",
                "version": 1,
                "visState": "{\"params\": {\"showMetricsAtAllLevels\": false, \"showPartialRows\": false, \"totalFunc\": \"sum\", \"sort\": {\"direction\": null, \"columnIndex\": null}, \"perPage\": 10, \"showTotal\": false}, \"title\": \"Ubiquiti Firewall Top Blocked IPs [Filebeat Iptables] ECS\", \"type\": \"table\", \"aggs\": [{\"params\": {}, \"schema\": \"metric\", \"type\": \"count\", \"enabled\": true, \"id\": \"1\"}, {\"params\": {\"field\": \"source.ip\", \"missingBucket\": false, \"order\": \"desc\", \"missingBucketLabel\": \"Missing\", \"size\": 5, \"otherBucketLabel\": \"Other\", \"otherBucket\": false, \"orderBy\": \"1\", \"customLabel\": \"Source IP\"}, \"schema\": \"bucket\", \"type\": \"terms\", \"enabled\": true, \"id\": \"2\"}]}"
            },
            "id": "1ba82fd0-1ff0-11e9-ae2a-939083c6a64e-ecs",
            "type": "visualization",
            "updated_at": "2019-01-24T16:06:20.635Z",
            "version": 2
        },
        {
            "attributes": {
                "description": "",
                "kibanaSavedObjectMeta": {
                    "searchSourceJSON": "{\"query\": {\"query\": \"\", \"language\": \"kuery\"}, \"filter\": []}"
                },
                "savedSearchId": "7862cab0-1fdb-11e9-ae2a-939083c6a64e-ecs",
                "title": "Ubiquiti Firewall Allowed Traffic Map [Filebeat Iptables] ECS",
                "uiStateJSON": "{}",
                "version": 1,
                "visState": "{\"params\": {\"mapZoom\": 2, \"mapCenter\": [0, 0], \"heatClusterSize\": 1.5, \"addTooltip\": true, \"legendPosition\": \"bottomright\", \"colorSchema\": \"Yellow to Red\", \"wms\": {\"options\": {\"format\": \"image/png\", \"transparent\": true}, \"enabled\": false, \"selectedTmsLayer\": {\"attribution\": \"<p>&#169; <a href=\\\"http://www.openstreetmap.org/copyright\\\">OpenStreetMap</a> contributors | <a href=\\\"https://www.elastic.co/elastic-maps-service\\\">Elastic Maps Service</a></p>&#10;\", \"maxZoom\": 18, \"id\": \"road_map\", \"minZoom\": 0, \"origin\": \"elastic_maps_service\"}}, \"isDesaturated\": true, \"mapType\": \"Scaled Circle Markers\"}, \"title\": \"Ubiquiti Firewall Allowed Traffic Map [Filebeat Iptables] ECS\", \"type\": \"tile_map\", \"aggs\": [{\"params\": {}, \"schema\": \"metric\", \"type\": \"count\", \"enabled\": true, \"id\": \"1\"}, {\"params\": {\"mapZoom\": 2, \"field\": \"source.geo.location\", \"isFilteredByCollar\": true, \"precision\": 2, \"useGeocentroid\": true, \"mapCenter\": [0, 0], \"autoPrecision\": true}, \"schema\": \"segment\", \"type\": \"geohash_grid\", \"enabled\": true, \"id\": \"2\"}]}"
            },
            "id": "5bd53050-1fe9-11e9-ae2a-939083c6a64e-ecs",
            "type": "visualization",
            "updated_at": "2019-01-24T15:04:34.005Z",
            "version": 1
        },
        {
            "attributes": {
                "description": "",
                "kibanaSavedObjectMeta": {
                    "searchSourceJSON": "{\"query\": {\"query\": \"\", \"language\": \"kuery\"}, \"filter\": []}"
                },
                "savedSearchId": "9f7d97c0-1fe9-11e9-ae2a-939083c6a64e-ecs",
                "title": "Ubiquiti Firewall Blocked Traffic Map [Filebeat Iptables] ECS",
                "uiStateJSON": "{\"mapZoom\": 3, \"mapCenter\": [19.228176737766262, -22.851562500000004]}",
                "version": 1,
                "visState": "{\"params\": {\"mapZoom\": 2, \"mapCenter\": [0, 0], \"heatClusterSize\": 1.5, \"addTooltip\": true, \"legendPosition\": \"bottomright\", \"colorSchema\": \"Yellow to Red\", \"wms\": {\"options\": {\"format\": \"image/png\", \"transparent\": true}, \"enabled\": false, \"selectedTmsLayer\": {\"attribution\": \"<p>&#169; <a href=\\\"http://www.openstreetmap.org/copyright\\\">OpenStreetMap</a> contributors | <a href=\\\"https://www.elastic.co/elastic-maps-service\\\">Elastic Maps Service</a></p>&#10;\", \"maxZoom\": 18, \"id\": \"road_map\", \"minZoom\": 0, \"origin\": \"elastic_maps_service\"}}, \"isDesaturated\": true, \"mapType\": \"Scaled Circle Markers\"}, \"title\": \"Ubiquiti Firewall Blocked Traffic Map [Filebeat Iptables] ECS\", \"type\": \"tile_map\", \"aggs\": [{\"params\": {}, \"schema\": \"metric\", \"type\": \"count\", \"enabled\": true, \"id\": \"1\"}, {\"params\": {\"mapZoom\": 2, \"field\": \"source.geo.location\", \"isFilteredByCollar\": true, \"precision\": 2, \"useGeocentroid\": true, \"mapCenter\": [0, 0], \"autoPrecision\": true}, \"schema\": \"segment\", \"type\": \"geohash_grid\", \"enabled\": true, \"id\": \"2\"}]}"
            },
            "id": "8853aa20-1fef-11e9-ae2a-939083c6a64e-ecs",
            "type": "visualization",
            "updated_at": "2019-01-24T15:50:31.689Z",
            "version": 2
        },
        {
            "attributes": {
                "description": "",
                "kibanaSavedObjectMeta": {
                    "searchSourceJSON": "{\"query\": {\"query\": \"\", \"language\": \"kuery\"}, \"filter\": []}"
                },
                "savedSearchId": "c4e80aa0-1fd4-11e9-ae2a-939083c6a64e-ecs",
                "title": "Ubiquiti Firewall Traffic Breakdown [Filebeat Iptables] ECS",
                "uiStateJSON": "{\"vis\": {\"colors\": {\"udp\": \"#F2C96D\", \"tcp\": \"#447EBC\", \"ipv6-icmp\": \"#EA6460\", \"icmp\": \"#F29191\", \"ipv6\": \"#D683CE\", \"deny\": \"#E24D42\", \"ipv4\": \"#65C5DB\"}}}",
                "version": 1,
                "visState": "{\"params\": {\"addLegend\": true, \"addTooltip\": true, \"legendPosition\": \"top\", \"isDonut\": true, \"type\": \"pie\", \"labels\": {\"truncate\": 100, \"values\": false, \"last_level\": false, \"show\": true}}, \"title\": \"Ubiquiti Firewall Traffic Breakdown [Filebeat Iptables] ECS\", \"type\": \"pie\", \"aggs\": [{\"params\": {}, \"schema\": \"metric\", \"type\": \"count\", \"enabled\": true, \"id\": \"1\"}, {\"params\": {\"field\": \"event.outcome\", \"missingBucket\": true, \"order\": \"desc\", \"missingBucketLabel\": \"Missing\", \"size\": 5, \"otherBucketLabel\": \"Other\", \"orderBy\": \"1\", \"otherBucket\": true}, \"schema\": \"segment\", \"type\": \"terms\", \"enabled\": true, \"id\": \"2\"}, {\"params\": {\"field\": \"network.type\", \"missingBucket\": true, \"order\": \"desc\", \"missingBucketLabel\": \"Missing\", \"size\": 5, \"otherBucketLabel\": \"Other\", \"orderBy\": \"1\", \"otherBucket\": true}, \"schema\": \"segment\", \"type\": \"terms\", \"enabled\": true, \"id\": \"3\"}, {\"params\": {\"field\": \"network.transport\", \"missingBucket\": true, \"order\": \"desc\", \"missingBucketLabel\": \"Missing\", \"size\": 5, \"otherBucketLabel\": \"Other\", \"orderBy\": \"1\", \"otherBucket\": true}, \"schema\": \"segment\", \"type\": \"terms\", \"enabled\": true, \"id\": \"4\"}]}"
            },
            "id": "fdea1ad0-1ff4-11e9-ae2a-939083c6a64e-ecs",
            "type": "visualization",
            "updated_at": "2019-01-24T16:27:50.397Z",
            "version": 1
        },
        {
            "attributes": {
                "columns": [
                    "_source"
                ],
                "description": "",
                "hits": 0,
                "kibanaSavedObjectMeta": {
                    "searchSourceJSON": "{\"version\": true, \"index\": \"filebeat-*\", \"highlightAll\": true, \"query\": {\"query\": \"iptables.ubiquiti.rule_set :*\", \"language\": \"kuery\"}, \"filter\": []}"
                },
                "sort": [
                    "@timestamp",
                    "desc"
                ],
                "title": "Ubiquiti Firewall Events [Filebeat Iptables] ECS",
                "version": 1
            },
            "id": "c4e80aa0-1fd4-11e9-ae2a-939083c6a64e-ecs",
            "type": "search",
            "updated_at": "2019-01-24T12:37:10.858Z",
            "version": 1
        },
        {
            "attributes": {
                "description": "",
                "kibanaSavedObjectMeta": {
                    "searchSourceJSON": "{\"query\": {\"query\": \"\", \"language\": \"kuery\"}, \"filter\": []}"
                },
                "savedSearchId": "c4e80aa0-1fd4-11e9-ae2a-939083c6a64e-ecs",
                "title": "Ubiquiti Firewall Traffic by Port [Filebeat Iptables] ECS",
                "uiStateJSON": "{\"vis\": {\"params\": {\"sort\": {\"direction\": null, \"columnIndex\": null}}}}",
                "version": 1,
                "visState": "{\"params\": {\"showMetricsAtAllLevels\": false, \"showPartialRows\": false, \"totalFunc\": \"sum\", \"sort\": {\"direction\": null, \"columnIndex\": null}, \"perPage\": 10, \"showTotal\": false}, \"title\": \"Ubiquiti Firewall Traffic by Port [Filebeat Iptables] ECS\", \"type\": \"table\", \"aggs\": [{\"params\": {}, \"schema\": \"metric\", \"type\": \"count\", \"enabled\": true, \"id\": \"1\"}, {\"params\": {\"field\": \"event.outcome\", \"missingBucket\": false, \"order\": \"desc\", \"missingBucketLabel\": \"Missing\", \"row\": false, \"size\": 5, \"otherBucketLabel\": \"Other\", \"otherBucket\": false, \"orderBy\": \"1\", \"customLabel\": \"event.outcome\"}, \"schema\": \"split\", \"type\": \"terms\", \"enabled\": true, \"id\": \"2\"}, {\"params\": {\"field\": \"destination.port\", \"missingBucket\": false, \"order\": \"desc\", \"missingBucketLabel\": \"Missing\", \"size\": 5, \"otherBucketLabel\": \"Other\", \"otherBucket\": false, \"orderBy\": \"1\", \"customLabel\": \"Destination port\"}, \"schema\": \"bucket\", \"type\": \"terms\", \"enabled\": true, \"id\": \"3\"}]}"
            },
            "id": "190bcb50-1ff6-11e9-ae2a-939083c6a64e-ecs",
            "type": "visualization",
            "updated_at": "2019-01-24T16:35:45.413Z",
            "version": 1
        },
        {
            "attributes": {
                "columns": [
                    "_source"
                ],
                "description": "",
                "hits": 0,
                "kibanaSavedObjectMeta": {
                    "searchSourceJSON": "{\"version\": true, \"index\": \"filebeat-*\", \"highlightAll\": true, \"query\": {\"query\": \"iptables.ubiquiti.rule_set :* and event.outcome : \\\"deny\\\"\", \"language\": \"kuery\"}, \"filter\": []}"
                },
                "sort": [
                    "@timestamp",
                    "desc"
                ],
                "title": "Ubiquiti Firewall Blocked Events [Filebeat Iptables] ECS",
                "version": 1
            },
            "id": "9f7d97c0-1fe9-11e9-ae2a-939083c6a64e-ecs",
            "type": "search",
            "updated_at": "2019-01-24T15:35:33.942Z",
            "version": 2
        },
        {
            "attributes": {
                "columns": [
                    "_source"
                ],
                "description": "",
                "hits": 0,
                "kibanaSavedObjectMeta": {
                    "searchSourceJSON": "{\"version\": true, \"index\": \"filebeat-*\", \"highlightAll\": true, \"query\": {\"query\": \"iptables.ubiquiti.rule_set :* and event.outcome : \\\"allow\\\"\", \"language\": \"kuery\"}, \"filter\": []}"
                },
                "sort": [
                    "@timestamp",
                    "desc"
                ],
                "title": "Ubiquiti Firewall Allowed Events [Filebeat Iptables] ECS",
                "version": 1
            },
            "id": "7862cab0-1fdb-11e9-ae2a-939083c6a64e-ecs",
            "type": "search",
            "updated_at": "2019-01-24T15:04:12.010Z",
            "version": 3
        },
        {
            "attributes": {
                "description": "Overview of the Ubiquiti Firewall iptables events dashboard.",
                "hits": 0,
                "kibanaSavedObjectMeta": {
                    "searchSourceJSON": "{\"query\": {\"query\": \"\", \"language\": \"kuery\"}, \"filter\": []}"
                },
                "optionsJSON": "{\"useMargins\": true, \"hidePanelTitles\": false, \"darkTheme\": false}",
                "panelsJSON": "[{\"title\": \"Event Timeline\", \"panelIndex\": \"1\", \"embeddableConfig\": {\"vis\": {\"legendOpen\": true, \"colors\": {\"deny\": \"#E24D42\", \"allow\": \"#64B0C8\"}}}, \"version\": \"6.6.0\", \"type\": \"visualization\", \"id\": \"758b3620-1fda-11e9-ae2a-939083c6a64e-ecs\", \"gridData\": {\"y\": 0, \"i\": \"1\", \"h\": 15, \"w\": 33, \"x\": 0}}, {\"title\": \"Top Blocked by source IP\", \"panelIndex\": \"2\", \"embeddableConfig\": {}, \"version\": \"6.6.0\", \"type\": \"visualization\", \"id\": \"1ba82fd0-1ff0-11e9-ae2a-939083c6a64e-ecs\", \"gridData\": {\"y\": 0, \"i\": \"2\", \"h\": 15, \"w\": 15, \"x\": 33}}, {\"title\": \"Allowed Traffic Map\", \"panelIndex\": \"3\", \"embeddableConfig\": {\"mapZoom\": 2, \"mapCenter\": [39.095962936305476, -22.148437500000004]}, \"version\": \"6.6.0\", \"type\": \"visualization\", \"id\": \"5bd53050-1fe9-11e9-ae2a-939083c6a64e-ecs\", \"gridData\": {\"y\": 15, \"i\": \"3\", \"h\": 15, \"w\": 24, \"x\": 0}}, {\"title\": \"Blocked Traffic Map\", \"panelIndex\": \"4\", \"embeddableConfig\": {\"mapZoom\": 2, \"mapCenter\": [46.31658418182218, -34.10156250000001]}, \"version\": \"6.6.0\", \"type\": \"visualization\", \"id\": \"8853aa20-1fef-11e9-ae2a-939083c6a64e-ecs\", \"gridData\": {\"y\": 15, \"i\": \"4\", \"h\": 15, \"w\": 24, \"x\": 24}}, {\"title\": \"Traffic Breakdown by Protocol\", \"panelIndex\": \"5\", \"embeddableConfig\": {\"vis\": {\"colors\": {\"udp\": \"#F2C96D\", \"tcp\": \"#447EBC\", \"ipv6-icmp\": \"#EA6460\", \"allow\": \"#7EB26D\", \"ipv6\": \"#D683CE\", \"deny\": \"#E24D42\", \"ipv4\": \"#65C5DB\", \"icmp\": \"#F29191\"}}}, \"version\": \"6.6.0\", \"type\": \"visualization\", \"id\": \"fdea1ad0-1ff4-11e9-ae2a-939083c6a64e-ecs\", \"gridData\": {\"y\": 30, \"i\": \"5\", \"h\": 18, \"w\": 24, \"x\": 0}}, {\"title\": \"Event View\", \"panelIndex\": \"6\", \"embeddableConfig\": {}, \"version\": \"6.6.0\", \"type\": \"search\", \"id\": \"c4e80aa0-1fd4-11e9-ae2a-939083c6a64e-ecs\", \"gridData\": {\"y\": 48, \"i\": \"6\", \"h\": 27, \"w\": 48, \"x\": 0}}, {\"title\": \"Traffic Breakdown by Port\", \"panelIndex\": \"7\", \"embeddableConfig\": {}, \"version\": \"6.6.0\", \"type\": \"visualization\", \"id\": \"190bcb50-1ff6-11e9-ae2a-939083c6a64e-ecs\", \"gridData\": {\"y\": 30, \"i\": \"7\", \"h\": 18, \"w\": 24, \"x\": 24}}]",
                "timeRestore": false,
                "title": "[Filebeat Iptables] Ubiquiti Firewall Overview ECS",
                "version": 1
            },
            "id": "d39f0980-1ff3-11e9-ae2a-939083c6a64e-ecs",
            "type": "dashboard",
            "updated_at": "2019-01-24T16:38:35.174Z",
            "version": 4
        }
    ],
    "version": "6.6.0"
}