{
    "objects": [
        {
            "attributes": {
                "description": "",
                "kibanaSavedObjectMeta": {
                    "searchSourceJSON": "{\"query\": {\"query\": \"\", \"language\": \"kuery\"}, \"filter\": []}"
                },
                "savedSearchId": "b3f1b010-1f26-11e9-8ec4-cf5d91a864b3-ecs",
                "title": "Events Timeline [Filebeat Iptables] ECS",
                "uiStateJSON": "{}",
                "version": 1,
                "visState": "{\"params\": {\"addLegend\": true, \"seriesParams\": [{\"valueAxis\": \"ValueAxis-1\", \"mode\": \"stacked\", \"showCircles\": true, \"interpolate\": \"linear\", \"data\": {\"label\": \"Count\", \"id\": \"1\"}, \"type\": \"area\", \"drawLinesBetweenPoints\": true, \"show\": \"true\"}], \"grid\": {\"categoryLines\": false, \"style\": {\"color\": \"#eee\"}}, \"categoryAxes\": [{\"title\": {}, \"position\": \"bottom\", \"scale\": {\"type\": \"linear\"}, \"labels\": {\"truncate\": 100, \"show\": true}, \"type\": \"category\", \"id\": \"CategoryAxis-1\", \"style\": {}, \"show\": true}], \"addTooltip\": true, \"legendPosition\": \"right\", \"type\": \"area\", \"times\": [], \"valueAxes\": [{\"title\": {\"text\": \"Count\"}, \"position\": \"left\", \"name\": \"LeftAxis-1\", \"scale\": {\"type\": \"linear\", \"mode\": \"normal\"}, \"labels\": {\"show\": true, \"truncate\": 100, \"rotate\": 0, \"filter\": false}, \"type\": \"value\", \"id\": \"ValueAxis-1\", \"style\": {}, \"show\": true}], \"addTimeMarker\": false}, \"title\": \"Events Timeline [Filebeat Iptables] ECS\", \"type\": \"area\", \"aggs\": [{\"params\": {}, \"schema\": \"metric\", \"type\": \"count\", \"enabled\": true, \"id\": \"1\"}, {\"params\": {\"field\": \"@timestamp\", \"extended_bounds\": {}, \"interval\": \"auto\", \"useNormalizedEsInterval\": true, \"customInterval\": \"2h\", \"min_doc_count\": 1, \"time_zone\": \"Europe/Berlin\", \"drop_partials\": false}, \"schema\": \"segment\", \"type\": \"date_histogram\", \"enabled\": true, \"id\": \"2\"}]}"
            },
            "id": "4c913eb0-1f51-11e9-93ed-f7e068f4aebb-ecs",
            "type": "visualization",
            "updated_at": "2019-01-23T20:56:04.891Z",
            "version": 1
        },
        {
            "attributes": {
                "description": "",
                "kibanaSavedObjectMeta": {
                    "searchSourceJSON": "{\"query\": {\"query\": \"iptables.length:*\", \"language\": \"kuery\"}, \"filter\": []}"
                },
                "savedSearchId": "b3f1b010-1f26-11e9-8ec4-cf5d91a864b3-ecs",
                "title": "Top Source Countries [Filebeat Iptables] ECS",
                "uiStateJSON": "{\"vis\": {\"params\": {\"sort\": {\"direction\": null, \"columnIndex\": null}}}}",
                "version": 1,
                "visState": "{\"params\": {\"showMetricsAtAllLevels\": false, \"showPartialRows\": false, \"totalFunc\": \"sum\", \"sort\": {\"direction\": null, \"columnIndex\": null}, \"perPage\": 10, \"showTotal\": false}, \"title\": \"Top Source Countries [Filebeat Iptables] ECS\", \"type\": \"table\", \"aggs\": [{\"params\": {}, \"schema\": \"metric\", \"type\": \"count\", \"enabled\": true, \"id\": \"1\"}, {\"params\": {\"field\": \"source.geo.country_iso_code\", \"missingBucket\": false, \"order\": \"desc\", \"missingBucketLabel\": \"Missing\", \"size\": 5, \"otherBucketLabel\": \"Other\", \"otherBucket\": false, \"orderBy\": \"1\", \"customLabel\": \"Country\"}, \"schema\": \"bucket\", \"type\": \"terms\", \"enabled\": true, \"id\": \"2\"}]}"
            },
            "id": "2599f5e0-1e98-11e9-8ec4-cf5d91a864b3-ecs",
            "type": "visualization",
            "updated_at": "2019-01-23T20:51:02.293Z",
            "version": 1
        },
        {
            "attributes": {
                "description": "",
                "kibanaSavedObjectMeta": {
                    "searchSourceJSON": "{\"query\": {\"query\": \"iptables.length:*\", \"language\": \"kuery\"}, \"filter\": []}"
                },
                "savedSearchId": "b3f1b010-1f26-11e9-8ec4-cf5d91a864b3-ecs",
                "title": "Source Map [Filebeat Iptables] ECS",
                "uiStateJSON": "{\"mapZoom\": 3, \"mapCenter\": [45.02695045318546, -44.82421875000001]}",
                "version": 1,
                "visState": "{\"params\": {\"mapZoom\": 2, \"mapCenter\": [0, 0], \"heatClusterSize\": 1.5, \"addTooltip\": true, \"legendPosition\": \"bottomright\", \"colorSchema\": \"Yellow to Red\", \"wms\": {\"options\": {\"format\": \"image/png\", \"transparent\": true}, \"enabled\": false, \"selectedTmsLayer\": {\"attribution\": \"<p>&#169; <a href=\\\"http://www.openstreetmap.org/copyright\\\">OpenStreetMap</a> contributors | <a href=\\\"https://www.elastic.co/elastic-maps-service\\\">Elastic Maps Service</a></p>&#10;\", \"maxZoom\": 18, \"id\": \"road_map\", \"minZoom\": 0, \"origin\": \"elastic_maps_service\"}}, \"isDesaturated\": true, \"mapType\": \"Scaled Circle Markers\"}, \"title\": \"Source Map [Filebeat Iptables] ECS\", \"type\": \"tile_map\", \"aggs\": [{\"params\": {}, \"schema\": \"metric\", \"type\": \"count\", \"enabled\": true, \"id\": \"1\"}, {\"params\": {\"mapZoom\": 2, \"field\": \"source.geo.location\", \"isFilteredByCollar\": true, \"precision\": 2, \"useGeocentroid\": true, \"mapCenter\": [0, 0], \"autoPrecision\": true}, \"schema\": \"segment\", \"type\": \"geohash_grid\", \"enabled\": true, \"id\": \"2\"}]}"
            },
            "id": "c4394ec0-1efd-11e9-8ec4-cf5d91a864b3-ecs",
            "type": "visualization",
            "updated_at": "2019-01-23T20:51:02.293Z",
            "version": 1
        },
        {
            "attributes": {
                "description": "",
                "kibanaSavedObjectMeta": {
                    "searchSourceJSON": "{\"query\": {\"query\": \"iptables.length:*\", \"language\": \"kuery\"}, \"filter\": []}"
                },
                "savedSearchId": "b3f1b010-1f26-11e9-8ec4-cf5d91a864b3-ecs",
                "title": "Destination Map [Filebeat Iptables] ECS",
                "uiStateJSON": "{}",
                "version": 1,
                "visState": "{\"params\": {\"mapZoom\": 2, \"mapCenter\": [0, 0], \"heatClusterSize\": 1.5, \"addTooltip\": true, \"legendPosition\": \"bottomright\", \"colorSchema\": \"Yellow to Red\", \"wms\": {\"options\": {\"format\": \"image/png\", \"transparent\": true}, \"enabled\": false, \"selectedTmsLayer\": {\"attribution\": \"<p>&#169; <a href=\\\"http://www.openstreetmap.org/copyright\\\">OpenStreetMap</a> contributors | <a href=\\\"https://www.elastic.co/elastic-maps-service\\\">Elastic Maps Service</a></p>&#10;\", \"maxZoom\": 18, \"id\": \"road_map\", \"minZoom\": 0, \"origin\": \"elastic_maps_service\"}}, \"isDesaturated\": true, \"mapType\": \"Scaled Circle Markers\"}, \"title\": \"Destination Map [Filebeat Iptables] ECS\", \"type\": \"tile_map\", \"aggs\": [{\"params\": {}, \"schema\": \"metric\", \"type\": \"count\", \"enabled\": true, \"id\": \"1\"}, {\"params\": {\"mapZoom\": 2, \"field\": \"destination.geo.location\", \"isFilteredByCollar\": true, \"precision\": 2, \"useGeocentroid\": true, \"mapCenter\": [0, 0], \"autoPrecision\": true}, \"schema\": \"segment\", \"type\": \"geohash_grid\", \"enabled\": true, \"id\": \"2\"}]}"
            },
            "id": "d8cea010-1efd-11e9-8ec4-cf5d91a864b3-ecs",
            "type": "visualization",
            "updated_at": "2019-01-23T20:51:02.293Z",
            "version": 1
        },
        {
            "attributes": {
                "description": "",
                "kibanaSavedObjectMeta": {
                    "searchSourceJSON": "{\"query\": {\"query\": \"iptables.length:*\", \"language\": \"kuery\"}, \"filter\": []}"
                },
                "savedSearchId": "b3f1b010-1f26-11e9-8ec4-cf5d91a864b3-ecs",
                "title": "Network Type Breakdown [Filebeat Iptables] ECS",
                "uiStateJSON": "{\"vis\": {\"legendOpen\": false}}",
                "version": 1,
                "visState": "{\"params\": {\"addLegend\": true, \"addTooltip\": true, \"legendPosition\": \"right\", \"isDonut\": true, \"type\": \"pie\", \"labels\": {\"truncate\": 100, \"values\": true, \"last_level\": true, \"show\": true}}, \"title\": \"Network Type Breakdown [Filebeat Iptables] ECS\", \"type\": \"pie\", \"aggs\": [{\"params\": {}, \"schema\": \"metric\", \"type\": \"count\", \"enabled\": true, \"id\": \"1\"}, {\"params\": {\"field\": \"network.type\", \"missingBucket\": true, \"order\": \"desc\", \"missingBucketLabel\": \"Missing\", \"size\": 5, \"otherBucketLabel\": \"Other\", \"orderBy\": \"1\", \"otherBucket\": true}, \"schema\": \"segment\", \"type\": \"terms\", \"enabled\": true, \"id\": \"2\"}]}"
            },
            "id": "b57b7370-1f1d-11e9-8ec4-cf5d91a864b3-ecs",
            "type": "visualization",
            "updated_at": "2019-01-23T20:51:02.293Z",
            "version": 1
        },
        {
            "attributes": {
                "description": "",
                "kibanaSavedObjectMeta": {
                    "searchSourceJSON": "{\"query\": {\"query\": \"iptables.length:*\", \"language\": \"kuery\"}, \"filter\": []}"
                },
                "savedSearchId": "b3f1b010-1f26-11e9-8ec4-cf5d91a864b3-ecs",
                "title": "Network Transport Breakdown [Filebeat Iptables] ECS",
                "uiStateJSON": "{\"vis\": {\"legendOpen\": false}}",
                "version": 1,
                "visState": "{\"params\": {\"addLegend\": true, \"addTooltip\": true, \"legendPosition\": \"right\", \"isDonut\": true, \"type\": \"pie\", \"labels\": {\"truncate\": 100, \"values\": true, \"last_level\": true, \"show\": true}}, \"title\": \"Network Transport Breakdown [Filebeat Iptables] ECS\", \"type\": \"pie\", \"aggs\": [{\"params\": {}, \"schema\": \"metric\", \"type\": \"count\", \"enabled\": true, \"id\": \"1\"}, {\"params\": {\"field\": \"network.transport\", \"missingBucket\": true, \"order\": \"desc\", \"missingBucketLabel\": \"Missing\", \"size\": 5, \"otherBucketLabel\": \"Other\", \"orderBy\": \"1\", \"otherBucket\": true}, \"schema\": \"segment\", \"type\": \"terms\", \"enabled\": true, \"id\": \"2\"}]}"
            },
            "id": "35fe0910-1f26-11e9-8ec4-cf5d91a864b3-ecs",
            "type": "visualization",
            "updated_at": "2019-01-23T20:51:02.293Z",
            "version": 1
        },
        {
            "attributes": {
                "description": "",
                "kibanaSavedObjectMeta": {
                    "searchSourceJSON": "{\"query\": {\"query\": \"iptables.length:*\", \"language\": \"kuery\"}, \"filter\": []}"
                },
                "savedSearchId": "b3f1b010-1f26-11e9-8ec4-cf5d91a864b3-ecs",
                "title": "Top Destination Ports [Filebeat Iptables] ECS",
                "uiStateJSON": "{\"vis\": {\"params\": {\"sort\": {\"direction\": null, \"columnIndex\": null}}}}",
                "version": 1,
                "visState": "{\"params\": {\"showMetricsAtAllLevels\": false, \"showPartialRows\": false, \"totalFunc\": \"sum\", \"sort\": {\"direction\": null, \"columnIndex\": null}, \"perPage\": 10, \"showTotal\": false}, \"title\": \"Top Destination Ports [Filebeat Iptables] ECS\", \"type\": \"table\", \"aggs\": [{\"params\": {}, \"schema\": \"metric\", \"type\": \"count\", \"enabled\": true, \"id\": \"1\"}, {\"params\": {\"field\": \"destination.port\", \"missingBucket\": false, \"order\": \"desc\", \"missingBucketLabel\": \"Missing\", \"size\": 5, \"otherBucketLabel\": \"Other\", \"otherBucket\": false, \"orderBy\": \"1\", \"customLabel\": \"Port\"}, \"schema\": \"bucket\", \"type\": \"terms\", \"enabled\": true, \"id\": \"2\"}]}"
            },
            "id": "683402b0-1f29-11e9-8ec4-cf5d91a864b3-ecs",
            "type": "visualization",
            "updated_at": "2019-01-23T20:51:02.293Z",
            "version": 1
        },
        {
            "attributes": {
                "columns": [
                    "_source"
                ],
                "description": "",
                "hits": 0,
                "kibanaSavedObjectMeta": {
                    "searchSourceJSON": "{\"version\": true, \"index\": \"filebeat-*\", \"highlightAll\": true, \"query\": {\"query\": \"iptables.length :*\", \"language\": \"kuery\"}, \"filter\": []}"
                },
                "sort": [
                    "@timestamp",
                    "desc"
                ],
                "title": "Events Search [Filebeat Iptables] ECS",
                "version": 1
            },
            "id": "b3f1b010-1f26-11e9-8ec4-cf5d91a864b3-ecs",
            "type": "search",
            "updated_at": "2019-01-23T20:51:02.293Z",
            "version": 1
        },
        {
            "attributes": {
                "description": "Overview of the iptables events dashboard.",
                "hits": 0,
                "kibanaSavedObjectMeta": {
                    "searchSourceJSON": "{\"query\": {\"query\": \"\", \"language\": \"kuery\"}, \"filter\": []}"
                },
                "optionsJSON": "{\"useMargins\": true, \"hidePanelTitles\": false, \"darkTheme\": false}",
                "panelsJSON": "[{\"panelIndex\": \"1\", \"embeddableConfig\": {\"vis\": {\"legendOpen\": false}}, \"version\": \"6.6.0\", \"type\": \"visualization\", \"id\": \"4c913eb0-1f51-11e9-93ed-f7e068f4aebb-ecs\", \"gridData\": {\"y\": 0, \"i\": \"1\", \"h\": 15, \"w\": 37, \"x\": 0}}, {\"panelIndex\": \"2\", \"embeddableConfig\": {}, \"version\": \"6.6.0\", \"type\": \"visualization\", \"id\": \"2599f5e0-1e98-11e9-8ec4-cf5d91a864b3-ecs\", \"gridData\": {\"y\": 0, \"i\": \"2\", \"h\": 15, \"w\": 11, \"x\": 37}}, {\"panelIndex\": \"3\", \"embeddableConfig\": {\"mapZoom\": 2, \"mapCenter\": [47.15984001304432, -47.02148437500001]}, \"version\": \"6.6.0\", \"type\": \"visualization\", \"id\": \"c4394ec0-1efd-11e9-8ec4-cf5d91a864b3-ecs\", \"gridData\": {\"y\": 15, \"i\": \"3\", \"h\": 15, \"w\": 24, \"x\": 0}}, {\"panelIndex\": \"4\", \"embeddableConfig\": {\"mapZoom\": 2, \"mapCenter\": [49.15296965617042, -27.949218750000004]}, \"version\": \"6.6.0\", \"type\": \"visualization\", \"id\": \"d8cea010-1efd-11e9-8ec4-cf5d91a864b3-ecs\", \"gridData\": {\"y\": 15, \"i\": \"4\", \"h\": 15, \"w\": 24, \"x\": 24}}, {\"panelIndex\": \"5\", \"embeddableConfig\": {}, \"version\": \"6.6.0\", \"type\": \"visualization\", \"id\": \"b57b7370-1f1d-11e9-8ec4-cf5d91a864b3-ecs\", \"gridData\": {\"y\": 30, \"i\": \"5\", \"h\": 15, \"w\": 19, \"x\": 0}}, {\"panelIndex\": \"6\", \"embeddableConfig\": {}, \"version\": \"6.6.0\", \"type\": \"visualization\", \"id\": \"35fe0910-1f26-11e9-8ec4-cf5d91a864b3-ecs\", \"gridData\": {\"y\": 30, \"i\": \"6\", \"h\": 15, \"w\": 18, \"x\": 19}}, {\"panelIndex\": \"7\", \"embeddableConfig\": {}, \"version\": \"6.6.0\", \"type\": \"visualization\", \"id\": \"683402b0-1f29-11e9-8ec4-cf5d91a864b3-ecs\", \"gridData\": {\"y\": 30, \"i\": \"7\", \"h\": 15, \"w\": 11, \"x\": 37}}, {\"panelIndex\": \"8\", \"embeddableConfig\": {}, \"version\": \"6.6.0\", \"type\": \"search\", \"id\": \"b3f1b010-1f26-11e9-8ec4-cf5d91a864b3-ecs\", \"gridData\": {\"y\": 45, \"i\": \"8\", \"h\": 19, \"w\": 48, \"x\": 0}}]",
                "timeRestore": false,
                "title": "[Filebeat Iptables] Overview ECS",
                "version": 1
            },
            "id": "ceefb9e0-1f51-11e9-93ed-f7e068f4aebb-ecs",
            "type": "dashboard",
            "updated_at": "2019-01-23T20:59:43.614Z",
            "version": 1
        }
    ],
    "version": "6.6.0"
}