{
    "objects": [
        {
            "attributes": {
                "description": "",
                "kibanaSavedObjectMeta": {
                    "searchSourceJSON": "{\"filter\": []}"
                },
                "savedSearchId": "Syslog-system-logs-ecs",
                "title": "Syslog events by hostname [Filebeat System] ECS",
                "uiStateJSON": "{}",
                "version": 1,
                "visState": "{\"listeners\": {}, \"params\": {\"addLegend\": true, \"yAxis\": {}, \"defaultYExtents\": false, \"shareYAxis\": true, \"mode\": \"stacked\", \"addTooltip\": true, \"legendPosition\": \"right\", \"times\": [], \"scale\": \"linear\", \"setYExtents\": false, \"addTimeMarker\": false}, \"type\": \"histogram\", \"aggs\": [{\"params\": {}, \"schema\": \"metric\", \"type\": \"count\", \"enabled\": true, \"id\": \"1\"}, {\"params\": {\"customInterval\": \"2h\", \"extended_bounds\": {}, \"min_doc_count\": 1, \"interval\": \"auto\", \"field\": \"@timestamp\"}, \"schema\": \"segment\", \"type\": \"date_histogram\", \"enabled\": true, \"id\": \"2\"}, {\"params\": {\"field\": \"host.hostname\", \"orderBy\": \"1\", \"order\": \"desc\", \"size\": 5}, \"schema\": \"group\", \"type\": \"terms\", \"enabled\": true, \"id\": \"3\"}], \"title\": \"Syslog events by hostname ECS\"}"
            },
            "id": "Syslog-events-by-hostname-ecs",
            "type": "visualization",
            "version": 2
        },
        {
            "attributes": {
                "description": "",
                "kibanaSavedObjectMeta": {
                    "searchSourceJSON": "{\"filter\": []}"
                },
                "savedSearchId": "Syslog-system-logs-ecs",
                "title": "Syslog hostnames and processes [Filebeat System] ECS",
                "uiStateJSON": "{}",
                "version": 1,
                "visState": "{\"listeners\": {}, \"params\": {\"addLegend\": true, \"legendPosition\": \"bottom\", \"isDonut\": true, \"shareYAxis\": true, \"addTooltip\": true}, \"type\": \"pie\", \"aggs\": [{\"params\": {}, \"schema\": \"metric\", \"type\": \"count\", \"enabled\": true, \"id\": \"1\"}, {\"params\": {\"field\": \"host.hostname\", \"orderBy\": \"1\", \"order\": \"desc\", \"size\": 5}, \"schema\": \"segment\", \"type\": \"terms\", \"enabled\": true, \"id\": \"2\"}, {\"params\": {\"field\": \"process.name\", \"orderBy\": \"1\", \"order\": \"desc\", \"size\": 5}, \"schema\": \"segment\", \"type\": \"terms\", \"enabled\": true, \"id\": \"3\"}], \"title\": \"Syslog hostnames and processes ECS\"}"
            },
            "id": "Syslog-hostnames-and-processes-ecs",
            "type": "visualization",
            "version": 2
        },
        {
            "attributes": {
                "columns": [
                    "host.hostname",
                    "process.name",
                    "message"
                ],
                "description": "",
                "hits": 0,
                "kibanaSavedObjectMeta": {
                    "searchSourceJSON": "{\"highlight\": {\"pre_tags\": [\"@kibana-highlighted-field@\"], \"require_field_match\": false, \"fields\": {\"*\": {}}, \"post_tags\": [\"@/kibana-highlighted-field@\"], \"fragment_size\": 2147483647}, \"highlightAll\": true, \"query\": {\"query\": \"event.dataset:system.syslog\", \"language\": \"kuery\"}, \"index\": \"filebeat-*\", \"filter\": []}"
                },
                "sort": [
                    "@timestamp",
                    "desc"
                ],
                "title": "Syslog logs [Filebeat System] ECS",
                "version": 1
            },
            "id": "Syslog-system-logs-ecs",
            "type": "search",
            "version": 2
        },
        {
            "attributes": {
                "description": "",
                "kibanaSavedObjectMeta": {
                    "searchSourceJSON": "{}"
                },
                "title": "Dashboards [Filebeat System] ECS",
                "uiStateJSON": "{}",
                "version": 1,
                "visState": "{\"params\": {\"markdown\": \"[Syslog](#/dashboard/Filebeat-syslog-dashboard-ecs) | [Sudo commands](#/dashboard/277876d0-fa2c-11e6-bbd3-29c986c96e5a-ecs) | [SSH logins](#/dashboard/5517a150-f9ce-11e6-8115-a7c18106d86a-ecs) | [New users and groups](#/dashboard/0d3f2380-fa78-11e6-ae9b-81e5311e8cab-ecs)\", \"fontSize\": 12}, \"title\": \"Dashboards [Filebeat System] ECS\", \"type\": \"markdown\", \"aggs\": []}"
            },
            "id": "327417e0-8462-11e7-bab8-bd2f0fb42c54-ecs",
            "type": "visualization",
            "version": 1
        },
        {
            "attributes": {
                "description": "Syslog dashboard from the Filebeat System module",
                "hits": 0,
                "kibanaSavedObjectMeta": {
                    "searchSourceJSON": "{\"version\": true, \"query\": {\"query\": \"\", \"language\": \"kuery\"}, \"highlightAll\": true, \"filter\": []}"
                },
                "optionsJSON": "{\"darkTheme\": false}",
                "panelsJSON": "[{\"size_y\": 4, \"panelIndex\": 1, \"row\": 2, \"col\": 1, \"type\": \"visualization\", \"size_x\": 8, \"id\": \"Syslog-events-by-hostname-ecs\"}, {\"size_y\": 4, \"panelIndex\": 2, \"row\": 2, \"col\": 9, \"type\": \"visualization\", \"size_x\": 4, \"id\": \"Syslog-hostnames-and-processes-ecs\"}, {\"size_y\": 7, \"panelIndex\": 3, \"size_x\": 12, \"columns\": [\"host.hostname\", \"process.name\", \"message\"], \"row\": 6, \"sort\": [\"@timestamp\", \"desc\"], \"col\": 1, \"type\": \"search\", \"id\": \"Syslog-system-logs-ecs\"}, {\"size_y\": 1, \"panelIndex\": 4, \"row\": 1, \"col\": 1, \"type\": \"visualization\", \"size_x\": 12, \"id\": \"327417e0-8462-11e7-bab8-bd2f0fb42c54-ecs\"}]",
                "timeRestore": false,
                "title": "[Filebeat System] Syslog dashboard ECS",
                "uiStateJSON": "{}",
                "version": 1
            },
            "id": "Filebeat-syslog-dashboard-ecs",
            "type": "dashboard",
            "version": 6
        }
    ],
    "version": "6.0.0-beta1-SNAPSHOT"
}