{
    "objects": [
        {
            "attributes": {
                "description": "Overview of Zeek",
                "hits": 0,
                "kibanaSavedObjectMeta": {
                    "searchSourceJSON": "{\"query\": {\"query\": \"\", \"language\": \"kuery\"}, \"filter\": []}"
                },
                "optionsJSON": "{\"useMargins\": true, \"hidePanelTitles\": false}",
                "panelsJSON": "[{\"version\": \"7.0.0-beta1\", \"panelIndex\": \"1\", \"gridData\": {\"y\": 0, \"i\": \"1\", \"h\": 20, \"w\": 48, \"x\": 0}, \"embeddableConfig\": {}, \"panelRefName\": \"panel_0\"}, {\"version\": \"7.0.0-beta1\", \"panelIndex\": \"2\", \"gridData\": {\"y\": 20, \"i\": \"2\", \"h\": 12, \"w\": 16, \"x\": 0}, \"embeddableConfig\": {}, \"panelRefName\": \"panel_1\"}, {\"version\": \"7.0.0-beta1\", \"panelIndex\": \"3\", \"gridData\": {\"y\": 20, \"i\": \"3\", \"h\": 12, \"w\": 16, \"x\": 16}, \"embeddableConfig\": {}, \"panelRefName\": \"panel_2\"}, {\"version\": \"7.0.0-beta1\", \"panelIndex\": \"4\", \"gridData\": {\"y\": 20, \"i\": \"4\", \"h\": 12, \"w\": 16, \"x\": 32}, \"embeddableConfig\": {}, \"panelRefName\": \"panel_3\"}, {\"version\": \"7.0.0-beta1\", \"panelIndex\": \"5\", \"gridData\": {\"y\": 32, \"i\": \"5\", \"h\": 12, \"w\": 16, \"x\": 0}, \"embeddableConfig\": {}, \"panelRefName\": \"panel_4\"}, {\"version\": \"7.0.0-beta1\", \"panelIndex\": \"6\", \"gridData\": {\"y\": 32, \"i\": \"6\", \"h\": 12, \"w\": 16, \"x\": 16}, \"embeddableConfig\": {}, \"panelRefName\": \"panel_5\"}, {\"version\": \"7.0.0-beta1\", \"panelIndex\": \"7\", \"gridData\": {\"y\": 32, \"i\": \"7\", \"h\": 12, \"w\": 16, \"x\": 32}, \"embeddableConfig\": {}, \"panelRefName\": \"panel_6\"}, {\"version\": \"7.0.0-beta1\", \"panelIndex\": \"8\", \"gridData\": {\"y\": 44, \"i\": \"8\", \"h\": 12, \"w\": 48, \"x\": 0}, \"embeddableConfig\": {}, \"panelRefName\": \"panel_7\"}]",
                "timeRestore": false,
                "title": "[Filebeat Zeek] Overview",
                "version": 1
            },
            "id": "7cbb5410-3700-11e9-aa6d-ff445a78330c",
            "migrationVersion": {
                "dashboard": "7.0.0"
            },
            "references": [
                {
                    "id": "f469f230-370c-11e9-aa6d-ff445a78330c",
                    "name": "panel_0",
                    "type": "visualization"
                },
                {
                    "id": "1df7ea80-370d-11e9-aa6d-ff445a78330c",
                    "name": "panel_1",
                    "type": "visualization"
                },
                {
                    "id": "466e5850-370d-11e9-aa6d-ff445a78330c",
                    "name": "panel_2",
                    "type": "visualization"
                },
                {
                    "id": "649acd40-370d-11e9-aa6d-ff445a78330c",
                    "name": "panel_3",
                    "type": "visualization"
                },
                {
                    "id": "9436c270-370d-11e9-aa6d-ff445a78330c",
                    "name": "panel_4",
                    "type": "visualization"
                },
                {
                    "id": "bec2f0e0-370d-11e9-aa6d-ff445a78330c",
                    "name": "panel_5",
                    "type": "visualization"
                },
                {
                    "id": "e042fda0-370d-11e9-aa6d-ff445a78330c",
                    "name": "panel_6",
                    "type": "visualization"
                },
                {
                    "id": "f8c40810-370d-11e9-aa6d-ff445a78330c",
                    "name": "panel_7",
                    "type": "visualization"
                }
            ],
            "type": "dashboard",
            "updated_at": "2019-02-23T05:05:18.205Z",
            "version": "WzMxMTYsNF0="
        },
        {
            "attributes": {
                "description": "",
                "kibanaSavedObjectMeta": {
                    "searchSourceJSON": "{\"query\": {\"query\": \"\", \"language\": \"kuery\"}, \"indexRefName\": \"kibanaSavedObjectMeta.searchSourceJSON.index\", \"filter\": []}"
                },
                "title": "Destination Geo [Filebeat Zeek]",
                "uiStateJSON": "{}",
                "version": 1,
                "visState": "{\"params\": {\"mapZoom\": 2, \"mapCenter\": [0, 0], \"heatClusterSize\": 1.5, \"addTooltip\": true, \"legendPosition\": \"bottomright\", \"colorSchema\": \"Yellow to Red\", \"dimensions\": {\"geohash\": null, \"metric\": {\"params\": {}, \"aggType\": \"count\", \"accessor\": 0, \"format\": {\"id\": \"number\"}}, \"geocentroid\": null}, \"isDesaturated\": true, \"wms\": {\"options\": {\"format\": \"image/png\", \"transparent\": true}, \"enabled\": false}, \"mapType\": \"Scaled Circle Markers\"}, \"title\": \"Destination Geo [Filebeat Zeek]\", \"type\": \"tile_map\", \"aggs\": [{\"params\": {}, \"schema\": \"metric\", \"type\": \"count\", \"enabled\": true, \"id\": \"1\"}, {\"params\": {\"mapZoom\": 2, \"field\": \"destination.geo.location\", \"isFilteredByCollar\": true, \"precision\": 2, \"useGeocentroid\": true, \"mapCenter\": [0, 0], \"autoPrecision\": true}, \"schema\": \"segment\", \"type\": \"geohash_grid\", \"enabled\": true, \"id\": \"2\"}]}"
            },
            "id": "f469f230-370c-11e9-aa6d-ff445a78330c",
            "migrationVersion": {
                "visualization": "7.0.0"
            },
            "references": [
                {
                    "id": "filebeat-*",
                    "name": "kibanaSavedObjectMeta.searchSourceJSON.index",
                    "type": "index-pattern"
                }
            ],
            "type": "visualization",
            "updated_at": "2019-02-26T00:06:27.634Z",
            "version": "WzMyNzUsNV0="
        },
        {
            "attributes": {
                "description": "",
                "kibanaSavedObjectMeta": {
                    "searchSourceJSON": "{\"query\": {\"query\": \"\", \"language\": \"kuery\"}, \"indexRefName\": \"kibanaSavedObjectMeta.searchSourceJSON.index\", \"filter\": []}"
                },
                "title": "Network Transport [Filebeat Zeek]",
                "uiStateJSON": "{}",
                "version": 1,
                "visState": "{\"params\": {\"addLegend\": true, \"addTooltip\": true, \"type\": \"pie\", \"legendPosition\": \"right\", \"dimensions\": {\"metric\": {\"params\": {}, \"aggType\": \"count\", \"accessor\": 0, \"format\": {\"id\": \"number\"}}}, \"isDonut\": true, \"labels\": {\"truncate\": 100, \"values\": true, \"last_level\": true, \"show\": false}}, \"title\": \"Network Transport [Filebeat Zeek]\", \"type\": \"pie\", \"aggs\": [{\"params\": {}, \"schema\": \"metric\", \"type\": \"count\", \"enabled\": true, \"id\": \"1\"}, {\"params\": {\"field\": \"network.transport\", \"missingBucket\": false, \"order\": \"desc\", \"missingBucketLabel\": \"Missing\", \"size\": 5, \"otherBucketLabel\": \"Other\", \"orderBy\": \"1\", \"otherBucket\": false}, \"schema\": \"segment\", \"type\": \"terms\", \"enabled\": true, \"id\": \"2\"}]}"
            },
            "id": "1df7ea80-370d-11e9-aa6d-ff445a78330c",
            "migrationVersion": {
                "visualization": "7.0.0"
            },
            "references": [
                {
                    "id": "filebeat-*",
                    "name": "kibanaSavedObjectMeta.searchSourceJSON.index",
                    "type": "index-pattern"
                }
            ],
            "type": "visualization",
            "updated_at": "2019-02-26T00:07:08.521Z",
            "version": "WzMyNzgsNV0="
        },
        {
            "attributes": {
                "description": "",
                "kibanaSavedObjectMeta": {
                    "searchSourceJSON": "{\"query\": {\"query\": \"\", \"language\": \"kuery\"}, \"indexRefName\": \"kibanaSavedObjectMeta.searchSourceJSON.index\", \"filter\": []}"
                },
                "title": "Network Application [Filebeat Zeek]",
                "uiStateJSON": "{}",
                "version": 1,
                "visState": "{\"params\": {\"addLegend\": true, \"addTooltip\": true, \"type\": \"pie\", \"legendPosition\": \"right\", \"dimensions\": {\"metric\": {\"params\": {}, \"aggType\": \"count\", \"accessor\": 0, \"format\": {\"id\": \"number\"}}}, \"isDonut\": true, \"labels\": {\"truncate\": 100, \"values\": true, \"last_level\": true, \"show\": false}}, \"title\": \"Network Application [Filebeat Zeek]\", \"type\": \"pie\", \"aggs\": [{\"params\": {}, \"schema\": \"metric\", \"type\": \"count\", \"enabled\": true, \"id\": \"1\"}, {\"params\": {\"field\": \"network.application\", \"missingBucket\": false, \"order\": \"desc\", \"missingBucketLabel\": \"Missing\", \"size\": 5, \"otherBucketLabel\": \"Other\", \"orderBy\": \"1\", \"otherBucket\": false}, \"schema\": \"segment\", \"type\": \"terms\", \"enabled\": true, \"id\": \"2\"}]}"
            },
            "id": "466e5850-370d-11e9-aa6d-ff445a78330c",
            "migrationVersion": {
                "visualization": "7.0.0"
            },
            "references": [
                {
                    "id": "filebeat-*",
                    "name": "kibanaSavedObjectMeta.searchSourceJSON.index",
                    "type": "index-pattern"
                }
            ],
            "type": "visualization",
            "updated_at": "2019-02-26T00:06:41.868Z",
            "version": "WzMyNzYsNV0="
        },
        {
            "attributes": {
                "description": "",
                "kibanaSavedObjectMeta": {
                    "searchSourceJSON": "{\"query\": {\"query\": \"\", \"language\": \"kuery\"}, \"indexRefName\": \"kibanaSavedObjectMeta.searchSourceJSON.index\", \"filter\": []}"
                },
                "title": "Network Traffic Direction [Filebeat Zeek]",
                "uiStateJSON": "{}",
                "version": 1,
                "visState": "{\"params\": {\"addLegend\": true, \"addTooltip\": true, \"type\": \"pie\", \"legendPosition\": \"right\", \"dimensions\": {\"metric\": {\"params\": {}, \"aggType\": \"count\", \"accessor\": 0, \"format\": {\"id\": \"number\"}}}, \"isDonut\": true, \"labels\": {\"truncate\": 100, \"values\": true, \"last_level\": true, \"show\": false}}, \"title\": \"Network Traffic Direction [Filebeat Zeek]\", \"type\": \"pie\", \"aggs\": [{\"params\": {}, \"schema\": \"metric\", \"type\": \"count\", \"enabled\": true, \"id\": \"1\"}, {\"params\": {\"field\": \"network.direction\", \"missingBucket\": false, \"order\": \"desc\", \"missingBucketLabel\": \"Missing\", \"size\": 5, \"otherBucketLabel\": \"Other\", \"orderBy\": \"1\", \"otherBucket\": false}, \"schema\": \"segment\", \"type\": \"terms\", \"enabled\": true, \"id\": \"2\"}]}"
            },
            "id": "649acd40-370d-11e9-aa6d-ff445a78330c",
            "migrationVersion": {
                "visualization": "7.0.0"
            },
            "references": [
                {
                    "id": "filebeat-*",
                    "name": "kibanaSavedObjectMeta.searchSourceJSON.index",
                    "type": "index-pattern"
                }
            ],
            "type": "visualization",
            "updated_at": "2019-02-26T00:06:55.885Z",
            "version": "WzMyNzcsNV0="
        },
        {
            "attributes": {
                "description": "",
                "kibanaSavedObjectMeta": {
                    "searchSourceJSON": "{\"query\": {\"query\": \"\", \"language\": \"kuery\"}, \"indexRefName\": \"kibanaSavedObjectMeta.searchSourceJSON.index\", \"filter\": []}"
                },
                "title": "Top DNS Domains [Filebeat Zeek]",
                "uiStateJSON": "{}",
                "version": 1,
                "visState": "{\"params\": {\"addLegend\": true, \"addTooltip\": true, \"type\": \"pie\", \"legendPosition\": \"right\", \"dimensions\": {\"metric\": {\"params\": {}, \"aggType\": \"count\", \"accessor\": 0, \"format\": {\"id\": \"number\"}}}, \"isDonut\": true, \"labels\": {\"truncate\": 100, \"values\": true, \"last_level\": true, \"show\": false}}, \"title\": \"Top DNS Domains [Filebeat Zeek]\", \"type\": \"pie\", \"aggs\": [{\"params\": {}, \"schema\": \"metric\", \"type\": \"count\", \"enabled\": true, \"id\": \"1\"}, {\"params\": {\"field\": \"zeek.dns.query\", \"missingBucket\": false, \"order\": \"desc\", \"missingBucketLabel\": \"Missing\", \"size\": 10, \"otherBucketLabel\": \"Other\", \"orderBy\": \"1\", \"otherBucket\": false}, \"schema\": \"segment\", \"type\": \"terms\", \"enabled\": true, \"id\": \"2\"}]}"
            },
            "id": "9436c270-370d-11e9-aa6d-ff445a78330c",
            "migrationVersion": {
                "visualization": "7.0.0"
            },
            "references": [
                {
                    "id": "filebeat-*",
                    "name": "kibanaSavedObjectMeta.searchSourceJSON.index",
                    "type": "index-pattern"
                }
            ],
            "type": "visualization",
            "updated_at": "2019-02-26T00:07:23.763Z",
            "version": "WzMyNzksNV0="
        },
        {
            "attributes": {
                "description": "",
                "kibanaSavedObjectMeta": {
                    "searchSourceJSON": "{\"query\": {\"query\": \"\", \"language\": \"kuery\"}, \"indexRefName\": \"kibanaSavedObjectMeta.searchSourceJSON.index\", \"filter\": []}"
                },
                "title": "Top URL Domains [Filebeat Zeek]",
                "uiStateJSON": "{}",
                "version": 1,
                "visState": "{\"params\": {\"addLegend\": true, \"addTooltip\": true, \"type\": \"pie\", \"legendPosition\": \"right\", \"dimensions\": {\"buckets\": [{\"params\": {}, \"aggType\": \"terms\", \"accessor\": 0, \"format\": {\"params\": {\"otherBucketLabel\": \"Other\", \"id\": \"string\", \"missingBucketLabel\": \"Missing\"}, \"id\": \"terms\"}}], \"metric\": {\"params\": {}, \"aggType\": \"count\", \"accessor\": 1, \"format\": {\"id\": \"number\"}}}, \"isDonut\": true, \"labels\": {\"truncate\": 100, \"values\": true, \"last_level\": true, \"show\": false}}, \"title\": \"Top URL Domains [Filebeat Zeek]\", \"type\": \"pie\", \"aggs\": [{\"params\": {}, \"schema\": \"metric\", \"type\": \"count\", \"enabled\": true, \"id\": \"1\"}, {\"params\": {\"field\": \"url.domain\", \"missingBucket\": false, \"order\": \"desc\", \"missingBucketLabel\": \"Missing\", \"size\": 10, \"otherBucketLabel\": \"Other\", \"orderBy\": \"1\", \"otherBucket\": false}, \"schema\": \"segment\", \"type\": \"terms\", \"enabled\": true, \"id\": \"2\"}]}"
            },
            "id": "bec2f0e0-370d-11e9-aa6d-ff445a78330c",
            "migrationVersion": {
                "visualization": "7.0.0"
            },
            "references": [
                {
                    "id": "filebeat-*",
                    "name": "kibanaSavedObjectMeta.searchSourceJSON.index",
                    "type": "index-pattern"
                }
            ],
            "type": "visualization",
            "updated_at": "2019-02-26T00:07:49.910Z",
            "version": "WzMyODEsNV0="
        },
        {
            "attributes": {
                "description": "",
                "kibanaSavedObjectMeta": {
                    "searchSourceJSON": "{\"query\": {\"query\": \"\", \"language\": \"kuery\"}, \"indexRefName\": \"kibanaSavedObjectMeta.searchSourceJSON.index\", \"filter\": []}"
                },
                "title": "Top SSL Servers [Filebeat Zeek]",
                "uiStateJSON": "{}",
                "version": 1,
                "visState": "{\"params\": {\"addLegend\": true, \"addTooltip\": true, \"type\": \"pie\", \"legendPosition\": \"right\", \"dimensions\": {\"metric\": {\"params\": {}, \"aggType\": \"count\", \"accessor\": 0, \"format\": {\"id\": \"number\"}}}, \"isDonut\": true, \"labels\": {\"truncate\": 100, \"values\": true, \"last_level\": true, \"show\": false}}, \"title\": \"Top SSL Servers [Filebeat Zeek]\", \"type\": \"pie\", \"aggs\": [{\"params\": {}, \"schema\": \"metric\", \"type\": \"count\", \"enabled\": true, \"id\": \"1\"}, {\"params\": {\"field\": \"zeek.ssl.server_name\", \"missingBucket\": false, \"order\": \"desc\", \"missingBucketLabel\": \"Missing\", \"size\": 10, \"otherBucketLabel\": \"Other\", \"orderBy\": \"1\", \"otherBucket\": false}, \"schema\": \"segment\", \"type\": \"terms\", \"enabled\": true, \"id\": \"2\"}]}"
            },
            "id": "e042fda0-370d-11e9-aa6d-ff445a78330c",
            "migrationVersion": {
                "visualization": "7.0.0"
            },
            "references": [
                {
                    "id": "filebeat-*",
                    "name": "kibanaSavedObjectMeta.searchSourceJSON.index",
                    "type": "index-pattern"
                }
            ],
            "type": "visualization",
            "updated_at": "2019-02-26T00:07:36.653Z",
            "version": "WzMyODAsNV0="
        },
        {
            "attributes": {
                "description": "",
                "kibanaSavedObjectMeta": {
                    "searchSourceJSON": "{\"query\": {\"query\": \"\", \"language\": \"kuery\"}, \"filter\": []}"
                },
                "title": "Number of Sessions Overtime [Filebeat Zeek]",
                "uiStateJSON": "{}",
                "version": 1,
                "visState": "{\"params\": {\"series\": [{\"color\": \"#68BC00\", \"axis_position\": \"right\", \"separate_axis\": 0, \"fill\": 0.5, \"formatter\": \"number\", \"split_mode\": \"everything\", \"id\": \"61ca57f1-469d-11e7-af02-69e470af7417\", \"line_width\": 1, \"chart_type\": \"line\", \"stacked\": \"none\", \"point_size\": 1, \"metrics\": [{\"type\": \"count\", \"id\": \"61ca57f2-469d-11e7-af02-69e470af7417\"}]}], \"axis_position\": \"left\", \"axis_formatter\": \"number\", \"show_grid\": 1, \"time_field\": \"@timestamp\", \"axis_scale\": \"normal\", \"type\": \"timeseries\", \"index_pattern\": \"filebeat-*\", \"id\": \"61ca57f0-469d-11e7-af02-69e470af7417\", \"show_legend\": 1, \"interval\": \"auto\"}, \"title\": \"Number of Sessions Overtime [Filebeat Zeek]\", \"type\": \"metrics\", \"aggs\": []}"
            },
            "id": "f8c40810-370d-11e9-aa6d-ff445a78330c",
            "migrationVersion": {
                "visualization": "7.0.0"
            },
            "references": [],
            "type": "visualization",
            "updated_at": "2019-02-26T00:05:56.379Z",
            "version": "WzMyNzQsNV0="
        }
    ],
    "version": "7.0.0-beta1"
}