{
    "objects": [
        {
            "attributes": {
                "description": "Microsoft Defender ATP Alert Overview",
                "hits": 0,
                "kibanaSavedObjectMeta": {
                    "searchSourceJSON": "{\"query\": {\"query\": \"\", \"language\": \"kuery\"}, \"filter\": []}"
                },
                "optionsJSON": "{\"useMargins\": true, \"hidePanelTitles\": false}",
                "panelsJSON": "[{\"version\": \"7.8.1\", \"panelIndex\": \"8343f7ea-b977-44bf-bf81-6d41742093a4\", \"gridData\": {\"y\": 0, \"i\": \"8343f7ea-b977-44bf-bf81-6d41742093a4\", \"h\": 6, \"w\": 4, \"x\": 0}, \"embeddableConfig\": {\"title\": \"\"}, \"panelRefName\": \"panel_0\"}, {\"version\": \"7.8.1\", \"panelIndex\": \"74d36139-4d22-44d4-bfc8-020c575febb1\", \"gridData\": {\"y\": 0, \"i\": \"74d36139-4d22-44d4-bfc8-020c575febb1\", \"h\": 24, \"w\": 25, \"x\": 4}, \"embeddableConfig\": {}, \"panelRefName\": \"panel_1\"}, {\"title\": \"ATP Techniques [Filebeat Microsoft]\", \"panelIndex\": \"a3e140ed-a0ed-4da0-8142-72d68fd7c5e5\", \"embeddableConfig\": {\"title\": \"ATP Techniques [Filebeat Microsoft]\"}, \"panelRefName\": \"panel_2\", \"version\": \"7.8.1\", \"gridData\": {\"y\": 0, \"i\": \"a3e140ed-a0ed-4da0-8142-72d68fd7c5e5\", \"h\": 24, \"w\": 19, \"x\": 29}}, {\"version\": \"7.8.1\", \"panelIndex\": \"f3843ab0-8b0f-4f64-805c-4ab0d0965d8a\", \"gridData\": {\"y\": 6, \"i\": \"f3843ab0-8b0f-4f64-805c-4ab0d0965d8a\", \"h\": 6, \"w\": 4, \"x\": 0}, \"embeddableConfig\": {\"title\": \"\"}, \"panelRefName\": \"panel_3\"}, {\"version\": \"7.8.1\", \"panelIndex\": \"16e7059b-70a5-4ea4-b622-9015d7430419\", \"gridData\": {\"y\": 12, \"i\": \"16e7059b-70a5-4ea4-b622-9015d7430419\", \"h\": 6, \"w\": 4, \"x\": 0}, \"embeddableConfig\": {\"title\": \"\"}, \"panelRefName\": \"panel_4\"}, {\"version\": \"7.8.1\", \"panelIndex\": \"d8a5a667-ed0b-42ed-ae7d-edbfa722677f\", \"gridData\": {\"y\": 18, \"i\": \"d8a5a667-ed0b-42ed-ae7d-edbfa722677f\", \"h\": 6, \"w\": 4, \"x\": 0}, \"embeddableConfig\": {\"title\": \"\"}, \"panelRefName\": \"panel_5\"}, {\"version\": \"7.8.1\", \"panelIndex\": \"cb8de6bb-1096-427d-834e-210963aad3e5\", \"gridData\": {\"y\": 24, \"i\": \"cb8de6bb-1096-427d-834e-210963aad3e5\", \"h\": 16, \"w\": 48, \"x\": 0}, \"embeddableConfig\": {}, \"panelRefName\": \"panel_6\"}]",
                "timeRestore": false,
                "title": "[Filebeat Microsoft] ATP Overview",
                "version": 1
            },
            "id": "65402c30-ca6a-11ea-9d4d-9737a63aaa55",
            "migrationVersion": {
                "dashboard": "7.3.0"
            },
            "references": [
                {
                    "id": "3c64f400-ca68-11ea-9d4d-9737a63aaa55",
                    "name": "panel_0",
                    "type": "visualization"
                },
                {
                    "id": "e415af10-ca67-11ea-9d4d-9737a63aaa55",
                    "name": "panel_1",
                    "type": "lens"
                },
                {
                    "id": "14d367f0-ca68-11ea-9d4d-9737a63aaa55",
                    "name": "panel_2",
                    "type": "lens"
                },
                {
                    "id": "9e902dc0-ca68-11ea-9d4d-9737a63aaa55",
                    "name": "panel_3",
                    "type": "visualization"
                },
                {
                    "id": "b9fcbf60-ca68-11ea-9d4d-9737a63aaa55",
                    "name": "panel_4",
                    "type": "visualization"
                },
                {
                    "id": "62f081c0-ca68-11ea-9d4d-9737a63aaa55",
                    "name": "panel_5",
                    "type": "visualization"
                },
                {
                    "id": "00e8fca0-ca68-11ea-9d4d-9737a63aaa55",
                    "name": "panel_6",
                    "type": "visualization"
                }
            ],
            "type": "dashboard",
            "updated_at": "2020-07-20T09:45:23.877Z",
            "version": "WzEzLDFd"
        },
        {
            "attributes": {
                "description": "Microsoft Defender ATP Counter for new incidents",
                "kibanaSavedObjectMeta": {
                    "searchSourceJSON": "{\"query\": {\"query\": \"event.dataset:\\\"microsoft.defender_atp\\\" \", \"language\": \"kuery\"}, \"indexRefName\": \"kibanaSavedObjectMeta.searchSourceJSON.index\", \"filter\": [{\"query\": {\"match_phrase\": {\"event.module\": \"microsoft\"}}, \"meta\": {\"negate\": false, \"key\": \"event.module\", \"disabled\": false, \"params\": {\"query\": \"microsoft\"}, \"alias\": null, \"type\": \"phrase\", \"indexRefName\": \"kibanaSavedObjectMeta.searchSourceJSON.filter[0].meta.index\"}, \"$state\": {\"store\": \"appState\"}}, {\"query\": {\"match_phrase\": {\"event.dataset\": \"microsoft.defender_atp\"}}, \"meta\": {\"negate\": false, \"key\": \"event.dataset\", \"disabled\": false, \"params\": {\"query\": \"microsoft.defender_atp\"}, \"alias\": null, \"type\": \"phrase\", \"indexRefName\": \"kibanaSavedObjectMeta.searchSourceJSON.filter[1].meta.index\"}, \"$state\": {\"store\": \"appState\"}}]}"
                },
                "title": "ATP New Incidents Counter [Filebeat Microsoft]",
                "uiStateJSON": "{}",
                "version": 1,
                "visState": "{\"params\": {\"addLegend\": false, \"type\": \"metric\", \"metric\": {\"invertColors\": false, \"colorsRange\": [{\"to\": 1, \"from\": 0}, {\"to\": 10000, \"from\": 1}], \"metricColorMode\": \"None\", \"useRanges\": false, \"colorSchema\": \"Green to Red\", \"labels\": {\"show\": true}, \"style\": {\"fontSize\": 30, \"labelColor\": false, \"bgColor\": false, \"bgFill\": \"#000\", \"subText\": \"\"}, \"percentageMode\": false}, \"addTooltip\": true}, \"title\": \"ATP New Incidents Counter [Filebeat Microsoft]\", \"type\": \"metric\", \"aggs\": [{\"params\": {\"field\": \"microsoft.defender_atp.incidentId\", \"customLabel\": \"New Incidents\"}, \"schema\": \"metric\", \"type\": \"cardinality\", \"enabled\": true, \"id\": \"1\"}]}"
            },
            "id": "3c64f400-ca68-11ea-9d4d-9737a63aaa55",
            "migrationVersion": {
                "visualization": "7.8.0"
            },
            "references": [
                {
                    "id": "filebeat-*",
                    "name": "kibanaSavedObjectMeta.searchSourceJSON.index",
                    "type": "index-pattern"
                },
                {
                    "id": "filebeat-*",
                    "name": "kibanaSavedObjectMeta.searchSourceJSON.filter[0].meta.index",
                    "type": "index-pattern"
                },
                {
                    "id": "filebeat-*",
                    "name": "kibanaSavedObjectMeta.searchSourceJSON.filter[1].meta.index",
                    "type": "index-pattern"
                }
            ],
            "type": "visualization",
            "updated_at": "2020-07-20T09:45:23.877Z",
            "version": "WzYsMV0="
        },
        {
            "attributes": {
                "expression": "kibana\n| kibana_context  query=\"{\\\"query\\\":\\\"\\\",\\\"language\\\":\\\"kuery\\\"}\" \n  filters=\"[{\\\"meta\\\":{\\\"index\\\":\\\"filebeat-*\\\",\\\"alias\\\":null,\\\"negate\\\":false,\\\"disabled\\\":false,\\\"type\\\":\\\"phrase\\\",\\\"key\\\":\\\"event.module\\\",\\\"params\\\":{\\\"query\\\":\\\"microsoft\\\"}},\\\"query\\\":{\\\"match_phrase\\\":{\\\"event.module\\\":\\\"microsoft\\\"}},\\\"$state\\\":{\\\"store\\\":\\\"appState\\\"}},{\\\"meta\\\":{\\\"index\\\":\\\"filebeat-*\\\",\\\"alias\\\":null,\\\"negate\\\":false,\\\"disabled\\\":false,\\\"type\\\":\\\"phrase\\\",\\\"key\\\":\\\"event.dataset\\\",\\\"params\\\":{\\\"query\\\":\\\"microsoft.defender_atp\\\"}},\\\"query\\\":{\\\"match_phrase\\\":{\\\"event.dataset\\\":\\\"microsoft.defender_atp\\\"}},\\\"$state\\\":{\\\"store\\\":\\\"appState\\\"}}]\"\n| lens_merge_tables layerIds=\"ac550ae9-6e17-4944-9545-25bbe83d9dbb\" \n  tables={esaggs index=\"filebeat-*\" metricsAtAllLevels=true partialRows=true includeFormatHints=true timeFields=\"@timestamp\" aggConfigs=\"[{\\\"id\\\":\\\"19ade524-0042-4ecd-ac59-9696c8c2e225\\\",\\\"enabled\\\":true,\\\"type\\\":\\\"terms\\\",\\\"schema\\\":\\\"segment\\\",\\\"params\\\":{\\\"field\\\":\\\"event.severity\\\",\\\"orderBy\\\":\\\"27212c7c-83ee-4292-a4c6-396d9b77dce6\\\",\\\"order\\\":\\\"desc\\\",\\\"size\\\":6,\\\"otherBucket\\\":false,\\\"otherBucketLabel\\\":\\\"Other\\\",\\\"missingBucket\\\":false,\\\"missingBucketLabel\\\":\\\"Missing\\\"}},{\\\"id\\\":\\\"677e5501-ca31-435c-8eab-38b5297e54c2\\\",\\\"enabled\\\":true,\\\"type\\\":\\\"date_histogram\\\",\\\"schema\\\":\\\"segment\\\",\\\"params\\\":{\\\"field\\\":\\\"@timestamp\\\",\\\"useNormalizedEsInterval\\\":true,\\\"interval\\\":\\\"24h\\\",\\\"drop_partials\\\":false,\\\"min_doc_count\\\":0,\\\"extended_bounds\\\":{}}},{\\\"id\\\":\\\"27212c7c-83ee-4292-a4c6-396d9b77dce6\\\",\\\"enabled\\\":true,\\\"type\\\":\\\"cardinality\\\",\\\"schema\\\":\\\"metric\\\",\\\"params\\\":{\\\"field\\\":\\\"microsoft.defender_atp.incidentId\\\",\\\"missing\\\":0}}]\" | lens_rename_columns idMap=\"{\\\"col-0-19ade524-0042-4ecd-ac59-9696c8c2e225\\\":{\\\"label\\\":\\\"Top values of event.severity\\\",\\\"dataType\\\":\\\"number\\\",\\\"operationType\\\":\\\"terms\\\",\\\"scale\\\":\\\"ordinal\\\",\\\"sourceField\\\":\\\"event.severity\\\",\\\"isBucketed\\\":true,\\\"params\\\":{\\\"size\\\":6,\\\"orderBy\\\":{\\\"type\\\":\\\"column\\\",\\\"columnId\\\":\\\"27212c7c-83ee-4292-a4c6-396d9b77dce6\\\"},\\\"orderDirection\\\":\\\"desc\\\"},\\\"id\\\":\\\"19ade524-0042-4ecd-ac59-9696c8c2e225\\\"},\\\"col-2-677e5501-ca31-435c-8eab-38b5297e54c2\\\":{\\\"label\\\":\\\"@timestamp\\\",\\\"dataType\\\":\\\"date\\\",\\\"operationType\\\":\\\"date_histogram\\\",\\\"sourceField\\\":\\\"@timestamp\\\",\\\"isBucketed\\\":true,\\\"scale\\\":\\\"interval\\\",\\\"params\\\":{\\\"interval\\\":\\\"24h\\\"},\\\"id\\\":\\\"677e5501-ca31-435c-8eab-38b5297e54c2\\\"},\\\"col-3-27212c7c-83ee-4292-a4c6-396d9b77dce6\\\":{\\\"label\\\":\\\"Number of incidents\\\",\\\"dataType\\\":\\\"number\\\",\\\"operationType\\\":\\\"cardinality\\\",\\\"scale\\\":\\\"ratio\\\",\\\"sourceField\\\":\\\"microsoft.defender_atp.incidentId\\\",\\\"isBucketed\\\":false,\\\"params\\\":{\\\"format\\\":{\\\"id\\\":\\\"number\\\",\\\"params\\\":{\\\"decimals\\\":0}}},\\\"id\\\":\\\"27212c7c-83ee-4292-a4c6-396d9b77dce6\\\"}}\" | lens_format_column format=\"number\" columnId=\"27212c7c-83ee-4292-a4c6-396d9b77dce6\" decimals=0}\n| lens_xy_chart xTitle=\"@timestamp\" yTitle=\"Number of incidents\" legend={lens_xy_legendConfig isVisible=true position=\"right\"} \n  layers={lens_xy_layer layerId=\"ac550ae9-6e17-4944-9545-25bbe83d9dbb\" hide=false xAccessor=\"677e5501-ca31-435c-8eab-38b5297e54c2\" yScaleType=\"linear\" xScaleType=\"time\" isHistogram=true splitAccessor=\"19ade524-0042-4ecd-ac59-9696c8c2e225\" seriesType=\"line\" accessors=\"27212c7c-83ee-4292-a4c6-396d9b77dce6\" columnToLabel=\"{\\\"27212c7c-83ee-4292-a4c6-396d9b77dce6\\\":\\\"Number of incidents\\\",\\\"19ade524-0042-4ecd-ac59-9696c8c2e225\\\":\\\"Top values of event.severity\\\"}\"}",
                "state": {
                    "datasourceMetaData": {
                        "filterableIndexPatterns": [
                            {
                                "id": "filebeat-*",
                                "title": "filebeat-*"
                            }
                        ]
                    },
                    "datasourceStates": {
                        "indexpattern": {
                            "currentIndexPatternId": "filebeat-*",
                            "layers": {
                                "ac550ae9-6e17-4944-9545-25bbe83d9dbb": {
                                    "columnOrder": [
                                        "19ade524-0042-4ecd-ac59-9696c8c2e225",
                                        "677e5501-ca31-435c-8eab-38b5297e54c2",
                                        "27212c7c-83ee-4292-a4c6-396d9b77dce6"
                                    ],
                                    "columns": {
                                        "19ade524-0042-4ecd-ac59-9696c8c2e225": {
                                            "dataType": "number",
                                            "isBucketed": true,
                                            "label": "Top values of event.severity",
                                            "operationType": "terms",
                                            "params": {
                                                "orderBy": {
                                                    "columnId": "27212c7c-83ee-4292-a4c6-396d9b77dce6",
                                                    "type": "column"
                                                },
                                                "orderDirection": "desc",
                                                "size": 6
                                            },
                                            "scale": "ordinal",
                                            "sourceField": "event.severity"
                                        },
                                        "27212c7c-83ee-4292-a4c6-396d9b77dce6": {
                                            "dataType": "number",
                                            "isBucketed": false,
                                            "label": "Number of incidents",
                                            "operationType": "cardinality",
                                            "params": {
                                                "format": {
                                                    "id": "number",
                                                    "params": {
                                                        "decimals": 0
                                                    }
                                                }
                                            },
                                            "scale": "ratio",
                                            "sourceField": "microsoft.defender_atp.incidentId"
                                        },
                                        "677e5501-ca31-435c-8eab-38b5297e54c2": {
                                            "dataType": "date",
                                            "isBucketed": true,
                                            "label": "@timestamp",
                                            "operationType": "date_histogram",
                                            "params": {
                                                "interval": "24h"
                                            },
                                            "scale": "interval",
                                            "sourceField": "@timestamp"
                                        }
                                    },
                                    "indexPatternId": "filebeat-*"
                                }
                            }
                        }
                    },
                    "filters": [
                        {
                            "$state": {
                                "store": "appState"
                            },
                            "meta": {
                                "alias": null,
                                "disabled": false,
                                "index": "filebeat-*",
                                "key": "event.module",
                                "negate": false,
                                "params": {
                                    "query": "microsoft"
                                },
                                "type": "phrase"
                            },
                            "query": {
                                "match_phrase": {
                                    "event.module": "microsoft"
                                }
                            }
                        },
                        {
                            "$state": {
                                "store": "appState"
                            },
                            "meta": {
                                "alias": null,
                                "disabled": false,
                                "index": "filebeat-*",
                                "key": "event.dataset",
                                "negate": false,
                                "params": {
                                    "query": "microsoft.defender_atp"
                                },
                                "type": "phrase"
                            },
                            "query": {
                                "match_phrase": {
                                    "event.dataset": "microsoft.defender_atp"
                                }
                            }
                        }
                    ],
                    "query": {
                        "language": "kuery",
                        "query": ""
                    },
                    "visualization": {
                        "layers": [
                            {
                                "accessors": [
                                    "27212c7c-83ee-4292-a4c6-396d9b77dce6"
                                ],
                                "layerId": "ac550ae9-6e17-4944-9545-25bbe83d9dbb",
                                "position": "top",
                                "seriesType": "line",
                                "showGridlines": false,
                                "splitAccessor": "19ade524-0042-4ecd-ac59-9696c8c2e225",
                                "xAccessor": "677e5501-ca31-435c-8eab-38b5297e54c2"
                            }
                        ],
                        "legend": {
                            "isVisible": true,
                            "position": "right"
                        },
                        "preferredSeriesType": "line"
                    }
                },
                "title": "ATP New Incidents [Filebeat Microsoft]",
                "visualizationType": "lnsXY"
            },
            "id": "e415af10-ca67-11ea-9d4d-9737a63aaa55",
            "migrationVersion": {
                "lens": "7.8.0"
            },
            "references": [],
            "type": "lens",
            "updated_at": "2020-07-20T09:45:23.877Z",
            "version": "WzcsMV0="
        },
        {
            "attributes": {
                "expression": "kibana\n| kibana_context  query=\"{\\\"query\\\":\\\"\\\",\\\"language\\\":\\\"kuery\\\"}\" \n  filters=\"[{\\\"meta\\\":{\\\"index\\\":\\\"filebeat-*\\\",\\\"alias\\\":null,\\\"negate\\\":false,\\\"disabled\\\":false,\\\"type\\\":\\\"phrase\\\",\\\"key\\\":\\\"event.module\\\",\\\"params\\\":{\\\"query\\\":\\\"microsoft\\\"}},\\\"query\\\":{\\\"match_phrase\\\":{\\\"event.module\\\":\\\"microsoft\\\"}},\\\"$state\\\":{\\\"store\\\":\\\"appState\\\"}},{\\\"meta\\\":{\\\"index\\\":\\\"filebeat-*\\\",\\\"alias\\\":null,\\\"negate\\\":false,\\\"disabled\\\":false,\\\"type\\\":\\\"phrase\\\",\\\"key\\\":\\\"event.dataset\\\",\\\"params\\\":{\\\"query\\\":\\\"microsoft.defender_atp\\\"}},\\\"query\\\":{\\\"match_phrase\\\":{\\\"event.dataset\\\":\\\"microsoft.defender_atp\\\"}},\\\"$state\\\":{\\\"store\\\":\\\"appState\\\"}}]\"\n| lens_merge_tables layerIds=\"f93e2634-0dd5-4aec-b6de-45284dd39630\" \n  tables={esaggs index=\"filebeat-*\" metricsAtAllLevels=true partialRows=true includeFormatHints=true  aggConfigs=\"[{\\\"id\\\":\\\"12ecaf1f-b957-4c15-8f43-8f043a7d1d51\\\",\\\"enabled\\\":true,\\\"type\\\":\\\"terms\\\",\\\"schema\\\":\\\"segment\\\",\\\"params\\\":{\\\"field\\\":\\\"threat.technique.name\\\",\\\"orderBy\\\":\\\"_key\\\",\\\"order\\\":\\\"asc\\\",\\\"size\\\":10,\\\"otherBucket\\\":false,\\\"otherBucketLabel\\\":\\\"Other\\\",\\\"missingBucket\\\":false,\\\"missingBucketLabel\\\":\\\"Missing\\\"}},{\\\"id\\\":\\\"0f67be87-cc6f-48e7-8afd-d9401037d006\\\",\\\"enabled\\\":true,\\\"type\\\":\\\"count\\\",\\\"schema\\\":\\\"metric\\\",\\\"params\\\":{}}]\" | lens_rename_columns idMap=\"{\\\"col-0-12ecaf1f-b957-4c15-8f43-8f043a7d1d51\\\":{\\\"label\\\":\\\"Related MITRE attach techniques\\\",\\\"dataType\\\":\\\"string\\\",\\\"operationType\\\":\\\"terms\\\",\\\"scale\\\":\\\"ordinal\\\",\\\"sourceField\\\":\\\"threat.technique.name\\\",\\\"isBucketed\\\":true,\\\"params\\\":{\\\"size\\\":10,\\\"orderBy\\\":{\\\"type\\\":\\\"alphabetical\\\"},\\\"orderDirection\\\":\\\"asc\\\"},\\\"id\\\":\\\"12ecaf1f-b957-4c15-8f43-8f043a7d1d51\\\"},\\\"col-1-0f67be87-cc6f-48e7-8afd-d9401037d006\\\":{\\\"label\\\":\\\"Number of techniques\\\",\\\"dataType\\\":\\\"number\\\",\\\"operationType\\\":\\\"count\\\",\\\"isBucketed\\\":false,\\\"scale\\\":\\\"ratio\\\",\\\"sourceField\\\":\\\"Records\\\",\\\"id\\\":\\\"0f67be87-cc6f-48e7-8afd-d9401037d006\\\"}}\"}\n| lens_pie shape=\"treemap\" hideLabels=false groups=\"12ecaf1f-b957-4c15-8f43-8f043a7d1d51\" metric=\"0f67be87-cc6f-48e7-8afd-d9401037d006\" numberDisplay=\"percent\" categoryDisplay=\"default\" legendDisplay=\"default\" percentDecimals=3 nestedLegend=false",
                "state": {
                    "datasourceMetaData": {
                        "filterableIndexPatterns": [
                            {
                                "id": "filebeat-*",
                                "title": "filebeat-*"
                            }
                        ]
                    },
                    "datasourceStates": {
                        "indexpattern": {
                            "currentIndexPatternId": "filebeat-*",
                            "layers": {
                                "f93e2634-0dd5-4aec-b6de-45284dd39630": {
                                    "columnOrder": [
                                        "12ecaf1f-b957-4c15-8f43-8f043a7d1d51",
                                        "0f67be87-cc6f-48e7-8afd-d9401037d006"
                                    ],
                                    "columns": {
                                        "0f67be87-cc6f-48e7-8afd-d9401037d006": {
                                            "dataType": "number",
                                            "isBucketed": false,
                                            "label": "Number of techniques",
                                            "operationType": "count",
                                            "scale": "ratio",
                                            "sourceField": "Records"
                                        },
                                        "12ecaf1f-b957-4c15-8f43-8f043a7d1d51": {
                                            "dataType": "string",
                                            "isBucketed": true,
                                            "label": "Related MITRE attach techniques",
                                            "operationType": "terms",
                                            "params": {
                                                "orderBy": {
                                                    "type": "alphabetical"
                                                },
                                                "orderDirection": "asc",
                                                "size": 10
                                            },
                                            "scale": "ordinal",
                                            "sourceField": "threat.technique.name"
                                        }
                                    },
                                    "indexPatternId": "filebeat-*"
                                }
                            }
                        }
                    },
                    "filters": [
                        {
                            "$state": {
                                "store": "appState"
                            },
                            "meta": {
                                "alias": null,
                                "disabled": false,
                                "index": "filebeat-*",
                                "key": "event.module",
                                "negate": false,
                                "params": {
                                    "query": "microsoft"
                                },
                                "type": "phrase"
                            },
                            "query": {
                                "match_phrase": {
                                    "event.module": "microsoft"
                                }
                            }
                        },
                        {
                            "$state": {
                                "store": "appState"
                            },
                            "meta": {
                                "alias": null,
                                "disabled": false,
                                "index": "filebeat-*",
                                "key": "event.dataset",
                                "negate": false,
                                "params": {
                                    "query": "microsoft.defender_atp"
                                },
                                "type": "phrase"
                            },
                            "query": {
                                "match_phrase": {
                                    "event.dataset": "microsoft.defender_atp"
                                }
                            }
                        }
                    ],
                    "query": {
                        "language": "kuery",
                        "query": ""
                    },
                    "visualization": {
                        "layers": [
                            {
                                "categoryDisplay": "default",
                                "groups": [
                                    "12ecaf1f-b957-4c15-8f43-8f043a7d1d51"
                                ],
                                "layerId": "f93e2634-0dd5-4aec-b6de-45284dd39630",
                                "legendDisplay": "default",
                                "metric": "0f67be87-cc6f-48e7-8afd-d9401037d006",
                                "nestedLegend": false,
                                "numberDisplay": "percent"
                            }
                        ],
                        "shape": "treemap"
                    }
                },
                "title": "ATP Techniques [Filebeat Microsoft]",
                "visualizationType": "lnsPie"
            },
            "id": "14d367f0-ca68-11ea-9d4d-9737a63aaa55",
            "migrationVersion": {
                "lens": "7.8.0"
            },
            "references": [],
            "type": "lens",
            "updated_at": "2020-07-20T09:45:23.877Z",
            "version": "WzgsMV0="
        },
        {
            "attributes": {
                "description": "Microsoft Defender ATP counter for related domains",
                "kibanaSavedObjectMeta": {
                    "searchSourceJSON": "{\"query\": {\"query\": \"event.dataset:\\\"microsoft.defender_atp\\\" \", \"language\": \"kuery\"}, \"indexRefName\": \"kibanaSavedObjectMeta.searchSourceJSON.index\", \"filter\": [{\"query\": {\"match_phrase\": {\"event.module\": \"microsoft\"}}, \"meta\": {\"negate\": false, \"key\": \"event.module\", \"disabled\": false, \"params\": {\"query\": \"microsoft\"}, \"alias\": null, \"type\": \"phrase\", \"indexRefName\": \"kibanaSavedObjectMeta.searchSourceJSON.filter[0].meta.index\"}, \"$state\": {\"store\": \"appState\"}}, {\"query\": {\"match_phrase\": {\"event.dataset\": \"microsoft.defender_atp\"}}, \"meta\": {\"negate\": false, \"key\": \"event.dataset\", \"disabled\": false, \"params\": {\"query\": \"microsoft.defender_atp\"}, \"alias\": null, \"type\": \"phrase\", \"indexRefName\": \"kibanaSavedObjectMeta.searchSourceJSON.filter[1].meta.index\"}, \"$state\": {\"store\": \"appState\"}}]}"
                },
                "title": "ATP Domains Counter [Filebeat Microsoft]",
                "uiStateJSON": "{}",
                "version": 1,
                "visState": "{\"params\": {\"addLegend\": false, \"type\": \"metric\", \"metric\": {\"invertColors\": false, \"colorsRange\": [{\"to\": 10000, \"from\": 0}], \"metricColorMode\": \"None\", \"useRanges\": false, \"colorSchema\": \"Green to Red\", \"labels\": {\"show\": true}, \"style\": {\"fontSize\": 30, \"labelColor\": false, \"bgColor\": false, \"bgFill\": \"#000\", \"subText\": \"\"}, \"percentageMode\": false}, \"addTooltip\": true}, \"title\": \"ATP Domains Counter [Filebeat Microsoft]\", \"type\": \"metric\", \"aggs\": [{\"params\": {\"field\": \"microsoft.defender_atp.evidence.domainName\", \"customLabel\": \"Related Domains\"}, \"schema\": \"metric\", \"type\": \"cardinality\", \"enabled\": true, \"id\": \"1\"}]}"
            },
            "id": "9e902dc0-ca68-11ea-9d4d-9737a63aaa55",
            "migrationVersion": {
                "visualization": "7.8.0"
            },
            "references": [
                {
                    "id": "filebeat-*",
                    "name": "kibanaSavedObjectMeta.searchSourceJSON.index",
                    "type": "index-pattern"
                },
                {
                    "id": "filebeat-*",
                    "name": "kibanaSavedObjectMeta.searchSourceJSON.filter[0].meta.index",
                    "type": "index-pattern"
                },
                {
                    "id": "filebeat-*",
                    "name": "kibanaSavedObjectMeta.searchSourceJSON.filter[1].meta.index",
                    "type": "index-pattern"
                }
            ],
            "type": "visualization",
            "updated_at": "2020-07-20T09:45:23.877Z",
            "version": "WzksMV0="
        },
        {
            "attributes": {
                "description": "Microsoft Defender ATP counter for related IP Addresses",
                "kibanaSavedObjectMeta": {
                    "searchSourceJSON": "{\"query\": {\"query\": \"event.dataset:\\\"microsoft.defender_atp\\\" \", \"language\": \"kuery\"}, \"indexRefName\": \"kibanaSavedObjectMeta.searchSourceJSON.index\", \"filter\": [{\"query\": {\"match_phrase\": {\"event.module\": \"microsoft\"}}, \"meta\": {\"negate\": false, \"key\": \"event.module\", \"disabled\": false, \"params\": {\"query\": \"microsoft\"}, \"alias\": null, \"type\": \"phrase\", \"indexRefName\": \"kibanaSavedObjectMeta.searchSourceJSON.filter[0].meta.index\"}, \"$state\": {\"store\": \"appState\"}}, {\"query\": {\"match_phrase\": {\"event.dataset\": \"microsoft.defender_atp\"}}, \"meta\": {\"negate\": false, \"key\": \"event.dataset\", \"disabled\": false, \"params\": {\"query\": \"microsoft.defender_atp\"}, \"alias\": null, \"type\": \"phrase\", \"indexRefName\": \"kibanaSavedObjectMeta.searchSourceJSON.filter[1].meta.index\"}, \"$state\": {\"store\": \"appState\"}}]}"
                },
                "title": "ATP IP Addresses Counter [Filebeat Microsoft]",
                "uiStateJSON": "{}",
                "version": 1,
                "visState": "{\"params\": {\"addLegend\": false, \"type\": \"metric\", \"metric\": {\"invertColors\": false, \"colorsRange\": [{\"to\": 10000, \"from\": 0}], \"metricColorMode\": \"None\", \"useRanges\": false, \"colorSchema\": \"Green to Red\", \"labels\": {\"show\": true}, \"style\": {\"fontSize\": 30, \"labelColor\": false, \"bgColor\": false, \"bgFill\": \"#000\", \"subText\": \"\"}, \"percentageMode\": false}, \"addTooltip\": true}, \"title\": \"ATP IP Addresses Counter [Filebeat Microsoft]\", \"type\": \"metric\", \"aggs\": [{\"params\": {\"field\": \"microsoft.defender_atp.evidence.ipAddress\", \"customLabel\": \"Related Networks\"}, \"schema\": \"metric\", \"type\": \"cardinality\", \"enabled\": true, \"id\": \"1\"}]}"
            },
            "id": "b9fcbf60-ca68-11ea-9d4d-9737a63aaa55",
            "migrationVersion": {
                "visualization": "7.8.0"
            },
            "references": [
                {
                    "id": "filebeat-*",
                    "name": "kibanaSavedObjectMeta.searchSourceJSON.index",
                    "type": "index-pattern"
                },
                {
                    "id": "filebeat-*",
                    "name": "kibanaSavedObjectMeta.searchSourceJSON.filter[0].meta.index",
                    "type": "index-pattern"
                },
                {
                    "id": "filebeat-*",
                    "name": "kibanaSavedObjectMeta.searchSourceJSON.filter[1].meta.index",
                    "type": "index-pattern"
                }
            ],
            "type": "visualization",
            "updated_at": "2020-07-20T09:45:23.877Z",
            "version": "WzEwLDFd"
        },
        {
            "attributes": {
                "description": "Microsoft Defender ATP counter for related Users",
                "kibanaSavedObjectMeta": {
                    "searchSourceJSON": "{\"query\": {\"query\": \"event.dataset:\\\"microsoft.defender_atp\\\" \", \"language\": \"kuery\"}, \"indexRefName\": \"kibanaSavedObjectMeta.searchSourceJSON.index\", \"filter\": [{\"query\": {\"match_phrase\": {\"event.module\": \"microsoft\"}}, \"meta\": {\"negate\": false, \"key\": \"event.module\", \"disabled\": false, \"params\": {\"query\": \"microsoft\"}, \"alias\": null, \"type\": \"phrase\", \"indexRefName\": \"kibanaSavedObjectMeta.searchSourceJSON.filter[0].meta.index\"}, \"$state\": {\"store\": \"appState\"}}, {\"query\": {\"match_phrase\": {\"event.dataset\": \"microsoft.defender_atp\"}}, \"meta\": {\"negate\": false, \"key\": \"event.dataset\", \"disabled\": false, \"params\": {\"query\": \"microsoft.defender_atp\"}, \"alias\": null, \"type\": \"phrase\", \"indexRefName\": \"kibanaSavedObjectMeta.searchSourceJSON.filter[1].meta.index\"}, \"$state\": {\"store\": \"appState\"}}]}"
                },
                "title": "ATP Related Users Counter [Filebeat Microsoft]",
                "uiStateJSON": "{}",
                "version": 1,
                "visState": "{\"params\": {\"addLegend\": false, \"type\": \"metric\", \"metric\": {\"invertColors\": false, \"colorsRange\": [{\"to\": 10000, \"from\": 0}], \"metricColorMode\": \"None\", \"useRanges\": false, \"colorSchema\": \"Green to Red\", \"labels\": {\"show\": true}, \"style\": {\"fontSize\": 30, \"labelColor\": false, \"bgColor\": false, \"bgFill\": \"#000\", \"subText\": \"\"}, \"percentageMode\": false}, \"addTooltip\": true}, \"title\": \"ATP Related Users Counter [Filebeat Microsoft]\", \"type\": \"metric\", \"aggs\": [{\"params\": {\"field\": \"host.user.name\", \"customLabel\": \"Related Users\"}, \"schema\": \"metric\", \"type\": \"cardinality\", \"enabled\": true, \"id\": \"1\"}]}"
            },
            "id": "62f081c0-ca68-11ea-9d4d-9737a63aaa55",
            "migrationVersion": {
                "visualization": "7.8.0"
            },
            "references": [
                {
                    "id": "filebeat-*",
                    "name": "kibanaSavedObjectMeta.searchSourceJSON.index",
                    "type": "index-pattern"
                },
                {
                    "id": "filebeat-*",
                    "name": "kibanaSavedObjectMeta.searchSourceJSON.filter[0].meta.index",
                    "type": "index-pattern"
                },
                {
                    "id": "filebeat-*",
                    "name": "kibanaSavedObjectMeta.searchSourceJSON.filter[1].meta.index",
                    "type": "index-pattern"
                }
            ],
            "type": "visualization",
            "updated_at": "2020-07-20T09:45:23.877Z",
            "version": "WzExLDFd"
        },
        {
            "attributes": {
                "description": "Microsoft Defender ATP Incident Table",
                "kibanaSavedObjectMeta": {
                    "searchSourceJSON": "{\"query\": {\"query\": \"\", \"language\": \"kuery\"}, \"indexRefName\": \"kibanaSavedObjectMeta.searchSourceJSON.index\", \"filter\": [{\"query\": {\"match_phrase\": {\"event.module\": \"microsoft\"}}, \"meta\": {\"negate\": false, \"key\": \"event.module\", \"disabled\": false, \"params\": {\"query\": \"microsoft\"}, \"alias\": null, \"type\": \"phrase\", \"indexRefName\": \"kibanaSavedObjectMeta.searchSourceJSON.filter[0].meta.index\"}, \"$state\": {\"store\": \"appState\"}}, {\"query\": {\"match_phrase\": {\"event.dataset\": \"microsoft.defender_atp\"}}, \"meta\": {\"negate\": false, \"key\": \"event.dataset\", \"disabled\": false, \"params\": {\"query\": \"microsoft.defender_atp\"}, \"alias\": null, \"type\": \"phrase\", \"indexRefName\": \"kibanaSavedObjectMeta.searchSourceJSON.filter[1].meta.index\"}, \"$state\": {\"store\": \"appState\"}}]}"
                },
                "title": "ATP Incident Table [Filebeat Microsoft]",
                "uiStateJSON": "{\"vis\": {\"params\": {\"sort\": {\"direction\": null, \"columnIndex\": null}}}}",
                "version": 1,
                "visState": "{\"params\": {\"showMetricsAtAllLevels\": false, \"showPartialRows\": false, \"row\": true, \"totalFunc\": \"sum\", \"sort\": {\"direction\": null, \"columnIndex\": null}, \"showTotal\": false, \"perPage\": 10, \"percentageCol\": \"\"}, \"title\": \"ATP Incident Table [Filebeat Microsoft]\", \"type\": \"table\", \"aggs\": [{\"params\": {\"field\": \"microsoft.defender_atp.incidentId\", \"missingBucket\": false, \"order\": \"desc\", \"missingBucketLabel\": \"Missing\", \"size\": 100, \"otherBucketLabel\": \"Other\", \"otherBucket\": false, \"orderBy\": \"_key\", \"customLabel\": \"Incident ID\"}, \"schema\": \"bucket\", \"type\": \"terms\", \"enabled\": true, \"id\": \"2\"}, {\"params\": {\"field\": \"microsoft.defender_atp.status\", \"missingBucket\": false, \"order\": \"desc\", \"missingBucketLabel\": \"Missing\", \"size\": 1, \"otherBucketLabel\": \"Other\", \"otherBucket\": false, \"orderBy\": \"_key\", \"customLabel\": \"Current Status\"}, \"schema\": \"bucket\", \"type\": \"terms\", \"enabled\": true, \"id\": \"3\"}, {\"params\": {\"field\": \"microsoft.defender_atp.assignedTo\", \"missingBucket\": false, \"order\": \"desc\", \"missingBucketLabel\": \"Missing\", \"size\": 1, \"otherBucketLabel\": \"Other\", \"otherBucket\": false, \"orderBy\": \"_key\", \"customLabel\": \"Assigned To\"}, \"schema\": \"bucket\", \"type\": \"terms\", \"enabled\": true, \"id\": \"5\"}, {\"params\": {\"field\": \"event.severity\", \"missingBucket\": false, \"order\": \"desc\", \"missingBucketLabel\": \"Missing\", \"size\": 5, \"otherBucketLabel\": \"Other\", \"otherBucket\": false, \"orderBy\": \"_key\", \"customLabel\": \"Severity\"}, \"schema\": \"bucket\", \"type\": \"terms\", \"enabled\": true, \"id\": \"9\"}, {\"params\": {\"field\": \"host.hostname\", \"missingBucket\": false, \"order\": \"desc\", \"missingBucketLabel\": \"Missing\", \"size\": 1, \"otherBucketLabel\": \"Other\", \"otherBucket\": false, \"orderBy\": \"_key\", \"customLabel\": \"Hostname\"}, \"schema\": \"bucket\", \"type\": \"terms\", \"enabled\": true, \"id\": \"4\"}, {\"params\": {\"field\": \"event.test.message\", \"missingBucket\": false, \"order\": \"desc\", \"missingBucketLabel\": \"Missing\", \"size\": 1, \"otherBucketLabel\": \"Other\", \"otherBucket\": false, \"orderBy\": \"_key\", \"customLabel\": \"Title\"}, \"schema\": \"bucket\", \"type\": \"terms\", \"enabled\": true, \"id\": \"6\"}, {\"params\": {\"sortField\": \"@timestamp\", \"field\": \"@timestamp\", \"size\": 1, \"sortOrder\": \"desc\", \"aggregate\": \"concat\"}, \"schema\": \"metric\", \"type\": \"top_hits\", \"enabled\": true, \"id\": \"8\"}, {\"params\": {\"field\": \"threat.technique.name\", \"missingBucket\": false, \"order\": \"desc\", \"missingBucketLabel\": \"Missing\", \"size\": 1, \"otherBucketLabel\": \"Other\", \"otherBucket\": false, \"orderBy\": \"_key\", \"customLabel\": \"Category\"}, \"schema\": \"bucket\", \"type\": \"terms\", \"enabled\": true, \"id\": \"10\"}]}"
            },
            "id": "00e8fca0-ca68-11ea-9d4d-9737a63aaa55",
            "migrationVersion": {
                "visualization": "7.8.0"
            },
            "references": [
                {
                    "id": "filebeat-*",
                    "name": "kibanaSavedObjectMeta.searchSourceJSON.index",
                    "type": "index-pattern"
                },
                {
                    "id": "filebeat-*",
                    "name": "kibanaSavedObjectMeta.searchSourceJSON.filter[0].meta.index",
                    "type": "index-pattern"
                },
                {
                    "id": "filebeat-*",
                    "name": "kibanaSavedObjectMeta.searchSourceJSON.filter[1].meta.index",
                    "type": "index-pattern"
                }
            ],
            "type": "visualization",
            "updated_at": "2020-07-20T09:45:23.877Z",
            "version": "WzEyLDFd"
        }
    ],
    "version": "7.8.0"
}