{
    "objects": [
        {
            "attributes": {
                "description": "",
                "kibanaSavedObjectMeta": {
                    "searchSourceJSON": "{\"query\": {\"query\": \"\", \"language\": \"kuery\"}, \"filter\": []}"
                },
                "savedSearchId": "1c2bcec0-86d1-11e8-b59d-21efb914e65c-ecs",
                "title": "Top Alerting Hosts [Filebeat Suricata] ECS",
                "uiStateJSON": "{}",
                "version": 1,
                "visState": "{\"params\": {\"addLegend\": true, \"seriesParams\": [{\"valueAxis\": \"ValueAxis-1\", \"mode\": \"stacked\", \"showCircles\": true, \"data\": {\"label\": \"Count\", \"id\": \"1\"}, \"type\": \"histogram\", \"drawLinesBetweenPoints\": true, \"show\": \"true\"}], \"grid\": {\"categoryLines\": false, \"style\": {\"color\": \"#eee\"}}, \"categoryAxes\": [{\"title\": {}, \"position\": \"bottom\", \"scale\": {\"type\": \"linear\"}, \"labels\": {\"truncate\": 100, \"show\": true}, \"type\": \"category\", \"id\": \"CategoryAxis-1\", \"style\": {}, \"show\": true}], \"addTooltip\": true, \"legendPosition\": \"right\", \"type\": \"histogram\", \"times\": [], \"valueAxes\": [{\"title\": {\"text\": \"Count\"}, \"position\": \"left\", \"name\": \"LeftAxis-1\", \"scale\": {\"type\": \"linear\", \"mode\": \"normal\"}, \"labels\": {\"show\": true, \"truncate\": 100, \"rotate\": 0, \"filter\": false}, \"type\": \"value\", \"id\": \"ValueAxis-1\", \"style\": {}, \"show\": true}], \"addTimeMarker\": false}, \"title\": \"Top Alerting Hosts [Filebeat Suricata] ECS\", \"type\": \"histogram\", \"aggs\": [{\"params\": {}, \"schema\": \"metric\", \"type\": \"count\", \"enabled\": true, \"id\": \"1\"}, {\"params\": {\"customInterval\": \"2h\", \"extended_bounds\": {}, \"min_doc_count\": 1, \"interval\": \"auto\", \"field\": \"@timestamp\"}, \"schema\": \"segment\", \"type\": \"date_histogram\", \"enabled\": true, \"id\": \"2\"}, {\"params\": {\"field\": \"host.name\", \"missingBucket\": false, \"order\": \"desc\", \"missingBucketLabel\": \"Missing\", \"size\": 10, \"otherBucketLabel\": \"Other\", \"orderBy\": \"1\", \"otherBucket\": false}, \"schema\": \"group\", \"type\": \"terms\", \"enabled\": true, \"id\": \"3\"}]}"
            },
            "id": "494fa290-86d2-11e8-b59d-21efb914e65c-ecs",
            "type": "visualization",
            "updated_at": "2018-11-07T22:56:23.933Z",
            "version": 1
        },
        {
            "attributes": {
                "description": "",
                "kibanaSavedObjectMeta": {
                    "searchSourceJSON": "{\"query\": {\"query\": \"\", \"language\": \"kuery\"}, \"filter\": []}"
                },
                "savedSearchId": "1c2bcec0-86d1-11e8-b59d-21efb914e65c-ecs",
                "title": "Top Alert Signatures [Filebeat Suricata] ECS",
                "uiStateJSON": "{\"vis\": {\"params\": {\"sort\": {\"direction\": null, \"columnIndex\": null}}}}",
                "version": 1,
                "visState": "{\"params\": {\"showMetricsAtAllLevels\": false, \"showPartialRows\": false, \"totalFunc\": \"sum\", \"sort\": {\"direction\": null, \"columnIndex\": null}, \"perPage\": 10, \"showTotal\": false}, \"title\": \"Top Alert Signatures [Filebeat Suricata] ECS\", \"type\": \"table\", \"aggs\": [{\"params\": {}, \"schema\": \"metric\", \"type\": \"count\", \"enabled\": true, \"id\": \"1\"}, {\"params\": {\"field\": \"suricata.eve.alert.signature\", \"missingBucket\": false, \"order\": \"desc\", \"missingBucketLabel\": \"Missing\", \"size\": 10, \"otherBucketLabel\": \"Other\", \"otherBucket\": false, \"orderBy\": \"1\", \"customLabel\": \"Alert Signature\"}, \"schema\": \"bucket\", \"type\": \"terms\", \"enabled\": true, \"id\": \"2\"}, {\"params\": {\"field\": \"suricata.eve.alert.category\", \"missingBucket\": false, \"order\": \"desc\", \"missingBucketLabel\": \"Missing\", \"size\": 5, \"otherBucketLabel\": \"Other\", \"otherBucket\": false, \"orderBy\": \"1\", \"customLabel\": \"Alert Category\"}, \"schema\": \"bucket\", \"type\": \"terms\", \"enabled\": true, \"id\": \"3\"}]}"
            },
            "id": "16033310-86d3-11e8-b59d-21efb914e65c-ecs",
            "type": "visualization",
            "updated_at": "2018-11-07T22:56:23.933Z",
            "version": 1
        },
        {
            "attributes": {
                "columns": [
                    "host.name",
                    "suricata.eve.flow_id",
                    "source.ip",
                    "source.port",
                    "destination.ip",
                    "destination.port",
                    "source.geo.country_iso_code",
                    "destination.geo.country_iso_code"
                ],
                "description": "",
                "hits": 0,
                "kibanaSavedObjectMeta": {
                    "searchSourceJSON": "{\"version\": true, \"index\": \"filebeat-*\", \"highlightAll\": true, \"query\": {\"query\": \"\", \"language\": \"kuery\"}, \"filter\": [{\"query\": {\"match\": {\"suricata.eve.event_type\": {\"query\": \"alert\", \"type\": \"phrase\"}}}, \"meta\": {\"negate\": false, \"key\": \"suricata.eve.event_type\", \"disabled\": false, \"params\": {\"query\": \"alert\", \"type\": \"phrase\"}, \"alias\": null, \"index\": \"filebeat-*\", \"type\": \"phrase\", \"value\": \"alert\"}, \"$state\": {\"store\": \"appState\"}}, {\"query\": {\"match\": {\"event.module\": {\"query\": \"suricata\", \"type\": \"phrase\"}}}, \"meta\": {\"negate\": false, \"key\": \"event.module\", \"disabled\": false, \"params\": {\"query\": \"suricata\", \"type\": \"phrase\"}, \"alias\": null, \"index\": \"filebeat-*\", \"type\": \"phrase\", \"value\": \"suricata\"}, \"$state\": {\"store\": \"appState\"}}]}"
                },
                "sort": [
                    "@timestamp",
                    "desc"
                ],
                "title": "Alerts [Filebeat Suricata] ECS",
                "version": 1
            },
            "id": "1c2bcec0-86d1-11e8-b59d-21efb914e65c-ecs",
            "type": "search",
            "updated_at": "2018-11-07T22:56:23.933Z",
            "version": 1
        },
        {
            "attributes": {
                "description": "",
                "kibanaSavedObjectMeta": {
                    "searchSourceJSON": "{\"query\": {\"query\": \"\", \"language\": \"kuery\"}, \"filter\": []}"
                },
                "savedSearchId": "1c2bcec0-86d1-11e8-b59d-21efb914e65c-ecs",
                "title": "Alert - Source Location [Filebeat Suricata] ECS",
                "uiStateJSON": "{}",
                "version": 1,
                "visState": "{\"params\": {\"mapZoom\": 2, \"mapCenter\": [0, 0], \"heatClusterSize\": 1.5, \"addTooltip\": true, \"legendPosition\": \"bottomright\", \"colorSchema\": \"Yellow to Red\", \"wms\": {\"baseLayersAreLoaded\": {}, \"tmsLayers\": [{\"subdomains\": [], \"maxZoom\": 18, \"url\": \"https://tiles.maps.elastic.co/v2/default/{z}/{x}/{y}.png?elastic_tile_service_tos=agree&my_app_name=kibana&my_app_version=6.3.0&license=fc9de2c1-5f06-4080-8dd0-8a334171d89a\", \"attribution\": \"<p>&#169; <a href=\\\"http://www.openstreetmap.org/copyright\\\">OpenStreetMap</a> contributors | <a href=\\\"https://www.elastic.co/elastic-maps-service\\\">Elastic Maps Service</a></p>&#10;\", \"id\": \"road_map\", \"minZoom\": 0}], \"options\": {\"format\": \"image/png\", \"transparent\": true}, \"enabled\": false, \"selectedTmsLayer\": {\"subdomains\": [], \"maxZoom\": 18, \"url\": \"https://tiles.maps.elastic.co/v2/default/{z}/{x}/{y}.png?elastic_tile_service_tos=agree&my_app_name=kibana&my_app_version=6.3.0&license=fc9de2c1-5f06-4080-8dd0-8a334171d89a\", \"attribution\": \"<p>&#169; <a href=\\\"http://www.openstreetmap.org/copyright\\\">OpenStreetMap</a> contributors | <a href=\\\"https://www.elastic.co/elastic-maps-service\\\">Elastic Maps Service</a></p>&#10;\", \"id\": \"road_map\", \"minZoom\": 0}}, \"isDesaturated\": true, \"mapType\": \"Scaled Circle Markers\"}, \"title\": \"Alert - Source Location [Filebeat Suricata] ECS\", \"type\": \"tile_map\", \"aggs\": [{\"params\": {}, \"schema\": \"metric\", \"type\": \"count\", \"enabled\": true, \"id\": \"1\"}, {\"params\": {\"mapZoom\": 2, \"field\": \"source.geo.location\", \"isFilteredByCollar\": true, \"precision\": 2, \"useGeocentroid\": true, \"mapCenter\": [0, 0], \"autoPrecision\": true}, \"schema\": \"segment\", \"type\": \"geohash_grid\", \"enabled\": true, \"id\": \"2\"}]}"
            },
            "id": "85fed080-86d7-11e8-b59d-21efb914e65c-ecs",
            "type": "visualization",
            "updated_at": "2018-11-07T22:56:23.933Z",
            "version": 1
        },
        {
            "attributes": {
                "description": "",
                "kibanaSavedObjectMeta": {
                    "searchSourceJSON": "{\"query\": {\"query\": \"\", \"language\": \"kuery\"}, \"filter\": []}"
                },
                "savedSearchId": "1c2bcec0-86d1-11e8-b59d-21efb914e65c-ecs",
                "title": "Alert - Destination Location [Filebeat Suricata] ECS",
                "uiStateJSON": "{}",
                "version": 1,
                "visState": "{\"params\": {\"mapZoom\": 2, \"mapCenter\": [0, 0], \"heatClusterSize\": 1.5, \"addTooltip\": true, \"legendPosition\": \"bottomright\", \"colorSchema\": \"Yellow to Red\", \"wms\": {\"baseLayersAreLoaded\": {}, \"tmsLayers\": [{\"subdomains\": [], \"maxZoom\": 18, \"url\": \"https://tiles.maps.elastic.co/v2/default/{z}/{x}/{y}.png?elastic_tile_service_tos=agree&my_app_name=kibana&my_app_version=6.3.0&license=fc9de2c1-5f06-4080-8dd0-8a334171d89a\", \"attribution\": \"<p>&#169; <a href=\\\"http://www.openstreetmap.org/copyright\\\">OpenStreetMap</a> contributors | <a href=\\\"https://www.elastic.co/elastic-maps-service\\\">Elastic Maps Service</a></p>&#10;\", \"id\": \"road_map\", \"minZoom\": 0}], \"options\": {\"format\": \"image/png\", \"transparent\": true}, \"enabled\": false, \"selectedTmsLayer\": {\"subdomains\": [], \"maxZoom\": 18, \"url\": \"https://tiles.maps.elastic.co/v2/default/{z}/{x}/{y}.png?elastic_tile_service_tos=agree&my_app_name=kibana&my_app_version=6.3.0&license=fc9de2c1-5f06-4080-8dd0-8a334171d89a\", \"attribution\": \"<p>&#169; <a href=\\\"http://www.openstreetmap.org/copyright\\\">OpenStreetMap</a> contributors | <a href=\\\"https://www.elastic.co/elastic-maps-service\\\">Elastic Maps Service</a></p>&#10;\", \"id\": \"road_map\", \"minZoom\": 0}}, \"isDesaturated\": true, \"mapType\": \"Scaled Circle Markers\"}, \"title\": \"Alert - Destination Location [Filebeat Suricata] ECS\", \"type\": \"tile_map\", \"aggs\": [{\"params\": {}, \"schema\": \"metric\", \"type\": \"count\", \"enabled\": true, \"id\": \"1\"}, {\"params\": {\"mapZoom\": 2, \"field\": \"destination.geo.location\", \"isFilteredByCollar\": true, \"precision\": 2, \"useGeocentroid\": true, \"mapCenter\": [0, 0], \"autoPrecision\": true}, \"schema\": \"segment\", \"type\": \"geohash_grid\", \"enabled\": true, \"id\": \"2\"}]}"
            },
            "id": "a09ca070-86d7-11e8-b59d-21efb914e65c-ecs",
            "type": "visualization",
            "updated_at": "2018-11-07T22:56:23.933Z",
            "version": 1
        },
        {
            "attributes": {
                "description": "",
                "kibanaSavedObjectMeta": {
                    "searchSourceJSON": "{\"query\": {\"query\": \"\", \"language\": \"kuery\"}, \"filter\": []}"
                },
                "savedSearchId": "1c2bcec0-86d1-11e8-b59d-21efb914e65c-ecs",
                "title": "Alerts - Top Destination Countries [Filebeat Suricata] ECS",
                "uiStateJSON": "{\"vis\": {\"params\": {\"sort\": {\"direction\": null, \"columnIndex\": null}}}}",
                "version": 1,
                "visState": "{\"params\": {\"showMetricsAtAllLevels\": false, \"showPartialRows\": false, \"totalFunc\": \"sum\", \"sort\": {\"direction\": null, \"columnIndex\": null}, \"perPage\": 5, \"showTotal\": false}, \"title\": \"Alerts - Top Destination Countries [Filebeat Suricata] ECS\", \"type\": \"table\", \"aggs\": [{\"params\": {}, \"schema\": \"metric\", \"type\": \"count\", \"enabled\": true, \"id\": \"1\"}, {\"params\": {\"field\": \"destination.geo.country_iso_code\", \"missingBucket\": false, \"order\": \"desc\", \"missingBucketLabel\": \"Missing\", \"size\": 10, \"otherBucketLabel\": \"Other\", \"otherBucket\": false, \"orderBy\": \"1\", \"customLabel\": \"Source Country\"}, \"schema\": \"bucket\", \"type\": \"terms\", \"enabled\": true, \"id\": \"2\"}]}"
            },
            "id": "2ccdc1a0-86d8-11e8-b59d-21efb914e65c-ecs",
            "type": "visualization",
            "updated_at": "2018-11-07T22:56:23.933Z",
            "version": 1
        },
        {
            "attributes": {
                "description": "",
                "kibanaSavedObjectMeta": {
                    "searchSourceJSON": "{\"query\": {\"query\": \"\", \"language\": \"kuery\"}, \"filter\": []}"
                },
                "savedSearchId": "1c2bcec0-86d1-11e8-b59d-21efb914e65c-ecs",
                "title": "Alerts - Top Source Countries [Filebeat Suricata] ECS",
                "uiStateJSON": "{\"vis\": {\"params\": {\"sort\": {\"direction\": null, \"columnIndex\": null}}}}",
                "version": 1,
                "visState": "{\"params\": {\"showMetricsAtAllLevels\": false, \"showPartialRows\": false, \"totalFunc\": \"sum\", \"sort\": {\"direction\": null, \"columnIndex\": null}, \"perPage\": 5, \"showTotal\": false}, \"title\": \"Alerts - Top Source Countries [Filebeat Suricata] ECS\", \"type\": \"table\", \"aggs\": [{\"params\": {}, \"schema\": \"metric\", \"type\": \"count\", \"enabled\": true, \"id\": \"1\"}, {\"params\": {\"field\": \"source.geo.country_iso_code\", \"missingBucket\": false, \"order\": \"desc\", \"missingBucketLabel\": \"Missing\", \"size\": 10, \"otherBucketLabel\": \"Other\", \"otherBucket\": false, \"orderBy\": \"1\", \"customLabel\": \"Source Country\"}, \"schema\": \"bucket\", \"type\": \"terms\", \"enabled\": true, \"id\": \"2\"}]}"
            },
            "id": "c7b8b8f0-86d8-11e8-b59d-21efb914e65c-ecs",
            "type": "visualization",
            "updated_at": "2018-11-07T22:56:23.933Z",
            "version": 1
        },
        {
            "attributes": {
                "description": "Overview of the Suricata Alerts dashboard.",
                "hits": 0,
                "kibanaSavedObjectMeta": {
                    "searchSourceJSON": "{\"version\": true, \"query\": {\"query\": \"\", \"language\": \"kuery\"}, \"highlightAll\": true, \"filter\": []}"
                },
                "optionsJSON": "{\"useMargins\": true, \"hidePanelTitles\": false, \"darkTheme\": false}",
                "panelsJSON": "[{\"panelIndex\": \"1\", \"embeddableConfig\": {}, \"version\": \"6.3.0\", \"type\": \"visualization\", \"id\": \"494fa290-86d2-11e8-b59d-21efb914e65c-ecs\", \"gridData\": {\"y\": 0, \"i\": \"1\", \"h\": 10, \"w\": 23, \"x\": 0}}, {\"panelIndex\": \"2\", \"embeddableConfig\": {}, \"version\": \"6.3.0\", \"type\": \"visualization\", \"id\": \"16033310-86d3-11e8-b59d-21efb914e65c-ecs\", \"gridData\": {\"y\": 0, \"i\": \"2\", \"h\": 22, \"w\": 25, \"x\": 23}}, {\"panelIndex\": \"3\", \"embeddableConfig\": {}, \"version\": \"6.3.0\", \"type\": \"search\", \"id\": \"1c2bcec0-86d1-11e8-b59d-21efb914e65c-ecs\", \"gridData\": {\"y\": 37, \"i\": \"3\", \"h\": 16, \"w\": 48, \"x\": 0}}, {\"panelIndex\": \"4\", \"embeddableConfig\": {\"mapZoom\": 2, \"mapCenter\": [38.548165423046584, -6.328125000000001]}, \"version\": \"6.3.0\", \"type\": \"visualization\", \"id\": \"85fed080-86d7-11e8-b59d-21efb914e65c-ecs\", \"gridData\": {\"y\": 22, \"i\": \"4\", \"h\": 15, \"w\": 23, \"x\": 0}}, {\"panelIndex\": \"5\", \"embeddableConfig\": {\"mapZoom\": 2, \"mapCenter\": [41.77131167976407, 1.9335937500000002]}, \"version\": \"6.3.0\", \"type\": \"visualization\", \"id\": \"a09ca070-86d7-11e8-b59d-21efb914e65c-ecs\", \"gridData\": {\"y\": 22, \"i\": \"5\", \"h\": 15, \"w\": 25, \"x\": 23}}, {\"panelIndex\": \"7\", \"embeddableConfig\": {}, \"version\": \"6.3.0\", \"type\": \"visualization\", \"id\": \"2ccdc1a0-86d8-11e8-b59d-21efb914e65c-ecs\", \"gridData\": {\"y\": 10, \"i\": \"7\", \"h\": 12, \"w\": 12, \"x\": 11}}, {\"panelIndex\": \"8\", \"embeddableConfig\": {}, \"version\": \"6.3.0\", \"type\": \"visualization\", \"id\": \"c7b8b8f0-86d8-11e8-b59d-21efb914e65c-ecs\", \"gridData\": {\"y\": 10, \"i\": \"8\", \"h\": 12, \"w\": 11, \"x\": 0}}]",
                "timeRestore": false,
                "title": "[Filebeat Suricata] Alert Overview ECS",
                "version": 1
            },
            "id": "05268ee0-86d1-11e8-b59d-21efb914e65c-ecs",
            "type": "dashboard",
            "updated_at": "2018-11-07T22:56:23.933Z",
            "version": 1
        }
    ],
    "version": "6.4.3"
}