{
    "objects": [
        {
            "attributes": {
                "columns": [
                    "log.level",
                    "message"
                ],
                "description": "",
                "hits": 0,
                "kibanaSavedObjectMeta": {
                    "searchSourceJSON": "{\"highlight\": {\"pre_tags\": [\"@kibana-highlighted-field@\"], \"require_field_match\": false, \"fields\": {\"*\": {}}, \"post_tags\": [\"@/kibana-highlighted-field@\"], \"fragment_size\": 2147483647}, \"highlightAll\": true, \"version\": true, \"index\": \"filebeat-*\", \"query\": {\"query\": \"event.module:nginx AND message:*\", \"language\": \"kuery\"}, \"filter\": []}"
                },
                "sort": [
                    "@timestamp",
                    "desc"
                ],
                "title": "Nginx error logs [Filebeat Nginx] ECS",
                "version": 1
            },
            "id": "9eb25600-a1f0-11e7-928f-5dbe6f6f5519-ecs",
            "type": "search",
            "version": 1
        },
        {
            "attributes": {
                "columns": [
                    "url.original",
                    "http.request.method",
                    "http.response.status_code",
                    "http.response.body.bytes"
                ],
                "description": "",
                "hits": 0,
                "kibanaSavedObjectMeta": {
                    "searchSourceJSON": "{\"highlight\": {\"pre_tags\": [\"@kibana-highlighted-field@\"], \"require_field_match\": false, \"fields\": {\"*\": {}}, \"post_tags\": [\"@/kibana-highlighted-field@\"], \"fragment_size\": 2147483647}, \"highlightAll\": true, \"version\": true, \"index\": \"filebeat-*\", \"query\": {\"query\": \"event.module:nginx AND url.original:*\", \"language\": \"kuery\"}, \"filter\": []}"
                },
                "sort": [
                    "@timestamp",
                    "desc"
                ],
                "title": "Nginx access logs [Filebeat Nginx] ECS",
                "version": 1
            },
            "id": "6d9e66d0-a1f0-11e7-928f-5dbe6f6f5519-ecs",
            "type": "search",
            "version": 4
        },
        {
            "attributes": {
                "description": "",
                "kibanaSavedObjectMeta": {
                    "searchSourceJSON": "{}"
                },
                "title": "Access logs over time [Filebeat Nginx] ECS",
                "uiStateJSON": "{}",
                "version": 1,
                "visState": "{\"params\": {\"background_color_rules\": [{\"id\": \"3189aa80-a1f3-11e7-a062-a1c3587f4874\"}], \"axis_position\": \"left\", \"show_grid\": 1, \"type\": \"timeseries\", \"annotations\": [{\"color\": \"#F00\", \"ignore_panel_filters\": 1, \"icon\": \"fa-tag\", \"index_pattern\": \"filebeat-*\", \"id\": \"970b1420-a1f3-11e7-a062-a1c3587f4874\", \"time_field\": \"@timestamp\", \"ignore_global_filters\": 1}], \"index_pattern\": \"filebeat-*\", \"id\": \"61ca57f0-469d-11e7-af02-69e470af7417\", \"legend_position\": \"bottom\", \"filter\": \"event.module:nginx AND fileset.name:access\", \"series\": [{\"label\": \"Access logs\", \"color\": \"#68BC00\", \"axis_position\": \"right\", \"fill\": 0.5, \"formatter\": \"number\", \"split_mode\": \"everything\", \"seperate_axis\": 0, \"terms_order_by\": \"61ca57f2-469d-11e7-af02-69e470af7417\", \"id\": \"61ca57f1-469d-11e7-af02-69e470af7417\", \"line_width\": 1, \"chart_type\": \"line\", \"terms_field\": \"url.original\", \"stacked\": \"none\", \"point_size\": 1, \"split_filters\": [{\"color\": \"#68BC00\", \"id\": \"1db649a0-a1f3-11e7-a062-a1c3587f4874\"}], \"metrics\": [{\"type\": \"count\", \"id\": \"61ca57f2-469d-11e7-af02-69e470af7417\"}]}], \"interval\": \"auto\", \"time_field\": \"@timestamp\", \"show_legend\": 1, \"axis_formatter\": \"number\"}, \"title\": \"Access logs over time [Filebeat Nginx] ECS\", \"type\": \"metrics\", \"aggs\": []}"
            },
            "id": "1cfb1a80-a1f4-11e7-928f-5dbe6f6f5519-ecs",
            "type": "visualization",
            "version": 2
        },
        {
            "attributes": {
                "description": "",
                "kibanaSavedObjectMeta": {
                    "searchSourceJSON": "{}"
                },
                "title": "Dashboards [Filebeat Nginx] ECS",
                "uiStateJSON": "{}",
                "version": 1,
                "visState": "{\"params\": {\"markdown\": \"[Nginx logs overview](#/dashboard/55a9e6e0-a29e-11e7-928f-5dbe6f6f5519-ecs) | [Nginx access and error logs](#/dashboard/046212a0-a2a1-11e7-928f-5dbe6f6f5519-ecs)\", \"fontSize\": 12}, \"title\": \"Dashboards [Filebeat Nginx] ECS\", \"type\": \"markdown\", \"aggs\": []}"
            },
            "id": "97109780-a2a5-11e7-928f-5dbe6f6f5519-ecs",
            "type": "visualization",
            "version": 1
        },
        {
            "attributes": {
                "description": "Dashboard for the Filebeat Nginx module",
                "hits": 0,
                "kibanaSavedObjectMeta": {
                    "searchSourceJSON": "{\"version\": true, \"query\": {\"query\": \"\", \"language\": \"kuery\"}, \"highlightAll\": true, \"filter\": []}"
                },
                "optionsJSON": "{\"darkTheme\": false}",
                "panelsJSON": "[{\"size_y\": 3, \"panelIndex\": 11, \"size_x\": 12, \"columns\": [\"log.level\", \"message\"], \"row\": 5, \"sort\": [\"@timestamp\", \"desc\"], \"col\": 1, \"type\": \"search\", \"id\": \"9eb25600-a1f0-11e7-928f-5dbe6f6f5519-ecs\"}, {\"size_y\": 7, \"panelIndex\": 16, \"size_x\": 12, \"columns\": [\"url.original\", \"http.request.method\", \"http.response.status_code\", \"http.response.body.bytes\"], \"row\": 8, \"sort\": [\"@timestamp\", \"desc\"], \"col\": 1, \"type\": \"search\", \"id\": \"6d9e66d0-a1f0-11e7-928f-5dbe6f6f5519-ecs\"}, {\"size_y\": 3, \"panelIndex\": 18, \"row\": 2, \"col\": 1, \"type\": \"visualization\", \"size_x\": 12, \"id\": \"1cfb1a80-a1f4-11e7-928f-5dbe6f6f5519-ecs\"}, {\"size_y\": 1, \"panelIndex\": 19, \"row\": 1, \"col\": 1, \"type\": \"visualization\", \"size_x\": 12, \"id\": \"97109780-a2a5-11e7-928f-5dbe6f6f5519-ecs\"}]",
                "timeRestore": false,
                "title": "[Filebeat Nginx] Access and error logs ECS",
                "uiStateJSON": "{}",
                "version": 1
            },
            "id": "046212a0-a2a1-11e7-928f-5dbe6f6f5519-ecs",
            "type": "dashboard",
            "version": 2
        }
    ],
    "version": "6.0.0-beta2"
}