{
    "objects": [
        {
            "attributes": {
                "description": "Autonomous systems Netflow",
                "hits": 0,
                "kibanaSavedObjectMeta": {
                    "searchSourceJSON": "{\"version\": true, \"highlightAll\": true, \"filter\": [{\"query\": {\"match\": {\"input.type\": {\"query\": \"netflow\", \"type\": \"phrase\"}}}, \"meta\": {\"negate\": false, \"key\": \"input.type\", \"disabled\": false, \"params\": {\"query\": \"netflow\"}, \"alias\": null, \"type\": \"phrase\", \"indexRefName\": \"kibanaSavedObjectMeta.searchSourceJSON.filter[0].meta.index\", \"value\": \"netflow\"}, \"$state\": {\"store\": \"globalState\"}}]}"
                },
                "optionsJSON": "{\"darkTheme\": false}",
                "panelsJSON": "[{\"size_y\": 1, \"panelIndex\": 1, \"row\": 1, \"panelRefName\": \"panel_0\", \"col\": 1, \"size_x\": 12}, {\"size_y\": 2, \"panelIndex\": 2, \"row\": 4, \"panelRefName\": \"panel_1\", \"col\": 7, \"size_x\": 6}, {\"size_y\": 2, \"panelIndex\": 3, \"row\": 6, \"panelRefName\": \"panel_2\", \"col\": 7, \"size_x\": 6}, {\"size_y\": 2, \"panelIndex\": 4, \"row\": 4, \"panelRefName\": \"panel_3\", \"col\": 1, \"size_x\": 6}, {\"size_y\": 2, \"panelIndex\": 5, \"row\": 6, \"panelRefName\": \"panel_4\", \"col\": 1, \"size_x\": 6}, {\"size_y\": 2, \"panelIndex\": 6, \"row\": 2, \"panelRefName\": \"panel_5\", \"col\": 1, \"size_x\": 4}, {\"size_y\": 2, \"panelIndex\": 7, \"row\": 2, \"panelRefName\": \"panel_6\", \"col\": 5, \"size_x\": 4}, {\"size_y\": 2, \"panelIndex\": 8, \"row\": 2, \"panelRefName\": \"panel_7\", \"col\": 9, \"size_x\": 4}]",
                "timeRestore": false,
                "title": "[Filebeat Netflow] Autonomous Systems",
                "uiStateJSON": "{}",
                "version": 1
            },
            "id": "c64665f9-d222-421e-90b0-c7310d944b8a",
            "migrationVersion": {
                "dashboard": "7.0.0"
            },
            "references": [
                {
                    "id": "filebeat-*",
                    "name": "kibanaSavedObjectMeta.searchSourceJSON.filter[0].meta.index",
                    "type": "index-pattern"
                },
                {
                    "id": "d4e6520a-9ced-47c9-a8f2-7246e8cbd2d3",
                    "name": "panel_0",
                    "type": "visualization"
                },
                {
                    "id": "12aad647-c45d-4667-a029-152c1a97cbbc",
                    "name": "panel_1",
                    "type": "visualization"
                },
                {
                    "id": "d27b5d74-b3b4-4311-a0e6-08ff8f4345df",
                    "name": "panel_2",
                    "type": "visualization"
                },
                {
                    "id": "751ecb6f-11c3-458d-b039-f6d57a6379fa",
                    "name": "panel_3",
                    "type": "visualization"
                },
                {
                    "id": "f75063c7-48b7-4de4-b8cb-d07eb2cea0e9",
                    "name": "panel_4",
                    "type": "visualization"
                },
                {
                    "id": "f7808e70-df2a-4532-a350-966704567c24",
                    "name": "panel_5",
                    "type": "visualization"
                },
                {
                    "id": "aed09724-0a69-4331-84f5-3d2067c43930",
                    "name": "panel_6",
                    "type": "visualization"
                },
                {
                    "id": "f531f957-e8c0-497a-ad41-ef39c2d29671",
                    "name": "panel_7",
                    "type": "visualization"
                }
            ],
            "type": "dashboard",
            "updated_at": "2019-07-11T04:44:31.601Z",
            "version": "WzM0MDMsMV0="
        },
        {
            "attributes": {
                "description": "",
                "kibanaSavedObjectMeta": {
                    "searchSourceJSON": "{\"query\": {\"query_string\": {\"query\": \"*\", \"analyze_wildcard\": true}}, \"filter\": []}"
                },
                "title": "Dashboard Navigation [Filebeat Netflow]",
                "uiStateJSON": "{}",
                "version": 1,
                "visState": "{\"listeners\": {}, \"params\": {\"markdown\": \"[Overview](#/dashboard/34e26884-161a-4448-9556-43b5bf2f62a2) | [Conversation Partners](#/dashboard/acd7a630-0c71-4840-bc9e-4a3801374a32) | [Traffic Analysis](#/dashboard/38012abe-c611-4124-8497-381fcd85acc8) | [Top-N](#/dashboard/14387a13-53bc-43a4-b9cd-63977aa8d87c) | [Geo Location](#/dashboard/77326664-23be-4bf1-a126-6d7e60cfc024) | [Autonomous Systems](#/dashboard/c64665f9-d222-421e-90b0-c7310d944b8a) | [Flow Exporters](#/dashboard/feebb4e6-b13e-4e4e-b9fc-d3a178276425) | [Raw Flow Records](#/dashboard/94972700-de4a-4272-9143-2fa8d4981365)\\n***\"}, \"type\": \"markdown\", \"aggs\": [], \"title\": \"Dashboard Navigation [Filebeat Netflow]\"}"
            },
            "id": "d4e6520a-9ced-47c9-a8f2-7246e8cbd2d3",
            "migrationVersion": {
                "visualization": "7.2.0"
            },
            "references": [],
            "type": "visualization",
            "updated_at": "2019-07-11T04:44:38.685Z",
            "version": "WzM0NjQsMV0="
        },
        {
            "attributes": {
                "description": "",
                "kibanaSavedObjectMeta": {
                    "searchSourceJSON": "{\"query\": {\"query_string\": {\"query\": \"*\"}}, \"filter\": []}"
                },
                "title": "Destination Autonomous Systems (bytes) [Filebeat Netflow]",
                "uiStateJSON": "{}",
                "version": 1,
                "visState": "{\"listeners\": {}, \"params\": {\"expression\": \".es(index=\\\"filebeat-*\\\", metric=\\\"sum:network.bytes\\\", split=\\\"destination.as.organization.name:10\\\", kibana=true).scale_interval(1s).fit(mode=scale).if(operator=\\\"lt\\\", if=0, then=0).trim(start=2,end=1).label(regex=\\\"^.* destination.as.organization.name:(.+) > .*$\\\", label=\\\"$1\\\").lines(width=1, stack=true, fill=1).yaxis(label=\\\"bytes / sec\\\", min=0)\", \"interval\": \"auto\"}, \"type\": \"timelion\", \"aggs\": [], \"title\": \"Destination Autonomous Systems (bytes) [Filebeat Netflow]\"}"
            },
            "id": "12aad647-c45d-4667-a029-152c1a97cbbc",
            "migrationVersion": {
                "visualization": "7.2.0"
            },
            "references": [],
            "type": "visualization",
            "updated_at": "2019-07-11T04:44:31.601Z",
            "version": "WzM0MDUsMV0="
        },
        {
            "attributes": {
                "description": "",
                "kibanaSavedObjectMeta": {
                    "searchSourceJSON": "{\"query\": {\"query_string\": {\"query\": \"*\"}}, \"filter\": []}"
                },
                "title": "Destination Autonomous Systems (packets) [Filebeat Netflow]",
                "uiStateJSON": "{}",
                "version": 1,
                "visState": "{\"listeners\": {}, \"params\": {\"expression\": \".es(index=\\\"filebeat-*\\\", metric=\\\"sum:network.packets\\\", split=\\\"destination.as.organization.name:10\\\", kibana=true).scale_interval(1s).fit(mode=scale).if(operator=\\\"lt\\\", if=0, then=0).trim(start=2,end=1).label(regex=\\\"^.* destination.as.organization.name:(.+) > .*$\\\", label=\\\"$1\\\").lines(width=1, stack=true, fill=1).yaxis(label=\\\"packets / sec\\\", min=0)\", \"interval\": \"auto\"}, \"type\": \"timelion\", \"aggs\": [], \"title\": \"Destination Autonomous Systems (packets) [Filebeat Netflow]\"}"
            },
            "id": "d27b5d74-b3b4-4311-a0e6-08ff8f4345df",
            "migrationVersion": {
                "visualization": "7.2.0"
            },
            "references": [],
            "type": "visualization",
            "updated_at": "2019-07-11T04:44:31.601Z",
            "version": "WzM0MDYsMV0="
        },
        {
            "attributes": {
                "description": "",
                "kibanaSavedObjectMeta": {
                    "searchSourceJSON": "{\"query\": {\"query_string\": {\"query\": \"*\"}}, \"filter\": []}"
                },
                "title": "Source Autonomous Systems (bytes) [Filebeat Netflow]",
                "uiStateJSON": "{}",
                "version": 1,
                "visState": "{\"listeners\": {}, \"params\": {\"expression\": \".es(index=\\\"filebeat-*\\\", metric=\\\"sum:network.bytes\\\", split=\\\"source.as.organization.name:10\\\", kibana=true).scale_interval(1s).fit(mode=scale).if(operator=\\\"lt\\\", if=0, then=0).trim(start=2,end=1).label(regex=\\\"^.* source.as.organization.name:(.+) > .*$\\\", label=\\\"$1\\\").lines(width=1, stack=true, fill=1).yaxis(label=\\\"bytes / sec\\\", min=0)\", \"interval\": \"auto\"}, \"type\": \"timelion\", \"aggs\": [], \"title\": \"Source Autonomous Systems (bytes) [Filebeat Netflow]\"}"
            },
            "id": "751ecb6f-11c3-458d-b039-f6d57a6379fa",
            "migrationVersion": {
                "visualization": "7.2.0"
            },
            "references": [],
            "type": "visualization",
            "updated_at": "2019-07-11T04:44:31.601Z",
            "version": "WzM0MDcsMV0="
        },
        {
            "attributes": {
                "description": "",
                "kibanaSavedObjectMeta": {
                    "searchSourceJSON": "{\"query\": {\"query_string\": {\"query\": \"*\"}}, \"filter\": []}"
                },
                "title": "Source Autonomous Systems (packets) [Filebeat Netflow]",
                "uiStateJSON": "{}",
                "version": 1,
                "visState": "{\"listeners\": {}, \"params\": {\"expression\": \".es(index=\\\"filebeat-*\\\", metric=\\\"sum:network.packets\\\", split=\\\"source.as.organization.name:10\\\", kibana=true).scale_interval(1s).fit(mode=scale).if(operator=\\\"lt\\\", if=0, then=0).trim(start=2,end=1).label(regex=\\\"^.* source.as.organization.name:(.+) > .*$\\\", label=\\\"$1\\\").lines(width=1, stack=true, fill=1).yaxis(label=\\\"packets / sec\\\", min=0)\", \"interval\": \"auto\"}, \"type\": \"timelion\", \"aggs\": [], \"title\": \"Source Autonomous Systems (packets) [Filebeat Netflow]\"}"
            },
            "id": "f75063c7-48b7-4de4-b8cb-d07eb2cea0e9",
            "migrationVersion": {
                "visualization": "7.2.0"
            },
            "references": [],
            "type": "visualization",
            "updated_at": "2019-07-11T04:44:31.601Z",
            "version": "WzM0MDgsMV0="
        },
        {
            "attributes": {
                "description": "",
                "kibanaSavedObjectMeta": {
                    "searchSourceJSON": "{\"query\": {\"query_string\": {\"query\": \"*\", \"analyze_wildcard\": true}}, \"indexRefName\": \"kibanaSavedObjectMeta.searchSourceJSON.index\", \"filter\": []}"
                },
                "title": "Destination and Source ASs (flow records) [Filebeat Netflow]",
                "uiStateJSON": "{}",
                "version": 1,
                "visState": "{\"listeners\": {}, \"params\": {\"addLegend\": true, \"legendPosition\": \"right\", \"isDonut\": true, \"addTooltip\": true}, \"type\": \"pie\", \"aggs\": [{\"params\": {\"customLabel\": \"Flow Records\"}, \"schema\": \"metric\", \"type\": \"count\", \"enabled\": true, \"id\": \"1\"}, {\"params\": {\"field\": \"destination.as.organization.name\", \"orderBy\": \"1\", \"order\": \"desc\", \"customLabel\": \"Destination AS\", \"size\": 50}, \"schema\": \"segment\", \"type\": \"terms\", \"enabled\": true, \"id\": \"2\"}, {\"params\": {\"field\": \"source.as.organization.name\", \"orderBy\": \"1\", \"order\": \"desc\", \"customLabel\": \"Source AS\", \"size\": 50}, \"schema\": \"segment\", \"type\": \"terms\", \"enabled\": true, \"id\": \"3\"}], \"title\": \"Destination and Source ASs (flow records) [Filebeat Netflow]\"}"
            },
            "id": "f7808e70-df2a-4532-a350-966704567c24",
            "migrationVersion": {
                "visualization": "7.2.0"
            },
            "references": [
                {
                    "id": "filebeat-*",
                    "name": "kibanaSavedObjectMeta.searchSourceJSON.index",
                    "type": "index-pattern"
                }
            ],
            "type": "visualization",
            "updated_at": "2019-07-11T04:44:31.601Z",
            "version": "WzM0MDksMV0="
        },
        {
            "attributes": {
                "description": "",
                "kibanaSavedObjectMeta": {
                    "searchSourceJSON": "{\"query\": {\"query_string\": {\"query\": \"*\", \"analyze_wildcard\": true}}, \"indexRefName\": \"kibanaSavedObjectMeta.searchSourceJSON.index\", \"filter\": []}"
                },
                "title": "Destinations and Sources (flow records) [Filebeat Netflow]",
                "uiStateJSON": "{}",
                "version": 1,
                "visState": "{\"listeners\": {}, \"params\": {\"addLegend\": true, \"legendPosition\": \"right\", \"isDonut\": true, \"addTooltip\": true}, \"type\": \"pie\", \"aggs\": [{\"params\": {\"customLabel\": \"Flow Records\"}, \"schema\": \"metric\", \"type\": \"count\", \"enabled\": true, \"id\": \"1\"}, {\"params\": {\"field\": \"destination.ip\", \"orderBy\": \"1\", \"order\": \"desc\", \"customLabel\": \"Destination\", \"size\": 50}, \"schema\": \"segment\", \"type\": \"terms\", \"enabled\": true, \"id\": \"2\"}, {\"params\": {\"field\": \"source.ip\", \"orderBy\": \"1\", \"order\": \"desc\", \"customLabel\": \"Source\", \"size\": 50}, \"schema\": \"segment\", \"type\": \"terms\", \"enabled\": true, \"id\": \"3\"}], \"title\": \"Destinations and Sources (flow records) [Filebeat Netflow]\"}"
            },
            "id": "aed09724-0a69-4331-84f5-3d2067c43930",
            "migrationVersion": {
                "visualization": "7.2.0"
            },
            "references": [
                {
                    "id": "filebeat-*",
                    "name": "kibanaSavedObjectMeta.searchSourceJSON.index",
                    "type": "index-pattern"
                }
            ],
            "type": "visualization",
            "updated_at": "2019-07-11T04:44:35.630Z",
            "version": "WzM0MzUsMV0="
        },
        {
            "attributes": {
                "description": "",
                "kibanaSavedObjectMeta": {
                    "searchSourceJSON": "{\"query\": {\"query_string\": {\"query\": \"*\", \"analyze_wildcard\": true}}, \"indexRefName\": \"kibanaSavedObjectMeta.searchSourceJSON.index\", \"filter\": []}"
                },
                "title": "Destination and Source Ports (flow records) [Filebeat Netflow]",
                "uiStateJSON": "{}",
                "version": 1,
                "visState": "{\"listeners\": {}, \"params\": {\"addLegend\": true, \"legendPosition\": \"right\", \"isDonut\": true, \"addTooltip\": true}, \"type\": \"pie\", \"aggs\": [{\"params\": {\"customLabel\": \"Flow Records\"}, \"schema\": \"metric\", \"type\": \"count\", \"enabled\": true, \"id\": \"1\"}, {\"params\": {\"field\": \"destination.port\", \"orderBy\": \"1\", \"order\": \"desc\", \"customLabel\": \"Destination Port\", \"size\": 50}, \"schema\": \"segment\", \"type\": \"terms\", \"enabled\": true, \"id\": \"2\"}, {\"params\": {\"field\": \"source.port\", \"orderBy\": \"1\", \"order\": \"desc\", \"customLabel\": \"Source Port\", \"size\": 50}, \"schema\": \"segment\", \"type\": \"terms\", \"enabled\": true, \"id\": \"3\"}], \"title\": \"Destination and Source Ports (flow records) [Filebeat Netflow]\"}"
            },
            "id": "f531f957-e8c0-497a-ad41-ef39c2d29671",
            "migrationVersion": {
                "visualization": "7.2.0"
            },
            "references": [
                {
                    "id": "filebeat-*",
                    "name": "kibanaSavedObjectMeta.searchSourceJSON.index",
                    "type": "index-pattern"
                }
            ],
            "type": "visualization",
            "updated_at": "2019-07-11T04:44:35.630Z",
            "version": "WzM0MzYsMV0="
        }
    ],
    "version": "7.2.0"
}