{
    "objects": [
        {
            "attributes": {
                "description": "Summary of endpoint event data.",
                "hits": 0,
                "kibanaSavedObjectMeta": {
                    "searchSourceJSON": "{\"version\": true, \"query\": {\"query\": \"*\", \"language\": \"lucene\"}, \"highlightAll\": true, \"filter\": []}"
                },
                "optionsJSON": "{\"darkTheme\": false}",
                "panelsJSON": "[{\"version\": \"7.3.0\", \"panelIndex\": \"1\", \"gridData\": {\"y\": 4, \"i\": \"1\", \"h\": 8, \"w\": 8, \"x\": 40}, \"embeddableConfig\": {}, \"panelRefName\": \"panel_0\"}, {\"version\": \"7.3.0\", \"panelIndex\": \"2\", \"gridData\": {\"y\": 32, \"i\": \"2\", \"h\": 12, \"w\": 24, \"x\": 24}, \"embeddableConfig\": {\"vis\": {\"colors\": {\"/Attempt\": \"#0A50A1\", \"/Success\": \"#629E51\", \"/Failure\": \"#BF1B00\"}}}, \"panelRefName\": \"panel_1\"}, {\"version\": \"7.3.0\", \"panelIndex\": \"3\", \"gridData\": {\"y\": 32, \"i\": \"3\", \"h\": 12, \"w\": 24, \"x\": 0}, \"embeddableConfig\": {\"vis\": {\"colors\": {\"/Attempt\": \"#0A50A1\", \"/Success\": \"#629E51\", \"/Failure\": \"#BF1B00\"}}}, \"panelRefName\": \"panel_2\"}, {\"version\": \"7.3.0\", \"panelIndex\": \"5\", \"gridData\": {\"y\": 12, \"i\": \"5\", \"h\": 8, \"w\": 48, \"x\": 0}, \"embeddableConfig\": {}, \"panelRefName\": \"panel_3\"}, {\"version\": \"7.3.0\", \"panelIndex\": \"6\", \"gridData\": {\"y\": 44, \"i\": \"6\", \"h\": 12, \"w\": 24, \"x\": 24}, \"embeddableConfig\": {}, \"panelRefName\": \"panel_4\"}, {\"version\": \"7.3.0\", \"panelIndex\": \"7\", \"gridData\": {\"y\": 4, \"i\": \"7\", \"h\": 8, \"w\": 40, \"x\": 0}, \"embeddableConfig\": {\"vis\": {\"defaultColors\": {\"0 - 100\": \"rgb(0,104,55)\"}}}, \"panelRefName\": \"panel_5\"}, {\"version\": \"7.3.0\", \"panelIndex\": \"8\", \"gridData\": {\"y\": 44, \"i\": \"8\", \"h\": 12, \"w\": 24, \"x\": 0}, \"embeddableConfig\": {\"vis\": {\"colors\": {\"/Attempt\": \"#0A50A1\", \"/Success\": \"#629E51\", \"/Failure\": \"#BF1B00\"}}}, \"panelRefName\": \"panel_6\"}, {\"version\": \"7.3.0\", \"panelIndex\": \"9\", \"gridData\": {\"y\": 76, \"i\": \"9\", \"h\": 20, \"w\": 48, \"x\": 0}, \"embeddableConfig\": {\"sort\": [\"@timestamp\", \"desc\"], \"columns\": [\"cef.extensions.categoryDeviceGroup\", \"cef.extensions.categoryTechnique\", \"cef.extensions.categoryOutcome\", \"cef.extensions.categorySignificance\", \"cef.extensions.categoryObject\", \"cef.extensions.categoryBehavior\", \"cef.extensions.categoryDeviceType\"]}, \"panelRefName\": \"panel_7\"}, {\"version\": \"7.3.0\", \"panelIndex\": \"10\", \"gridData\": {\"y\": 56, \"i\": \"10\", \"h\": 8, \"w\": 24, \"x\": 24}, \"embeddableConfig\": {}, \"panelRefName\": \"panel_8\"}, {\"version\": \"7.3.0\", \"panelIndex\": \"11\", \"gridData\": {\"y\": 20, \"i\": \"11\", \"h\": 12, \"w\": 24, \"x\": 0}, \"embeddableConfig\": {\"vis\": {\"colors\": {\"Database\": \"#629E51\", \"Anti-Virus\": \"#EAB839\", \"Host-based IDS/IPS\": \"#E0752D\", \"Security Mangement\": \"#64B0C8\", \"Operating System\": \"#BF1B00\"}}}, \"panelRefName\": \"panel_9\"}, {\"version\": \"7.3.0\", \"panelIndex\": \"12\", \"gridData\": {\"y\": 56, \"i\": \"12\", \"h\": 20, \"w\": 24, \"x\": 0}, \"embeddableConfig\": {\"vis\": {\"params\": {\"sort\": {\"direction\": null, \"columnIndex\": null}}}}, \"panelRefName\": \"panel_10\"}, {\"version\": \"7.3.0\", \"panelIndex\": \"14\", \"gridData\": {\"y\": 20, \"i\": \"14\", \"h\": 12, \"w\": 24, \"x\": 24}, \"embeddableConfig\": {\"vis\": {\"colors\": {\"Security Mangement\": \"#64B0C8\", \"Anti-Virus\": \"#EAB839\", \"Host-based IDS/IPS\": \"#E0752D\", \"Database\": \"#629E51\", \"/Attempt\": \"#0A50A1\", \"Log Consolidator\": \"#E0F9D7\", \"Recon\": \"#BF1B00\", \"/Informational\": \"#7EB26D\", \"/Informational/Warning\": \"#EF843C\", \"/Success\": \"#629E51\", \"Operating System\": \"#BF1B00\", \"/Failure\": \"#BF1B00\"}}}, \"panelRefName\": \"panel_11\"}, {\"version\": \"7.3.0\", \"panelIndex\": \"15\", \"gridData\": {\"y\": 0, \"i\": \"15\", \"h\": 4, \"w\": 48, \"x\": 0}, \"embeddableConfig\": {}, \"panelRefName\": \"panel_12\"}, {\"version\": \"7.3.0\", \"panelIndex\": \"17\", \"gridData\": {\"y\": 64, \"i\": \"17\", \"h\": 12, \"w\": 24, \"x\": 24}, \"embeddableConfig\": {\"mapZoom\": 1, \"mapCenter\": [12.897489183755892, 0]}, \"panelRefName\": \"panel_13\"}]",
                "refreshInterval": {
                    "display": "Off",
                    "pause": false,
                    "value": 0
                },
                "timeFrom": "now-24h",
                "timeRestore": true,
                "timeTo": "now",
                "title": "[Filebeat CEF] Endpoint Overview Dashboard",
                "version": 1
            },
            "id": "c10ce1cf-f6b8-4de4-8715-2cb5f6770b3b",
            "migrationVersion": {
                "dashboard": "7.3.0"
            },
            "references": [
                {
                    "id": "9457ee67-895f-4b78-a543-268f9687a745",
                    "name": "panel_0",
                    "type": "visualization"
                },
                {
                    "id": "fe7b63d1-dbc7-4376-af7f-ace97a9f2e60",
                    "name": "panel_1",
                    "type": "visualization"
                },
                {
                    "id": "89998099-9a39-44cf-beba-5b97f0524cf9",
                    "name": "panel_2",
                    "type": "visualization"
                },
                {
                    "id": "718b074e-3dd1-4d03-ba11-7f869cdcd703",
                    "name": "panel_3",
                    "type": "visualization"
                },
                {
                    "id": "c5120e27-1f8c-41e3-83ee-78ec4d470c2f",
                    "name": "panel_4",
                    "type": "visualization"
                },
                {
                    "id": "7454c034-c5f3-48fe-8fce-ef4385c80350",
                    "name": "panel_5",
                    "type": "visualization"
                },
                {
                    "id": "118af639-1f37-4541-a960-5a3ff0613e0e",
                    "name": "panel_6",
                    "type": "visualization"
                },
                {
                    "id": "5cede2d3-20fe-4140-add4-4c4f841b71a2",
                    "name": "panel_7",
                    "type": "search"
                },
                {
                    "id": "74d2c072-6dfd-4249-8e63-dc7b0cf3c960",
                    "name": "panel_8",
                    "type": "visualization"
                },
                {
                    "id": "f57734dd-0f32-42b4-94dd-5d597f6735e1",
                    "name": "panel_9",
                    "type": "visualization"
                },
                {
                    "id": "295986d4-d2ea-4541-8e82-7dc95c0cd830",
                    "name": "panel_10",
                    "type": "visualization"
                },
                {
                    "id": "5bf6e4dc-4273-4e1e-a803-04347eebeb53",
                    "name": "panel_11",
                    "type": "visualization"
                },
                {
                    "id": "677891a1-90c4-4273-b126-f0e54689bd76",
                    "name": "panel_12",
                    "type": "visualization"
                },
                {
                    "id": "aaa80503-6d96-4a33-806f-b8a10aefe696",
                    "name": "panel_13",
                    "type": "visualization"
                }
            ],
            "type": "dashboard",
            "updated_at": "2019-10-25T16:30:03.318Z",
            "version": "WzEyNzcsMV0="
        },
        {
            "attributes": {
                "description": "",
                "kibanaSavedObjectMeta": {
                    "searchSourceJSON": "{\"query\": {\"query_string\": {\"query\": \"*\"}}, \"filter\": []}"
                },
                "title": "Endpoint Average EPS [Filebeat CEF]",
                "uiStateJSON": "{}",
                "version": 1,
                "visState": "{\"listeners\": {}, \"params\": {\"gauge_inner_width\": 10, \"axis_position\": \"left\", \"gauge_width\": 10, \"gauge_color_rules\": [{\"id\": \"03a2fd72-fc9c-4582-9133-20af36217180\"}], \"type\": \"gauge\", \"index_pattern\": \"filebeat-*\", \"id\": \"b7a85957-123e-4e25-9e8e-ff7992c9b2b9\", \"filter\": {\"query\": \"cef.extensions.categoryDeviceGroup:\\\"/Operating System\\\" OR cef.extensions.categoryDeviceGroup:\\\"/IDS/Host\\\" OR cef.extensions.categoryDeviceGroup:\\\"/Application\\\"\", \"language\": \"lucene\"}, \"series\": [{\"label\": \"Event Throughput\", \"color\": \"rgba(0,156,224,1)\", \"axis_position\": \"right\", \"fill\": 0.5, \"value_template\": \"{{value}} / s\", \"formatter\": \"number\", \"split_mode\": \"everything\", \"seperate_axis\": 0, \"id\": \"b4373ffd-9660-4206-afd6-d4867ac7dbdf\", \"line_width\": 1, \"chart_type\": \"line\", \"stacked\": \"none\", \"point_size\": 1, \"metrics\": [{\"type\": \"count\", \"id\": \"b1a48389-d799-4eba-8b98-7ee8ef0bb440\"}, {\"field\": \"b1a48389-d799-4eba-8b98-7ee8ef0bb440\", \"type\": \"cumulative_sum\", \"id\": \"7c5c44cc-17bd-4206-a100-b8996cd3d11a\"}, {\"field\": \"7c5c44cc-17bd-4206-a100-b8996cd3d11a\", \"type\": \"derivative\", \"id\": \"215c5225-5368-40e6-8fcd-2b0026babba0\", \"unit\": \"1s\"}, {\"beta\": 0.1, \"field\": \"215c5225-5368-40e6-8fcd-2b0026babba0\", \"model_type\": \"simple\", \"multiplicative\": false, \"gamma\": 0.3, \"period\": 1, \"type\": \"moving_average\", \"id\": \"f4dfe09a-e397-4287-ab99-3206516cded3\", \"alpha\": 0.3, \"window\": \"10\"}]}], \"interval\": \"auto\", \"bar_color_rules\": [{\"id\": \"85a1c642-9781-430d-b84b-b28cb2a42fb4\"}], \"gauge_style\": \"half\", \"time_field\": \"@timestamp\", \"show_legend\": 1, \"axis_formatter\": \"number\"}, \"type\": \"metrics\", \"aggs\": [], \"title\": \"Endpoint Average EPS [Filebeat CEF]\"}"
            },
            "id": "9457ee67-895f-4b78-a543-268f9687a745",
            "migrationVersion": {
                "visualization": "7.3.1"
            },
            "references": [],
            "type": "visualization",
            "updated_at": "2019-10-25T16:30:03.318Z",
            "version": "WzEyNzgsMV0="
        },
        {
            "attributes": {
                "description": "",
                "kibanaSavedObjectMeta": {
                    "searchSourceJSON": "{\"filter\": []}"
                },
                "savedSearchRefName": "search_0",
                "title": "Destination Ports by Outcomes [Filebeat CEF]",
                "uiStateJSON": "{}",
                "version": 1,
                "visState": "{\"listeners\": {}, \"params\": {\"addLegend\": true, \"showCircles\": true, \"categoryAxes\": [{\"title\": {\"text\": \"destination.port: Descending\"}, \"position\": \"bottom\", \"scale\": {\"type\": \"linear\"}, \"labels\": {\"truncate\": 100, \"show\": true}, \"type\": \"category\", \"id\": \"CategoryAxis-1\", \"style\": {}, \"show\": true}], \"addTooltip\": true, \"seriesParams\": [{\"valueAxis\": \"ValueAxis-1\", \"mode\": \"stacked\", \"showCircles\": true, \"data\": {\"label\": \"Count\", \"id\": \"1\"}, \"type\": \"histogram\", \"drawLinesBetweenPoints\": true, \"show\": \"true\"}], \"legendPosition\": \"right\", \"drawLinesBetweenPoints\": true, \"times\": [], \"scale\": \"linear\", \"valueAxes\": [{\"title\": {}, \"position\": \"left\", \"name\": \"LeftAxis-1\", \"scale\": {\"type\": \"square root\", \"defaultYExtents\": true, \"mode\": \"normal\", \"setYExtents\": false}, \"labels\": {\"show\": true, \"truncate\": 100, \"rotate\": 0, \"filter\": false}, \"type\": \"value\", \"id\": \"ValueAxis-1\", \"style\": {}, \"show\": true}], \"defaultYExtents\": false, \"grid\": {\"categoryLines\": false, \"style\": {\"color\": \"#eee\"}}, \"interpolate\": \"linear\", \"addTimeMarker\": false, \"setYExtents\": false, \"radiusRatio\": 9}, \"type\": \"histogram\", \"aggs\": [{\"params\": {}, \"schema\": \"metric\", \"type\": \"count\", \"enabled\": true, \"id\": \"1\"}, {\"params\": {\"field\": \"destination.port\", \"orderBy\": \"1\", \"order\": \"desc\", \"size\": 20}, \"schema\": \"segment\", \"type\": \"terms\", \"enabled\": true, \"id\": \"2\"}, {\"params\": {\"field\": \"cef.extensions.categoryOutcome\", \"orderBy\": \"1\", \"order\": \"desc\", \"size\": 5}, \"schema\": \"group\", \"type\": \"terms\", \"enabled\": true, \"id\": \"3\"}], \"title\": \"Destination Ports by Outcomes [Filebeat CEF]\"}"
            },
            "id": "fe7b63d1-dbc7-4376-af7f-ace97a9f2e60",
            "migrationVersion": {
                "visualization": "7.3.1"
            },
            "references": [
                {
                    "id": "5cede2d3-20fe-4140-add4-4c4f841b71a2",
                    "name": "search_0",
                    "type": "search"
                }
            ],
            "type": "visualization",
            "updated_at": "2019-10-25T16:30:03.318Z",
            "version": "WzEyNzksMV0="
        },
        {
            "attributes": {
                "description": "",
                "kibanaSavedObjectMeta": {
                    "searchSourceJSON": "{\"filter\": []}"
                },
                "savedSearchRefName": "search_0",
                "title": "Outcomes Breakdown [Filebeat CEF]",
                "uiStateJSON": "{\"vis\": {\"legendOpen\": true, \"colors\": {\"/Attempt\": \"#3F2B5B\", \"/Failure\": \"#BF1B00\"}}}",
                "version": 1,
                "visState": "{\"listeners\": {}, \"params\": {\"addLegend\": true, \"showCircles\": true, \"categoryAxes\": [{\"title\": {\"text\": \"Time\"}, \"position\": \"bottom\", \"scale\": {\"type\": \"linear\"}, \"labels\": {\"truncate\": 100, \"show\": true}, \"type\": \"category\", \"id\": \"CategoryAxis-1\", \"style\": {}, \"show\": true}], \"addTooltip\": true, \"seriesParams\": [{\"valueAxis\": \"ValueAxis-1\", \"mode\": \"stacked\", \"showCircles\": true, \"interpolate\": \"linear\", \"data\": {\"label\": \"Count\", \"id\": \"1\"}, \"type\": \"area\", \"drawLinesBetweenPoints\": true, \"show\": \"true\"}], \"legendPosition\": \"right\", \"drawLinesBetweenPoints\": true, \"times\": [], \"scale\": \"linear\", \"valueAxes\": [{\"title\": {}, \"position\": \"left\", \"name\": \"LeftAxis-1\", \"scale\": {\"type\": \"linear\", \"mode\": \"normal\"}, \"labels\": {\"show\": true, \"truncate\": 100, \"rotate\": 0, \"filter\": false}, \"type\": \"value\", \"id\": \"ValueAxis-1\", \"style\": {}, \"show\": true}], \"defaultYExtents\": false, \"grid\": {\"categoryLines\": false, \"style\": {\"color\": \"#eee\"}}, \"interpolate\": \"linear\", \"addTimeMarker\": false, \"setYExtents\": false, \"radiusRatio\": 9}, \"type\": \"area\", \"aggs\": [{\"params\": {}, \"schema\": \"metric\", \"type\": \"count\", \"enabled\": true, \"id\": \"1\"}, {\"params\": {\"field\": \"@timestamp\", \"extended_bounds\": {}, \"min_doc_count\": 1, \"interval\": \"auto\", \"customLabel\": \"Time\"}, \"schema\": \"segment\", \"type\": \"date_histogram\", \"enabled\": true, \"id\": \"2\"}, {\"params\": {\"field\": \"cef.extensions.categoryOutcome\", \"orderBy\": \"1\", \"order\": \"desc\", \"size\": 5}, \"schema\": \"group\", \"type\": \"terms\", \"enabled\": true, \"id\": \"3\"}], \"title\": \"Outcomes Breakdown [Filebeat CEF]\"}"
            },
            "id": "89998099-9a39-44cf-beba-5b97f0524cf9",
            "migrationVersion": {
                "visualization": "7.3.1"
            },
            "references": [
                {
                    "id": "5cede2d3-20fe-4140-add4-4c4f841b71a2",
                    "name": "search_0",
                    "type": "search"
                }
            ],
            "type": "visualization",
            "updated_at": "2019-10-25T16:30:03.318Z",
            "version": "WzEyODAsMV0="
        },
        {
            "attributes": {
                "description": "",
                "kibanaSavedObjectMeta": {
                    "searchSourceJSON": "{\"query\": {\"query_string\": {\"query\": \"*\"}}, \"filter\": []}"
                },
                "title": "Events by Device [Filebeat CEF]",
                "uiStateJSON": "{}",
                "version": 1,
                "visState": "{\"listeners\": {}, \"params\": {\"interval\": \"auto\", \"series\": [{\"label\": \"Events\", \"color\": \"rgba(254,37,37,1)\", \"axis_position\": \"right\", \"fill\": \"0\", \"formatter\": \"number\", \"split_mode\": \"filters\", \"seperate_axis\": 1, \"id\": \"6a10f77d-4e26-4b27-9c19-f1b0029b075b\", \"line_width\": \"3\", \"chart_type\": \"line\", \"stacked\": \"none\", \"point_size\": 1, \"split_filters\": [{\"color\": \"rgba(244,78,59,1)\", \"label\": \"Operating System\", \"id\": \"d9a580c3-eb83-4d20-a391-0934d7df8837\", \"filter\": \"cef.extensions.categoryDeviceGroup:\\\"/Operating System\\\" \"}, {\"color\": \"rgba(254,146,0,1)\", \"label\": \"Host IDS\", \"id\": \"9ce8be14-6191-4c9a-a679-e3992fdab8d2\", \"filter\": \" cef.extensions.categoryDeviceGroup:\\\"/IDS/Host\\\"\"}, {\"color\": \"rgba(252,220,0,1)\", \"label\": \"Application\", \"id\": \"262ecd54-a042-4bfb-b489-d7db8431c36e\", \"filter\": \"cef.extensions.categoryDeviceGroup:\\\"/Application\\\"\"}], \"metrics\": [{\"type\": \"count\", \"id\": \"845b9164-65f4-4599-b9cc-8d91b6ba8d83\"}, {\"beta\": 0.1, \"field\": \"845b9164-65f4-4599-b9cc-8d91b6ba8d83\", \"model_type\": \"simple\", \"multiplicative\": false, \"gamma\": 0.3, \"period\": 1, \"type\": \"moving_average\", \"id\": \"59675e84-1a8e-41df-9f63-875109bd795a\", \"alpha\": 0.3, \"window\": \"10\"}]}, {\"label\": \"Moving Average by Device HostNames\", \"color\": \"rgba(0,156,224,1)\", \"axis_position\": \"left\", \"fill\": 0.5, \"formatter\": \"number\", \"split_mode\": \"terms\", \"seperate_axis\": 1, \"id\": \"92e98952-8e25-472f-abb5-05a7d9b830ea\", \"line_width\": 1, \"chart_type\": \"bar\", \"terms_field\": \"observer.hostname\", \"stacked\": \"none\", \"point_size\": 1, \"metrics\": [{\"type\": \"count\", \"id\": \"3df841a9-5997-4a1a-ad8f-69620d23e65b\"}, {\"beta\": 0.1, \"field\": \"3df841a9-5997-4a1a-ad8f-69620d23e65b\", \"model_type\": \"simple\", \"multiplicative\": false, \"gamma\": 0.3, \"period\": 1, \"type\": \"moving_average\", \"id\": \"9765367a-0fc2-45ba-88a8-e87991210edd\", \"alpha\": 0.3, \"window\": \"10\"}]}], \"axis_position\": \"left\", \"axis_formatter\": \"number\", \"time_field\": \"@timestamp\", \"type\": \"timeseries\", \"index_pattern\": \"filebeat-*\", \"id\": \"fd1ffeb6-678e-4163-9421-6a164fd59048\", \"show_legend\": 1, \"filter\": {\"query\": \"cef.extensions.categoryDeviceGroup:\\\"/Operating System\\\" OR cef.extensions.categoryDeviceGroup:\\\"/IDS/Host\\\" OR cef.extensions.categoryDeviceGroup:\\\"/Application\\\"\", \"language\": \"lucene\"}}, \"type\": \"metrics\", \"aggs\": [], \"title\": \"Events by Device [Filebeat CEF]\"}"
            },
            "id": "718b074e-3dd1-4d03-ba11-7f869cdcd703",
            "migrationVersion": {
                "visualization": "7.3.1"
            },
            "references": [],
            "type": "visualization",
            "updated_at": "2019-10-25T16:30:03.318Z",
            "version": "WzEyODEsMV0="
        },
        {
            "attributes": {
                "description": "",
                "kibanaSavedObjectMeta": {
                    "searchSourceJSON": "{\"filter\": []}"
                },
                "savedSearchRefName": "search_0",
                "title": "Top 10 Destination Port [Filebeat CEF]",
                "uiStateJSON": "{}",
                "version": 1,
                "visState": "{\"listeners\": {}, \"params\": {\"scale\": \"linear\", \"orientation\": \"single\", \"minFontSize\": 18, \"maxFontSize\": 72}, \"type\": \"tagcloud\", \"aggs\": [{\"params\": {}, \"schema\": \"metric\", \"type\": \"count\", \"enabled\": true, \"id\": \"1\"}, {\"params\": {\"field\": \"destination.port\", \"orderBy\": \"1\", \"order\": \"desc\", \"size\": 20}, \"schema\": \"segment\", \"type\": \"terms\", \"enabled\": true, \"id\": \"2\"}], \"title\": \"Top 10 Destination Port [Filebeat CEF]\"}"
            },
            "id": "c5120e27-1f8c-41e3-83ee-78ec4d470c2f",
            "migrationVersion": {
                "visualization": "7.3.1"
            },
            "references": [
                {
                    "id": "5cede2d3-20fe-4140-add4-4c4f841b71a2",
                    "name": "search_0",
                    "type": "search"
                }
            ],
            "type": "visualization",
            "updated_at": "2019-10-25T16:30:03.318Z",
            "version": "WzEyODIsMV0="
        },
        {
            "attributes": {
                "description": "",
                "kibanaSavedObjectMeta": {
                    "searchSourceJSON": "{\"filter\": []}"
                },
                "savedSearchRefName": "search_0",
                "title": "Endpoint Metrics Overview [Filebeat CEF]",
                "uiStateJSON": "{\"vis\": {\"defaultColors\": {\"0 - 100\": \"rgb(0,104,55)\"}}}",
                "version": 1,
                "visState": "{\"listeners\": {}, \"params\": {\"addLegend\": false, \"fontSize\": \"30\", \"addTooltip\": true, \"gauge\": {\"invertColors\": false, \"gaugeType\": \"Metric\", \"orientation\": \"vertical\", \"colorSchema\": \"Green to Red\", \"labels\": {\"color\": \"black\", \"show\": true}, \"gaugeStyle\": \"Full\", \"useRange\": false, \"verticalSplit\": false, \"backStyle\": \"Full\", \"autoExtend\": false, \"scale\": {\"color\": \"#333\", \"labels\": false, \"show\": false, \"width\": 2}, \"gaugeColorMode\": \"None\", \"colorsRange\": [{\"to\": 100, \"from\": 0}], \"type\": \"simple\", \"style\": {\"fontSize\": \"12\", \"labelColor\": false, \"bgColor\": false, \"bgFill\": \"#000\", \"subText\": \"\"}, \"percentageMode\": false}, \"type\": \"gauge\", \"handleNoResults\": true}, \"type\": \"metric\", \"aggs\": [{\"params\": {\"customLabel\": \"Event Count\"}, \"schema\": \"metric\", \"type\": \"count\", \"enabled\": true, \"id\": \"1\"}, {\"params\": {\"field\": \"observer.hostname\", \"customLabel\": \"Devices\"}, \"schema\": \"metric\", \"type\": \"cardinality\", \"enabled\": true, \"id\": \"2\"}, {\"params\": {\"field\": \"source.ip\", \"customLabel\": \"Source\"}, \"schema\": \"metric\", \"type\": \"cardinality\", \"enabled\": true, \"id\": \"3\"}, {\"params\": {\"field\": \"destination.ip\", \"customLabel\": \"Destination\"}, \"schema\": \"metric\", \"type\": \"cardinality\", \"enabled\": true, \"id\": \"4\"}, {\"params\": {\"field\": \"destination.port\", \"customLabel\": \"Port\"}, \"schema\": \"metric\", \"type\": \"cardinality\", \"enabled\": true, \"id\": \"5\"}], \"title\": \"Endpoint Metrics Overview [Filebeat CEF]\"}"
            },
            "id": "7454c034-c5f3-48fe-8fce-ef4385c80350",
            "migrationVersion": {
                "visualization": "7.3.1"
            },
            "references": [
                {
                    "id": "5cede2d3-20fe-4140-add4-4c4f841b71a2",
                    "name": "search_0",
                    "type": "search"
                }
            ],
            "type": "visualization",
            "updated_at": "2019-10-25T16:30:03.318Z",
            "version": "WzEyODMsMV0="
        },
        {
            "attributes": {
                "description": "",
                "kibanaSavedObjectMeta": {
                    "searchSourceJSON": "{\"filter\": []}"
                },
                "savedSearchRefName": "search_0",
                "title": "Outcomes by Device Type [Filebeat CEF]",
                "uiStateJSON": "{\"vis\": {\"legendOpen\": true, \"colors\": {\"/Failure\": \"#BF1B00\"}}}",
                "version": 1,
                "visState": "{\"listeners\": {}, \"params\": {\"addLegend\": true, \"showCircles\": true, \"categoryAxes\": [{\"title\": {\"text\": \"cef.extensions.categoryDeviceType: Descending\"}, \"position\": \"left\", \"scale\": {\"type\": \"linear\"}, \"labels\": {\"show\": true, \"truncate\": 200, \"rotate\": 0, \"filter\": false}, \"type\": \"category\", \"id\": \"CategoryAxis-1\", \"style\": {}, \"show\": true}], \"addTooltip\": true, \"seriesParams\": [{\"valueAxis\": \"ValueAxis-1\", \"mode\": \"normal\", \"showCircles\": true, \"data\": {\"label\": \"Count\", \"id\": \"1\"}, \"type\": \"histogram\", \"drawLinesBetweenPoints\": true, \"show\": true}], \"legendPosition\": \"right\", \"drawLinesBetweenPoints\": true, \"times\": [], \"scale\": \"linear\", \"valueAxes\": [{\"title\": {}, \"position\": \"bottom\", \"name\": \"LeftAxis-1\", \"scale\": {\"type\": \"linear\", \"mode\": \"normal\"}, \"labels\": {\"show\": true, \"truncate\": 100, \"rotate\": 75, \"filter\": true}, \"type\": \"value\", \"id\": \"ValueAxis-1\", \"style\": {}, \"show\": true}], \"defaultYExtents\": false, \"grid\": {\"categoryLines\": false, \"style\": {\"color\": \"#eee\"}}, \"interpolate\": \"linear\", \"addTimeMarker\": false, \"setYExtents\": false, \"radiusRatio\": 9}, \"type\": \"histogram\", \"aggs\": [{\"params\": {}, \"schema\": \"metric\", \"type\": \"count\", \"enabled\": true, \"id\": \"1\"}, {\"params\": {\"field\": \"cef.extensions.categoryDeviceType\", \"orderBy\": \"1\", \"order\": \"desc\", \"size\": 5}, \"schema\": \"segment\", \"type\": \"terms\", \"enabled\": true, \"id\": \"2\"}, {\"params\": {\"field\": \"cef.extensions.categoryOutcome\", \"orderBy\": \"1\", \"order\": \"desc\", \"size\": 5}, \"schema\": \"group\", \"type\": \"terms\", \"enabled\": true, \"id\": \"3\"}], \"title\": \"Outcomes by Device Type [Filebeat CEF]\"}"
            },
            "id": "118af639-1f37-4541-a960-5a3ff0613e0e",
            "migrationVersion": {
                "visualization": "7.3.1"
            },
            "references": [
                {
                    "id": "5cede2d3-20fe-4140-add4-4c4f841b71a2",
                    "name": "search_0",
                    "type": "search"
                }
            ],
            "type": "visualization",
            "updated_at": "2019-10-25T16:30:03.318Z",
            "version": "WzEyODQsMV0="
        },
        {
            "attributes": {
                "columns": [
                    "cef.extensions.categoryDeviceGroup",
                    "cef.extensions.categoryTechnique",
                    "cef.extensions.categoryOutcome",
                    "cef.extensions.categorySignificance",
                    "cef.extensions.categoryObject",
                    "cef.extensions.categoryBehavior",
                    "cef.extensions.categoryDeviceType"
                ],
                "description": "",
                "hits": 0,
                "kibanaSavedObjectMeta": {
                    "searchSourceJSON": "{\"version\": true, \"query\": {\"query_string\": {\"query\": \"cef.extensions.categoryDeviceGroup:\\\"/Operating System\\\" OR cef.extensions.categoryDeviceGroup:\\\"/IDS/Host\\\" OR cef.extensions.categoryDeviceGroup:\\\"/Application\\\"\", \"analyze_wildcard\": true}}, \"highlightAll\": true, \"indexRefName\": \"kibanaSavedObjectMeta.searchSourceJSON.index\", \"filter\": []}"
                },
                "sort": [
                    [
                        "@timestamp",
                        "desc"
                    ]
                ],
                "title": "Endpoint Event Explorer [Filebeat CEF]",
                "version": 1
            },
            "id": "5cede2d3-20fe-4140-add4-4c4f841b71a2",
            "migrationVersion": {
                "search": "7.4.0"
            },
            "references": [
                {
                    "id": "filebeat-*",
                    "name": "kibanaSavedObjectMeta.searchSourceJSON.index",
                    "type": "index-pattern"
                }
            ],
            "type": "search",
            "updated_at": "2019-10-25T16:30:03.318Z",
            "version": "WzEyODUsMV0="
        },
        {
            "attributes": {
                "description": "",
                "kibanaSavedObjectMeta": {
                    "searchSourceJSON": "{\"filter\": []}"
                },
                "savedSearchRefName": "search_0",
                "title": "Top 5 Source Countries [Filebeat CEF]",
                "uiStateJSON": "{}",
                "version": 1,
                "visState": "{\"listeners\": {}, \"params\": {\"scale\": \"linear\", \"orientation\": \"single\", \"minFontSize\": 18, \"maxFontSize\": 72}, \"type\": \"tagcloud\", \"aggs\": [{\"params\": {}, \"schema\": \"metric\", \"type\": \"count\", \"enabled\": true, \"id\": \"1\"}, {\"params\": {\"field\": \"source.geo.country_iso_code\", \"orderBy\": \"1\", \"order\": \"desc\", \"size\": 20}, \"schema\": \"segment\", \"type\": \"terms\", \"enabled\": true, \"id\": \"2\"}], \"title\": \"Top 5 Source Countries [Filebeat CEF]\"}"
            },
            "id": "74d2c072-6dfd-4249-8e63-dc7b0cf3c960",
            "migrationVersion": {
                "visualization": "7.3.1"
            },
            "references": [
                {
                    "id": "5cede2d3-20fe-4140-add4-4c4f841b71a2",
                    "name": "search_0",
                    "type": "search"
                }
            ],
            "type": "visualization",
            "updated_at": "2019-10-25T16:30:03.318Z",
            "version": "WzEyODYsMV0="
        },
        {
            "attributes": {
                "description": "",
                "kibanaSavedObjectMeta": {
                    "searchSourceJSON": "{\"filter\": []}"
                },
                "savedSearchRefName": "search_0",
                "title": "Device Types by Vendor [Filebeat CEF]",
                "uiStateJSON": "{}",
                "version": 1,
                "visState": "{\"listeners\": {}, \"params\": {\"addLegend\": true, \"legendPosition\": \"right\", \"isDonut\": false, \"addTooltip\": true}, \"type\": \"pie\", \"aggs\": [{\"params\": {}, \"schema\": \"metric\", \"type\": \"count\", \"enabled\": true, \"id\": \"1\"}, {\"params\": {\"size\": 5, \"field\": \"cef.extensions.categoryDeviceType\", \"orderBy\": \"1\", \"order\": \"desc\", \"exclude\": \"Network-based IDS/IPS\"}, \"schema\": \"segment\", \"type\": \"terms\", \"enabled\": true, \"id\": \"2\"}, {\"params\": {\"size\": 5, \"field\": \"cef.device.vendor\", \"orderBy\": \"1\", \"order\": \"desc\", \"exclude\": \"\"}, \"schema\": \"segment\", \"type\": \"terms\", \"enabled\": true, \"id\": \"3\"}], \"title\": \"Device Types by Vendor [Filebeat CEF]\"}"
            },
            "id": "f57734dd-0f32-42b4-94dd-5d597f6735e1",
            "migrationVersion": {
                "visualization": "7.3.1"
            },
            "references": [
                {
                    "id": "5cede2d3-20fe-4140-add4-4c4f841b71a2",
                    "name": "search_0",
                    "type": "search"
                }
            ],
            "type": "visualization",
            "updated_at": "2019-10-25T16:30:03.318Z",
            "version": "WzEyODcsMV0="
        },
        {
            "attributes": {
                "description": "",
                "kibanaSavedObjectMeta": {
                    "searchSourceJSON": "{\"filter\": []}"
                },
                "savedSearchRefName": "search_0",
                "title": "Top 10 Source Countries by Event [Filebeat CEF]",
                "uiStateJSON": "{\"vis\": {\"params\": {\"sort\": {\"direction\": null, \"columnIndex\": null}}}}",
                "version": 1,
                "visState": "{\"listeners\": {}, \"params\": {\"showPartialRows\": false, \"totalFunc\": \"sum\", \"sort\": {\"direction\": null, \"columnIndex\": null}, \"showMeticsAtAllLevels\": false, \"perPage\": 10, \"showTotal\": false}, \"type\": \"table\", \"aggs\": [{\"params\": {\"customLabel\": \"Total Events\"}, \"schema\": \"metric\", \"type\": \"count\", \"enabled\": true, \"id\": \"1\"}, {\"params\": {\"field\": \"source.geo.country_iso_code\", \"orderBy\": \"1\", \"order\": \"desc\", \"size\": 35}, \"schema\": \"bucket\", \"type\": \"terms\", \"enabled\": true, \"id\": \"2\"}, {\"params\": {\"field\": \"source.ip\", \"customLabel\": \"Source Addresses\"}, \"schema\": \"metric\", \"type\": \"cardinality\", \"enabled\": true, \"id\": \"3\"}, {\"params\": {\"field\": \"destination.ip\", \"customLabel\": \"Destination Addresses\"}, \"schema\": \"metric\", \"type\": \"cardinality\", \"enabled\": true, \"id\": \"4\"}, {\"params\": {\"field\": \"destination.port\", \"customLabel\": \"Destination Ports\"}, \"schema\": \"metric\", \"type\": \"cardinality\", \"enabled\": true, \"id\": \"5\"}], \"title\": \"Top 10 Source Countries by Event [Filebeat CEF]\"}"
            },
            "id": "295986d4-d2ea-4541-8e82-7dc95c0cd830",
            "migrationVersion": {
                "visualization": "7.3.1"
            },
            "references": [
                {
                    "id": "5cede2d3-20fe-4140-add4-4c4f841b71a2",
                    "name": "search_0",
                    "type": "search"
                }
            ],
            "type": "visualization",
            "updated_at": "2019-10-25T16:30:03.318Z",
            "version": "WzEyODgsMV0="
        },
        {
            "attributes": {
                "description": "",
                "kibanaSavedObjectMeta": {
                    "searchSourceJSON": "{\"filter\": []}"
                },
                "savedSearchRefName": "search_0",
                "title": "Outcomes by User Names [Filebeat CEF]",
                "uiStateJSON": "{\"vis\": {\"legendOpen\": true, \"colors\": {\"/Informational\": \"#7EB26D\", \"/Informational/Warning\": \"#EF843C\", \"Operating System\": \"#3F6833\", \"/Success\": \"#64B0C8\", \"Log Consolidator\": \"#E0F9D7\", \"Recon\": \"#BF1B00\", \"Host-based IDS/IPS\": \"#629E51\", \"Anti-Virus\": \"#B7DBAB\", \"Security Mangement\": \"#CFFAFF\"}}}",
                "version": 1,
                "visState": "{\"listeners\": {}, \"params\": {\"addLegend\": true, \"legendPosition\": \"right\", \"isDonut\": false, \"addTooltip\": true}, \"type\": \"pie\", \"aggs\": [{\"params\": {}, \"schema\": \"metric\", \"type\": \"count\", \"enabled\": true, \"id\": \"1\"}, {\"params\": {\"size\": 5, \"field\": \"cef.extensions.categoryDeviceType\", \"orderBy\": \"1\", \"order\": \"desc\", \"exclude\": \"Network-based IDS/IPS\"}, \"schema\": \"segment\", \"type\": \"terms\", \"enabled\": true, \"id\": \"2\"}, {\"params\": {\"field\": \"cef.extensions.categoryOutcome\", \"orderBy\": \"1\", \"order\": \"desc\", \"size\": 5}, \"schema\": \"segment\", \"type\": \"terms\", \"enabled\": true, \"id\": \"3\"}, {\"params\": {\"field\": \"destination.user.name\", \"orderBy\": \"1\", \"order\": \"desc\", \"size\": 10}, \"schema\": \"segment\", \"type\": \"terms\", \"enabled\": true, \"id\": \"6\"}], \"title\": \"Outcomes by User Names [Filebeat CEF]\"}"
            },
            "id": "5bf6e4dc-4273-4e1e-a803-04347eebeb53",
            "migrationVersion": {
                "visualization": "7.3.1"
            },
            "references": [
                {
                    "id": "5cede2d3-20fe-4140-add4-4c4f841b71a2",
                    "name": "search_0",
                    "type": "search"
                }
            ],
            "type": "visualization",
            "updated_at": "2019-10-25T16:30:03.318Z",
            "version": "WzEyODksMV0="
        },
        {
            "attributes": {
                "description": "",
                "kibanaSavedObjectMeta": {
                    "searchSourceJSON": "{\"query\": {\"query_string\": {\"query\": \"*\"}}, \"filter\": []}"
                },
                "title": " Dashboard Navigation [Filebeat CEF]",
                "uiStateJSON": "{}",
                "version": 1,
                "visState": "{\"listeners\": {}, \"params\": {\"markdown\": \"[Network Overview](#/dashboard/dd0bc9af-2e89-4150-9b42-62517ea56b71) | [Network Suspicious Activity](#/dashboard/db1e1aca-279e-4ecc-b84e-fe58644f7619) | [Endpoint Overview](#dashboard/c10ce1cf-f6b8-4de4-8715-2cb5f6770b3b) | [Endpoint OS Activity](#/dashboard/9e352900-89c3-4c1b-863e-249e24d0dac9) | [Microsoft DNS Overview](#/dashboard/56428e01-0c47-4770-8ba4-9345a029ea41)\"}, \"type\": \"markdown\", \"aggs\": [], \"title\": \" Dashboard Navigation [Filebeat CEF]\"}"
            },
            "id": "677891a1-90c4-4273-b126-f0e54689bd76",
            "migrationVersion": {
                "visualization": "7.3.1"
            },
            "references": [],
            "type": "visualization",
            "updated_at": "2019-10-25T16:30:06.345Z",
            "version": "WzEzMzYsMV0="
        },
        {
            "attributes": {
                "description": "",
                "kibanaSavedObjectMeta": {
                    "searchSourceJSON": "{\"filter\": []}"
                },
                "savedSearchRefName": "search_0",
                "title": "Top Destination Locations by Event [Filebeat CEF]",
                "uiStateJSON": "{}",
                "version": 1,
                "visState": "{\"listeners\": {}, \"params\": {\"mapZoom\": 2, \"heatMaxZoom\": 0, \"isDesaturated\": true, \"addTooltip\": true, \"legendPosition\": \"bottomright\", \"heatRadius\": 25, \"mapType\": \"Shaded Circle Markers\", \"heatBlur\": 15, \"heatMinOpacity\": 0.1, \"heatNormalizeData\": true, \"wms\": {\"options\": {\"transparent\": true, \"layers\": \"0\", \"version\": \"1.3.0\", \"format\": \"image/png\", \"styles\": \"\", \"attribution\": \"Maps provided by USGS\"}, \"enabled\": false, \"url\": \"https://basemap.nationalmap.gov/arcgis/services/USGSTopo/MapServer/WMSServer\"}, \"mapCenter\": [0, 0]}, \"type\": \"tile_map\", \"aggs\": [{\"params\": {}, \"schema\": \"metric\", \"type\": \"count\", \"enabled\": true, \"id\": \"1\"}, {\"params\": {\"field\": \"destination.geo.location\", \"useGeocentroid\": true, \"precision\": 2, \"autoPrecision\": true}, \"schema\": \"segment\", \"type\": \"geohash_grid\", \"enabled\": true, \"id\": \"2\"}], \"title\": \"Top Destination Locations by Event [Filebeat CEF]\"}"
            },
            "id": "aaa80503-6d96-4a33-806f-b8a10aefe696",
            "migrationVersion": {
                "visualization": "7.3.1"
            },
            "references": [
                {
                    "id": "5cede2d3-20fe-4140-add4-4c4f841b71a2",
                    "name": "search_0",
                    "type": "search"
                }
            ],
            "type": "visualization",
            "updated_at": "2019-10-25T16:30:03.318Z",
            "version": "WzEyOTEsMV0="
        }
    ],
    "version": "7.4.1"
}