{
    "objects": [
        {
            "attributes": {
                "columns": [
                    "osquery.result.columns.path",
                    "osquery.result.columns.type",
                    "osquery.result.columns.flags"
                ],
                "description": "",
                "hits": 0,
                "kibanaSavedObjectMeta": {
                    "searchSourceJSON": "{\"version\": true, \"index\": \"filebeat-*\", \"highlightAll\": true, \"query\": {\"query\": \"\", \"language\": \"kuery\"}, \"filter\": [{\"query\": {\"match\": {\"osquery.result.name\": {\"query\": \"pack_it-compliance_mounts\", \"type\": \"phrase\"}}}, \"meta\": {\"negate\": false, \"key\": \"osquery.result.name\", \"disabled\": false, \"params\": {\"query\": \"pack_it-compliance_mounts\", \"type\": \"phrase\"}, \"alias\": null, \"index\": \"filebeat-*\", \"type\": \"phrase\", \"value\": \"pack_it-compliance_mounts\"}, \"$state\": {\"store\": \"appState\"}}]}"
                },
                "sort": [
                    "@timestamp",
                    "desc"
                ],
                "title": "Mounts [Filebeat Osquery] ECS",
                "version": 1
            },
            "id": "7a9482d0-eb00-11e7-8f04-51231daa5b05-ecs",
            "type": "search",
            "updated_at": "2018-01-08T17:35:32.102Z",
            "version": 1
        },
        {
            "attributes": {
                "description": "",
                "kibanaSavedObjectMeta": {
                    "searchSourceJSON": "{\"query\": {\"query\": \"\", \"language\": \"kuery\"}, \"filter\": []}"
                },
                "savedSearchId": "7a9482d0-eb00-11e7-8f04-51231daa5b05-ecs",
                "title": "Mounts by type [Filebeat Osquery] ECS",
                "uiStateJSON": "{}",
                "version": 1,
                "visState": "{\"params\": {\"addLegend\": true, \"addTooltip\": true, \"legendPosition\": \"right\", \"isDonut\": true, \"type\": \"pie\", \"labels\": {\"truncate\": 100, \"values\": true, \"last_level\": true, \"show\": false}}, \"title\": \"Mounts by type [Filebeat Osquery] ECS\", \"type\": \"pie\", \"aggs\": [{\"params\": {}, \"schema\": \"metric\", \"type\": \"count\", \"enabled\": true, \"id\": \"1\"}, {\"params\": {\"field\": \"osquery.result.columns.path\", \"orderBy\": \"1\", \"order\": \"desc\", \"size\": 10}, \"schema\": \"segment\", \"type\": \"terms\", \"enabled\": true, \"id\": \"2\"}, {\"params\": {\"field\": \"osquery.result.columns.type\", \"orderBy\": \"1\", \"order\": \"desc\", \"size\": 5}, \"schema\": \"segment\", \"type\": \"terms\", \"enabled\": true, \"id\": \"3\"}]}"
            },
            "id": "a9fd8bb0-eb01-11e7-8f04-51231daa5b05-ecs",
            "type": "visualization",
            "updated_at": "2018-01-08T17:35:32.102Z",
            "version": 1
        },
        {
            "attributes": {
                "columns": [
                    "osquery.result.columns.name",
                    "osquery.result.columns.version",
                    "osquery.result.columns.revision"
                ],
                "description": "",
                "hits": 0,
                "kibanaSavedObjectMeta": {
                    "searchSourceJSON": "{\"version\": true, \"index\": \"filebeat-*\", \"highlightAll\": true, \"query\": {\"query\": \"\", \"language\": \"kuery\"}, \"filter\": [{\"query\": {\"match\": {\"osquery.result.name\": {\"query\": \"pack_it-compliance_deb_packages\", \"type\": \"phrase\"}}}, \"meta\": {\"negate\": false, \"key\": \"osquery.result.name\", \"disabled\": false, \"params\": {\"query\": \"pack_it-compliance_deb_packages\", \"type\": \"phrase\"}, \"alias\": null, \"index\": \"filebeat-*\", \"type\": \"phrase\", \"value\": \"pack_it-compliance_deb_packages\"}, \"$state\": {\"store\": \"appState\"}}]}"
                },
                "sort": [
                    "@timestamp",
                    "desc"
                ],
                "title": "DEB packages installed [Filebeat Osquery] ECS",
                "version": 1
            },
            "id": "3824b080-eb02-11e7-8f04-51231daa5b05-ecs",
            "type": "search",
            "updated_at": "2018-01-08T17:35:32.102Z",
            "version": 1
        },
        {
            "attributes": {
                "description": "",
                "kibanaSavedObjectMeta": {
                    "searchSourceJSON": "{\"query\": {\"query\": \"\", \"language\": \"kuery\"}, \"filter\": []}"
                },
                "savedSearchId": "b5d6baa0-eb02-11e7-8f04-51231daa5b05-ecs",
                "title": "OS versions [Filebeat Osquery] ECS",
                "uiStateJSON": "{}",
                "version": 1,
                "visState": "{\"params\": {\"addLegend\": true, \"addTooltip\": true, \"legendPosition\": \"right\", \"isDonut\": true, \"type\": \"pie\", \"labels\": {\"truncate\": 100, \"values\": true, \"last_level\": true, \"show\": false}}, \"title\": \"OS versions [Filebeat Osquery] ECS\", \"type\": \"pie\", \"aggs\": [{\"params\": {\"field\": \"osquery.result.host_identifier\"}, \"schema\": \"metric\", \"type\": \"cardinality\", \"enabled\": true, \"id\": \"1\"}, {\"params\": {\"field\": \"osquery.result.columns.platform_like\", \"orderBy\": \"1\", \"order\": \"desc\", \"size\": 5}, \"schema\": \"segment\", \"type\": \"terms\", \"enabled\": true, \"id\": \"4\"}, {\"params\": {\"field\": \"osquery.result.columns.name\", \"orderBy\": \"1\", \"order\": \"desc\", \"size\": 5}, \"schema\": \"segment\", \"type\": \"terms\", \"enabled\": true, \"id\": \"2\"}, {\"params\": {\"field\": \"osquery.result.columns.version\", \"orderBy\": \"1\", \"order\": \"desc\", \"size\": 5}, \"schema\": \"segment\", \"type\": \"terms\", \"enabled\": true, \"id\": \"3\"}]}"
            },
            "id": "1da1ed30-eb03-11e7-8f04-51231daa5b05-ecs",
            "type": "visualization",
            "updated_at": "2018-01-08T17:35:32.102Z",
            "version": 1
        },
        {
            "attributes": {
                "description": "",
                "kibanaSavedObjectMeta": {
                    "searchSourceJSON": "{\"query\": {\"query\": \"\", \"language\": \"kuery\"}, \"filter\": [{\"query\": {\"match\": {\"osquery.result.columns.status\": {\"query\": \"Live\", \"type\": \"phrase\"}}}, \"meta\": {\"negate\": false, \"key\": \"osquery.result.columns.status\", \"disabled\": false, \"params\": {\"query\": \"Live\", \"type\": \"phrase\"}, \"alias\": null, \"index\": \"filebeat-*\", \"type\": \"phrase\", \"value\": \"Live\"}, \"$state\": {\"store\": \"appState\"}}]}"
                },
                "savedSearchId": "f59e21e0-eb03-11e7-8f04-51231daa5b05-ecs",
                "title": "Number of Kernel modules [Filebeat Osquery] ECS",
                "uiStateJSON": "{\"vis\": {\"defaultColors\": {\"0 - 100\": \"rgb(0,104,55)\"}}}",
                "version": 1,
                "visState": "{\"params\": {\"addLegend\": true, \"gauge\": {\"invertColors\": false, \"gaugeType\": \"Arc\", \"orientation\": \"vertical\", \"gaugeColorMode\": \"Labels\", \"labels\": {\"color\": \"black\", \"show\": true}, \"gaugeStyle\": \"Full\", \"verticalSplit\": false, \"backStyle\": \"Full\", \"scale\": {\"color\": \"#333\", \"labels\": false, \"show\": true}, \"style\": {\"subText\": \"\", \"width\": 0.9, \"fontSize\": 60, \"bgFill\": \"#eee\", \"bgColor\": false, \"bgMask\": false, \"bgWidth\": 0.9, \"maskBars\": 50, \"labelColor\": true, \"mask\": false}, \"colorSchema\": \"Green to Red\", \"colorsRange\": [{\"to\": 100, \"from\": 0}], \"type\": \"meter\", \"extendRange\": true, \"percentageMode\": false}, \"type\": \"gauge\", \"addTooltip\": true, \"isDisplayWarning\": false}, \"title\": \"Number of Kernel modules [Filebeat Osquery] ECS\", \"type\": \"gauge\", \"aggs\": [{\"params\": {\"field\": \"osquery.result.columns.name\", \"customLabel\": \"Live Kernel modules\"}, \"schema\": \"metric\", \"type\": \"cardinality\", \"enabled\": true, \"id\": \"1\"}]}"
            },
            "id": "240f3630-eb05-11e7-8f04-51231daa5b05-ecs",
            "type": "visualization",
            "updated_at": "2018-01-08T17:35:32.102Z",
            "version": 1
        },
        {
            "attributes": {
                "description": "",
                "kibanaSavedObjectMeta": {
                    "searchSourceJSON": "{}"
                },
                "title": "Navigation [Filebeat Osquery] ECS",
                "uiStateJSON": "{}",
                "version": 1,
                "visState": "{\"params\": {\"markdown\": \"[Compilance](#/dashboard/69f5ae20-eb02-11e7-8f04-51231daa5b05-ecs) | [OSSEC Rootkit](#/dashboard/c0a7ce90-f4aa-11e7-8647-534bb4c21040-ecs)\", \"fontSize\": 10}, \"title\": \"Navigation [Filebeat Osquery] ECS\", \"type\": \"markdown\", \"aggs\": []}"
            },
            "id": "2d6e0760-f4ab-11e7-8647-534bb4c21040-ecs",
            "type": "visualization",
            "updated_at": "2018-01-08T19:41:10.264Z",
            "version": 3
        },
        {
            "attributes": {
                "columns": [
                    "osquery.result.name"
                ],
                "description": "",
                "hits": 0,
                "kibanaSavedObjectMeta": {
                    "searchSourceJSON": "{\"version\": true, \"index\": \"filebeat-*\", \"highlightAll\": true, \"query\": {\"query\": \"\", \"language\": \"kuery\"}, \"filter\": [{\"query\": {\"match\": {\"osquery.result.name\": {\"query\": \"pack_it-compliance_os_version\", \"type\": \"phrase\"}}}, \"meta\": {\"negate\": false, \"key\": \"osquery.result.name\", \"disabled\": false, \"params\": {\"query\": \"pack_it-compliance_os_version\", \"type\": \"phrase\"}, \"alias\": null, \"index\": \"filebeat-*\", \"type\": \"phrase\", \"value\": \"pack_it-compliance_os_version\"}, \"$state\": {\"store\": \"appState\"}}]}"
                },
                "sort": [
                    "@timestamp",
                    "desc"
                ],
                "title": "OS versions [Filebeat Osquery] ECS",
                "version": 1
            },
            "id": "b5d6baa0-eb02-11e7-8f04-51231daa5b05-ecs",
            "type": "search",
            "updated_at": "2018-01-08T17:35:32.102Z",
            "version": 1
        },
        {
            "attributes": {
                "columns": [
                    "osquery.result.name",
                    "osquery.result.columns.name",
                    "osquery.result.columns.status"
                ],
                "description": "",
                "hits": 0,
                "kibanaSavedObjectMeta": {
                    "searchSourceJSON": "{\"version\": true, \"index\": \"filebeat-*\", \"highlightAll\": true, \"query\": {\"query\": \"\", \"language\": \"kuery\"}, \"filter\": [{\"query\": {\"match\": {\"osquery.result.name\": {\"query\": \"pack_it-compliance_kernel_modules\", \"type\": \"phrase\"}}}, \"meta\": {\"negate\": false, \"key\": \"osquery.result.name\", \"disabled\": false, \"params\": {\"query\": \"pack_it-compliance_kernel_modules\", \"type\": \"phrase\"}, \"alias\": null, \"index\": \"filebeat-*\", \"type\": \"phrase\", \"value\": \"pack_it-compliance_kernel_modules\"}, \"$state\": {\"store\": \"appState\"}}]}"
                },
                "sort": [
                    "@timestamp",
                    "desc"
                ],
                "title": "Kernel modules [Filebeat Osquery] ECS",
                "version": 1
            },
            "id": "f59e21e0-eb03-11e7-8f04-51231daa5b05-ecs",
            "type": "search",
            "updated_at": "2018-01-08T17:35:32.102Z",
            "version": 1
        },
        {
            "attributes": {
                "description": "Dashboard for visualizing the data collected by the Osquery compliance pack.",
                "hits": 0,
                "kibanaSavedObjectMeta": {
                    "searchSourceJSON": "{\"version\": true, \"query\": {\"query\": \"\", \"language\": \"kuery\"}, \"highlightAll\": true, \"filter\": []}"
                },
                "optionsJSON": "{\"useMargins\": true, \"hidePanelTitles\": false, \"darkTheme\": false}",
                "panelsJSON": "[{\"version\": \"6.2.4\", \"panelIndex\": \"1\", \"type\": \"search\", \"id\": \"7a9482d0-eb00-11e7-8f04-51231daa5b05-ecs\", \"gridData\": {\"y\": 6, \"i\": \"1\", \"h\": 4, \"w\": 6, \"x\": 6}}, {\"version\": \"6.2.4\", \"panelIndex\": \"2\", \"type\": \"visualization\", \"id\": \"a9fd8bb0-eb01-11e7-8f04-51231daa5b05-ecs\", \"gridData\": {\"y\": 1, \"i\": \"2\", \"h\": 5, \"w\": 7, \"x\": 5}}, {\"version\": \"6.2.4\", \"panelIndex\": \"3\", \"type\": \"search\", \"id\": \"3824b080-eb02-11e7-8f04-51231daa5b05-ecs\", \"gridData\": {\"y\": 6, \"i\": \"3\", \"h\": 4, \"w\": 6, \"x\": 0}}, {\"version\": \"6.2.4\", \"panelIndex\": \"4\", \"type\": \"visualization\", \"id\": \"1da1ed30-eb03-11e7-8f04-51231daa5b05-ecs\", \"gridData\": {\"y\": 1, \"i\": \"4\", \"h\": 3, \"w\": 5, \"x\": 0}}, {\"panelIndex\": \"5\", \"embeddableConfig\": {\"vis\": {\"legendOpen\": false, \"defaultColors\": {\"0 - 100\": \"rgb(0,104,55)\"}}}, \"version\": \"6.2.4\", \"type\": \"visualization\", \"id\": \"240f3630-eb05-11e7-8f04-51231daa5b05-ecs\", \"gridData\": {\"y\": 4, \"i\": \"5\", \"h\": 2, \"w\": 5, \"x\": 0}}, {\"version\": \"6.1.0-SNAPSHOT\", \"panelIndex\": \"6\", \"type\": \"visualization\", \"id\": \"2d6e0760-f4ab-11e7-8647-534bb4c21040-ecs\", \"gridData\": {\"y\": 0, \"i\": \"6\", \"h\": 1, \"w\": 12, \"x\": 0}}]",
                "timeRestore": false,
                "title": "[Filebeat Osquery] Compliance pack ECS",
                "uiStateJSON": "{\"P-5\": {\"vis\": {\"defaultColors\": {\"0 - 100\": \"rgb(0,104,55)\"}}}}",
                "version": 1
            },
            "id": "69f5ae20-eb02-11e7-8f04-51231daa5b05-ecs",
            "type": "dashboard",
            "updated_at": "2018-01-08T19:42:15.406Z",
            "version": 2
        }
    ],
    "version": "6.1.0-SNAPSHOT"
}