{
    "objects": [
        {
            "attributes": {
                "description": "",
                "kibanaSavedObjectMeta": {
                    "searchSourceJSON": "{}"
                },
                "title": "Info OSSEC rootkit [Filebeat Osquery] ECS",
                "uiStateJSON": "{}",
                "version": 1,
                "visState": "{\"params\": {\"markdown\": \"This dashboard shows data collected by the ossec-rootkit pack from osquery.\", \"fontSize\": 12}, \"title\": \"Info OSSEC rootkit [Filebeat Osquery] ECS\", \"type\": \"markdown\", \"aggs\": []}"
            },
            "id": "6ec10290-f4aa-11e7-8647-534bb4c21040-ecs",
            "type": "visualization",
            "updated_at": "2018-01-08T19:30:49.785Z",
            "version": 1
        },
        {
            "attributes": {
                "description": "",
                "kibanaSavedObjectMeta": {
                    "searchSourceJSON": "{\"query\": {\"query\": \"\", \"language\": \"kuery\"}, \"filter\": []}"
                },
                "savedSearchId": "0fe5dc00-f49b-11e7-8647-534bb4c21040-ecs",
                "title": "Number of rootkits found [Filebeat Osquery] ECS",
                "uiStateJSON": "{}",
                "version": 1,
                "visState": "{\"params\": {\"addLegend\": false, \"type\": \"metric\", \"metric\": {\"invertColors\": false, \"colorsRange\": [{\"to\": 10000, \"from\": 0}], \"metricColorMode\": \"None\", \"useRanges\": false, \"colorSchema\": \"Green to Red\", \"labels\": {\"show\": true}, \"style\": {\"fontSize\": 40, \"labelColor\": false, \"bgColor\": false, \"bgFill\": \"#000\", \"subText\": \"\"}, \"percentageMode\": false}, \"addTooltip\": true}, \"title\": \"Number of rootkits found [Filebeat Osquery] ECS\", \"type\": \"metric\", \"aggs\": [{\"params\": {\"field\": \"osquery.result.name\", \"customLabel\": \"Rootkits\"}, \"schema\": \"metric\", \"type\": \"cardinality\", \"enabled\": true, \"id\": \"1\"}]}"
            },
            "id": "ffdbba50-f4a9-11e7-8647-534bb4c21040-ecs",
            "type": "visualization",
            "updated_at": "2018-01-08T19:40:05.060Z",
            "version": 3
        },
        {
            "attributes": {
                "description": "",
                "kibanaSavedObjectMeta": {
                    "searchSourceJSON": "{\"query\": {\"query\": \"\", \"language\": \"kuery\"}, \"filter\": []}"
                },
                "savedSearchId": "0fe5dc00-f49b-11e7-8647-534bb4c21040-ecs",
                "title": "Number of hosts infected [Filebeat Osquery] ECS",
                "uiStateJSON": "{}",
                "version": 1,
                "visState": "{\"params\": {\"addLegend\": false, \"type\": \"metric\", \"metric\": {\"invertColors\": false, \"colorsRange\": [{\"to\": 10000, \"from\": 0}], \"metricColorMode\": \"None\", \"useRanges\": false, \"colorSchema\": \"Green to Red\", \"labels\": {\"show\": true}, \"style\": {\"fontSize\": 40, \"labelColor\": false, \"bgColor\": false, \"bgFill\": \"#000\", \"subText\": \"\"}, \"percentageMode\": false}, \"addTooltip\": true}, \"title\": \"Number of hosts infected [Filebeat Osquery] ECS\", \"type\": \"metric\", \"aggs\": [{\"params\": {\"field\": \"agent.hostname\", \"customLabel\": \"Hosts\"}, \"schema\": \"metric\", \"type\": \"cardinality\", \"enabled\": true, \"id\": \"1\"}]}"
            },
            "id": "ab587180-f4a9-11e7-8647-534bb4c21040-ecs",
            "type": "visualization",
            "updated_at": "2018-01-08T19:39:45.085Z",
            "version": 2
        },
        {
            "attributes": {
                "description": "",
                "kibanaSavedObjectMeta": {
                    "searchSourceJSON": "{}"
                },
                "title": "Navigation [Filebeat Osquery] ECS",
                "uiStateJSON": "{}",
                "version": 1,
                "visState": "{\"params\": {\"markdown\": \"[Compilance](#/dashboard/69f5ae20-eb02-11e7-8f04-51231daa5b05-ecs) | [OSSEC Rootkit](#/dashboard/c0a7ce90-f4aa-11e7-8647-534bb4c21040-ecs)\", \"fontSize\": 10}, \"title\": \"Navigation [Filebeat Osquery] ECS\", \"type\": \"markdown\", \"aggs\": []}"
            },
            "id": "2d6e0760-f4ab-11e7-8647-534bb4c21040-ecs",
            "type": "visualization",
            "updated_at": "2018-01-08T19:41:10.264Z",
            "version": 3
        },
        {
            "attributes": {
                "columns": [
                    "osquery.result.name",
                    "osquery.result.columns.path",
                    "agent.hostname"
                ],
                "description": "",
                "hits": 0,
                "kibanaSavedObjectMeta": {
                    "searchSourceJSON": "{\"version\": true, \"index\": \"filebeat-*\", \"highlightAll\": true, \"query\": {\"query\": \"\", \"language\": \"kuery\"}, \"filter\": [{\"query\": {\"prefix\": {\"osquery.result.name\": \"pack_ossec-rootkit\"}}, \"meta\": {\"negate\": false, \"key\": \"query\", \"disabled\": false, \"alias\": null, \"index\": \"filebeat-*\", \"type\": \"custom\", \"value\": \"{\\\"prefix\\\":{\\\"osquery.result.name\\\":\\\"pack_ossec-rootkit\\\"}}\"}, \"$state\": {\"store\": \"appState\"}}, {\"query\": {\"match\": {\"event.module\": {\"query\": \"osquery\", \"type\": \"phrase\"}}}, \"meta\": {\"negate\": false, \"key\": \"event.module\", \"disabled\": false, \"params\": {\"query\": \"osquery\", \"type\": \"phrase\"}, \"alias\": null, \"index\": \"filebeat-*\", \"type\": \"phrase\", \"value\": \"osquery\"}, \"$state\": {\"store\": \"appState\"}}, {\"query\": {\"match\": {\"fileset.name\": {\"query\": \"result\", \"type\": \"phrase\"}}}, \"meta\": {\"negate\": false, \"key\": \"fileset.name\", \"disabled\": false, \"params\": {\"query\": \"result\", \"type\": \"phrase\"}, \"alias\": null, \"index\": \"filebeat-*\", \"type\": \"phrase\", \"value\": \"result\"}, \"$state\": {\"store\": \"appState\"}}]}"
                },
                "sort": [
                    "@timestamp",
                    "desc"
                ],
                "title": "OSSEC Rootkits [Filebeat Osquery] ECS",
                "version": 1
            },
            "id": "0fe5dc00-f49b-11e7-8647-534bb4c21040-ecs",
            "type": "search",
            "updated_at": "2018-01-08T19:38:24.483Z",
            "version": 2
        },
        {
            "attributes": {
                "description": "This dashboard shows data collected by the OSSEC rootkit pack from osquery",
                "hits": 0,
                "kibanaSavedObjectMeta": {
                    "searchSourceJSON": "{\"version\": true, \"query\": {\"query\": \"\", \"language\": \"kuery\"}, \"highlightAll\": true, \"filter\": []}"
                },
                "optionsJSON": "{\"useMargins\": true, \"hidePanelTitles\": false, \"darkTheme\": false}",
                "panelsJSON": "[{\"version\": \"6.1.0-SNAPSHOT\", \"panelIndex\": \"1\", \"type\": \"visualization\", \"id\": \"6ec10290-f4aa-11e7-8647-534bb4c21040-ecs\", \"gridData\": {\"y\": 1, \"i\": \"1\", \"h\": 2, \"w\": 4, \"x\": 8}}, {\"version\": \"6.1.0-SNAPSHOT\", \"panelIndex\": \"2\", \"type\": \"visualization\", \"id\": \"ffdbba50-f4a9-11e7-8647-534bb4c21040-ecs\", \"gridData\": {\"y\": 1, \"i\": \"2\", \"h\": 2, \"w\": 4, \"x\": 4}}, {\"version\": \"6.1.0-SNAPSHOT\", \"panelIndex\": \"3\", \"type\": \"visualization\", \"id\": \"ab587180-f4a9-11e7-8647-534bb4c21040-ecs\", \"gridData\": {\"y\": 1, \"i\": \"3\", \"h\": 2, \"w\": 4, \"x\": 0}}, {\"version\": \"6.1.0-SNAPSHOT\", \"panelIndex\": \"4\", \"type\": \"visualization\", \"id\": \"2d6e0760-f4ab-11e7-8647-534bb4c21040-ecs\", \"gridData\": {\"y\": 0, \"i\": \"4\", \"h\": 1, \"w\": 12, \"x\": 0}}, {\"version\": \"6.1.0-SNAPSHOT\", \"panelIndex\": \"5\", \"type\": \"search\", \"id\": \"0fe5dc00-f49b-11e7-8647-534bb4c21040-ecs\", \"gridData\": {\"y\": 3, \"i\": \"5\", \"h\": 4, \"w\": 12, \"x\": 0}}]",
                "timeRestore": false,
                "title": "[Filebeat Osquery] OSSEC rootkit pack ECS",
                "uiStateJSON": "{}",
                "version": 1
            },
            "id": "c0a7ce90-f4aa-11e7-8647-534bb4c21040-ecs",
            "type": "dashboard",
            "updated_at": "2018-01-08T19:40:16.304Z",
            "version": 6
        }
    ],
    "version": "6.1.0-SNAPSHOT"
}