{
    "objects": [
        {
            "attributes": {
                "description": "",
                "kibanaSavedObjectMeta": {
                    "searchSourceJSON": "{\"index\": \"auditbeat-*\", \"filter\": [{\"$state\": {\"store\": \"appState\"}, \"query\": {\"match\": {\"event.module\": {\"query\": \"system\", \"type\": \"phrase\"}}}, \"meta\": {\"value\": \"system\", \"type\": \"phrase\", \"params\": {\"query\": \"system\", \"type\": \"phrase\"}, \"index\": \"auditbeat-*\", \"negate\": false, \"disabled\": false, \"alias\": null, \"key\": \"event.module\"}}], \"query\": {\"language\": \"kuery\", \"query\": \"\"}}"
                },
                "title": "Host Count [Auditbeat System] ECS",
                "uiStateJSON": "{}",
                "version": 1,
                "visState": "{\"aggs\": [{\"id\": \"1\", \"params\": {\"customLabel\": \"Hosts\", \"field\": \"host.id\"}, \"type\": \"cardinality\", \"enabled\": true, \"schema\": \"metric\"}], \"params\": {\"addLegend\": false, \"addTooltip\": true, \"metric\": {\"labels\": {\"show\": true}, \"percentageMode\": false, \"metricColorMode\": \"None\", \"colorSchema\": \"Green to Red\", \"invertColors\": false, \"useRanges\": false, \"colorsRange\": [{\"from\": 0, \"to\": 10000}], \"style\": {\"bgFill\": \"#000\", \"subText\": \"\", \"fontSize\": 60, \"bgColor\": false, \"labelColor\": false}}, \"type\": \"metric\"}, \"title\": \"Host Count [Auditbeat System] ECS\", \"type\": \"metric\"}"
            },
            "id": "cf8aa0a0-18ca-11e9-9094-c50574723088-ecs",
            "type": "visualization",
            "updated_at": "2019-02-03T20:37:18.796Z",
            "version": 22
        },
        {
            "attributes": {
                "description": "",
                "kibanaSavedObjectMeta": {
                    "searchSourceJSON": "{\"index\": \"auditbeat-*\", \"filter\": [{\"$state\": {\"store\": \"appState\"}, \"query\": {\"match\": {\"event.dataset\": {\"query\": \"host\", \"type\": \"phrase\"}}}, \"meta\": {\"value\": \"host\", \"type\": \"phrase\", \"params\": {\"query\": \"host\", \"type\": \"phrase\"}, \"index\": \"auditbeat-*\", \"negate\": false, \"disabled\": false, \"alias\": null, \"key\": \"event.dataset\"}}], \"query\": {\"language\": \"kuery\", \"query\": \"\"}}"
                },
                "title": "OS Distribution [Auditbeat System] ECS",
                "uiStateJSON": "{}",
                "version": 1,
                "visState": "{\"aggs\": [{\"id\": \"1\", \"params\": {\"field\": \"system.audit.host.id\"}, \"type\": \"cardinality\", \"enabled\": true, \"schema\": \"metric\"}, {\"id\": \"2\", \"params\": {\"otherBucket\": false, \"order\": \"desc\", \"otherBucketLabel\": \"Other\", \"customLabel\": \"OS\", \"missingBucket\": false, \"field\": \"system.audit.host.os.name\", \"size\": 5, \"missingBucketLabel\": \"Missing\", \"orderBy\": \"1\"}, \"type\": \"terms\", \"enabled\": true, \"schema\": \"segment\"}, {\"id\": \"3\", \"params\": {\"order\": \"desc\", \"otherBucketLabel\": \"Other\", \"otherBucket\": false, \"missingBucket\": false, \"field\": \"system.audit.host.os.version\", \"size\": 5, \"missingBucketLabel\": \"Missing\", \"orderBy\": \"1\"}, \"type\": \"terms\", \"enabled\": true, \"schema\": \"segment\"}], \"params\": {\"isDonut\": true, \"addLegend\": true, \"labels\": {\"show\": false, \"last_level\": true, \"truncate\": 100, \"values\": true}, \"legendPosition\": \"right\", \"addTooltip\": true, \"type\": \"pie\"}, \"title\": \"OS Distribution [Auditbeat System] ECS\", \"type\": \"pie\"}"
            },
            "id": "9dd991a0-18cb-11e9-9094-c50574723088-ecs",
            "type": "visualization",
            "updated_at": "2019-01-21T11:37:35.796Z",
            "version": 24
        },
        {
            "attributes": {
                "description": "",
                "kibanaSavedObjectMeta": {
                    "searchSourceJSON": "{\"index\": \"auditbeat-*\", \"filter\": [{\"$state\": {\"store\": \"appState\"}, \"query\": {\"match\": {\"event.dataset\": {\"query\": \"host\", \"type\": \"phrase\"}}}, \"meta\": {\"value\": \"host\", \"type\": \"phrase\", \"params\": {\"query\": \"host\", \"type\": \"phrase\"}, \"index\": \"auditbeat-*\", \"negate\": false, \"disabled\": false, \"alias\": null, \"key\": \"event.dataset\"}}], \"query\": {\"language\": \"kuery\", \"query\": \"\"}}"
                },
                "title": "Average Uptime [Auditbeat System] ECS",
                "uiStateJSON": "{}",
                "version": 1,
                "visState": "{\"aggs\": [{\"id\": \"1\", \"params\": {\"customLabel\": \"Average Uptime in days\", \"field\": \"system.audit.host.uptime\"}, \"type\": \"avg\", \"enabled\": true, \"schema\": \"metric\"}], \"params\": {\"addLegend\": false, \"addTooltip\": true, \"metric\": {\"labels\": {\"show\": true}, \"percentageMode\": false, \"metricColorMode\": \"None\", \"colorSchema\": \"Green to Red\", \"invertColors\": false, \"useRanges\": false, \"colorsRange\": [{\"from\": 0, \"to\": 10000}], \"style\": {\"bgFill\": \"#000\", \"subText\": \"\", \"fontSize\": 60, \"bgColor\": false, \"labelColor\": false}}, \"type\": \"metric\"}, \"title\": \"Average Uptime [Auditbeat System] ECS\", \"type\": \"metric\"}"
            },
            "id": "4d0485f0-18da-11e9-9094-c50574723088-ecs",
            "type": "visualization",
            "updated_at": "2019-01-21T11:57:55.023Z",
            "version": 23
        },
        {
            "attributes": {
                "description": "",
                "kibanaSavedObjectMeta": {
                    "searchSourceJSON": "{\"index\": \"auditbeat-*\", \"filter\": [{\"$state\": {\"store\": \"appState\"}, \"query\": {\"match\": {\"event.dataset\": {\"query\": \"host\", \"type\": \"phrase\"}}}, \"meta\": {\"value\": \"host\", \"type\": \"phrase\", \"params\": {\"query\": \"host\", \"type\": \"phrase\"}, \"index\": \"auditbeat-*\", \"negate\": false, \"disabled\": false, \"alias\": null, \"key\": \"event.dataset\"}}], \"query\": {\"language\": \"kuery\", \"query\": \"\"}}"
                },
                "title": "Host Documents [Auditbeat System] ECS",
                "uiStateJSON": "{}",
                "version": 1,
                "visState": "{\"aggs\": [{\"id\": \"1\", \"params\": {\"customLabel\": \"Host States\"}, \"type\": \"count\", \"enabled\": true, \"schema\": \"metric\"}, {\"id\": \"2\", \"params\": {\"time_zone\": \"Europe/London\", \"interval\": \"auto\", \"customInterval\": \"2h\", \"min_doc_count\": 1, \"useNormalizedEsInterval\": true, \"field\": \"@timestamp\", \"extended_bounds\": {}, \"drop_partials\": false}, \"type\": \"date_histogram\", \"enabled\": true, \"schema\": \"segment\"}], \"params\": {\"grid\": {\"categoryLines\": false, \"style\": {\"color\": \"#eee\"}}, \"addLegend\": true, \"categoryAxes\": [{\"labels\": {\"show\": true, \"truncate\": 100}, \"show\": true, \"type\": \"category\", \"id\": \"CategoryAxis-1\", \"scale\": {\"type\": \"linear\"}, \"title\": {}, \"position\": \"bottom\", \"style\": {}}], \"valueAxes\": [{\"labels\": {\"rotate\": 0, \"show\": true, \"truncate\": 100, \"filter\": false}, \"show\": true, \"type\": \"value\", \"id\": \"ValueAxis-1\", \"name\": \"LeftAxis-1\", \"scale\": {\"mode\": \"normal\", \"type\": \"linear\"}, \"title\": {\"text\": \"Host States\"}, \"position\": \"left\", \"style\": {}}], \"addTimeMarker\": false, \"legendPosition\": \"right\", \"times\": [], \"seriesParams\": [{\"data\": {\"id\": \"1\", \"label\": \"Host States\"}, \"mode\": \"stacked\", \"type\": \"histogram\", \"valueAxis\": \"ValueAxis-1\", \"drawLinesBetweenPoints\": true, \"show\": \"true\", \"showCircles\": true}], \"addTooltip\": true, \"type\": \"histogram\"}, \"title\": \"Host Documents [Auditbeat System] ECS\", \"type\": \"histogram\"}"
            },
            "id": "eea92ad0-18d7-11e9-9094-c50574723088-ecs",
            "type": "visualization",
            "updated_at": "2019-02-04T09:26:47.877Z",
            "version": 22
        },
        {
            "attributes": {
                "description": "",
                "kibanaSavedObjectMeta": {
                    "searchSourceJSON": "{\"index\": \"auditbeat-*\", \"filter\": [{\"$state\": {\"store\": \"appState\"}, \"query\": {\"match\": {\"event.dataset\": {\"query\": \"host\", \"type\": \"phrase\"}}}, \"meta\": {\"value\": \"host\", \"type\": \"phrase\", \"params\": {\"query\": \"host\", \"type\": \"phrase\"}, \"index\": \"auditbeat-*\", \"negate\": false, \"disabled\": false, \"alias\": null, \"key\": \"event.dataset\"}}], \"query\": {\"language\": \"kuery\", \"query\": \"\"}}"
                },
                "title": "Host List [Auditbeat System] ECS",
                "uiStateJSON": "{\"vis\": {\"params\": {\"sort\": {\"columnIndex\": 1, \"direction\": \"asc\"}}}}",
                "version": 1,
                "visState": "{\"aggs\": [{\"id\": \"2\", \"params\": {\"otherBucket\": false, \"order\": \"desc\", \"otherBucketLabel\": \"Other\", \"customLabel\": \"Hostname\", \"missingBucket\": false, \"field\": \"system.audit.host.hostname\", \"size\": 5, \"missingBucketLabel\": \"Missing\", \"orderBy\": \"_key\"}, \"type\": \"terms\", \"enabled\": true, \"schema\": \"bucket\"}, {\"id\": \"5\", \"params\": {\"size\": 1, \"sortField\": \"@timestamp\", \"customLabel\": \"Uptime (days)\", \"field\": \"system.audit.host.uptime\", \"sortOrder\": \"desc\", \"aggregate\": \"max\"}, \"type\": \"top_hits\", \"enabled\": true, \"schema\": \"metric\"}, {\"id\": \"3\", \"params\": {\"size\": 1, \"sortField\": \"@timestamp\", \"customLabel\": \"OS\", \"field\": \"system.audit.host.os.name\", \"sortOrder\": \"desc\", \"aggregate\": \"concat\"}, \"type\": \"top_hits\", \"enabled\": true, \"schema\": \"metric\"}, {\"id\": \"4\", \"params\": {\"size\": 1, \"sortField\": \"@timestamp\", \"customLabel\": \"Version\", \"field\": \"system.audit.host.os.version\", \"sortOrder\": \"desc\", \"aggregate\": \"concat\"}, \"type\": \"top_hits\", \"enabled\": true, \"schema\": \"metric\"}, {\"id\": \"1\", \"params\": {\"size\": 1, \"sortField\": \"@timestamp\", \"customLabel\": \"Host ID\", \"field\": \"system.audit.host.id\", \"sortOrder\": \"desc\", \"aggregate\": \"concat\"}, \"type\": \"top_hits\", \"enabled\": true, \"schema\": \"metric\"}, {\"id\": \"6\", \"params\": {\"size\": 1, \"sortField\": \"@timestamp\", \"customLabel\": \"Status\", \"field\": \"message\", \"sortOrder\": \"desc\", \"aggregate\": \"concat\"}, \"type\": \"top_hits\", \"enabled\": true, \"schema\": \"metric\"}], \"params\": {\"totalFunc\": \"sum\", \"sort\": {\"columnIndex\": null, \"direction\": null}, \"showPartialRows\": false, \"showMetricsAtAllLevels\": false, \"perPage\": 10, \"showTotal\": false}, \"title\": \"Host List [Auditbeat System] ECS\", \"type\": \"table\"}"
            },
            "id": "91962a30-1901-11e9-9094-c50574723088-ecs",
            "type": "visualization",
            "updated_at": "2019-01-21T11:58:22.519Z",
            "version": 25
        },
        {
            "attributes": {
                "columns": [
                    "system.audit.host.hostname",
                    "event.action",
                    "message"
                ],
                "description": "",
                "hits": 0,
                "kibanaSavedObjectMeta": {
                    "searchSourceJSON": "{\"version\": true, \"index\": \"auditbeat-*\", \"highlightAll\": true, \"filter\": [{\"$state\": {\"store\": \"appState\"}, \"query\": {\"match\": {\"event.dataset\": {\"query\": \"host\", \"type\": \"phrase\"}}}, \"meta\": {\"value\": \"host\", \"type\": \"phrase\", \"params\": {\"query\": \"host\", \"type\": \"phrase\"}, \"index\": \"dfce2b60-18c7-11e9-9094-c50574723088\", \"negate\": false, \"disabled\": false, \"alias\": null, \"key\": \"event.dataset\"}}], \"query\": {\"language\": \"kuery\", \"query\": \"\"}}"
                },
                "sort": [
                    "@timestamp",
                    "desc"
                ],
                "title": "Host Events [Auditbeat System] ECS",
                "version": 1
            },
            "id": "abe78cd0-18ca-11e9-9094-c50574723088-ecs",
            "type": "search",
            "updated_at": "2019-02-04T09:31:20.533Z",
            "version": 6
        },
        {
            "attributes": {
                "description": "",
                "kibanaSavedObjectMeta": {
                    "searchSourceJSON": "{\"filter\": [], \"query\": {\"language\": \"kuery\", \"query\": \"\"}}"
                },
                "title": "Dashboard Links [Auditbeat System] ECS",
                "uiStateJSON": "{}",
                "version": 1,
                "visState": "{\"aggs\": [], \"params\": {\"openLinksInNewTab\": false, \"fontSize\": 12, \"markdown\": \"**Dashboards**: [System Overview](#/dashboard/2be46cb0-27f2-11e9-89af-fd12d59dac90-ecs) | [Hosts](#/dashboard/dfe62590-18da-11e9-9094-c50574723088-ecs) | [Logins](#/dashboard/2a17f200-285e-11e9-805f-43bf57dfa519-ecs) | [Users](#/dashboard/ae96a660-2864-11e9-97cb-474beda9f119-ecs) | [Processes](#/dashboard/4c68f110-2863-11e9-97cb-474beda9f119-ecs) | [Sockets](#/dashboard/957a3ef0-2867-11e9-9d21-0be348776e6c-ecs) | [Packages](#/dashboard/137c52f0-286a-11e9-9d21-0be348776e6c-ecs)\"}, \"title\": \"Dashboard Links [Auditbeat System] ECS\", \"type\": \"markdown\"}"
            },
            "id": "4ccc5b50-27f6-11e9-89af-fd12d59dac90-ecs",
            "type": "visualization",
            "updated_at": "2019-02-04T11:37:25.234Z",
            "version": 3
        },
        {
            "attributes": {
                "description": "System Hosts",
                "hits": 0,
                "kibanaSavedObjectMeta": {
                    "searchSourceJSON": "{\"filter\": [], \"query\": {\"language\": \"kuery\", \"query\": \"\"}}"
                },
                "optionsJSON": "{\"hidePanelTitles\": false, \"useMargins\": true, \"darkTheme\": false}",
                "panelsJSON": "[{\"version\": \"7.0.0\", \"embeddableConfig\": {}, \"type\": \"visualization\", \"id\": \"cf8aa0a0-18ca-11e9-9094-c50574723088-ecs\", \"panelIndex\": \"1\", \"gridData\": {\"x\": 0, \"i\": \"1\", \"w\": 15, \"h\": 10, \"y\": 4}}, {\"version\": \"7.0.0\", \"embeddableConfig\": {}, \"type\": \"visualization\", \"id\": \"9dd991a0-18cb-11e9-9094-c50574723088-ecs\", \"panelIndex\": \"2\", \"gridData\": {\"x\": 31, \"i\": \"2\", \"w\": 17, \"h\": 10, \"y\": 4}}, {\"version\": \"7.0.0\", \"embeddableConfig\": {}, \"type\": \"visualization\", \"id\": \"4d0485f0-18da-11e9-9094-c50574723088-ecs\", \"panelIndex\": \"4\", \"gridData\": {\"x\": 15, \"i\": \"4\", \"w\": 16, \"h\": 10, \"y\": 4}}, {\"version\": \"7.0.0\", \"embeddableConfig\": {}, \"type\": \"visualization\", \"id\": \"eea92ad0-18d7-11e9-9094-c50574723088-ecs\", \"panelIndex\": \"5\", \"gridData\": {\"x\": 0, \"i\": \"5\", \"w\": 48, \"h\": 7, \"y\": 14}}, {\"version\": \"7.0.0\", \"embeddableConfig\": {}, \"type\": \"visualization\", \"id\": \"91962a30-1901-11e9-9094-c50574723088-ecs\", \"panelIndex\": \"6\", \"gridData\": {\"x\": 0, \"i\": \"6\", \"w\": 48, \"h\": 12, \"y\": 21}}, {\"version\": \"7.0.0\", \"embeddableConfig\": {}, \"type\": \"search\", \"id\": \"abe78cd0-18ca-11e9-9094-c50574723088-ecs\", \"panelIndex\": \"7\", \"gridData\": {\"x\": 0, \"i\": \"7\", \"w\": 48, \"h\": 16, \"y\": 33}}, {\"version\": \"7.0.0\", \"embeddableConfig\": {}, \"type\": \"visualization\", \"id\": \"4ccc5b50-27f6-11e9-89af-fd12d59dac90-ecs\", \"panelIndex\": \"8\", \"gridData\": {\"x\": 0, \"i\": \"8\", \"w\": 48, \"h\": 4, \"y\": 0}}]",
                "timeRestore": false,
                "title": "[Auditbeat System] Host Dashboard ECS",
                "version": 1
            },
            "id": "dfe62590-18da-11e9-9094-c50574723088-ecs",
            "type": "dashboard",
            "updated_at": "2019-02-04T11:25:58.146Z",
            "version": 28
        }
    ],
    "version": "7.0.0"
}