{
    "objects": [
        {
            "attributes": {
                "description": "",
                "kibanaSavedObjectMeta": {
                    "searchSourceJSON": "{\"index\": \"auditbeat-*\", \"filter\": [{\"$state\": {\"store\": \"appState\"}, \"query\": {\"match\": {\"event.dataset\": {\"query\": \"process\", \"type\": \"phrase\"}}}, \"meta\": {\"value\": \"process\", \"type\": \"phrase\", \"params\": {\"query\": \"process\", \"type\": \"phrase\"}, \"index\": \"auditbeat-*\", \"negate\": false, \"disabled\": false, \"alias\": null, \"key\": \"event.dataset\"}}], \"query\": {\"language\": \"kuery\", \"query\": \"\"}}"
                },
                "title": "Process Count [Auditbeat System] ECS",
                "uiStateJSON": "{}",
                "version": 1,
                "visState": "{\"aggs\": [{\"id\": \"1\", \"params\": {\"customLabel\": \"Processes\", \"field\": \"process.entity_id\"}, \"type\": \"cardinality\", \"enabled\": true, \"schema\": \"metric\"}], \"params\": {\"addLegend\": false, \"addTooltip\": true, \"metric\": {\"labels\": {\"show\": true}, \"percentageMode\": false, \"metricColorMode\": \"None\", \"colorSchema\": \"Green to Red\", \"invertColors\": false, \"useRanges\": false, \"colorsRange\": [{\"from\": 0, \"to\": 10000}], \"style\": {\"bgFill\": \"#000\", \"subText\": \"\", \"fontSize\": 60, \"bgColor\": false, \"labelColor\": false}}, \"type\": \"metric\"}, \"title\": \"Process Count [Auditbeat System] ECS\", \"type\": \"metric\"}"
            },
            "id": "bb0d1870-27f1-11e9-89af-fd12d59dac90-ecs",
            "type": "visualization",
            "updated_at": "2019-02-03T20:24:39.030Z",
            "version": 1
        },
        {
            "attributes": {
                "description": "",
                "kibanaSavedObjectMeta": {
                    "searchSourceJSON": "{\"index\": \"auditbeat-*\", \"filter\": [{\"$state\": {\"store\": \"appState\"}, \"query\": {\"match\": {\"event.dataset\": {\"query\": \"process\", \"type\": \"phrase\"}}}, \"meta\": {\"value\": \"process\", \"type\": \"phrase\", \"params\": {\"query\": \"process\", \"type\": \"phrase\"}, \"index\": \"auditbeat-*\", \"negate\": false, \"disabled\": false, \"alias\": null, \"key\": \"event.dataset\"}}, {\"$state\": {\"store\": \"appState\"}, \"query\": {\"match\": {\"event.action\": {\"query\": \"process_started\", \"type\": \"phrase\"}}}, \"meta\": {\"value\": \"process_started\", \"type\": \"phrase\", \"params\": {\"query\": \"process_started\", \"type\": \"phrase\"}, \"index\": \"auditbeat-*\", \"negate\": false, \"disabled\": false, \"alias\": null, \"key\": \"event.action\"}}], \"query\": {\"language\": \"kuery\", \"query\": \"\"}}"
                },
                "title": "Process Starts [Auditbeat System] ECS",
                "uiStateJSON": "{}",
                "version": 1,
                "visState": "{\"aggs\": [{\"id\": \"1\", \"params\": {\"customLabel\": \"Started\"}, \"type\": \"count\", \"enabled\": true, \"schema\": \"metric\"}], \"params\": {\"addLegend\": false, \"addTooltip\": true, \"metric\": {\"labels\": {\"show\": true}, \"percentageMode\": false, \"metricColorMode\": \"None\", \"colorSchema\": \"Green to Red\", \"invertColors\": false, \"useRanges\": false, \"colorsRange\": [{\"from\": 0, \"to\": 10000}], \"style\": {\"bgFill\": \"#000\", \"subText\": \"\", \"fontSize\": 60, \"bgColor\": false, \"labelColor\": false}}, \"type\": \"metric\"}, \"title\": \"Process Starts [Auditbeat System] ECS\", \"type\": \"metric\"}"
            },
            "id": "0db90830-27fd-11e9-89af-fd12d59dac90-ecs",
            "type": "visualization",
            "updated_at": "2019-02-03T21:45:42.195Z",
            "version": 1
        },
        {
            "attributes": {
                "description": "",
                "kibanaSavedObjectMeta": {
                    "searchSourceJSON": "{\"index\": \"auditbeat-*\", \"filter\": [{\"$state\": {\"store\": \"appState\"}, \"query\": {\"match\": {\"event.action\": {\"query\": \"process_stopped\", \"type\": \"phrase\"}}}, \"meta\": {\"value\": \"process_stopped\", \"type\": \"phrase\", \"params\": {\"query\": \"process_stopped\", \"type\": \"phrase\"}, \"index\": \"auditbeat-*\", \"negate\": false, \"disabled\": false, \"alias\": null, \"key\": \"event.action\"}}, {\"$state\": {\"store\": \"appState\"}, \"query\": {\"match\": {\"event.dataset\": {\"query\": \"process\", \"type\": \"phrase\"}}}, \"meta\": {\"value\": \"process\", \"type\": \"phrase\", \"params\": {\"query\": \"process\", \"type\": \"phrase\"}, \"index\": \"auditbeat-*\", \"negate\": false, \"disabled\": false, \"alias\": null, \"key\": \"event.dataset\"}}], \"query\": {\"language\": \"kuery\", \"query\": \"\"}}"
                },
                "title": "Process Stops [Auditbeat System] ECS",
                "uiStateJSON": "{}",
                "version": 1,
                "visState": "{\"aggs\": [{\"id\": \"1\", \"params\": {\"customLabel\": \"Stopped\"}, \"type\": \"count\", \"enabled\": true, \"schema\": \"metric\"}], \"params\": {\"addLegend\": false, \"addTooltip\": true, \"metric\": {\"labels\": {\"show\": true}, \"percentageMode\": false, \"metricColorMode\": \"None\", \"colorSchema\": \"Green to Red\", \"invertColors\": false, \"useRanges\": false, \"colorsRange\": [{\"from\": 0, \"to\": 10000}], \"style\": {\"bgFill\": \"#000\", \"subText\": \"\", \"fontSize\": 60, \"bgColor\": false, \"labelColor\": false}}, \"type\": \"metric\"}, \"title\": \"Process Stops [Auditbeat System] ECS\", \"type\": \"metric\"}"
            },
            "id": "b885dae0-27fd-11e9-89af-fd12d59dac90-ecs",
            "type": "visualization",
            "updated_at": "2019-02-03T21:50:28.750Z",
            "version": 1
        },
        {
            "attributes": {
                "columns": [
                    "host.hostname",
                    "user.name",
                    "event.action",
                    "process.pid",
                    "process.name"
                ],
                "description": "",
                "hits": 0,
                "kibanaSavedObjectMeta": {
                    "searchSourceJSON": "{\"version\": true, \"index\": \"auditbeat-*\", \"highlightAll\": true, \"filter\": [{\"$state\": {\"store\": \"appState\"}, \"query\": {\"match\": {\"event.dataset\": {\"query\": \"process\", \"type\": \"phrase\"}}}, \"meta\": {\"value\": \"process\", \"type\": \"phrase\", \"params\": {\"query\": \"process\", \"type\": \"phrase\"}, \"index\": \"auditbeat-*\", \"negate\": false, \"disabled\": false, \"alias\": null, \"key\": \"event.dataset\"}}], \"query\": {\"language\": \"kuery\", \"query\": \"\"}}"
                },
                "sort": [
                    "@timestamp",
                    "desc"
                ],
                "title": "Process Events [Auditbeat System] ECS",
                "version": 1
            },
            "id": "0f9611b0-2862-11e9-97cb-474beda9f119-ecs",
            "type": "search",
            "updated_at": "2019-02-04T09:48:44.490Z",
            "version": 1
        },
        {
            "attributes": {
                "description": "",
                "kibanaSavedObjectMeta": {
                    "searchSourceJSON": "{\"index\": \"auditbeat-*\", \"filter\": [{\"$state\": {\"store\": \"appState\"}, \"query\": {\"match\": {\"event.dataset\": {\"query\": \"process\", \"type\": \"phrase\"}}}, \"meta\": {\"value\": \"process\", \"type\": \"phrase\", \"params\": {\"query\": \"process\", \"type\": \"phrase\"}, \"index\": \"auditbeat-*\", \"negate\": false, \"disabled\": false, \"alias\": null, \"key\": \"event.dataset\"}}], \"query\": {\"language\": \"kuery\", \"query\": \"\"}}"
                },
                "title": "Process OS Distribution [Auditbeat System] ECS",
                "uiStateJSON": "{}",
                "version": 1,
                "visState": "{\"aggs\": [{\"id\": \"1\", \"params\": {\"field\": \"host.id\"}, \"type\": \"cardinality\", \"enabled\": true, \"schema\": \"metric\"}, {\"id\": \"2\", \"params\": {\"otherBucket\": false, \"order\": \"desc\", \"otherBucketLabel\": \"Other\", \"customLabel\": \"OS\", \"missingBucket\": false, \"field\": \"host.os.name\", \"size\": 5, \"missingBucketLabel\": \"Missing\", \"orderBy\": \"1\"}, \"type\": \"terms\", \"enabled\": true, \"schema\": \"segment\"}, {\"id\": \"3\", \"params\": {\"order\": \"desc\", \"otherBucketLabel\": \"Other\", \"otherBucket\": false, \"missingBucket\": false, \"field\": \"host.os.version\", \"size\": 5, \"missingBucketLabel\": \"Missing\", \"orderBy\": \"1\"}, \"type\": \"terms\", \"enabled\": true, \"schema\": \"segment\"}], \"params\": {\"isDonut\": true, \"addLegend\": true, \"labels\": {\"show\": false, \"last_level\": true, \"truncate\": 100, \"values\": true}, \"legendPosition\": \"right\", \"addTooltip\": true, \"type\": \"pie\"}, \"title\": \"Process OS Distribution [Auditbeat System] ECS\", \"type\": \"pie\"}"
            },
            "id": "91708fd0-2862-11e9-97cb-474beda9f119-ecs",
            "type": "visualization",
            "updated_at": "2019-02-04T09:52:22.349Z",
            "version": 1
        },
        {
            "attributes": {
                "description": "",
                "kibanaSavedObjectMeta": {
                    "searchSourceJSON": "{\"index\": \"auditbeat-*\", \"filter\": [{\"$state\": {\"store\": \"appState\"}, \"query\": {\"match\": {\"event.dataset\": {\"query\": \"process\", \"type\": \"phrase\"}}}, \"meta\": {\"value\": \"process\", \"type\": \"phrase\", \"params\": {\"query\": \"process\", \"type\": \"phrase\"}, \"index\": \"auditbeat-*\", \"negate\": false, \"disabled\": false, \"alias\": null, \"key\": \"event.dataset\"}}], \"query\": {\"language\": \"kuery\", \"query\": \"\"}}"
                },
                "title": "Process Event Histogram [Auditbeat System] ECS",
                "uiStateJSON": "{}",
                "version": 1,
                "visState": "{\"aggs\": [{\"id\": \"1\", \"params\": {}, \"type\": \"count\", \"enabled\": true, \"schema\": \"metric\"}, {\"id\": \"2\", \"params\": {\"time_zone\": \"Europe/London\", \"interval\": \"auto\", \"customInterval\": \"2h\", \"min_doc_count\": 1, \"useNormalizedEsInterval\": true, \"field\": \"@timestamp\", \"extended_bounds\": {}, \"drop_partials\": false}, \"type\": \"date_histogram\", \"enabled\": true, \"schema\": \"segment\"}], \"params\": {\"grid\": {\"categoryLines\": false, \"style\": {\"color\": \"#eee\"}}, \"addLegend\": true, \"categoryAxes\": [{\"labels\": {\"show\": true, \"truncate\": 100}, \"show\": true, \"type\": \"category\", \"id\": \"CategoryAxis-1\", \"scale\": {\"type\": \"linear\"}, \"title\": {}, \"position\": \"bottom\", \"style\": {}}], \"valueAxes\": [{\"labels\": {\"rotate\": 0, \"show\": true, \"truncate\": 100, \"filter\": false}, \"show\": true, \"type\": \"value\", \"id\": \"ValueAxis-1\", \"name\": \"LeftAxis-1\", \"scale\": {\"mode\": \"normal\", \"type\": \"linear\"}, \"title\": {\"text\": \"Count\"}, \"position\": \"left\", \"style\": {}}], \"addTimeMarker\": false, \"legendPosition\": \"right\", \"times\": [], \"seriesParams\": [{\"data\": {\"id\": \"1\", \"label\": \"Count\"}, \"mode\": \"stacked\", \"type\": \"histogram\", \"valueAxis\": \"ValueAxis-1\", \"drawLinesBetweenPoints\": true, \"show\": \"true\", \"showCircles\": true}], \"addTooltip\": true, \"type\": \"histogram\"}, \"title\": \"Process Event Histogram [Auditbeat System] ECS\", \"type\": \"histogram\"}"
            },
            "id": "b1e2af00-2862-11e9-97cb-474beda9f119-ecs",
            "type": "visualization",
            "updated_at": "2019-02-04T09:53:16.784Z",
            "version": 1
        },
        {
            "attributes": {
                "description": "",
                "kibanaSavedObjectMeta": {
                    "searchSourceJSON": "{\"index\": \"auditbeat-*\", \"filter\": [{\"$state\": {\"store\": \"appState\"}, \"query\": {\"match\": {\"event.dataset\": {\"query\": \"process\", \"type\": \"phrase\"}}}, \"meta\": {\"value\": \"process\", \"type\": \"phrase\", \"params\": {\"query\": \"process\", \"type\": \"phrase\"}, \"index\": \"auditbeat-*\", \"negate\": false, \"disabled\": false, \"alias\": null, \"key\": \"event.dataset\"}}], \"query\": {\"language\": \"kuery\", \"query\": \"\"}}"
                },
                "title": "Process Names [Auditbeat System] ECS",
                "uiStateJSON": "{\"vis\": {\"params\": {\"sort\": {\"columnIndex\": null, \"direction\": null}}}}",
                "version": 1,
                "visState": "{\"aggs\": [{\"id\": \"2\", \"params\": {\"otherBucket\": false, \"order\": \"desc\", \"otherBucketLabel\": \"Other\", \"customLabel\": \"Process\", \"missingBucket\": false, \"field\": \"process.name\", \"size\": 8, \"missingBucketLabel\": \"Missing\", \"orderBy\": \"1\"}, \"type\": \"terms\", \"enabled\": true, \"schema\": \"bucket\"}, {\"id\": \"1\", \"params\": {}, \"type\": \"count\", \"enabled\": true, \"schema\": \"metric\"}], \"params\": {\"totalFunc\": \"sum\", \"sort\": {\"columnIndex\": null, \"direction\": null}, \"showPartialRows\": false, \"showMetricsAtAllLevels\": false, \"perPage\": 8, \"showTotal\": false}, \"title\": \"Process Names [Auditbeat System] ECS\", \"type\": \"table\"}"
            },
            "id": "f1d365a0-2862-11e9-97cb-474beda9f119-ecs",
            "type": "visualization",
            "updated_at": "2019-02-04T09:56:33.249Z",
            "version": 2
        },
        {
            "attributes": {
                "description": "",
                "kibanaSavedObjectMeta": {
                    "searchSourceJSON": "{\"index\": \"auditbeat-*\", \"filter\": [{\"$state\": {\"store\": \"appState\"}, \"query\": {\"match\": {\"event.dataset\": {\"query\": \"process\", \"type\": \"phrase\"}}}, \"meta\": {\"value\": \"process\", \"type\": \"phrase\", \"params\": {\"query\": \"process\", \"type\": \"phrase\"}, \"index\": \"auditbeat-*\", \"negate\": false, \"disabled\": false, \"alias\": null, \"key\": \"event.dataset\"}}], \"query\": {\"language\": \"kuery\", \"query\": \"\"}}"
                },
                "title": "Process Users [Auditbeat System] ECS",
                "uiStateJSON": "{\"vis\": {\"params\": {\"sort\": {\"columnIndex\": null, \"direction\": null}}}}",
                "version": 1,
                "visState": "{\"aggs\": [{\"id\": \"2\", \"params\": {\"otherBucket\": false, \"order\": \"desc\", \"otherBucketLabel\": \"Other\", \"customLabel\": \"Process\", \"missingBucket\": false, \"field\": \"user.name\", \"size\": 8, \"missingBucketLabel\": \"Missing\", \"orderBy\": \"1\"}, \"type\": \"terms\", \"enabled\": true, \"schema\": \"bucket\"}, {\"id\": \"1\", \"params\": {}, \"type\": \"count\", \"enabled\": true, \"schema\": \"metric\"}], \"params\": {\"totalFunc\": \"sum\", \"sort\": {\"columnIndex\": null, \"direction\": null}, \"showPartialRows\": false, \"showMetricsAtAllLevels\": false, \"perPage\": 8, \"showTotal\": false}, \"title\": \"Process Users [Auditbeat System] ECS\", \"type\": \"table\"}"
            },
            "id": "30936470-2863-11e9-97cb-474beda9f119-ecs",
            "type": "visualization",
            "updated_at": "2019-02-04T09:56:49.335Z",
            "version": 1
        },
        {
            "attributes": {
                "description": "",
                "kibanaSavedObjectMeta": {
                    "searchSourceJSON": "{\"filter\": [], \"query\": {\"language\": \"kuery\", \"query\": \"\"}}"
                },
                "title": "Dashboard Links [Auditbeat System] ECS",
                "uiStateJSON": "{}",
                "version": 1,
                "visState": "{\"aggs\": [], \"params\": {\"openLinksInNewTab\": false, \"fontSize\": 12, \"markdown\": \"**Dashboards**: [System Overview](#/dashboard/2be46cb0-27f2-11e9-89af-fd12d59dac90-ecs) | [Hosts](#/dashboard/dfe62590-18da-11e9-9094-c50574723088-ecs) | [Logins](#/dashboard/2a17f200-285e-11e9-805f-43bf57dfa519-ecs) | [Users](#/dashboard/ae96a660-2864-11e9-97cb-474beda9f119-ecs) | [Processes](#/dashboard/4c68f110-2863-11e9-97cb-474beda9f119-ecs) | [Sockets](#/dashboard/957a3ef0-2867-11e9-9d21-0be348776e6c-ecs) | [Packages](#/dashboard/137c52f0-286a-11e9-9d21-0be348776e6c-ecs)\"}, \"title\": \"Dashboard Links [Auditbeat System] ECS\", \"type\": \"markdown\"}"
            },
            "id": "4ccc5b50-27f6-11e9-89af-fd12d59dac90-ecs",
            "type": "visualization",
            "updated_at": "2019-02-04T11:37:25.234Z",
            "version": 3
        },
        {
            "attributes": {
                "description": "System Processes",
                "hits": 0,
                "kibanaSavedObjectMeta": {
                    "searchSourceJSON": "{\"filter\": [], \"query\": {\"language\": \"kuery\", \"query\": \"\"}}"
                },
                "optionsJSON": "{\"hidePanelTitles\": false, \"useMargins\": true, \"darkTheme\": false}",
                "panelsJSON": "[{\"version\": \"7.0.0\", \"embeddableConfig\": {}, \"type\": \"visualization\", \"id\": \"bb0d1870-27f1-11e9-89af-fd12d59dac90-ecs\", \"panelIndex\": \"1\", \"gridData\": {\"x\": 0, \"i\": \"1\", \"w\": 11, \"h\": 10, \"y\": 4}}, {\"version\": \"7.0.0\", \"embeddableConfig\": {}, \"type\": \"visualization\", \"id\": \"0db90830-27fd-11e9-89af-fd12d59dac90-ecs\", \"panelIndex\": \"2\", \"gridData\": {\"x\": 11, \"i\": \"2\", \"w\": 11, \"h\": 10, \"y\": 4}}, {\"version\": \"7.0.0\", \"embeddableConfig\": {}, \"type\": \"visualization\", \"id\": \"b885dae0-27fd-11e9-89af-fd12d59dac90-ecs\", \"panelIndex\": \"3\", \"gridData\": {\"x\": 22, \"i\": \"3\", \"w\": 11, \"h\": 10, \"y\": 4}}, {\"version\": \"7.0.0\", \"embeddableConfig\": {}, \"type\": \"search\", \"id\": \"0f9611b0-2862-11e9-97cb-474beda9f119-ecs\", \"panelIndex\": \"4\", \"gridData\": {\"x\": 0, \"i\": \"4\", \"w\": 48, \"h\": 14, \"y\": 38}}, {\"version\": \"7.0.0\", \"embeddableConfig\": {}, \"type\": \"visualization\", \"id\": \"91708fd0-2862-11e9-97cb-474beda9f119-ecs\", \"panelIndex\": \"5\", \"gridData\": {\"x\": 33, \"i\": \"5\", \"w\": 15, \"h\": 10, \"y\": 4}}, {\"version\": \"7.0.0\", \"embeddableConfig\": {}, \"type\": \"visualization\", \"id\": \"b1e2af00-2862-11e9-97cb-474beda9f119-ecs\", \"panelIndex\": \"6\", \"gridData\": {\"x\": 0, \"i\": \"6\", \"w\": 48, \"h\": 9, \"y\": 29}}, {\"version\": \"7.0.0\", \"embeddableConfig\": {}, \"type\": \"visualization\", \"id\": \"f1d365a0-2862-11e9-97cb-474beda9f119-ecs\", \"panelIndex\": \"7\", \"gridData\": {\"x\": 0, \"i\": \"7\", \"w\": 24, \"h\": 15, \"y\": 14}}, {\"version\": \"7.0.0\", \"embeddableConfig\": {}, \"type\": \"visualization\", \"id\": \"30936470-2863-11e9-97cb-474beda9f119-ecs\", \"panelIndex\": \"8\", \"gridData\": {\"x\": 24, \"i\": \"8\", \"w\": 24, \"h\": 15, \"y\": 14}}, {\"version\": \"7.0.0\", \"embeddableConfig\": {}, \"type\": \"visualization\", \"id\": \"4ccc5b50-27f6-11e9-89af-fd12d59dac90-ecs\", \"panelIndex\": \"9\", \"gridData\": {\"x\": 0, \"i\": \"9\", \"w\": 48, \"h\": 4, \"y\": 0}}]",
                "timeRestore": false,
                "title": "[Auditbeat System] Process Dashboard ECS",
                "version": 1
            },
            "id": "4c68f110-2863-11e9-97cb-474beda9f119-ecs",
            "type": "dashboard",
            "updated_at": "2019-02-04T10:13:58.155Z",
            "version": 2
        }
    ],
    "version": "7.0.0"
}