{
    "objects": [
        {
            "attributes": {
                "description": "",
                "kibanaSavedObjectMeta": {
                    "searchSourceJSON": "{\"filter\": [{\"$state\": {\"store\": \"appState\"}, \"query\": {\"match\": {\"auditd.summary.object.secondary\": {\"query\": \"0\", \"type\": \"phrase\"}}}, \"meta\": {\"value\": \"0\", \"type\": \"phrase\", \"params\": {\"query\": \"0\", \"type\": \"phrase\"}, \"index\": \"auditbeat-*\", \"negate\": true, \"disabled\": false, \"apply\": true, \"alias\": null, \"key\": \"auditd.summary.object.secondary\"}}], \"query\": {\"language\": \"kuery\", \"query\": \"\"}}"
                },
                "savedSearchId": "b4c93470-c240-11e7-8692-232bd1143e8a-ecs",
                "title": "Bind (non-ephemeral) [Auditbeat Auditd] ECS",
                "uiStateJSON": "{\"vis\": {\"params\": {\"sort\": {\"columnIndex\": null, \"direction\": null}}}}",
                "version": 1,
                "visState": "{\"aggs\": [{\"id\": \"1\", \"params\": {}, \"type\": \"count\", \"enabled\": true, \"schema\": \"metric\"}, {\"id\": \"2\", \"params\": {\"customLabel\": \"Exe\", \"order\": \"desc\", \"field\": \"auditd.summary.how\", \"size\": 50, \"orderBy\": \"_term\"}, \"type\": \"terms\", \"enabled\": true, \"schema\": \"bucket\"}, {\"id\": \"3\", \"params\": {\"customLabel\": \"Address\", \"order\": \"desc\", \"field\": \"auditd.summary.object.primary\", \"size\": 10, \"orderBy\": \"_term\"}, \"type\": \"terms\", \"enabled\": true, \"schema\": \"bucket\"}, {\"id\": \"4\", \"params\": {\"customLabel\": \"Port\", \"order\": \"desc\", \"field\": \"auditd.summary.object.secondary\", \"size\": 10, \"orderBy\": \"_term\"}, \"type\": \"terms\", \"enabled\": true, \"schema\": \"bucket\"}], \"params\": {\"totalFunc\": \"sum\", \"sort\": {\"columnIndex\": null, \"direction\": null}, \"showMeticsAtAllLevels\": false, \"showPartialRows\": false, \"perPage\": 10, \"showTotal\": false}, \"title\": \"Bind (non-ephemeral) [Auditbeat Auditd] ECS\", \"type\": \"table\"}"
            },
            "id": "faf882f0-c242-11e7-8692-232bd1143e8a-ecs",
            "type": "visualization",
            "updated_at": "2018-01-16T22:08:02.522Z",
            "version": 3
        },
        {
            "attributes": {
                "description": "",
                "kibanaSavedObjectMeta": {
                    "searchSourceJSON": "{\"filter\": [], \"query\": {\"language\": \"kuery\", \"query\": \"\"}}"
                },
                "savedSearchId": "5438b030-c246-11e7-8692-232bd1143e8a-ecs",
                "title": "Connect [Auditbeat Auditd] ECS",
                "uiStateJSON": "{\"vis\": {\"params\": {\"sort\": {\"columnIndex\": null, \"direction\": null}}}}",
                "version": 1,
                "visState": "{\"aggs\": [{\"id\": \"1\", \"params\": {}, \"type\": \"count\", \"enabled\": true, \"schema\": \"metric\"}, {\"id\": \"2\", \"params\": {\"customLabel\": \"Exe\", \"order\": \"desc\", \"field\": \"process.executable\", \"size\": 50, \"orderBy\": \"1\"}, \"type\": \"terms\", \"enabled\": true, \"schema\": \"bucket\"}, {\"id\": \"3\", \"params\": {\"customLabel\": \"Address\", \"order\": \"desc\", \"field\": \"auditd.summary.object.primary\", \"size\": 10, \"orderBy\": \"1\"}, \"type\": \"terms\", \"enabled\": true, \"schema\": \"bucket\"}, {\"id\": \"4\", \"params\": {\"customLabel\": \"Port\", \"order\": \"desc\", \"field\": \"auditd.summary.object.secondary\", \"size\": 5, \"orderBy\": \"1\"}, \"type\": \"terms\", \"enabled\": true, \"schema\": \"bucket\"}], \"params\": {\"totalFunc\": \"sum\", \"sort\": {\"columnIndex\": null, \"direction\": null}, \"showMeticsAtAllLevels\": false, \"showPartialRows\": false, \"perPage\": 10, \"showTotal\": false}, \"title\": \"Connect [Auditbeat Auditd] ECS\", \"type\": \"table\"}"
            },
            "id": "ea483730-c246-11e7-8692-232bd1143e8a-ecs",
            "type": "visualization",
            "updated_at": "2018-01-16T23:24:16.851Z",
            "version": 4
        },
        {
            "attributes": {
                "description": "",
                "kibanaSavedObjectMeta": {
                    "searchSourceJSON": "{\"filter\": [], \"query\": {\"language\": \"kuery\", \"query\": \"\"}}"
                },
                "savedSearchId": "e8734160-c24c-11e7-8692-232bd1143e8a-ecs",
                "title": "Accept / Recvfrom Unique Address Table [Auditbeat Auditd] ECS",
                "uiStateJSON": "{\"spy\": {\"mode\": {\"name\": null, \"fill\": false}}, \"vis\": {\"params\": {\"sort\": {\"columnIndex\": null, \"direction\": null}}}}",
                "version": 1,
                "visState": "{\"aggs\": [{\"id\": \"1\", \"params\": {\"customLabel\": \"Unique Addresses\", \"field\": \"auditd.summary.object.primary\"}, \"type\": \"cardinality\", \"enabled\": true, \"schema\": \"metric\"}, {\"id\": \"2\", \"params\": {\"customLabel\": \"Exe\", \"order\": \"desc\", \"field\": \"process.executable\", \"size\": 50, \"orderBy\": \"1\"}, \"type\": \"terms\", \"enabled\": true, \"schema\": \"bucket\"}, {\"id\": \"3\", \"params\": {\"customLabel\": \"Syscall\", \"order\": \"desc\", \"field\": \"auditd.data.syscall\", \"size\": 5, \"orderBy\": \"1\"}, \"type\": \"terms\", \"enabled\": true, \"schema\": \"bucket\"}], \"params\": {\"totalFunc\": \"sum\", \"sort\": {\"columnIndex\": null, \"direction\": null}, \"showMeticsAtAllLevels\": false, \"showPartialRows\": false, \"perPage\": 10, \"showTotal\": false}, \"title\": \"Accept / Recvfrom Unique Address Table [Auditbeat Auditd] ECS\", \"type\": \"table\"}"
            },
            "id": "ceb91de0-c250-11e7-8692-232bd1143e8a-ecs",
            "type": "visualization",
            "updated_at": "2018-01-16T22:16:51.535Z",
            "version": 5
        },
        {
            "attributes": {
                "description": "",
                "kibanaSavedObjectMeta": {
                    "searchSourceJSON": "{}"
                },
                "title": "Socket Syscalls Time Series [Auditbeat Auditd] ECS",
                "uiStateJSON": "{}",
                "version": 1,
                "visState": "{\"aggs\": [], \"params\": {\"show_grid\": 1, \"filter\": \"auditd.summary.object.type:socket\", \"time_field\": \"@timestamp\", \"id\": \"61ca57f0-469d-11e7-af02-69e470af7417\", \"interval\": \"auto\", \"gauge_style\": \"half\", \"axis_position\": \"left\", \"type\": \"timeseries\", \"gauge_inner_width\": 10, \"axis_formatter\": \"number\", \"show_legend\": 1, \"legend_position\": \"left\", \"bar_color_rules\": [{\"id\": \"2cebb0c0-c252-11e7-8a68-93ffe9ec5950\"}], \"series\": [{\"chart_type\": \"line\", \"terms_field\": \"auditd.data.syscall\", \"axis_position\": \"right\", \"id\": \"61ca57f1-469d-11e7-af02-69e470af7417\", \"label\": \"syscall\", \"stacked\": \"none\", \"line_width\": 1, \"point_size\": 1, \"color\": \"#68BC00\", \"formatter\": \"number\", \"split_mode\": \"terms\", \"metrics\": [{\"id\": \"61ca57f2-469d-11e7-af02-69e470af7417\", \"type\": \"count\"}], \"seperate_axis\": 0, \"fill\": 0.5}], \"gauge_width\": 10, \"index_pattern\": \"auditbeat-*\", \"gauge_color_rules\": [{\"id\": \"6c891740-c252-11e7-8a68-93ffe9ec5950\"}], \"background_color_rules\": [{\"id\": \"95b603d0-c252-11e7-8a68-93ffe9ec5950\"}]}, \"title\": \"Socket Syscalls Time Series [Auditbeat Auditd] ECS\", \"type\": \"metrics\"}"
            },
            "id": "b21e0c70-c252-11e7-8692-232bd1143e8a-ecs",
            "type": "visualization",
            "updated_at": "2018-01-16T22:13:38.857Z",
            "version": 3
        },
        {
            "attributes": {
                "description": "",
                "kibanaSavedObjectMeta": {
                    "searchSourceJSON": "{\"index\": \"auditbeat-*\", \"filter\": [], \"query\": {\"language\": \"kuery\", \"query\": \"\"}}"
                },
                "title": "Socket Families [Auditbeat Auditd] ECS",
                "uiStateJSON": "{}",
                "version": 1,
                "visState": "{\"aggs\": [{\"id\": \"1\", \"params\": {}, \"type\": \"count\", \"enabled\": true, \"schema\": \"metric\"}, {\"id\": \"2\", \"params\": {\"customLabel\": \"Socket Family\", \"order\": \"desc\", \"field\": \"auditd.data.socket.family\", \"size\": 10, \"orderBy\": \"1\"}, \"type\": \"terms\", \"enabled\": true, \"schema\": \"segment\"}, {\"id\": \"3\", \"params\": {\"customLabel\": \"Syscall\", \"order\": \"desc\", \"field\": \"auditd.data.syscall\", \"size\": 10, \"orderBy\": \"1\"}, \"type\": \"terms\", \"enabled\": true, \"schema\": \"segment\"}], \"params\": {\"isDonut\": true, \"addLegend\": true, \"type\": \"pie\", \"addTooltip\": true, \"legendPosition\": \"left\"}, \"title\": \"Socket Families [Auditbeat Auditd] ECS\", \"type\": \"pie\"}"
            },
            "id": "a8e20450-c256-11e7-8692-232bd1143e8a-ecs",
            "type": "visualization",
            "updated_at": "2018-01-16T22:12:51.655Z",
            "version": 3
        },
        {
            "attributes": {
                "columns": [
                    "agent.hostname",
                    "auditd.summary.how",
                    "auditd.summary.object.primary",
                    "auditd.summary.object.secondary",
                    "auditd.data.socket.family",
                    "auditd.result"
                ],
                "description": "",
                "hits": 0,
                "kibanaSavedObjectMeta": {
                    "searchSourceJSON": "{\"version\": true, \"index\": \"auditbeat-*\", \"highlightAll\": true, \"filter\": [{\"$state\": {\"store\": \"appState\"}, \"query\": {\"match\": {\"event.module\": {\"query\": \"auditd\", \"type\": \"phrase\"}}}, \"meta\": {\"value\": \"auditd\", \"type\": \"phrase\", \"params\": {\"query\": \"auditd\", \"type\": \"phrase\"}, \"index\": \"auditbeat-*\", \"negate\": false, \"disabled\": false, \"alias\": null, \"key\": \"event.module\"}}, {\"$state\": {\"store\": \"appState\"}, \"query\": {\"match\": {\"auditd.data.syscall\": {\"query\": \"bind\", \"type\": \"phrase\"}}}, \"meta\": {\"value\": \"bind\", \"type\": \"phrase\", \"params\": {\"query\": \"bind\", \"type\": \"phrase\"}, \"index\": \"auditbeat-*\", \"negate\": false, \"disabled\": false, \"alias\": null, \"key\": \"auditd.data.syscall\"}}, {\"$state\": {\"store\": \"appState\"}, \"query\": {\"match\": {\"auditd.data.socket.family\": {\"query\": \"netlink\", \"type\": \"phrase\"}}}, \"meta\": {\"value\": \"netlink\", \"type\": \"phrase\", \"params\": {\"query\": \"netlink\", \"type\": \"phrase\"}, \"index\": \"auditbeat-*\", \"negate\": true, \"disabled\": false, \"alias\": null, \"key\": \"auditd.data.socket.family\"}}], \"query\": {\"language\": \"kuery\", \"query\": \"\"}}"
                },
                "sort": [
                    "@timestamp",
                    "desc"
                ],
                "title": "Socket Binds [Auditbeat Auditd] ECS",
                "version": 1
            },
            "id": "b4c93470-c240-11e7-8692-232bd1143e8a-ecs",
            "type": "search",
            "updated_at": "2018-01-16T23:05:58.935Z",
            "version": 5
        },
        {
            "attributes": {
                "columns": [
                    "agent.hostname",
                    "auditd.summary.how",
                    "auditd.summary.object.primary",
                    "auditd.summary.object.secondary",
                    "auditd.data.socket.family",
                    "auditd.result",
                    "auditd.data.exit"
                ],
                "description": "",
                "hits": 0,
                "kibanaSavedObjectMeta": {
                    "searchSourceJSON": "{\"version\": true, \"index\": \"auditbeat-*\", \"highlightAll\": true, \"filter\": [{\"$state\": {\"store\": \"appState\"}, \"query\": {\"match\": {\"event.module\": {\"query\": \"auditd\", \"type\": \"phrase\"}}}, \"meta\": {\"value\": \"auditd\", \"type\": \"phrase\", \"params\": {\"query\": \"auditd\", \"type\": \"phrase\"}, \"index\": \"auditbeat-*\", \"negate\": false, \"disabled\": false, \"alias\": null, \"key\": \"event.module\"}}, {\"$state\": {\"store\": \"appState\"}, \"query\": {\"match\": {\"event.action\": {\"query\": \"connected-to\", \"type\": \"phrase\"}}}, \"meta\": {\"value\": \"connected-to\", \"type\": \"phrase\", \"params\": {\"query\": \"connected-to\", \"type\": \"phrase\"}, \"index\": \"auditbeat-*\", \"negate\": false, \"disabled\": false, \"alias\": null, \"key\": \"event.action\"}}, {\"meta\": {\"type\": \"exists\", \"value\": \"exists\", \"index\": \"auditbeat-*\", \"negate\": false, \"disabled\": false, \"alias\": null, \"key\": \"auditd.summary.object.primary\"}, \"$state\": {\"store\": \"appState\"}, \"exists\": {\"field\": \"auditd.summary.object.primary\"}}], \"query\": {\"language\": \"kuery\", \"query\": \"\"}}"
                },
                "sort": [
                    "@timestamp",
                    "desc"
                ],
                "title": "Socket Connects [Auditbeat Auditd] ECS",
                "version": 1
            },
            "id": "5438b030-c246-11e7-8692-232bd1143e8a-ecs",
            "type": "search",
            "updated_at": "2018-01-16T23:09:43.937Z",
            "version": 5
        },
        {
            "attributes": {
                "columns": [
                    "agent.hostname",
                    "auditd.summary.how",
                    "auditd.summary.object.primary",
                    "auditd.summary.object.secondary",
                    "auditd.data.socket.family",
                    "event.action"
                ],
                "description": "",
                "hits": 0,
                "kibanaSavedObjectMeta": {
                    "searchSourceJSON": "{\"version\": true, \"index\": \"auditbeat-*\", \"highlightAll\": true, \"filter\": [{\"$state\": {\"store\": \"appState\"}, \"query\": {\"match\": {\"event.module\": {\"query\": \"auditd\", \"type\": \"phrase\"}}}, \"meta\": {\"value\": \"auditd\", \"type\": \"phrase\", \"params\": {\"query\": \"auditd\", \"type\": \"phrase\"}, \"index\": \"auditbeat-*\", \"negate\": false, \"disabled\": false, \"alias\": null, \"key\": \"event.module\"}}, {\"$state\": {\"store\": \"appState\"}, \"query\": {\"match\": {\"auditd.summary.object.type\": {\"query\": \"socket\", \"type\": \"phrase\"}}}, \"meta\": {\"value\": \"socket\", \"type\": \"phrase\", \"params\": {\"query\": \"socket\", \"type\": \"phrase\"}, \"index\": \"auditbeat-*\", \"negate\": false, \"disabled\": false, \"alias\": null, \"key\": \"auditd.summary.object.type\"}}, {\"meta\": {\"type\": \"exists\", \"value\": \"exists\", \"index\": \"auditbeat-*\", \"negate\": false, \"disabled\": false, \"alias\": null, \"key\": \"auditd.summary.object.primary\"}, \"$state\": {\"store\": \"appState\"}, \"exists\": {\"field\": \"auditd.summary.object.primary\"}}, {\"$state\": {\"store\": \"appState\"}, \"query\": {\"terms\": {\"auditd.data.syscall\": [\"accept\", \"accept4\", \"recvfrom\", \"recvmsg\"]}}, \"meta\": {\"type\": \"custom\", \"value\": \"{\\\"terms\\\":{\\\"auditd.data.syscall\\\":[\\\"accept\\\",\\\"accept4\\\",\\\"recvfrom\\\",\\\"recvmsg\\\"]}}\", \"index\": \"auditbeat-*\", \"negate\": false, \"disabled\": false, \"alias\": null, \"key\": \"query\"}}], \"query\": {\"language\": \"kuery\", \"query\": \"\"}}"
                },
                "sort": [
                    "@timestamp",
                    "desc"
                ],
                "title": "Socket Accept / Recvfrom [Auditbeat Auditd] ECS",
                "version": 1
            },
            "id": "e8734160-c24c-11e7-8692-232bd1143e8a-ecs",
            "type": "search",
            "updated_at": "2018-01-16T23:20:51.403Z",
            "version": 4
        },
        {
            "attributes": {
                "description": "Summary of socket related syscall events.",
                "hits": 0,
                "kibanaSavedObjectMeta": {
                    "searchSourceJSON": "{\"version\": true, \"highlightAll\": true, \"filter\": [], \"query\": {\"language\": \"kuery\", \"query\": \"\"}}"
                },
                "optionsJSON": "{\"useMargins\": false, \"darkTheme\": false}",
                "panelsJSON": "[{\"version\": \"6.2.4\", \"embeddableConfig\": {\"vis\": {\"params\": {\"sort\": {\"columnIndex\": null, \"direction\": null}}}}, \"type\": \"visualization\", \"id\": \"faf882f0-c242-11e7-8692-232bd1143e8a-ecs\", \"panelIndex\": \"1\", \"gridData\": {\"x\": 6, \"i\": \"1\", \"w\": 6, \"h\": 4, \"y\": 3}}, {\"version\": \"6.2.4\", \"embeddableConfig\": {\"vis\": {\"params\": {\"sort\": {\"columnIndex\": null, \"direction\": null}}}}, \"type\": \"visualization\", \"id\": \"ea483730-c246-11e7-8692-232bd1143e8a-ecs\", \"panelIndex\": \"2\", \"gridData\": {\"x\": 0, \"i\": \"2\", \"w\": 6, \"h\": 5, \"y\": 7}}, {\"version\": \"6.2.4\", \"embeddableConfig\": {\"vis\": {\"params\": {\"sort\": {\"columnIndex\": null, \"direction\": null}}}}, \"type\": \"visualization\", \"id\": \"ceb91de0-c250-11e7-8692-232bd1143e8a-ecs\", \"panelIndex\": \"3\", \"gridData\": {\"x\": 6, \"i\": \"3\", \"w\": 6, \"h\": 5, \"y\": 7}}, {\"id\": \"b21e0c70-c252-11e7-8692-232bd1143e8a-ecs\", \"panelIndex\": \"4\", \"gridData\": {\"x\": 0, \"i\": \"4\", \"w\": 12, \"h\": 3, \"y\": 0}, \"version\": \"6.2.4\", \"type\": \"visualization\"}, {\"id\": \"a8e20450-c256-11e7-8692-232bd1143e8a-ecs\", \"panelIndex\": \"5\", \"gridData\": {\"x\": 0, \"i\": \"5\", \"w\": 6, \"h\": 4, \"y\": 3}, \"version\": \"6.2.4\", \"type\": \"visualization\"}]",
                "timeRestore": false,
                "title": "[Auditbeat Auditd] Sockets ECS",
                "version": 1
            },
            "id": "693a5f40-c243-11e7-8692-232bd1143e8a-ecs",
            "type": "dashboard",
            "updated_at": "2018-01-16T23:24:37.521Z",
            "version": 4
        }
    ],
    "version": "6.2.4"
}