{
    "objects": [
        {
            "attributes": {
                "description": "Command executions",
                "kibanaSavedObjectMeta": {
                    "searchSourceJSON": "{\"filter\": [], \"query\": {\"language\": \"kuery\", \"query\": \"\"}}"
                },
                "savedSearchId": "d382f5b0-c1c6-11e7-8995-936807a28b16-ecs",
                "title": "Error Codes [Auditbeat Auditd] ECS",
                "uiStateJSON": "{}",
                "version": 1,
                "visState": "{\"aggs\": [{\"id\": \"1\", \"params\": {}, \"type\": \"count\", \"enabled\": true, \"schema\": \"metric\"}, {\"id\": \"2\", \"params\": {\"size\": 10, \"order\": \"desc\", \"field\": \"auditd.data.exit\", \"exclude\": \"0\", \"orderBy\": \"1\"}, \"type\": \"terms\", \"enabled\": true, \"schema\": \"segment\"}], \"params\": {\"isDonut\": true, \"addLegend\": true, \"type\": \"pie\", \"addTooltip\": true, \"legendPosition\": \"right\"}, \"title\": \"Error Codes [Auditbeat Auditd] ECS\", \"type\": \"pie\"}"
            },
            "id": "20a8e8d0-c1c8-11e7-8995-936807a28b16-ecs",
            "type": "visualization",
            "updated_at": "2018-01-16T22:10:23.921Z",
            "version": 4
        },
        {
            "attributes": {
                "description": "",
                "kibanaSavedObjectMeta": {
                    "searchSourceJSON": "{\"index\": \"auditbeat-*\", \"filter\": [], \"query\": {\"language\": \"kuery\", \"query\": \"\"}}"
                },
                "title": "Primary Username Tag Cloud [Auditbeat Auditd] ECS",
                "uiStateJSON": "{}",
                "version": 1,
                "visState": "{\"aggs\": [{\"id\": \"1\", \"params\": {}, \"type\": \"count\", \"enabled\": true, \"schema\": \"metric\"}, {\"id\": \"2\", \"params\": {\"order\": \"desc\", \"field\": \"auditd.summary.actor.primary\", \"size\": 10, \"orderBy\": \"1\"}, \"type\": \"terms\", \"enabled\": true, \"schema\": \"segment\"}], \"params\": {\"orientation\": \"single\", \"scale\": \"linear\", \"maxFontSize\": 45, \"minFontSize\": 18}, \"title\": \"Primary Username Tag Cloud [Auditbeat Auditd] ECS\", \"type\": \"tagcloud\"}"
            },
            "id": "f81a6de0-c1c1-11e7-8995-936807a28b16-ecs",
            "type": "visualization",
            "updated_at": "2018-01-16T22:12:18.730Z",
            "version": 3
        },
        {
            "attributes": {
                "description": "",
                "kibanaSavedObjectMeta": {
                    "searchSourceJSON": "{\"filter\": [], \"query\": {\"language\": \"kuery\", \"query\": \"\"}}"
                },
                "savedSearchId": "d382f5b0-c1c6-11e7-8995-936807a28b16-ecs",
                "title": "Exe Name Tag Cloud [Auditbeat Auditd] ECS",
                "uiStateJSON": "{}",
                "version": 1,
                "visState": "{\"aggs\": [{\"id\": \"1\", \"params\": {}, \"type\": \"count\", \"enabled\": true, \"schema\": \"metric\"}, {\"id\": \"2\", \"params\": {\"order\": \"desc\", \"field\": \"process.executable\", \"size\": 10, \"orderBy\": \"1\"}, \"type\": \"terms\", \"enabled\": true, \"schema\": \"segment\"}], \"params\": {\"orientation\": \"single\", \"scale\": \"linear\", \"maxFontSize\": 45, \"minFontSize\": 14}, \"title\": \"Exe Name Tag Cloud [Auditbeat Auditd] ECS\", \"type\": \"tagcloud\"}"
            },
            "id": "2efac370-c1ca-11e7-8995-936807a28b16-ecs",
            "type": "visualization",
            "updated_at": "2018-01-16T22:57:41.411Z",
            "version": 4
        },
        {
            "attributes": {
                "columns": [
                    "agent.hostname",
                    "process.args",
                    "auditd.summary.actor.primary",
                    "auditd.summary.actor.secondary",
                    "process.executable"
                ],
                "description": "",
                "hits": 0,
                "kibanaSavedObjectMeta": {
                    "searchSourceJSON": "{\"version\": true, \"index\": \"auditbeat-*\", \"highlightAll\": true, \"filter\": [{\"$state\": {\"store\": \"appState\"}, \"query\": {\"match\": {\"event.module\": {\"query\": \"auditd\", \"type\": \"phrase\"}}}, \"meta\": {\"value\": \"auditd\", \"type\": \"phrase\", \"params\": {\"query\": \"auditd\", \"type\": \"phrase\"}, \"index\": \"auditbeat-*\", \"negate\": false, \"disabled\": false, \"alias\": null, \"key\": \"event.module\"}}, {\"$state\": {\"store\": \"appState\"}, \"query\": {\"match\": {\"event.action\": {\"query\": \"executed\", \"type\": \"phrase\"}}}, \"meta\": {\"value\": \"executed\", \"type\": \"phrase\", \"params\": {\"query\": \"executed\", \"type\": \"phrase\"}, \"index\": \"auditbeat-*\", \"negate\": false, \"disabled\": false, \"alias\": null, \"key\": \"event.action\"}}], \"query\": {\"language\": \"kuery\", \"query\": \"\"}}"
                },
                "sort": [
                    "@timestamp",
                    "desc"
                ],
                "title": "Process Executions [Auditbeat Auditd] ECS",
                "version": 1
            },
            "id": "d382f5b0-c1c6-11e7-8995-936807a28b16-ecs",
            "type": "search",
            "updated_at": "2018-01-16T22:26:35.050Z",
            "version": 5
        },
        {
            "attributes": {
                "description": "Overview of kernel executions",
                "hits": 0,
                "kibanaSavedObjectMeta": {
                    "searchSourceJSON": "{\"version\": true, \"highlightAll\": true, \"filter\": [], \"query\": {\"language\": \"kuery\", \"query\": \"\"}}"
                },
                "optionsJSON": "{\"useMargins\": false, \"darkTheme\": false}",
                "panelsJSON": "[{\"id\": \"20a8e8d0-c1c8-11e7-8995-936807a28b16-ecs\", \"panelIndex\": \"1\", \"gridData\": {\"x\": 4, \"i\": \"1\", \"w\": 4, \"h\": 3, \"y\": 0}, \"version\": \"6.2.4\", \"type\": \"visualization\"}, {\"id\": \"f81a6de0-c1c1-11e7-8995-936807a28b16-ecs\", \"panelIndex\": \"3\", \"gridData\": {\"x\": 8, \"i\": \"3\", \"w\": 4, \"h\": 3, \"y\": 0}, \"version\": \"6.2.4\", \"type\": \"visualization\"}, {\"id\": \"2efac370-c1ca-11e7-8995-936807a28b16-ecs\", \"panelIndex\": \"5\", \"gridData\": {\"x\": 0, \"i\": \"5\", \"w\": 4, \"h\": 3, \"y\": 0}, \"version\": \"6.2.4\", \"type\": \"visualization\"}, {\"id\": \"d382f5b0-c1c6-11e7-8995-936807a28b16-ecs\", \"panelIndex\": \"6\", \"gridData\": {\"x\": 0, \"i\": \"6\", \"w\": 12, \"h\": 5, \"y\": 3}, \"version\": \"6.2.4\", \"type\": \"search\"}]",
                "timeRestore": false,
                "title": "[Auditbeat Auditd] Executions ECS",
                "version": 1
            },
            "id": "7de391b0-c1ca-11e7-8995-936807a28b16-ecs",
            "type": "dashboard",
            "updated_at": "2018-01-16T22:58:11.243Z",
            "version": 5
        }
    ],
    "version": "6.2.4"
}