{
    "objects": [
        {
            "attributes": {
                "description": "",
                "kibanaSavedObjectMeta": {
                    "searchSourceJSON": "{\"index\": \"auditbeat-*\", \"filter\": [{\"$state\": {\"store\": \"appState\"}, \"query\": {\"match\": {\"event.module\": {\"query\": \"system\", \"type\": \"phrase\"}}}, \"meta\": {\"value\": \"system\", \"type\": \"phrase\", \"params\": {\"query\": \"system\", \"type\": \"phrase\"}, \"index\": \"auditbeat-*\", \"negate\": false, \"disabled\": false, \"alias\": null, \"key\": \"event.module\"}}], \"query\": {\"language\": \"kuery\", \"query\": \"\"}}"
                },
                "title": "Host Count [Auditbeat System] ECS",
                "uiStateJSON": "{}",
                "version": 1,
                "visState": "{\"aggs\": [{\"id\": \"1\", \"params\": {\"customLabel\": \"Hosts\", \"field\": \"host.id\"}, \"type\": \"cardinality\", \"enabled\": true, \"schema\": \"metric\"}], \"params\": {\"addLegend\": false, \"addTooltip\": true, \"metric\": {\"labels\": {\"show\": true}, \"percentageMode\": false, \"metricColorMode\": \"None\", \"colorSchema\": \"Green to Red\", \"invertColors\": false, \"useRanges\": false, \"colorsRange\": [{\"from\": 0, \"to\": 10000}], \"style\": {\"bgFill\": \"#000\", \"subText\": \"\", \"fontSize\": 60, \"bgColor\": false, \"labelColor\": false}}, \"type\": \"metric\"}, \"title\": \"Host Count [Auditbeat System] ECS\", \"type\": \"metric\"}"
            },
            "id": "cf8aa0a0-18ca-11e9-9094-c50574723088-ecs",
            "type": "visualization",
            "updated_at": "2019-02-03T20:37:18.796Z",
            "version": 22
        },
        {
            "attributes": {
                "description": "",
                "kibanaSavedObjectMeta": {
                    "searchSourceJSON": "{\"index\": \"auditbeat-*\", \"filter\": [{\"$state\": {\"store\": \"appState\"}, \"query\": {\"match\": {\"event.dataset\": {\"query\": \"process\", \"type\": \"phrase\"}}}, \"meta\": {\"value\": \"process\", \"type\": \"phrase\", \"params\": {\"query\": \"process\", \"type\": \"phrase\"}, \"index\": \"auditbeat-*\", \"negate\": false, \"disabled\": false, \"alias\": null, \"key\": \"event.dataset\"}}], \"query\": {\"language\": \"kuery\", \"query\": \"\"}}"
                },
                "title": "Process Count [Auditbeat System] ECS",
                "uiStateJSON": "{}",
                "version": 1,
                "visState": "{\"aggs\": [{\"id\": \"1\", \"params\": {\"customLabel\": \"Processes\", \"field\": \"process.entity_id\"}, \"type\": \"cardinality\", \"enabled\": true, \"schema\": \"metric\"}], \"params\": {\"addLegend\": false, \"addTooltip\": true, \"metric\": {\"labels\": {\"show\": true}, \"percentageMode\": false, \"metricColorMode\": \"None\", \"colorSchema\": \"Green to Red\", \"invertColors\": false, \"useRanges\": false, \"colorsRange\": [{\"from\": 0, \"to\": 10000}], \"style\": {\"bgFill\": \"#000\", \"subText\": \"\", \"fontSize\": 60, \"bgColor\": false, \"labelColor\": false}}, \"type\": \"metric\"}, \"title\": \"Process Count [Auditbeat System] ECS\", \"type\": \"metric\"}"
            },
            "id": "bb0d1870-27f1-11e9-89af-fd12d59dac90-ecs",
            "type": "visualization",
            "updated_at": "2019-02-03T20:24:39.030Z",
            "version": 1
        },
        {
            "attributes": {
                "description": "",
                "kibanaSavedObjectMeta": {
                    "searchSourceJSON": "{\"index\": \"auditbeat-*\", \"filter\": [{\"$state\": {\"store\": \"appState\"}, \"query\": {\"match\": {\"event.dataset\": {\"query\": \"socket\", \"type\": \"phrase\"}}}, \"meta\": {\"value\": \"socket\", \"type\": \"phrase\", \"params\": {\"query\": \"socket\", \"type\": \"phrase\"}, \"index\": \"auditbeat-*\", \"negate\": false, \"disabled\": false, \"alias\": null, \"key\": \"event.dataset\"}}], \"query\": {\"language\": \"kuery\", \"query\": \"\"}}"
                },
                "title": "Socket Count [Auditbeat System] ECS",
                "uiStateJSON": "{}",
                "version": 1,
                "visState": "{\"aggs\": [{\"id\": \"1\", \"params\": {\"customLabel\": \"Sockets\", \"field\": \"socket.entity_id\"}, \"type\": \"cardinality\", \"enabled\": true, \"schema\": \"metric\"}], \"params\": {\"addLegend\": false, \"addTooltip\": true, \"metric\": {\"labels\": {\"show\": true}, \"percentageMode\": false, \"metricColorMode\": \"None\", \"colorSchema\": \"Green to Red\", \"invertColors\": false, \"useRanges\": false, \"colorsRange\": [{\"from\": 0, \"to\": 10000}], \"style\": {\"bgFill\": \"#000\", \"subText\": \"\", \"fontSize\": 60, \"bgColor\": false, \"labelColor\": false}}, \"type\": \"metric\"}, \"title\": \"Socket Count [Auditbeat System] ECS\", \"type\": \"metric\"}"
            },
            "id": "7323dd90-27f2-11e9-89af-fd12d59dac90-ecs",
            "type": "visualization",
            "updated_at": "2019-02-03T20:29:47.881Z",
            "version": 1
        },
        {
            "attributes": {
                "description": "",
                "kibanaSavedObjectMeta": {
                    "searchSourceJSON": "{\"index\": \"auditbeat-*\", \"filter\": [{\"$state\": {\"store\": \"appState\"}, \"query\": {\"match\": {\"event.dataset\": {\"query\": \"user\", \"type\": \"phrase\"}}}, \"meta\": {\"value\": \"user\", \"type\": \"phrase\", \"params\": {\"query\": \"user\", \"type\": \"phrase\"}, \"index\": \"auditbeat-*\", \"negate\": false, \"disabled\": false, \"alias\": null, \"key\": \"event.dataset\"}}], \"query\": {\"language\": \"kuery\", \"query\": \"\"}}"
                },
                "title": "User Count [Auditbeat System] ECS",
                "uiStateJSON": "{}",
                "version": 1,
                "visState": "{\"aggs\": [{\"id\": \"1\", \"params\": {\"customLabel\": \"Users\", \"field\": \"user.entity_id\"}, \"type\": \"cardinality\", \"enabled\": true, \"schema\": \"metric\"}], \"params\": {\"addLegend\": false, \"addTooltip\": true, \"metric\": {\"labels\": {\"show\": true}, \"percentageMode\": false, \"metricColorMode\": \"None\", \"colorSchema\": \"Green to Red\", \"invertColors\": false, \"useRanges\": false, \"colorsRange\": [{\"from\": 0, \"to\": 10000}], \"style\": {\"bgFill\": \"#000\", \"subText\": \"\", \"fontSize\": 60, \"bgColor\": false, \"labelColor\": false}}, \"type\": \"metric\"}, \"title\": \"User Count [Auditbeat System] ECS\", \"type\": \"metric\"}"
            },
            "id": "e9225120-27f2-11e9-89af-fd12d59dac90-ecs",
            "type": "visualization",
            "updated_at": "2019-02-03T20:35:48.640Z",
            "version": 2
        },
        {
            "attributes": {
                "description": "",
                "kibanaSavedObjectMeta": {
                    "searchSourceJSON": "{\"index\": \"auditbeat-*\", \"filter\": [{\"$state\": {\"store\": \"appState\"}, \"query\": {\"match\": {\"event.dataset\": {\"query\": \"package\", \"type\": \"phrase\"}}}, \"meta\": {\"value\": \"package\", \"type\": \"phrase\", \"params\": {\"query\": \"package\", \"type\": \"phrase\"}, \"index\": \"auditbeat-*\", \"negate\": false, \"disabled\": false, \"alias\": null, \"key\": \"event.dataset\"}}], \"query\": {\"language\": \"kuery\", \"query\": \"\"}}"
                },
                "title": "Package Count [Auditbeat System] ECS",
                "uiStateJSON": "{}",
                "version": 1,
                "visState": "{\"aggs\": [{\"id\": \"1\", \"params\": {\"customLabel\": \"Packages\", \"field\": \"system.audit.package.entity_id\"}, \"type\": \"cardinality\", \"enabled\": true, \"schema\": \"metric\"}], \"params\": {\"addLegend\": false, \"addTooltip\": true, \"metric\": {\"labels\": {\"show\": true}, \"percentageMode\": false, \"metricColorMode\": \"None\", \"colorSchema\": \"Green to Red\", \"invertColors\": false, \"useRanges\": false, \"colorsRange\": [{\"from\": 0, \"to\": 10000}], \"style\": {\"bgFill\": \"#000\", \"subText\": \"\", \"fontSize\": 60, \"bgColor\": false, \"labelColor\": false}}, \"type\": \"metric\"}, \"title\": \"Package Count [Auditbeat System] ECS\", \"type\": \"metric\"}"
            },
            "id": "f664fb20-27f3-11e9-89af-fd12d59dac90-ecs",
            "type": "visualization",
            "updated_at": "2019-02-03T20:40:37.585Z",
            "version": 1
        },
        {
            "attributes": {
                "description": "",
                "kibanaSavedObjectMeta": {
                    "searchSourceJSON": "{\"index\": \"auditbeat-*\", \"filter\": [{\"$state\": {\"store\": \"appState\"}, \"query\": {\"match\": {\"event.dataset\": {\"query\": \"login\", \"type\": \"phrase\"}}}, \"meta\": {\"value\": \"login\", \"type\": \"phrase\", \"params\": {\"query\": \"login\", \"type\": \"phrase\"}, \"index\": \"auditbeat-*\", \"negate\": false, \"disabled\": false, \"alias\": null, \"key\": \"event.dataset\"}}], \"query\": {\"language\": \"kuery\", \"query\": \"\"}}"
                },
                "title": "Login Count [Auditbeat System] ECS",
                "uiStateJSON": "{}",
                "version": 1,
                "visState": "{\"aggs\": [{\"id\": \"1\", \"params\": {\"customLabel\": \"Login Events\"}, \"type\": \"count\", \"enabled\": true, \"schema\": \"metric\"}], \"params\": {\"addLegend\": false, \"addTooltip\": true, \"metric\": {\"labels\": {\"show\": true}, \"percentageMode\": false, \"metricColorMode\": \"None\", \"colorSchema\": \"Green to Red\", \"invertColors\": false, \"useRanges\": false, \"colorsRange\": [{\"from\": 0, \"to\": 10000}], \"style\": {\"bgFill\": \"#000\", \"subText\": \"\", \"fontSize\": 60, \"bgColor\": false, \"labelColor\": false}}, \"type\": \"metric\"}, \"title\": \"Login Count [Auditbeat System] ECS\", \"type\": \"metric\"}"
            },
            "id": "8d63c420-27f4-11e9-89af-fd12d59dac90-ecs",
            "type": "visualization",
            "updated_at": "2019-02-03T20:44:50.914Z",
            "version": 1
        },
        {
            "attributes": {
                "description": "",
                "kibanaSavedObjectMeta": {
                    "searchSourceJSON": "{\"index\": \"auditbeat-*\", \"filter\": [{\"$state\": {\"store\": \"appState\"}, \"query\": {\"match\": {\"event.dataset\": {\"query\": \"host\", \"type\": \"phrase\"}}}, \"meta\": {\"value\": \"host\", \"type\": \"phrase\", \"params\": {\"query\": \"host\", \"type\": \"phrase\"}, \"index\": \"auditbeat-*\", \"negate\": false, \"disabled\": false, \"alias\": null, \"key\": \"event.dataset\"}}], \"query\": {\"language\": \"kuery\", \"query\": \"\"}}"
                },
                "title": "OS Distribution [Auditbeat System] ECS",
                "uiStateJSON": "{}",
                "version": 1,
                "visState": "{\"aggs\": [{\"id\": \"1\", \"params\": {\"field\": \"system.audit.host.id\"}, \"type\": \"cardinality\", \"enabled\": true, \"schema\": \"metric\"}, {\"id\": \"2\", \"params\": {\"otherBucket\": false, \"order\": \"desc\", \"otherBucketLabel\": \"Other\", \"customLabel\": \"OS\", \"missingBucket\": false, \"field\": \"system.audit.host.os.name\", \"size\": 5, \"missingBucketLabel\": \"Missing\", \"orderBy\": \"1\"}, \"type\": \"terms\", \"enabled\": true, \"schema\": \"segment\"}, {\"id\": \"3\", \"params\": {\"order\": \"desc\", \"otherBucketLabel\": \"Other\", \"otherBucket\": false, \"missingBucket\": false, \"field\": \"system.audit.host.os.version\", \"size\": 5, \"missingBucketLabel\": \"Missing\", \"orderBy\": \"1\"}, \"type\": \"terms\", \"enabled\": true, \"schema\": \"segment\"}], \"params\": {\"isDonut\": true, \"addLegend\": true, \"labels\": {\"show\": false, \"last_level\": true, \"truncate\": 100, \"values\": true}, \"legendPosition\": \"right\", \"addTooltip\": true, \"type\": \"pie\"}, \"title\": \"OS Distribution [Auditbeat System] ECS\", \"type\": \"pie\"}"
            },
            "id": "9dd991a0-18cb-11e9-9094-c50574723088-ecs",
            "type": "visualization",
            "updated_at": "2019-01-21T11:37:35.796Z",
            "version": 24
        },
        {
            "attributes": {
                "description": "",
                "kibanaSavedObjectMeta": {
                    "searchSourceJSON": "{\"index\": \"auditbeat-*\", \"filter\": [{\"$state\": {\"store\": \"appState\"}, \"query\": {\"match\": {\"event.dataset\": {\"query\": \"login\", \"type\": \"phrase\"}}}, \"meta\": {\"value\": \"login\", \"type\": \"phrase\", \"params\": {\"query\": \"login\", \"type\": \"phrase\"}, \"index\": \"auditbeat-*\", \"negate\": false, \"disabled\": false, \"alias\": null, \"key\": \"event.dataset\"}}], \"query\": {\"language\": \"kuery\", \"query\": \"\"}}"
                },
                "title": "Login Actions [Auditbeat System] ECS",
                "uiStateJSON": "{}",
                "version": 1,
                "visState": "{\"aggs\": [{\"id\": \"1\", \"params\": {}, \"type\": \"count\", \"enabled\": true, \"schema\": \"metric\"}, {\"id\": \"2\", \"params\": {\"order\": \"desc\", \"otherBucketLabel\": \"Other\", \"otherBucket\": false, \"missingBucket\": false, \"field\": \"event.action\", \"size\": 5, \"missingBucketLabel\": \"Missing\", \"orderBy\": \"1\"}, \"type\": \"terms\", \"enabled\": true, \"schema\": \"segment\"}], \"params\": {\"isDonut\": true, \"addLegend\": true, \"labels\": {\"show\": false, \"last_level\": true, \"truncate\": 100, \"values\": true}, \"legendPosition\": \"right\", \"addTooltip\": true, \"type\": \"pie\"}, \"title\": \"Login Actions [Auditbeat System] ECS\", \"type\": \"pie\"}"
            },
            "id": "593df9b0-27f7-11e9-89af-fd12d59dac90-ecs",
            "type": "visualization",
            "updated_at": "2019-02-03T21:04:51.914Z",
            "version": 1
        },
        {
            "attributes": {
                "description": "",
                "kibanaSavedObjectMeta": {
                    "searchSourceJSON": "{\"index\": \"auditbeat-*\", \"filter\": [{\"$state\": {\"store\": \"appState\"}, \"query\": {\"match\": {\"event.dataset\": {\"query\": \"user\", \"type\": \"phrase\"}}}, \"meta\": {\"value\": \"user\", \"type\": \"phrase\", \"params\": {\"query\": \"user\", \"type\": \"phrase\"}, \"index\": \"auditbeat-*\", \"negate\": false, \"disabled\": false, \"alias\": null, \"key\": \"event.dataset\"}}, {\"$state\": {\"store\": \"appState\"}, \"query\": {\"match\": {\"event.action\": {\"query\": \"existing_user\", \"type\": \"phrase\"}}}, \"meta\": {\"value\": \"existing_user\", \"type\": \"phrase\", \"params\": {\"query\": \"existing_user\", \"type\": \"phrase\"}, \"index\": \"auditbeat-*\", \"negate\": true, \"disabled\": false, \"alias\": null, \"key\": \"event.action\"}}], \"query\": {\"language\": \"kuery\", \"query\": \"\"}}"
                },
                "title": "User Changes [Auditbeat System] ECS",
                "uiStateJSON": "{}",
                "version": 1,
                "visState": "{\"aggs\": [{\"id\": \"1\", \"params\": {\"customLabel\": \"User Changes\"}, \"type\": \"count\", \"enabled\": true, \"schema\": \"metric\"}], \"params\": {\"addLegend\": false, \"addTooltip\": true, \"metric\": {\"labels\": {\"show\": true}, \"percentageMode\": false, \"metricColorMode\": \"None\", \"colorSchema\": \"Green to Red\", \"invertColors\": false, \"useRanges\": false, \"colorsRange\": [{\"from\": 0, \"to\": 10000}], \"style\": {\"bgFill\": \"#000\", \"subText\": \"\", \"fontSize\": 60, \"bgColor\": false, \"labelColor\": false}}, \"type\": \"metric\"}, \"title\": \"User Changes [Auditbeat System] ECS\", \"type\": \"metric\"}"
            },
            "id": "00fa0d20-27fc-11e9-89af-fd12d59dac90-ecs",
            "type": "visualization",
            "updated_at": "2019-02-03T21:38:11.314Z",
            "version": 1
        },
        {
            "attributes": {
                "description": "",
                "kibanaSavedObjectMeta": {
                    "searchSourceJSON": "{\"index\": \"auditbeat-*\", \"filter\": [{\"$state\": {\"store\": \"appState\"}, \"query\": {\"match\": {\"event.dataset\": {\"query\": \"process\", \"type\": \"phrase\"}}}, \"meta\": {\"value\": \"process\", \"type\": \"phrase\", \"params\": {\"query\": \"process\", \"type\": \"phrase\"}, \"index\": \"auditbeat-*\", \"negate\": false, \"disabled\": false, \"alias\": null, \"key\": \"event.dataset\"}}, {\"$state\": {\"store\": \"appState\"}, \"query\": {\"match\": {\"event.action\": {\"query\": \"process_started\", \"type\": \"phrase\"}}}, \"meta\": {\"value\": \"process_started\", \"type\": \"phrase\", \"params\": {\"query\": \"process_started\", \"type\": \"phrase\"}, \"index\": \"auditbeat-*\", \"negate\": false, \"disabled\": false, \"alias\": null, \"key\": \"event.action\"}}], \"query\": {\"language\": \"kuery\", \"query\": \"\"}}"
                },
                "title": "Process Starts [Auditbeat System] ECS",
                "uiStateJSON": "{}",
                "version": 1,
                "visState": "{\"aggs\": [{\"id\": \"1\", \"params\": {\"customLabel\": \"Started\"}, \"type\": \"count\", \"enabled\": true, \"schema\": \"metric\"}], \"params\": {\"addLegend\": false, \"addTooltip\": true, \"metric\": {\"labels\": {\"show\": true}, \"percentageMode\": false, \"metricColorMode\": \"None\", \"colorSchema\": \"Green to Red\", \"invertColors\": false, \"useRanges\": false, \"colorsRange\": [{\"from\": 0, \"to\": 10000}], \"style\": {\"bgFill\": \"#000\", \"subText\": \"\", \"fontSize\": 60, \"bgColor\": false, \"labelColor\": false}}, \"type\": \"metric\"}, \"title\": \"Process Starts [Auditbeat System] ECS\", \"type\": \"metric\"}"
            },
            "id": "0db90830-27fd-11e9-89af-fd12d59dac90-ecs",
            "type": "visualization",
            "updated_at": "2019-02-03T21:45:42.195Z",
            "version": 1
        },
        {
            "attributes": {
                "description": "",
                "kibanaSavedObjectMeta": {
                    "searchSourceJSON": "{\"index\": \"auditbeat-*\", \"filter\": [{\"$state\": {\"store\": \"appState\"}, \"query\": {\"match\": {\"event.action\": {\"query\": \"process_stopped\", \"type\": \"phrase\"}}}, \"meta\": {\"value\": \"process_stopped\", \"type\": \"phrase\", \"params\": {\"query\": \"process_stopped\", \"type\": \"phrase\"}, \"index\": \"auditbeat-*\", \"negate\": false, \"disabled\": false, \"alias\": null, \"key\": \"event.action\"}}, {\"$state\": {\"store\": \"appState\"}, \"query\": {\"match\": {\"event.dataset\": {\"query\": \"process\", \"type\": \"phrase\"}}}, \"meta\": {\"value\": \"process\", \"type\": \"phrase\", \"params\": {\"query\": \"process\", \"type\": \"phrase\"}, \"index\": \"auditbeat-*\", \"negate\": false, \"disabled\": false, \"alias\": null, \"key\": \"event.dataset\"}}], \"query\": {\"language\": \"kuery\", \"query\": \"\"}}"
                },
                "title": "Process Stops [Auditbeat System] ECS",
                "uiStateJSON": "{}",
                "version": 1,
                "visState": "{\"aggs\": [{\"id\": \"1\", \"params\": {\"customLabel\": \"Stopped\"}, \"type\": \"count\", \"enabled\": true, \"schema\": \"metric\"}], \"params\": {\"addLegend\": false, \"addTooltip\": true, \"metric\": {\"labels\": {\"show\": true}, \"percentageMode\": false, \"metricColorMode\": \"None\", \"colorSchema\": \"Green to Red\", \"invertColors\": false, \"useRanges\": false, \"colorsRange\": [{\"from\": 0, \"to\": 10000}], \"style\": {\"bgFill\": \"#000\", \"subText\": \"\", \"fontSize\": 60, \"bgColor\": false, \"labelColor\": false}}, \"type\": \"metric\"}, \"title\": \"Process Stops [Auditbeat System] ECS\", \"type\": \"metric\"}"
            },
            "id": "b885dae0-27fd-11e9-89af-fd12d59dac90-ecs",
            "type": "visualization",
            "updated_at": "2019-02-03T21:50:28.750Z",
            "version": 1
        },
        {
            "attributes": {
                "description": "",
                "kibanaSavedObjectMeta": {
                    "searchSourceJSON": "{\"index\": \"auditbeat-*\", \"filter\": [{\"$state\": {\"store\": \"appState\"}, \"query\": {\"match\": {\"event.dataset\": {\"query\": \"socket\", \"type\": \"phrase\"}}}, \"meta\": {\"value\": \"socket\", \"type\": \"phrase\", \"params\": {\"query\": \"socket\", \"type\": \"phrase\"}, \"index\": \"auditbeat-*\", \"negate\": false, \"disabled\": false, \"alias\": null, \"key\": \"event.dataset\"}}, {\"$state\": {\"store\": \"appState\"}, \"query\": {\"match\": {\"event.action\": {\"query\": \"socket_opened\", \"type\": \"phrase\"}}}, \"meta\": {\"value\": \"socket_opened\", \"type\": \"phrase\", \"params\": {\"query\": \"socket_opened\", \"type\": \"phrase\"}, \"index\": \"auditbeat-*\", \"negate\": false, \"disabled\": false, \"alias\": null, \"key\": \"event.action\"}}], \"query\": {\"language\": \"kuery\", \"query\": \"\"}}"
                },
                "title": "Sockets Opened [Auditbeat System] ECS",
                "uiStateJSON": "{}",
                "version": 1,
                "visState": "{\"aggs\": [{\"id\": \"1\", \"params\": {\"customLabel\": \"Opened\"}, \"type\": \"count\", \"enabled\": true, \"schema\": \"metric\"}], \"params\": {\"addLegend\": false, \"addTooltip\": true, \"metric\": {\"labels\": {\"show\": true}, \"percentageMode\": false, \"metricColorMode\": \"None\", \"colorSchema\": \"Green to Red\", \"invertColors\": false, \"useRanges\": false, \"colorsRange\": [{\"from\": 0, \"to\": 10000}], \"style\": {\"bgFill\": \"#000\", \"subText\": \"\", \"fontSize\": 60, \"bgColor\": false, \"labelColor\": false}}, \"type\": \"metric\"}, \"title\": \"Sockets Opened [Auditbeat System] ECS\", \"type\": \"metric\"}"
            },
            "id": "295905e0-27fd-11e9-89af-fd12d59dac90-ecs",
            "type": "visualization",
            "updated_at": "2019-02-03T21:47:58.605Z",
            "version": 2
        },
        {
            "attributes": {
                "description": "",
                "kibanaSavedObjectMeta": {
                    "searchSourceJSON": "{\"index\": \"auditbeat-*\", \"filter\": [{\"$state\": {\"store\": \"appState\"}, \"query\": {\"match\": {\"event.dataset\": {\"query\": \"socket\", \"type\": \"phrase\"}}}, \"meta\": {\"value\": \"socket\", \"type\": \"phrase\", \"params\": {\"query\": \"socket\", \"type\": \"phrase\"}, \"index\": \"auditbeat-*\", \"negate\": false, \"disabled\": false, \"alias\": null, \"key\": \"event.dataset\"}}, {\"$state\": {\"store\": \"appState\"}, \"query\": {\"match\": {\"event.action\": {\"query\": \"socket_closed\", \"type\": \"phrase\"}}}, \"meta\": {\"value\": \"socket_closed\", \"type\": \"phrase\", \"params\": {\"query\": \"socket_closed\", \"type\": \"phrase\"}, \"index\": \"auditbeat-*\", \"negate\": false, \"disabled\": false, \"alias\": null, \"key\": \"event.action\"}}], \"query\": {\"language\": \"kuery\", \"query\": \"\"}}"
                },
                "title": "Sockets Closed [Auditbeat System] ECS",
                "uiStateJSON": "{}",
                "version": 1,
                "visState": "{\"aggs\": [{\"id\": \"1\", \"params\": {\"customLabel\": \"Closed\"}, \"type\": \"count\", \"enabled\": true, \"schema\": \"metric\"}], \"params\": {\"addLegend\": false, \"addTooltip\": true, \"metric\": {\"labels\": {\"show\": true}, \"percentageMode\": false, \"metricColorMode\": \"None\", \"colorSchema\": \"Green to Red\", \"invertColors\": false, \"useRanges\": false, \"colorsRange\": [{\"from\": 0, \"to\": 10000}], \"style\": {\"bgFill\": \"#000\", \"subText\": \"\", \"fontSize\": 60, \"bgColor\": false, \"labelColor\": false}}, \"type\": \"metric\"}, \"title\": \"Sockets Closed [Auditbeat System] ECS\", \"type\": \"metric\"}"
            },
            "id": "82d46ec0-27fd-11e9-89af-fd12d59dac90-ecs",
            "type": "visualization",
            "updated_at": "2019-02-03T21:48:58.668Z",
            "version": 1
        },
        {
            "attributes": {
                "description": "",
                "kibanaSavedObjectMeta": {
                    "searchSourceJSON": "{\"index\": \"auditbeat-*\", \"filter\": [{\"$state\": {\"store\": \"appState\"}, \"query\": {\"match\": {\"event.dataset\": {\"query\": \"package\", \"type\": \"phrase\"}}}, \"meta\": {\"value\": \"package\", \"type\": \"phrase\", \"params\": {\"query\": \"package\", \"type\": \"phrase\"}, \"index\": \"auditbeat-*\", \"negate\": false, \"disabled\": false, \"alias\": null, \"key\": \"event.dataset\"}}, {\"$state\": {\"store\": \"appState\"}, \"query\": {\"match\": {\"event.action\": {\"query\": \"existing_package\", \"type\": \"phrase\"}}}, \"meta\": {\"value\": \"existing_package\", \"type\": \"phrase\", \"params\": {\"query\": \"existing_package\", \"type\": \"phrase\"}, \"index\": \"auditbeat-*\", \"negate\": true, \"disabled\": false, \"alias\": null, \"key\": \"event.action\"}}], \"query\": {\"language\": \"kuery\", \"query\": \"\"}}"
                },
                "title": "Package Changes [Auditbeat System] ECS",
                "uiStateJSON": "{}",
                "version": 1,
                "visState": "{\"aggs\": [{\"id\": \"1\", \"params\": {\"customLabel\": \"Changes\"}, \"type\": \"count\", \"enabled\": true, \"schema\": \"metric\"}], \"params\": {\"addLegend\": false, \"addTooltip\": true, \"metric\": {\"labels\": {\"show\": true}, \"percentageMode\": false, \"metricColorMode\": \"None\", \"colorSchema\": \"Green to Red\", \"invertColors\": false, \"useRanges\": false, \"colorsRange\": [{\"from\": 0, \"to\": 10000}], \"style\": {\"bgFill\": \"#000\", \"subText\": \"\", \"fontSize\": 60, \"bgColor\": false, \"labelColor\": false}}, \"type\": \"metric\"}, \"title\": \"Package Changes [Auditbeat System] ECS\", \"type\": \"metric\"}"
            },
            "id": "bdf9c530-27fe-11e9-805f-43bf57dfa519-ecs",
            "type": "visualization",
            "updated_at": "2019-02-04T10:44:06.826Z",
            "version": 2
        },
        {
            "attributes": {
                "description": "",
                "kibanaSavedObjectMeta": {
                    "searchSourceJSON": "{\"index\": \"auditbeat-*\", \"filter\": [{\"$state\": {\"store\": \"appState\"}, \"query\": {\"match\": {\"event.module\": {\"query\": \"system\", \"type\": \"phrase\"}}}, \"meta\": {\"value\": \"system\", \"type\": \"phrase\", \"params\": {\"query\": \"system\", \"type\": \"phrase\"}, \"index\": \"auditbeat-*\", \"negate\": false, \"disabled\": false, \"alias\": null, \"key\": \"event.module\"}}, {\"$state\": {\"store\": \"appState\"}, \"query\": {\"match\": {\"event.kind\": {\"query\": \"event\", \"type\": \"phrase\"}}}, \"meta\": {\"value\": \"event\", \"type\": \"phrase\", \"params\": {\"query\": \"event\", \"type\": \"phrase\"}, \"index\": \"auditbeat-*\", \"negate\": false, \"disabled\": false, \"alias\": null, \"key\": \"event.kind\"}}], \"query\": {\"language\": \"kuery\", \"query\": \"\"}}"
                },
                "title": "System Event Histogram [Auditbeat System] ECS",
                "uiStateJSON": "{}",
                "version": 1,
                "visState": "{\"aggs\": [{\"id\": \"1\", \"params\": {}, \"type\": \"count\", \"enabled\": true, \"schema\": \"metric\"}, {\"id\": \"2\", \"params\": {\"time_zone\": \"Europe/London\", \"interval\": \"auto\", \"customInterval\": \"2h\", \"min_doc_count\": 1, \"useNormalizedEsInterval\": true, \"field\": \"@timestamp\", \"extended_bounds\": {}, \"drop_partials\": false}, \"type\": \"date_histogram\", \"enabled\": true, \"schema\": \"segment\"}], \"params\": {\"grid\": {\"categoryLines\": false, \"style\": {\"color\": \"#eee\"}}, \"addLegend\": true, \"categoryAxes\": [{\"labels\": {\"show\": true, \"truncate\": 100}, \"show\": true, \"type\": \"category\", \"id\": \"CategoryAxis-1\", \"scale\": {\"type\": \"linear\"}, \"title\": {}, \"position\": \"bottom\", \"style\": {}}], \"valueAxes\": [{\"labels\": {\"rotate\": 0, \"show\": true, \"truncate\": 100, \"filter\": false}, \"show\": true, \"type\": \"value\", \"id\": \"ValueAxis-1\", \"name\": \"LeftAxis-1\", \"scale\": {\"mode\": \"normal\", \"type\": \"linear\"}, \"title\": {\"text\": \"Count\"}, \"position\": \"left\", \"style\": {}}], \"addTimeMarker\": false, \"legendPosition\": \"right\", \"times\": [], \"seriesParams\": [{\"data\": {\"id\": \"1\", \"label\": \"Count\"}, \"mode\": \"stacked\", \"type\": \"histogram\", \"valueAxis\": \"ValueAxis-1\", \"drawLinesBetweenPoints\": true, \"show\": \"true\", \"showCircles\": true}], \"addTooltip\": true, \"type\": \"histogram\"}, \"title\": \"System Event Histogram [Auditbeat System] ECS\", \"type\": \"histogram\"}"
            },
            "id": "54135e50-27ff-11e9-805f-43bf57dfa519-ecs",
            "type": "visualization",
            "updated_at": "2019-02-03T22:01:59.221Z",
            "version": 1
        },
        {
            "attributes": {
                "description": "",
                "kibanaSavedObjectMeta": {
                    "searchSourceJSON": "{\"index\": \"auditbeat-*\", \"filter\": [{\"$state\": {\"store\": \"appState\"}, \"query\": {\"match\": {\"event.dataset\": {\"query\": \"host\", \"type\": \"phrase\"}}}, \"meta\": {\"value\": \"host\", \"type\": \"phrase\", \"params\": {\"query\": \"host\", \"type\": \"phrase\"}, \"index\": \"auditbeat-*\", \"negate\": false, \"disabled\": false, \"alias\": null, \"key\": \"event.dataset\"}}], \"query\": {\"language\": \"kuery\", \"query\": \"\"}}"
                },
                "title": "Host List [Auditbeat System] ECS",
                "uiStateJSON": "{\"vis\": {\"params\": {\"sort\": {\"columnIndex\": 1, \"direction\": \"asc\"}}}}",
                "version": 1,
                "visState": "{\"aggs\": [{\"id\": \"2\", \"params\": {\"otherBucket\": false, \"order\": \"desc\", \"otherBucketLabel\": \"Other\", \"customLabel\": \"Hostname\", \"missingBucket\": false, \"field\": \"system.audit.host.hostname\", \"size\": 5, \"missingBucketLabel\": \"Missing\", \"orderBy\": \"_key\"}, \"type\": \"terms\", \"enabled\": true, \"schema\": \"bucket\"}, {\"id\": \"5\", \"params\": {\"size\": 1, \"sortField\": \"@timestamp\", \"customLabel\": \"Uptime (days)\", \"field\": \"system.audit.host.uptime\", \"sortOrder\": \"desc\", \"aggregate\": \"max\"}, \"type\": \"top_hits\", \"enabled\": true, \"schema\": \"metric\"}, {\"id\": \"3\", \"params\": {\"size\": 1, \"sortField\": \"@timestamp\", \"customLabel\": \"OS\", \"field\": \"system.audit.host.os.name\", \"sortOrder\": \"desc\", \"aggregate\": \"concat\"}, \"type\": \"top_hits\", \"enabled\": true, \"schema\": \"metric\"}, {\"id\": \"4\", \"params\": {\"size\": 1, \"sortField\": \"@timestamp\", \"customLabel\": \"Version\", \"field\": \"system.audit.host.os.version\", \"sortOrder\": \"desc\", \"aggregate\": \"concat\"}, \"type\": \"top_hits\", \"enabled\": true, \"schema\": \"metric\"}, {\"id\": \"1\", \"params\": {\"size\": 1, \"sortField\": \"@timestamp\", \"customLabel\": \"Host ID\", \"field\": \"system.audit.host.id\", \"sortOrder\": \"desc\", \"aggregate\": \"concat\"}, \"type\": \"top_hits\", \"enabled\": true, \"schema\": \"metric\"}, {\"id\": \"6\", \"params\": {\"size\": 1, \"sortField\": \"@timestamp\", \"customLabel\": \"Status\", \"field\": \"message\", \"sortOrder\": \"desc\", \"aggregate\": \"concat\"}, \"type\": \"top_hits\", \"enabled\": true, \"schema\": \"metric\"}], \"params\": {\"totalFunc\": \"sum\", \"sort\": {\"columnIndex\": null, \"direction\": null}, \"showPartialRows\": false, \"showMetricsAtAllLevels\": false, \"perPage\": 10, \"showTotal\": false}, \"title\": \"Host List [Auditbeat System] ECS\", \"type\": \"table\"}"
            },
            "id": "91962a30-1901-11e9-9094-c50574723088-ecs",
            "type": "visualization",
            "updated_at": "2019-01-21T11:58:22.519Z",
            "version": 25
        },
        {
            "attributes": {
                "columns": [
                    "host.hostname",
                    "event.dataset",
                    "event.action",
                    "message"
                ],
                "description": "",
                "hits": 0,
                "kibanaSavedObjectMeta": {
                    "searchSourceJSON": "{\"version\": true, \"index\": \"auditbeat-*\", \"highlightAll\": true, \"filter\": [{\"$state\": {\"store\": \"appState\"}, \"query\": {\"match\": {\"event.module\": {\"query\": \"system\", \"type\": \"phrase\"}}}, \"meta\": {\"value\": \"system\", \"type\": \"phrase\", \"params\": {\"query\": \"system\", \"type\": \"phrase\"}, \"index\": \"auditbeat-*\", \"negate\": false, \"disabled\": false, \"alias\": null, \"key\": \"event.module\"}}, {\"$state\": {\"store\": \"appState\"}, \"query\": {\"match\": {\"event.kind\": {\"query\": \"event\", \"type\": \"phrase\"}}}, \"meta\": {\"value\": \"event\", \"type\": \"phrase\", \"params\": {\"query\": \"event\", \"type\": \"phrase\"}, \"index\": \"auditbeat-*\", \"negate\": false, \"disabled\": false, \"alias\": null, \"key\": \"event.kind\"}}], \"query\": {\"language\": \"kuery\", \"query\": \"\"}}"
                },
                "sort": [
                    "@timestamp",
                    "desc"
                ],
                "title": "System Events [Auditbeat System] ECS",
                "version": 1
            },
            "id": "d08ebd30-27ff-11e9-805f-43bf57dfa519-ecs",
            "type": "search",
            "updated_at": "2019-02-03T22:17:10.090Z",
            "version": 2
        },
        {
            "attributes": {
                "description": "",
                "kibanaSavedObjectMeta": {
                    "searchSourceJSON": "{\"filter\": [], \"query\": {\"language\": \"kuery\", \"query\": \"\"}}"
                },
                "title": "Dashboard Links [Auditbeat System] ECS",
                "uiStateJSON": "{}",
                "version": 1,
                "visState": "{\"aggs\": [], \"params\": {\"openLinksInNewTab\": false, \"fontSize\": 12, \"markdown\": \"**Dashboards**: [System Overview](#/dashboard/2be46cb0-27f2-11e9-89af-fd12d59dac90-ecs) | [Hosts](#/dashboard/dfe62590-18da-11e9-9094-c50574723088-ecs) | [Logins](#/dashboard/2a17f200-285e-11e9-805f-43bf57dfa519-ecs) | [Users](#/dashboard/ae96a660-2864-11e9-97cb-474beda9f119-ecs) | [Processes](#/dashboard/4c68f110-2863-11e9-97cb-474beda9f119-ecs) | [Sockets](#/dashboard/957a3ef0-2867-11e9-9d21-0be348776e6c-ecs) | [Packages](#/dashboard/137c52f0-286a-11e9-9d21-0be348776e6c-ecs)\"}, \"title\": \"Dashboard Links [Auditbeat System] ECS\", \"type\": \"markdown\"}"
            },
            "id": "4ccc5b50-27f6-11e9-89af-fd12d59dac90-ecs",
            "type": "visualization",
            "updated_at": "2019-02-04T11:37:25.234Z",
            "version": 3
        },
        {
            "attributes": {
                "description": "Overview of System Information.",
                "hits": 0,
                "kibanaSavedObjectMeta": {
                    "searchSourceJSON": "{\"filter\": [{\"$state\": {\"store\": \"appState\"}, \"query\": {\"match\": {\"event.dataset\": {\"query\": \"host\", \"type\": \"phrase\"}}}, \"meta\": {\"value\": \"host\", \"type\": \"phrase\", \"params\": {\"query\": \"host\", \"type\": \"phrase\"}, \"index\": \"auditbeat-*\", \"negate\": false, \"disabled\": true, \"alias\": \"Host\", \"key\": \"event.dataset\"}}, {\"$state\": {\"store\": \"appState\"}, \"query\": {\"match\": {\"event.dataset\": {\"query\": \"login\", \"type\": \"phrase\"}}}, \"meta\": {\"value\": \"login\", \"type\": \"phrase\", \"params\": {\"query\": \"login\", \"type\": \"phrase\"}, \"index\": \"auditbeat-*\", \"negate\": false, \"disabled\": true, \"alias\": \"Login\", \"key\": \"event.dataset\"}}, {\"$state\": {\"store\": \"appState\"}, \"query\": {\"match\": {\"event.dataset\": {\"query\": \"user\", \"type\": \"phrase\"}}}, \"meta\": {\"value\": \"user\", \"type\": \"phrase\", \"params\": {\"query\": \"user\", \"type\": \"phrase\"}, \"index\": \"auditbeat-*\", \"negate\": false, \"disabled\": true, \"alias\": \"User\", \"key\": \"event.dataset\"}}, {\"$state\": {\"store\": \"appState\"}, \"query\": {\"match\": {\"event.dataset\": {\"query\": \"process\", \"type\": \"phrase\"}}}, \"meta\": {\"value\": \"process\", \"type\": \"phrase\", \"params\": {\"query\": \"process\", \"type\": \"phrase\"}, \"index\": \"auditbeat-*\", \"negate\": false, \"disabled\": true, \"alias\": \"Process\", \"key\": \"event.dataset\"}}, {\"$state\": {\"store\": \"appState\"}, \"query\": {\"match\": {\"event.dataset\": {\"query\": \"socket\", \"type\": \"phrase\"}}}, \"meta\": {\"value\": \"socket\", \"type\": \"phrase\", \"params\": {\"query\": \"socket\", \"type\": \"phrase\"}, \"index\": \"auditbeat-*\", \"negate\": false, \"disabled\": true, \"alias\": \"Socket\", \"key\": \"event.dataset\"}}, {\"$state\": {\"store\": \"appState\"}, \"query\": {\"match\": {\"event.dataset\": {\"query\": \"package\", \"type\": \"phrase\"}}}, \"meta\": {\"value\": \"package\", \"type\": \"phrase\", \"params\": {\"query\": \"package\", \"type\": \"phrase\"}, \"index\": \"auditbeat-*\", \"negate\": false, \"disabled\": true, \"alias\": \"Package\", \"key\": \"event.dataset\"}}], \"query\": {\"language\": \"kuery\", \"query\": \"\"}}"
                },
                "optionsJSON": "{\"hidePanelTitles\": false, \"useMargins\": true, \"darkTheme\": false}",
                "panelsJSON": "[{\"version\": \"7.0.0\", \"embeddableConfig\": {}, \"type\": \"visualization\", \"id\": \"cf8aa0a0-18ca-11e9-9094-c50574723088-ecs\", \"panelIndex\": \"1\", \"gridData\": {\"x\": 0, \"i\": \"1\", \"w\": 8, \"h\": 8, \"y\": 4}}, {\"version\": \"7.0.0\", \"embeddableConfig\": {}, \"type\": \"visualization\", \"id\": \"bb0d1870-27f1-11e9-89af-fd12d59dac90-ecs\", \"panelIndex\": \"2\", \"gridData\": {\"x\": 24, \"i\": \"2\", \"w\": 8, \"h\": 8, \"y\": 4}}, {\"version\": \"7.0.0\", \"embeddableConfig\": {}, \"type\": \"visualization\", \"id\": \"7323dd90-27f2-11e9-89af-fd12d59dac90-ecs\", \"panelIndex\": \"3\", \"gridData\": {\"x\": 32, \"i\": \"3\", \"w\": 8, \"h\": 8, \"y\": 4}}, {\"version\": \"7.0.0\", \"embeddableConfig\": {}, \"type\": \"visualization\", \"id\": \"e9225120-27f2-11e9-89af-fd12d59dac90-ecs\", \"panelIndex\": \"4\", \"gridData\": {\"x\": 16, \"i\": \"4\", \"w\": 8, \"h\": 8, \"y\": 4}}, {\"version\": \"7.0.0\", \"embeddableConfig\": {}, \"type\": \"visualization\", \"id\": \"f664fb20-27f3-11e9-89af-fd12d59dac90-ecs\", \"panelIndex\": \"5\", \"gridData\": {\"x\": 40, \"i\": \"5\", \"w\": 8, \"h\": 8, \"y\": 4}}, {\"version\": \"7.0.0\", \"embeddableConfig\": {}, \"type\": \"visualization\", \"id\": \"8d63c420-27f4-11e9-89af-fd12d59dac90-ecs\", \"panelIndex\": \"6\", \"gridData\": {\"x\": 8, \"i\": \"6\", \"w\": 8, \"h\": 8, \"y\": 4}}, {\"version\": \"7.0.0\", \"embeddableConfig\": {}, \"type\": \"visualization\", \"id\": \"9dd991a0-18cb-11e9-9094-c50574723088-ecs\", \"panelIndex\": \"8\", \"gridData\": {\"x\": 0, \"i\": \"8\", \"w\": 8, \"h\": 14, \"y\": 12}}, {\"version\": \"7.0.0\", \"embeddableConfig\": {}, \"type\": \"visualization\", \"id\": \"593df9b0-27f7-11e9-89af-fd12d59dac90-ecs\", \"panelIndex\": \"9\", \"gridData\": {\"x\": 8, \"i\": \"9\", \"w\": 8, \"h\": 14, \"y\": 12}}, {\"version\": \"7.0.0\", \"embeddableConfig\": {}, \"type\": \"visualization\", \"id\": \"00fa0d20-27fc-11e9-89af-fd12d59dac90-ecs\", \"panelIndex\": \"10\", \"gridData\": {\"x\": 16, \"i\": \"10\", \"w\": 8, \"h\": 14, \"y\": 12}}, {\"version\": \"7.0.0\", \"embeddableConfig\": {}, \"type\": \"visualization\", \"id\": \"0db90830-27fd-11e9-89af-fd12d59dac90-ecs\", \"panelIndex\": \"11\", \"gridData\": {\"x\": 24, \"i\": \"11\", \"w\": 8, \"h\": 7, \"y\": 12}}, {\"version\": \"7.0.0\", \"embeddableConfig\": {}, \"type\": \"visualization\", \"id\": \"b885dae0-27fd-11e9-89af-fd12d59dac90-ecs\", \"panelIndex\": \"12\", \"gridData\": {\"x\": 24, \"i\": \"12\", \"w\": 8, \"h\": 7, \"y\": 19}}, {\"version\": \"7.0.0\", \"embeddableConfig\": {}, \"type\": \"visualization\", \"id\": \"295905e0-27fd-11e9-89af-fd12d59dac90-ecs\", \"panelIndex\": \"13\", \"gridData\": {\"x\": 32, \"i\": \"13\", \"w\": 8, \"h\": 7, \"y\": 12}}, {\"version\": \"7.0.0\", \"embeddableConfig\": {}, \"type\": \"visualization\", \"id\": \"82d46ec0-27fd-11e9-89af-fd12d59dac90-ecs\", \"panelIndex\": \"14\", \"gridData\": {\"x\": 32, \"i\": \"14\", \"w\": 8, \"h\": 7, \"y\": 19}}, {\"version\": \"7.0.0\", \"embeddableConfig\": {}, \"type\": \"visualization\", \"id\": \"bdf9c530-27fe-11e9-805f-43bf57dfa519-ecs\", \"panelIndex\": \"15\", \"gridData\": {\"x\": 40, \"i\": \"15\", \"w\": 8, \"h\": 14, \"y\": 12}}, {\"version\": \"7.0.0\", \"embeddableConfig\": {}, \"type\": \"visualization\", \"id\": \"54135e50-27ff-11e9-805f-43bf57dfa519-ecs\", \"panelIndex\": \"16\", \"gridData\": {\"x\": 0, \"i\": \"16\", \"w\": 48, \"h\": 8, \"y\": 26}}, {\"version\": \"7.0.0\", \"embeddableConfig\": {}, \"type\": \"visualization\", \"id\": \"91962a30-1901-11e9-9094-c50574723088-ecs\", \"panelIndex\": \"17\", \"gridData\": {\"x\": 0, \"i\": \"17\", \"w\": 24, \"h\": 19, \"y\": 34}}, {\"version\": \"7.0.0\", \"embeddableConfig\": {}, \"type\": \"search\", \"id\": \"d08ebd30-27ff-11e9-805f-43bf57dfa519-ecs\", \"panelIndex\": \"18\", \"gridData\": {\"x\": 24, \"i\": \"18\", \"w\": 24, \"h\": 19, \"y\": 34}}, {\"version\": \"7.0.0\", \"embeddableConfig\": {}, \"type\": \"visualization\", \"id\": \"4ccc5b50-27f6-11e9-89af-fd12d59dac90-ecs\", \"panelIndex\": \"19\", \"gridData\": {\"x\": 0, \"i\": \"19\", \"w\": 48, \"h\": 4, \"y\": 0}}]",
                "timeRestore": false,
                "title": "[Auditbeat System] System Overview ECS",
                "version": 1
            },
            "id": "2be46cb0-27f2-11e9-89af-fd12d59dac90-ecs",
            "type": "dashboard",
            "updated_at": "2019-02-04T09:32:32.325Z",
            "version": 9
        }
    ],
    "version": "7.0.0"
}