{
    "objects": [
        {
            "attributes": {
                "description": "",
                "kibanaSavedObjectMeta": {
                    "searchSourceJSON": "{\"filter\": [], \"query\": {\"language\": \"kuery\", \"query\": \"\"}}"
                },
                "title": "Dashboard Links [Auditbeat System] ECS",
                "uiStateJSON": "{}",
                "version": 1,
                "visState": "{\"aggs\": [], \"params\": {\"openLinksInNewTab\": false, \"fontSize\": 12, \"markdown\": \"**Dashboards**: [System Overview](#/dashboard/2be46cb0-27f2-11e9-89af-fd12d59dac90-ecs) | [Hosts](#/dashboard/dfe62590-18da-11e9-9094-c50574723088-ecs) | [Logins](#/dashboard/2a17f200-285e-11e9-805f-43bf57dfa519-ecs) | [Users](#/dashboard/ae96a660-2864-11e9-97cb-474beda9f119-ecs) | [Processes](#/dashboard/4c68f110-2863-11e9-97cb-474beda9f119-ecs) | [Sockets](#/dashboard/957a3ef0-2867-11e9-9d21-0be348776e6c-ecs) | [Packages](#/dashboard/137c52f0-286a-11e9-9d21-0be348776e6c-ecs)\"}, \"title\": \"Dashboard Links [Auditbeat System] ECS\", \"type\": \"markdown\"}"
            },
            "id": "4ccc5b50-27f6-11e9-89af-fd12d59dac90-ecs",
            "type": "visualization",
            "updated_at": "2019-02-04T11:37:25.234Z",
            "version": 3
        },
        {
            "attributes": {
                "description": "",
                "kibanaSavedObjectMeta": {
                    "searchSourceJSON": "{\"index\": \"auditbeat-*\", \"filter\": [{\"$state\": {\"store\": \"appState\"}, \"query\": {\"match\": {\"event.dataset\": {\"query\": \"socket\", \"type\": \"phrase\"}}}, \"meta\": {\"value\": \"socket\", \"type\": \"phrase\", \"params\": {\"query\": \"socket\", \"type\": \"phrase\"}, \"index\": \"auditbeat-*\", \"negate\": false, \"disabled\": false, \"alias\": null, \"key\": \"event.dataset\"}}], \"query\": {\"language\": \"kuery\", \"query\": \"\"}}"
                },
                "title": "Socket Count [Auditbeat System] ECS",
                "uiStateJSON": "{}",
                "version": 1,
                "visState": "{\"aggs\": [{\"id\": \"1\", \"params\": {\"customLabel\": \"Sockets\", \"field\": \"socket.entity_id\"}, \"type\": \"cardinality\", \"enabled\": true, \"schema\": \"metric\"}], \"params\": {\"addLegend\": false, \"addTooltip\": true, \"metric\": {\"labels\": {\"show\": true}, \"percentageMode\": false, \"metricColorMode\": \"None\", \"colorSchema\": \"Green to Red\", \"invertColors\": false, \"useRanges\": false, \"colorsRange\": [{\"from\": 0, \"to\": 10000}], \"style\": {\"bgFill\": \"#000\", \"subText\": \"\", \"fontSize\": 60, \"bgColor\": false, \"labelColor\": false}}, \"type\": \"metric\"}, \"title\": \"Socket Count [Auditbeat System] ECS\", \"type\": \"metric\"}"
            },
            "id": "7323dd90-27f2-11e9-89af-fd12d59dac90-ecs",
            "type": "visualization",
            "updated_at": "2019-02-03T20:29:47.881Z",
            "version": 1
        },
        {
            "attributes": {
                "description": "",
                "kibanaSavedObjectMeta": {
                    "searchSourceJSON": "{\"index\": \"auditbeat-*\", \"filter\": [{\"$state\": {\"store\": \"appState\"}, \"query\": {\"match\": {\"event.dataset\": {\"query\": \"socket\", \"type\": \"phrase\"}}}, \"meta\": {\"value\": \"socket\", \"type\": \"phrase\", \"params\": {\"query\": \"socket\", \"type\": \"phrase\"}, \"index\": \"auditbeat-*\", \"negate\": false, \"disabled\": false, \"alias\": null, \"key\": \"event.dataset\"}}, {\"$state\": {\"store\": \"appState\"}, \"query\": {\"match\": {\"event.action\": {\"query\": \"socket_opened\", \"type\": \"phrase\"}}}, \"meta\": {\"value\": \"socket_opened\", \"type\": \"phrase\", \"params\": {\"query\": \"socket_opened\", \"type\": \"phrase\"}, \"index\": \"auditbeat-*\", \"negate\": false, \"disabled\": false, \"alias\": null, \"key\": \"event.action\"}}], \"query\": {\"language\": \"kuery\", \"query\": \"\"}}"
                },
                "title": "Sockets Opened [Auditbeat System] ECS",
                "uiStateJSON": "{}",
                "version": 1,
                "visState": "{\"aggs\": [{\"id\": \"1\", \"params\": {\"customLabel\": \"Opened\"}, \"type\": \"count\", \"enabled\": true, \"schema\": \"metric\"}], \"params\": {\"addLegend\": false, \"addTooltip\": true, \"metric\": {\"labels\": {\"show\": true}, \"percentageMode\": false, \"metricColorMode\": \"None\", \"colorSchema\": \"Green to Red\", \"invertColors\": false, \"useRanges\": false, \"colorsRange\": [{\"from\": 0, \"to\": 10000}], \"style\": {\"bgFill\": \"#000\", \"subText\": \"\", \"fontSize\": 60, \"bgColor\": false, \"labelColor\": false}}, \"type\": \"metric\"}, \"title\": \"Sockets Opened [Auditbeat System] ECS\", \"type\": \"metric\"}"
            },
            "id": "295905e0-27fd-11e9-89af-fd12d59dac90-ecs",
            "type": "visualization",
            "updated_at": "2019-02-03T21:47:58.605Z",
            "version": 2
        },
        {
            "attributes": {
                "description": "",
                "kibanaSavedObjectMeta": {
                    "searchSourceJSON": "{\"index\": \"auditbeat-*\", \"filter\": [{\"$state\": {\"store\": \"appState\"}, \"query\": {\"match\": {\"event.dataset\": {\"query\": \"socket\", \"type\": \"phrase\"}}}, \"meta\": {\"value\": \"socket\", \"type\": \"phrase\", \"params\": {\"query\": \"socket\", \"type\": \"phrase\"}, \"index\": \"auditbeat-*\", \"negate\": false, \"disabled\": false, \"alias\": null, \"key\": \"event.dataset\"}}, {\"$state\": {\"store\": \"appState\"}, \"query\": {\"match\": {\"event.action\": {\"query\": \"socket_closed\", \"type\": \"phrase\"}}}, \"meta\": {\"value\": \"socket_closed\", \"type\": \"phrase\", \"params\": {\"query\": \"socket_closed\", \"type\": \"phrase\"}, \"index\": \"auditbeat-*\", \"negate\": false, \"disabled\": false, \"alias\": null, \"key\": \"event.action\"}}], \"query\": {\"language\": \"kuery\", \"query\": \"\"}}"
                },
                "title": "Sockets Closed [Auditbeat System] ECS",
                "uiStateJSON": "{}",
                "version": 1,
                "visState": "{\"aggs\": [{\"id\": \"1\", \"params\": {\"customLabel\": \"Closed\"}, \"type\": \"count\", \"enabled\": true, \"schema\": \"metric\"}], \"params\": {\"addLegend\": false, \"addTooltip\": true, \"metric\": {\"labels\": {\"show\": true}, \"percentageMode\": false, \"metricColorMode\": \"None\", \"colorSchema\": \"Green to Red\", \"invertColors\": false, \"useRanges\": false, \"colorsRange\": [{\"from\": 0, \"to\": 10000}], \"style\": {\"bgFill\": \"#000\", \"subText\": \"\", \"fontSize\": 60, \"bgColor\": false, \"labelColor\": false}}, \"type\": \"metric\"}, \"title\": \"Sockets Closed [Auditbeat System] ECS\", \"type\": \"metric\"}"
            },
            "id": "82d46ec0-27fd-11e9-89af-fd12d59dac90-ecs",
            "type": "visualization",
            "updated_at": "2019-02-03T21:48:58.668Z",
            "version": 1
        },
        {
            "attributes": {
                "description": "",
                "kibanaSavedObjectMeta": {
                    "searchSourceJSON": "{\"index\": \"auditbeat-*\", \"filter\": [{\"$state\": {\"store\": \"appState\"}, \"query\": {\"match\": {\"event.dataset\": {\"query\": \"socket\", \"type\": \"phrase\"}}}, \"meta\": {\"value\": \"socket\", \"type\": \"phrase\", \"params\": {\"query\": \"socket\", \"type\": \"phrase\"}, \"index\": \"auditbeat-*\", \"negate\": false, \"disabled\": false, \"alias\": null, \"key\": \"event.dataset\"}}], \"query\": {\"language\": \"kuery\", \"query\": \"\"}}"
                },
                "title": "Socket Types [Auditbeat System] ECS",
                "uiStateJSON": "{}",
                "version": 1,
                "visState": "{\"aggs\": [{\"id\": \"1\", \"params\": {}, \"type\": \"count\", \"enabled\": true, \"schema\": \"metric\"}, {\"id\": \"2\", \"params\": {\"order\": \"desc\", \"otherBucketLabel\": \"Other\", \"otherBucket\": false, \"missingBucket\": false, \"field\": \"network.direction\", \"size\": 5, \"missingBucketLabel\": \"Missing\", \"orderBy\": \"1\"}, \"type\": \"terms\", \"enabled\": true, \"schema\": \"segment\"}], \"params\": {\"isDonut\": true, \"addLegend\": true, \"labels\": {\"show\": false, \"last_level\": true, \"truncate\": 100, \"values\": true}, \"legendPosition\": \"right\", \"addTooltip\": true, \"type\": \"pie\"}, \"title\": \"Socket Types [Auditbeat System] ECS\", \"type\": \"pie\"}"
            },
            "id": "eb2dbfd0-2866-11e9-9d21-0be348776e6c-ecs",
            "type": "visualization",
            "updated_at": "2019-02-04T10:23:30.893Z",
            "version": 1
        },
        {
            "attributes": {
                "columns": [
                    "host.hostname",
                    "network.direction",
                    "process.name",
                    "message"
                ],
                "description": "",
                "hits": 0,
                "kibanaSavedObjectMeta": {
                    "searchSourceJSON": "{\"version\": true, \"index\": \"auditbeat-*\", \"highlightAll\": true, \"filter\": [{\"$state\": {\"store\": \"appState\"}, \"query\": {\"match\": {\"event.dataset\": {\"query\": \"socket\", \"type\": \"phrase\"}}}, \"meta\": {\"value\": \"socket\", \"type\": \"phrase\", \"params\": {\"query\": \"socket\", \"type\": \"phrase\"}, \"index\": \"auditbeat-*\", \"negate\": false, \"disabled\": false, \"alias\": null, \"key\": \"event.dataset\"}}], \"query\": {\"language\": \"kuery\", \"query\": \"\"}}"
                },
                "sort": [
                    "@timestamp",
                    "desc"
                ],
                "title": "Socket Documents [Auditbeat System] ECS",
                "version": 1
            },
            "id": "3bfed610-2867-11e9-9d21-0be348776e6c-ecs",
            "type": "search",
            "updated_at": "2019-02-04T10:25:46.481Z",
            "version": 1
        },
        {
            "attributes": {
                "description": "",
                "kibanaSavedObjectMeta": {
                    "searchSourceJSON": "{\"index\": \"auditbeat-*\", \"filter\": [{\"$state\": {\"store\": \"appState\"}, \"query\": {\"match\": {\"event.dataset\": {\"query\": \"socket\", \"type\": \"phrase\"}}}, \"meta\": {\"value\": \"socket\", \"type\": \"phrase\", \"params\": {\"query\": \"socket\", \"type\": \"phrase\"}, \"index\": \"auditbeat-*\", \"negate\": false, \"disabled\": false, \"alias\": null, \"key\": \"event.dataset\"}}], \"query\": {\"language\": \"kuery\", \"query\": \"\"}}"
                },
                "title": "Socket Document Histogram [Auditbeat System] ECS",
                "uiStateJSON": "{}",
                "version": 1,
                "visState": "{\"aggs\": [{\"id\": \"1\", \"params\": {}, \"type\": \"count\", \"enabled\": true, \"schema\": \"metric\"}, {\"id\": \"2\", \"params\": {\"time_zone\": \"Europe/London\", \"interval\": \"auto\", \"customInterval\": \"2h\", \"min_doc_count\": 1, \"useNormalizedEsInterval\": true, \"field\": \"@timestamp\", \"extended_bounds\": {}, \"drop_partials\": false}, \"type\": \"date_histogram\", \"enabled\": true, \"schema\": \"segment\"}], \"params\": {\"grid\": {\"categoryLines\": false, \"style\": {\"color\": \"#eee\"}}, \"addLegend\": true, \"categoryAxes\": [{\"labels\": {\"show\": true, \"truncate\": 100}, \"show\": true, \"type\": \"category\", \"id\": \"CategoryAxis-1\", \"scale\": {\"type\": \"linear\"}, \"title\": {}, \"position\": \"bottom\", \"style\": {}}], \"valueAxes\": [{\"labels\": {\"rotate\": 0, \"show\": true, \"truncate\": 100, \"filter\": false}, \"show\": true, \"type\": \"value\", \"id\": \"ValueAxis-1\", \"name\": \"LeftAxis-1\", \"scale\": {\"mode\": \"normal\", \"type\": \"linear\"}, \"title\": {\"text\": \"Count\"}, \"position\": \"left\", \"style\": {}}], \"addTimeMarker\": false, \"legendPosition\": \"right\", \"times\": [], \"seriesParams\": [{\"data\": {\"id\": \"1\", \"label\": \"Count\"}, \"mode\": \"stacked\", \"type\": \"histogram\", \"valueAxis\": \"ValueAxis-1\", \"drawLinesBetweenPoints\": true, \"show\": \"true\", \"showCircles\": true}], \"addTooltip\": true, \"type\": \"histogram\"}, \"title\": \"Socket Document Histogram [Auditbeat System] ECS\", \"type\": \"histogram\"}"
            },
            "id": "536fa900-2867-11e9-9d21-0be348776e6c-ecs",
            "type": "visualization",
            "updated_at": "2019-02-04T10:26:25.808Z",
            "version": 1
        },
        {
            "attributes": {
                "description": "",
                "kibanaSavedObjectMeta": {
                    "searchSourceJSON": "{\"index\": \"auditbeat-*\", \"filter\": [{\"$state\": {\"store\": \"appState\"}, \"query\": {\"match\": {\"event.dataset\": {\"query\": \"socket\", \"type\": \"phrase\"}}}, \"meta\": {\"value\": \"socket\", \"type\": \"phrase\", \"params\": {\"query\": \"socket\", \"type\": \"phrase\"}, \"index\": \"auditbeat-*\", \"negate\": false, \"disabled\": false, \"alias\": null, \"key\": \"event.dataset\"}}], \"query\": {\"language\": \"kuery\", \"query\": \"\"}}"
                },
                "title": "Socket Users [Auditbeat System] ECS",
                "uiStateJSON": "{\"vis\": {\"params\": {\"sort\": {\"columnIndex\": null, \"direction\": null}}}}",
                "version": 1,
                "visState": "{\"aggs\": [{\"id\": \"1\", \"params\": {}, \"type\": \"count\", \"enabled\": true, \"schema\": \"metric\"}, {\"id\": \"2\", \"params\": {\"order\": \"desc\", \"otherBucketLabel\": \"Other\", \"otherBucket\": false, \"missingBucket\": false, \"field\": \"user.name\", \"size\": 8, \"missingBucketLabel\": \"Missing\", \"orderBy\": \"1\"}, \"type\": \"terms\", \"enabled\": true, \"schema\": \"bucket\"}], \"params\": {\"totalFunc\": \"sum\", \"sort\": {\"columnIndex\": null, \"direction\": null}, \"showPartialRows\": false, \"showMetricsAtAllLevels\": false, \"perPage\": 8, \"showTotal\": false}, \"title\": \"Socket Users [Auditbeat System] ECS\", \"type\": \"table\"}"
            },
            "id": "78391460-2867-11e9-9d21-0be348776e6c-ecs",
            "type": "visualization",
            "updated_at": "2019-02-04T10:27:27.526Z",
            "version": 1
        },
        {
            "attributes": {
                "description": "",
                "kibanaSavedObjectMeta": {
                    "searchSourceJSON": "{\"index\": \"auditbeat-*\", \"filter\": [{\"$state\": {\"store\": \"appState\"}, \"query\": {\"match\": {\"event.dataset\": {\"query\": \"socket\", \"type\": \"phrase\"}}}, \"meta\": {\"value\": \"socket\", \"type\": \"phrase\", \"params\": {\"query\": \"socket\", \"type\": \"phrase\"}, \"index\": \"auditbeat-*\", \"negate\": false, \"disabled\": false, \"alias\": null, \"key\": \"event.dataset\"}}], \"query\": {\"language\": \"kuery\", \"query\": \"\"}}"
                },
                "title": "Destination Ports [Auditbeat System] ECS",
                "uiStateJSON": "{\"vis\": {\"params\": {\"sort\": {\"columnIndex\": null, \"direction\": null}}}}",
                "version": 1,
                "visState": "{\"aggs\": [{\"id\": \"1\", \"params\": {}, \"type\": \"count\", \"enabled\": true, \"schema\": \"metric\"}, {\"id\": \"2\", \"params\": {\"order\": \"desc\", \"otherBucketLabel\": \"Other\", \"otherBucket\": false, \"missingBucket\": false, \"field\": \"destination.port\", \"size\": 30, \"missingBucketLabel\": \"Missing\", \"orderBy\": \"1\"}, \"type\": \"terms\", \"enabled\": true, \"schema\": \"bucket\"}], \"params\": {\"totalFunc\": \"sum\", \"sort\": {\"columnIndex\": null, \"direction\": null}, \"showPartialRows\": false, \"showMetricsAtAllLevels\": false, \"perPage\": 10, \"showTotal\": false}, \"title\": \"Destination Ports [Auditbeat System] ECS\", \"type\": \"table\"}"
            },
            "id": "1771daa0-286b-11e9-9d21-0be348776e6c-ecs",
            "type": "visualization",
            "updated_at": "2019-02-04T10:56:23.379Z",
            "version": 3
        },
        {
            "attributes": {
                "description": "",
                "kibanaSavedObjectMeta": {
                    "searchSourceJSON": "{\"index\": \"auditbeat-*\", \"filter\": [{\"$state\": {\"store\": \"appState\"}, \"query\": {\"match\": {\"event.dataset\": {\"query\": \"socket\", \"type\": \"phrase\"}}}, \"meta\": {\"value\": \"socket\", \"type\": \"phrase\", \"params\": {\"query\": \"socket\", \"type\": \"phrase\"}, \"index\": \"auditbeat-*\", \"negate\": false, \"disabled\": false, \"alias\": null, \"key\": \"event.dataset\"}}], \"query\": {\"language\": \"kuery\", \"query\": \"\"}}"
                },
                "title": "Socket Source IPs [Auditbeat System] ECS",
                "uiStateJSON": "{\"vis\": {\"params\": {\"sort\": {\"columnIndex\": null, \"direction\": null}}}}",
                "version": 1,
                "visState": "{\"aggs\": [{\"id\": \"1\", \"params\": {}, \"type\": \"count\", \"enabled\": true, \"schema\": \"metric\"}, {\"id\": \"2\", \"params\": {\"order\": \"desc\", \"otherBucketLabel\": \"Other\", \"otherBucket\": false, \"missingBucket\": false, \"field\": \"source.ip\", \"size\": 30, \"missingBucketLabel\": \"Missing\", \"orderBy\": \"1\"}, \"type\": \"terms\", \"enabled\": true, \"schema\": \"bucket\"}], \"params\": {\"totalFunc\": \"sum\", \"sort\": {\"columnIndex\": null, \"direction\": null}, \"showPartialRows\": false, \"showMetricsAtAllLevels\": false, \"perPage\": 10, \"showTotal\": false}, \"title\": \"Socket Source IPs [Auditbeat System] ECS\", \"type\": \"table\"}"
            },
            "id": "b899a700-286b-11e9-9d21-0be348776e6c-ecs",
            "type": "visualization",
            "updated_at": "2019-02-04T10:57:53.520Z",
            "version": 1
        },
        {
            "attributes": {
                "description": "",
                "kibanaSavedObjectMeta": {
                    "searchSourceJSON": "{\"index\": \"auditbeat-*\", \"filter\": [{\"$state\": {\"store\": \"appState\"}, \"query\": {\"match\": {\"event.dataset\": {\"query\": \"socket\", \"type\": \"phrase\"}}}, \"meta\": {\"value\": \"socket\", \"type\": \"phrase\", \"params\": {\"query\": \"socket\", \"type\": \"phrase\"}, \"index\": \"auditbeat-*\", \"negate\": false, \"disabled\": false, \"alias\": null, \"key\": \"event.dataset\"}}], \"query\": {\"language\": \"kuery\", \"query\": \"\"}}"
                },
                "title": "Socket Destination IPs [Auditbeat System] ECS",
                "uiStateJSON": "{\"vis\": {\"params\": {\"sort\": {\"columnIndex\": null, \"direction\": null}}}}",
                "version": 1,
                "visState": "{\"aggs\": [{\"id\": \"1\", \"params\": {}, \"type\": \"count\", \"enabled\": true, \"schema\": \"metric\"}, {\"id\": \"2\", \"params\": {\"order\": \"desc\", \"otherBucketLabel\": \"Other\", \"otherBucket\": false, \"missingBucket\": false, \"field\": \"destination.ip\", \"size\": 30, \"missingBucketLabel\": \"Missing\", \"orderBy\": \"1\"}, \"type\": \"terms\", \"enabled\": true, \"schema\": \"bucket\"}], \"params\": {\"totalFunc\": \"sum\", \"sort\": {\"columnIndex\": null, \"direction\": null}, \"showPartialRows\": false, \"showMetricsAtAllLevels\": false, \"perPage\": 10, \"showTotal\": false}, \"title\": \"Socket Destination IPs [Auditbeat System] ECS\", \"type\": \"table\"}"
            },
            "id": "d32c0540-286b-11e9-9d21-0be348776e6c-ecs",
            "type": "visualization",
            "updated_at": "2019-02-04T10:58:38.100Z",
            "version": 1
        },
        {
            "attributes": {
                "description": "System Sockets",
                "hits": 0,
                "kibanaSavedObjectMeta": {
                    "searchSourceJSON": "{\"filter\": [], \"query\": {\"language\": \"kuery\", \"query\": \"\"}}"
                },
                "optionsJSON": "{\"hidePanelTitles\": false, \"useMargins\": true, \"darkTheme\": false}",
                "panelsJSON": "[{\"version\": \"7.0.0\", \"embeddableConfig\": {}, \"type\": \"visualization\", \"id\": \"4ccc5b50-27f6-11e9-89af-fd12d59dac90-ecs\", \"panelIndex\": \"1\", \"gridData\": {\"x\": 0, \"i\": \"1\", \"w\": 48, \"h\": 4, \"y\": 0}}, {\"version\": \"7.0.0\", \"embeddableConfig\": {}, \"type\": \"visualization\", \"id\": \"7323dd90-27f2-11e9-89af-fd12d59dac90-ecs\", \"panelIndex\": \"2\", \"gridData\": {\"x\": 0, \"i\": \"2\", \"w\": 5, \"h\": 11, \"y\": 4}}, {\"version\": \"7.0.0\", \"embeddableConfig\": {}, \"type\": \"visualization\", \"id\": \"295905e0-27fd-11e9-89af-fd12d59dac90-ecs\", \"panelIndex\": \"3\", \"gridData\": {\"x\": 5, \"i\": \"3\", \"w\": 5, \"h\": 11, \"y\": 4}}, {\"version\": \"7.0.0\", \"embeddableConfig\": {}, \"type\": \"visualization\", \"id\": \"82d46ec0-27fd-11e9-89af-fd12d59dac90-ecs\", \"panelIndex\": \"4\", \"gridData\": {\"x\": 10, \"i\": \"4\", \"w\": 5, \"h\": 11, \"y\": 4}}, {\"version\": \"7.0.0\", \"embeddableConfig\": {}, \"type\": \"visualization\", \"id\": \"eb2dbfd0-2866-11e9-9d21-0be348776e6c-ecs\", \"panelIndex\": \"5\", \"gridData\": {\"x\": 15, \"i\": \"5\", \"w\": 9, \"h\": 11, \"y\": 4}}, {\"version\": \"7.0.0\", \"embeddableConfig\": {}, \"type\": \"search\", \"id\": \"3bfed610-2867-11e9-9d21-0be348776e6c-ecs\", \"panelIndex\": \"6\", \"gridData\": {\"x\": 0, \"i\": \"6\", \"w\": 48, \"h\": 26, \"y\": 23}}, {\"version\": \"7.0.0\", \"embeddableConfig\": {}, \"type\": \"visualization\", \"id\": \"536fa900-2867-11e9-9d21-0be348776e6c-ecs\", \"panelIndex\": \"7\", \"gridData\": {\"x\": 0, \"i\": \"7\", \"w\": 48, \"h\": 8, \"y\": 15}}, {\"version\": \"7.0.0\", \"embeddableConfig\": {}, \"type\": \"visualization\", \"id\": \"78391460-2867-11e9-9d21-0be348776e6c-ecs\", \"panelIndex\": \"8\", \"gridData\": {\"x\": 42, \"i\": \"8\", \"w\": 6, \"h\": 11, \"y\": 4}}, {\"version\": \"7.0.0\", \"embeddableConfig\": {}, \"type\": \"visualization\", \"id\": \"1771daa0-286b-11e9-9d21-0be348776e6c-ecs\", \"panelIndex\": \"9\", \"gridData\": {\"x\": 36, \"i\": \"9\", \"w\": 6, \"h\": 11, \"y\": 4}}, {\"version\": \"7.0.0\", \"embeddableConfig\": {}, \"type\": \"visualization\", \"id\": \"b899a700-286b-11e9-9d21-0be348776e6c-ecs\", \"panelIndex\": \"10\", \"gridData\": {\"x\": 24, \"i\": \"10\", \"w\": 6, \"h\": 11, \"y\": 4}}, {\"version\": \"7.0.0\", \"embeddableConfig\": {}, \"type\": \"visualization\", \"id\": \"d32c0540-286b-11e9-9d21-0be348776e6c-ecs\", \"panelIndex\": \"11\", \"gridData\": {\"x\": 30, \"i\": \"11\", \"w\": 6, \"h\": 11, \"y\": 4}}]",
                "timeRestore": false,
                "title": "[Auditbeat System] Socket Dashboard ECS",
                "version": 1
            },
            "id": "957a3ef0-2867-11e9-9d21-0be348776e6c-ecs",
            "type": "dashboard",
            "updated_at": "2019-02-04T11:01:23.746Z",
            "version": 3
        }
    ],
    "version": "7.0.0"
}