{
    "objects": [
        {
            "attributes": {
                "description": "",
                "kibanaSavedObjectMeta": {
                    "searchSourceJSON": "{\"index\": \"auditbeat-*\", \"filter\": [], \"query\": {\"language\": \"kuery\", \"query\": \"\"}}"
                },
                "savedSearchId": "a380a060-cb44-11e7-9835-2f31fe08873b-ecs",
                "title": "Actions [Auditbeat File Integrity] ECS",
                "uiStateJSON": "{\"vis\": {\"defaultColors\": {\"0 - 100\": \"rgb(0,104,55)\"}}}",
                "version": 1,
                "visState": "{\"aggs\": [{\"id\": \"1\", \"params\": {\"customLabel\": \"\"}, \"type\": \"count\", \"enabled\": true, \"schema\": \"metric\"}, {\"id\": \"2\", \"params\": {\"customLabel\": \"Action\", \"order\": \"desc\", \"field\": \"event.action\", \"size\": 5, \"orderBy\": \"1\"}, \"type\": \"terms\", \"enabled\": true, \"schema\": \"group\"}], \"params\": {\"addLegend\": false, \"addTooltip\": true, \"gauge\": {\"backStyle\": \"Full\", \"labels\": {\"color\": \"black\", \"show\": true}, \"gaugeType\": \"Metric\", \"scale\": {\"color\": \"#333\", \"labels\": false, \"show\": true, \"width\": 2}, \"colorSchema\": \"Green to Red\", \"type\": \"simple\", \"gaugeColorMode\": \"None\", \"gaugeStyle\": \"Full\", \"style\": {\"bgFill\": \"#000\", \"subText\": \"\", \"fontSize\": \"24\", \"bgColor\": false, \"labelColor\": false}, \"useRange\": false, \"percentageMode\": false, \"extendRange\": false, \"verticalSplit\": true, \"orientation\": \"vertical\", \"invertColors\": false, \"colorsRange\": [{\"from\": 0, \"to\": 100}], \"autoExtend\": false}, \"type\": \"gauge\"}, \"title\": \"Actions [Auditbeat File Integrity] ECS\", \"type\": \"metric\"}"
            },
            "id": "AV0tVcg6g1PYniApZa-v-ecs",
            "type": "visualization",
            "updated_at": "2018-01-22T15:54:25.278Z",
            "version": 6
        },
        {
            "attributes": {
                "description": "",
                "kibanaSavedObjectMeta": {
                    "searchSourceJSON": "{\"index\": \"auditbeat-*\", \"filter\": [], \"query\": {\"language\": \"kuery\", \"query\": \"\"}}"
                },
                "savedSearchId": "a380a060-cb44-11e7-9835-2f31fe08873b-ecs",
                "title": "Events Over Time [Auditbeat File Integrity] ECS",
                "uiStateJSON": "{}",
                "version": 1,
                "visState": "{\"aggs\": [{\"id\": \"1\", \"params\": {}, \"type\": \"count\", \"enabled\": true, \"schema\": \"metric\"}, {\"id\": \"2\", \"params\": {\"min_doc_count\": 1, \"extended_bounds\": {}, \"field\": \"@timestamp\", \"interval\": \"auto\", \"customInterval\": \"2h\"}, \"type\": \"date_histogram\", \"enabled\": true, \"schema\": \"segment\"}, {\"id\": \"3\", \"params\": {\"customLabel\": \"Action\", \"order\": \"desc\", \"field\": \"event.action\", \"size\": 10, \"orderBy\": \"1\"}, \"type\": \"terms\", \"enabled\": true, \"schema\": \"group\"}], \"params\": {\"grid\": {\"categoryLines\": false, \"style\": {\"color\": \"#eee\"}}, \"addLegend\": true, \"categoryAxes\": [{\"labels\": {\"show\": true, \"truncate\": 100}, \"show\": true, \"type\": \"category\", \"id\": \"CategoryAxis-1\", \"scale\": {\"type\": \"linear\"}, \"title\": {\"text\": \"@timestamp per 5 minutes\"}, \"position\": \"bottom\", \"style\": {}}], \"valueAxes\": [{\"labels\": {\"rotate\": 0, \"show\": true, \"truncate\": 100, \"filter\": false}, \"show\": true, \"type\": \"value\", \"id\": \"ValueAxis-1\", \"name\": \"LeftAxis-1\", \"scale\": {\"type\": \"linear\", \"mode\": \"normal\", \"defaultYExtents\": true}, \"title\": {\"text\": \"Count\"}, \"position\": \"left\", \"style\": {}}], \"addTimeMarker\": false, \"legendPosition\": \"left\", \"times\": [], \"seriesParams\": [{\"data\": {\"id\": \"1\", \"label\": \"Count\"}, \"mode\": \"stacked\", \"type\": \"histogram\", \"valueAxis\": \"ValueAxis-1\", \"drawLinesBetweenPoints\": true, \"show\": \"true\", \"showCircles\": true}], \"addTooltip\": true, \"type\": \"histogram\"}, \"title\": \"Events Over Time [Auditbeat File Integrity] ECS\", \"type\": \"histogram\"}"
            },
            "id": "AV0tV05vg1PYniApZbA2-ecs",
            "type": "visualization",
            "updated_at": "2018-01-22T15:54:25.278Z",
            "version": 6
        },
        {
            "attributes": {
                "description": "",
                "kibanaSavedObjectMeta": {
                    "searchSourceJSON": "{\"index\": \"auditbeat-*\", \"filter\": [], \"query\": {\"language\": \"kuery\", \"query\": \"\"}}"
                },
                "savedSearchId": "a380a060-cb44-11e7-9835-2f31fe08873b-ecs",
                "title": "Top owners [Auditbeat File Integrity] ECS",
                "uiStateJSON": "{}",
                "version": 1,
                "visState": "{\"aggs\": [{\"id\": \"1\", \"params\": {}, \"type\": \"count\", \"enabled\": true, \"schema\": \"metric\"}, {\"id\": \"2\", \"params\": {\"customLabel\": \"Owner\", \"order\": \"desc\", \"field\": \"file.owner\", \"size\": 5, \"orderBy\": \"1\"}, \"type\": \"terms\", \"enabled\": true, \"schema\": \"segment\"}], \"params\": {\"isDonut\": true, \"addLegend\": true, \"type\": \"pie\", \"addTooltip\": true, \"legendPosition\": \"right\"}, \"title\": \"Top owners [Auditbeat File Integrity] ECS\", \"type\": \"pie\"}"
            },
            "id": "AV0tWL-Yg1PYniApZbCs-ecs",
            "type": "visualization",
            "updated_at": "2018-01-22T15:54:25.278Z",
            "version": 6
        },
        {
            "attributes": {
                "description": "",
                "kibanaSavedObjectMeta": {
                    "searchSourceJSON": "{\"index\": \"auditbeat-*\", \"filter\": [], \"query\": {\"language\": \"kuery\", \"query\": \"\"}}"
                },
                "savedSearchId": "a380a060-cb44-11e7-9835-2f31fe08873b-ecs",
                "title": "Top groups [Auditbeat File Integrity] ECS",
                "uiStateJSON": "{}",
                "version": 1,
                "visState": "{\"aggs\": [{\"id\": \"1\", \"params\": {}, \"type\": \"count\", \"enabled\": true, \"schema\": \"metric\"}, {\"id\": \"2\", \"params\": {\"customLabel\": \"Group\", \"order\": \"desc\", \"field\": \"file.group\", \"size\": 5, \"orderBy\": \"1\"}, \"type\": \"terms\", \"enabled\": true, \"schema\": \"segment\"}], \"params\": {\"isDonut\": true, \"addLegend\": true, \"type\": \"pie\", \"addTooltip\": true, \"legendPosition\": \"right\"}, \"title\": \"Top groups [Auditbeat File Integrity] ECS\", \"type\": \"pie\"}"
            },
            "id": "AV0tWSdXg1PYniApZbDU-ecs",
            "type": "visualization",
            "updated_at": "2018-01-22T15:54:25.278Z",
            "version": 6
        },
        {
            "attributes": {
                "description": "",
                "kibanaSavedObjectMeta": {
                    "searchSourceJSON": "{\"index\": \"auditbeat-*\", \"filter\": [], \"query\": {\"language\": \"kuery\", \"query\": \"event.action:updated OR event.action:attributes_modified\"}}"
                },
                "savedSearchId": "a380a060-cb44-11e7-9835-2f31fe08873b-ecs",
                "title": "Top updated [Auditbeat File Integrity] ECS",
                "uiStateJSON": "{}",
                "version": 1,
                "visState": "{\"aggs\": [{\"id\": \"1\", \"params\": {}, \"type\": \"count\", \"enabled\": true, \"schema\": \"metric\"}, {\"id\": \"3\", \"params\": {\"customLabel\": \"Path\", \"order\": \"desc\", \"field\": \"file.path\", \"size\": 10, \"orderBy\": \"1\"}, \"type\": \"terms\", \"enabled\": true, \"schema\": \"segment\"}], \"params\": {\"isDonut\": false, \"addLegend\": true, \"type\": \"pie\", \"addTooltip\": true, \"legendPosition\": \"right\"}, \"title\": \"Top updated [Auditbeat File Integrity] ECS\", \"type\": \"pie\"}"
            },
            "id": "AV0tW0djg1PYniApZbGL-ecs",
            "type": "visualization",
            "updated_at": "2018-01-22T15:54:25.278Z",
            "version": 6
        },
        {
            "attributes": {
                "description": "",
                "kibanaSavedObjectMeta": {
                    "searchSourceJSON": "{\"index\": \"auditbeat-*\", \"filter\": [], \"query\": {\"language\": \"lucene\", \"query\": \"file.mode:/0..[2367]/ NOT file.type:symlink\"}}"
                },
                "savedSearchId": "a380a060-cb44-11e7-9835-2f31fe08873b-ecs",
                "title": "World Writable File Count [Auditbeat File Integrity] ECS",
                "uiStateJSON": "{\"vis\": {\"defaultColors\": {\"0 - 100\": \"rgb(0,104,55)\"}}}",
                "version": 1,
                "visState": "{\"aggs\": [{\"id\": \"1\", \"params\": {\"customLabel\": \"World Writable Files\", \"field\": \"file.inode\"}, \"type\": \"cardinality\", \"enabled\": true, \"schema\": \"metric\"}], \"params\": {\"addLegend\": false, \"addTooltip\": true, \"metric\": {\"labels\": {\"color\": \"black\", \"show\": false}, \"percentageMode\": false, \"metricColorMode\": \"None\", \"colorSchema\": \"Green to Red\", \"useRange\": false, \"invertColors\": false, \"colorsRange\": [{\"from\": 0, \"to\": 100}], \"style\": {\"bgFill\": \"#000\", \"subText\": \"\", \"fontSize\": \"23\", \"bgColor\": false, \"labelColor\": false}}, \"type\": \"metric\"}, \"title\": \"World Writable File Count [Auditbeat File Integrity] ECS\", \"type\": \"metric\"}"
            },
            "id": "AV0tY6jwg1PYniApZbRY-ecs",
            "type": "visualization",
            "updated_at": "2018-01-22T17:48:29.232Z",
            "version": 7
        },
        {
            "attributes": {
                "description": "",
                "kibanaSavedObjectMeta": {
                    "searchSourceJSON": "{\"index\": \"auditbeat-*\", \"filter\": [{\"$state\": {\"store\": \"appState\"}, \"query\": {\"match\": {\"file.type\": {\"query\": \"file\", \"type\": \"phrase\"}}}, \"meta\": {\"value\": \"file\", \"type\": \"phrase\", \"params\": {\"query\": \"file\", \"type\": \"phrase\"}, \"index\": \"auditbeat-*\", \"negate\": false, \"disabled\": false, \"alias\": null, \"key\": \"file.type\"}}], \"query\": {\"language\": \"kuery\", \"query\": \"\"}}"
                },
                "savedSearchId": "a380a060-cb44-11e7-9835-2f31fe08873b-ecs",
                "title": "Most changed file by count [Auditbeat File Integrity] ECS",
                "uiStateJSON": "{\"vis\": {\"defaultColors\": {\"0 - 100\": \"rgb(0,104,55)\"}}}",
                "version": 1,
                "visState": "{\"aggs\": [{\"id\": \"1\", \"params\": {\"customLabel\": \"Most changed file by count\"}, \"type\": \"count\", \"enabled\": true, \"schema\": \"metric\"}, {\"id\": \"2\", \"params\": {\"customLabel\": \"File\", \"order\": \"desc\", \"field\": \"file.path\", \"size\": 1, \"orderBy\": \"1\"}, \"type\": \"terms\", \"enabled\": true, \"schema\": \"group\"}], \"params\": {\"addLegend\": false, \"addTooltip\": true, \"gauge\": {\"backStyle\": \"Full\", \"labels\": {\"color\": \"black\", \"show\": true}, \"gaugeType\": \"Metric\", \"scale\": {\"color\": \"#333\", \"labels\": false, \"show\": false, \"width\": 2}, \"colorSchema\": \"Green to Red\", \"type\": \"simple\", \"gaugeColorMode\": \"None\", \"gaugeStyle\": \"Full\", \"style\": {\"bgFill\": \"#000\", \"subText\": \"\", \"fontSize\": \"20\", \"bgColor\": false, \"labelColor\": false}, \"useRange\": false, \"percentageMode\": false, \"orientation\": \"vertical\", \"verticalSplit\": false, \"invertColors\": false, \"colorsRange\": [{\"from\": 0, \"to\": 100}], \"autoExtend\": false}, \"type\": \"gauge\"}, \"title\": \"Most changed file by count [Auditbeat File Integrity] ECS\", \"type\": \"metric\"}"
            },
            "id": "AV0tav8Ag1PYniApZbbK-ecs",
            "type": "visualization",
            "updated_at": "2018-01-22T15:54:25.278Z",
            "version": 6
        },
        {
            "attributes": {
                "description": "",
                "kibanaSavedObjectMeta": {
                    "searchSourceJSON": "{\"index\": \"auditbeat-*\", \"filter\": [], \"query\": {\"language\": \"kuery\", \"query\": \"\"}}"
                },
                "savedSearchId": "a380a060-cb44-11e7-9835-2f31fe08873b-ecs",
                "title": "Most common mode by count [Auditbeat File Integrity] ECS",
                "uiStateJSON": "{\"vis\": {\"defaultColors\": {\"0 - 100\": \"rgb(0,104,55)\"}}}",
                "version": 1,
                "visState": "{\"aggs\": [{\"id\": \"1\", \"params\": {\"customLabel\": \"Most common mode by count\"}, \"type\": \"count\", \"enabled\": true, \"schema\": \"metric\"}, {\"id\": \"2\", \"params\": {\"customLabel\": \"Mode\", \"order\": \"desc\", \"field\": \"file.mode\", \"size\": 1, \"orderBy\": \"1\"}, \"type\": \"terms\", \"enabled\": true, \"schema\": \"group\"}], \"params\": {\"addLegend\": false, \"addTooltip\": true, \"gauge\": {\"backStyle\": \"Full\", \"labels\": {\"color\": \"black\", \"show\": true}, \"gaugeType\": \"Metric\", \"scale\": {\"color\": \"#333\", \"labels\": false, \"show\": false, \"width\": 2}, \"colorSchema\": \"Green to Red\", \"type\": \"simple\", \"gaugeColorMode\": \"None\", \"gaugeStyle\": \"Full\", \"style\": {\"bgFill\": \"#000\", \"subText\": \"\", \"fontSize\": \"20\", \"bgColor\": false, \"labelColor\": false}, \"useRange\": false, \"percentageMode\": false, \"orientation\": \"vertical\", \"verticalSplit\": false, \"invertColors\": false, \"colorsRange\": [{\"from\": 0, \"to\": 100}], \"autoExtend\": false}, \"type\": \"gauge\"}, \"title\": \"Most common mode by count [Auditbeat File Integrity] ECS\", \"type\": \"metric\"}"
            },
            "id": "AV0tbcUdg1PYniApZbe1-ecs",
            "type": "visualization",
            "updated_at": "2018-01-22T15:54:25.278Z",
            "version": 6
        },
        {
            "attributes": {
                "description": "",
                "kibanaSavedObjectMeta": {
                    "searchSourceJSON": "{\"index\": \"auditbeat-*\", \"filter\": [], \"query\": {\"language\": \"kuery\", \"query\": \"\"}}"
                },
                "savedSearchId": "a380a060-cb44-11e7-9835-2f31fe08873b-ecs",
                "title": "File Event Summary By Host [Auditbeat File Integrity] ECS",
                "uiStateJSON": "{\"vis\": {\"params\": {\"sort\": {\"columnIndex\": null, \"direction\": null}}}}",
                "version": 1,
                "visState": "{\"aggs\": [{\"id\": \"1\", \"params\": {\"customLabel\": \"Total Events\"}, \"type\": \"count\", \"enabled\": true, \"schema\": \"metric\"}, {\"id\": \"2\", \"params\": {\"customLabel\": \"Host\", \"order\": \"desc\", \"field\": \"host.name\", \"size\": 50, \"orderBy\": \"1\"}, \"type\": \"terms\", \"enabled\": true, \"schema\": \"bucket\"}, {\"id\": \"5\", \"params\": {\"size\": 1, \"sortField\": \"@timestamp\", \"customLabel\": \"Last Report\", \"field\": \"@timestamp\", \"sortOrder\": \"desc\", \"aggregate\": \"concat\"}, \"type\": \"top_hits\", \"enabled\": true, \"schema\": \"metric\"}], \"params\": {\"totalFunc\": \"sum\", \"sort\": {\"columnIndex\": null, \"direction\": null}, \"showMeticsAtAllLevels\": false, \"showPartialRows\": false, \"perPage\": 10, \"showTotal\": true}, \"title\": \"File Event Summary By Host [Auditbeat File Integrity] ECS\", \"type\": \"table\"}"
            },
            "id": "AV0tc_xZg1PYniApZbnL-ecs",
            "type": "visualization",
            "updated_at": "2018-01-22T15:54:25.278Z",
            "version": 6
        },
        {
            "attributes": {
                "description": "",
                "kibanaSavedObjectMeta": {
                    "searchSourceJSON": "{\"index\": \"auditbeat-*\", \"filter\": [], \"query\": {\"language\": \"kuery\", \"query\": \"event.action:deleted\"}}"
                },
                "savedSearchId": "a380a060-cb44-11e7-9835-2f31fe08873b-ecs",
                "title": "Top deleted [Auditbeat File Integrity] ECS",
                "uiStateJSON": "{}",
                "version": 1,
                "visState": "{\"aggs\": [{\"id\": \"1\", \"params\": {}, \"type\": \"count\", \"enabled\": true, \"schema\": \"metric\"}, {\"id\": \"2\", \"params\": {\"customLabel\": \"Path\", \"order\": \"desc\", \"field\": \"file.path\", \"size\": 10, \"orderBy\": \"1\"}, \"type\": \"terms\", \"enabled\": true, \"schema\": \"segment\"}], \"params\": {\"isDonut\": false, \"addLegend\": true, \"type\": \"pie\", \"addTooltip\": true, \"legendPosition\": \"right\"}, \"title\": \"Top deleted [Auditbeat File Integrity] ECS\", \"type\": \"pie\"}"
            },
            "id": "AV0tes4Eg1PYniApZbwV-ecs",
            "type": "visualization",
            "updated_at": "2018-01-22T15:54:25.278Z",
            "version": 6
        },
        {
            "attributes": {
                "description": "",
                "kibanaSavedObjectMeta": {
                    "searchSourceJSON": "{\"index\": \"auditbeat-*\", \"filter\": [], \"query\": {\"language\": \"kuery\", \"query\": \"event.action:created\"}}"
                },
                "savedSearchId": "a380a060-cb44-11e7-9835-2f31fe08873b-ecs",
                "title": "Top created [Auditbeat File Integrity] ECS",
                "uiStateJSON": "{}",
                "version": 1,
                "visState": "{\"aggs\": [{\"id\": \"1\", \"params\": {}, \"type\": \"count\", \"enabled\": true, \"schema\": \"metric\"}, {\"id\": \"2\", \"params\": {\"customLabel\": \"Path\", \"order\": \"desc\", \"field\": \"file.path\", \"size\": 10, \"orderBy\": \"1\"}, \"type\": \"terms\", \"enabled\": true, \"schema\": \"segment\"}], \"params\": {\"isDonut\": false, \"addLegend\": true, \"type\": \"pie\", \"addTooltip\": true, \"legendPosition\": \"right\"}, \"title\": \"Top created [Auditbeat File Integrity] ECS\", \"type\": \"pie\"}"
            },
            "id": "AV0te0TCg1PYniApZbw9-ecs",
            "type": "visualization",
            "updated_at": "2018-01-22T15:54:25.278Z",
            "version": 6
        },
        {
            "attributes": {
                "columns": [
                    "file.path",
                    "event.action"
                ],
                "description": "",
                "hits": 0,
                "kibanaSavedObjectMeta": {
                    "searchSourceJSON": "{\"version\": true, \"index\": \"auditbeat-*\", \"highlightAll\": true, \"filter\": [{\"$state\": {\"store\": \"appState\"}, \"query\": {\"match\": {\"event.module\": {\"query\": \"file_integrity\", \"type\": \"phrase\"}}}, \"meta\": {\"value\": \"file_integrity\", \"type\": \"phrase\", \"params\": {\"query\": \"file_integrity\", \"type\": \"phrase\"}, \"index\": \"auditbeat-*\", \"negate\": false, \"disabled\": false, \"alias\": null, \"key\": \"event.module\"}}], \"query\": {\"language\": \"kuery\", \"query\": \"\"}}"
                },
                "sort": [
                    "@timestamp",
                    "desc"
                ],
                "title": "File Integrity Events [Auditbeat File Integrity] ECS",
                "version": 1
            },
            "id": "a380a060-cb44-11e7-9835-2f31fe08873b-ecs",
            "type": "search",
            "updated_at": "2018-01-22T15:54:25.278Z",
            "version": 6
        },
        {
            "attributes": {
                "description": "Monitor file integrity events.",
                "hits": 0,
                "kibanaSavedObjectMeta": {
                    "searchSourceJSON": "{\"version\": true, \"highlightAll\": true, \"filter\": [], \"query\": {\"language\": \"kuery\", \"query\": \"\"}}"
                },
                "optionsJSON": "{\"useMargins\": false, \"darkTheme\": false}",
                "panelsJSON": "[{\"id\": \"AV0tVcg6g1PYniApZa-v-ecs\", \"panelIndex\": \"1\", \"gridData\": {\"x\": 0, \"i\": \"1\", \"w\": 2, \"h\": 6, \"y\": 0}, \"version\": \"6.2.4\", \"type\": \"visualization\"}, {\"id\": \"AV0tV05vg1PYniApZbA2-ecs\", \"panelIndex\": \"2\", \"gridData\": {\"x\": 2, \"i\": \"2\", \"w\": 7, \"h\": 6, \"y\": 0}, \"version\": \"6.2.4\", \"type\": \"visualization\"}, {\"id\": \"AV0tWL-Yg1PYniApZbCs-ecs\", \"panelIndex\": \"3\", \"gridData\": {\"x\": 9, \"i\": \"3\", \"w\": 3, \"h\": 3, \"y\": 0}, \"version\": \"6.2.4\", \"type\": \"visualization\"}, {\"id\": \"AV0tWSdXg1PYniApZbDU-ecs\", \"panelIndex\": \"4\", \"gridData\": {\"x\": 9, \"i\": \"4\", \"w\": 3, \"h\": 3, \"y\": 3}, \"version\": \"6.2.4\", \"type\": \"visualization\"}, {\"id\": \"AV0tW0djg1PYniApZbGL-ecs\", \"panelIndex\": \"5\", \"gridData\": {\"x\": 4, \"i\": \"5\", \"w\": 4, \"h\": 3, \"y\": 8}, \"version\": \"6.2.4\", \"type\": \"visualization\"}, {\"id\": \"AV0tY6jwg1PYniApZbRY-ecs\", \"panelIndex\": \"6\", \"gridData\": {\"x\": 0, \"i\": \"6\", \"w\": 4, \"h\": 2, \"y\": 6}, \"version\": \"6.2.4\", \"type\": \"visualization\"}, {\"id\": \"AV0tav8Ag1PYniApZbbK-ecs\", \"panelIndex\": \"7\", \"gridData\": {\"x\": 4, \"i\": \"7\", \"w\": 4, \"h\": 2, \"y\": 6}, \"version\": \"6.2.4\", \"type\": \"visualization\"}, {\"id\": \"AV0tbcUdg1PYniApZbe1-ecs\", \"panelIndex\": \"8\", \"gridData\": {\"x\": 8, \"i\": \"8\", \"w\": 4, \"h\": 2, \"y\": 6}, \"version\": \"6.2.4\", \"type\": \"visualization\"}, {\"id\": \"AV0tc_xZg1PYniApZbnL-ecs\", \"panelIndex\": \"9\", \"gridData\": {\"x\": 0, \"i\": \"9\", \"w\": 6, \"h\": 5, \"y\": 11}, \"version\": \"6.2.4\", \"type\": \"visualization\"}, {\"id\": \"AV0tes4Eg1PYniApZbwV-ecs\", \"panelIndex\": \"10\", \"gridData\": {\"x\": 8, \"i\": \"10\", \"w\": 4, \"h\": 3, \"y\": 8}, \"version\": \"6.2.4\", \"type\": \"visualization\"}, {\"id\": \"AV0te0TCg1PYniApZbw9-ecs\", \"panelIndex\": \"11\", \"gridData\": {\"x\": 0, \"i\": \"11\", \"w\": 4, \"h\": 3, \"y\": 8}, \"version\": \"6.2.4\", \"type\": \"visualization\"}, {\"version\": \"6.2.4\", \"sort\": [\"@timestamp\", \"desc\"], \"type\": \"search\", \"id\": \"a380a060-cb44-11e7-9835-2f31fe08873b-ecs\", \"panelIndex\": \"12\", \"gridData\": {\"x\": 6, \"i\": \"12\", \"w\": 6, \"h\": 5, \"y\": 11}, \"columns\": [\"file.path\", \"event.action\"]}]",
                "timeRestore": false,
                "title": "[Auditbeat File Integrity] Overview ECS",
                "version": 1
            },
            "id": "AV0tXkjYg1PYniApZbKP-ecs",
            "type": "dashboard",
            "updated_at": "2018-01-22T15:54:25.278Z",
            "version": 6
        }
    ],
    "version": "6.1.2"
}