{
    "objects": [
        {
            "attributes": {
                "description": "",
                "kibanaSavedObjectMeta": {
                    "searchSourceJSON": "{\"filter\": [], \"query\": {\"language\": \"kuery\", \"query\": \"\"}}"
                },
                "title": "Dashboard Links [Auditbeat System] ECS",
                "uiStateJSON": "{}",
                "version": 1,
                "visState": "{\"aggs\": [], \"params\": {\"openLinksInNewTab\": false, \"fontSize\": 12, \"markdown\": \"**Dashboards**: [System Overview](#/dashboard/2be46cb0-27f2-11e9-89af-fd12d59dac90-ecs) | [Hosts](#/dashboard/dfe62590-18da-11e9-9094-c50574723088-ecs) | [Logins](#/dashboard/2a17f200-285e-11e9-805f-43bf57dfa519-ecs) | [Users](#/dashboard/ae96a660-2864-11e9-97cb-474beda9f119-ecs) | [Processes](#/dashboard/4c68f110-2863-11e9-97cb-474beda9f119-ecs) | [Sockets](#/dashboard/957a3ef0-2867-11e9-9d21-0be348776e6c-ecs) | [Packages](#/dashboard/137c52f0-286a-11e9-9d21-0be348776e6c-ecs)\"}, \"title\": \"Dashboard Links [Auditbeat System] ECS\", \"type\": \"markdown\"}"
            },
            "id": "4ccc5b50-27f6-11e9-89af-fd12d59dac90-ecs",
            "type": "visualization",
            "updated_at": "2019-02-04T11:37:25.234Z",
            "version": 3
        },
        {
            "attributes": {
                "description": "",
                "kibanaSavedObjectMeta": {
                    "searchSourceJSON": "{\"index\": \"auditbeat-*\", \"filter\": [{\"$state\": {\"store\": \"appState\"}, \"query\": {\"match\": {\"event.dataset\": {\"query\": \"package\", \"type\": \"phrase\"}}}, \"meta\": {\"value\": \"package\", \"type\": \"phrase\", \"params\": {\"query\": \"package\", \"type\": \"phrase\"}, \"index\": \"auditbeat-*\", \"negate\": false, \"disabled\": false, \"alias\": null, \"key\": \"event.dataset\"}}], \"query\": {\"language\": \"kuery\", \"query\": \"\"}}"
                },
                "title": "Package Count [Auditbeat System] ECS",
                "uiStateJSON": "{}",
                "version": 1,
                "visState": "{\"aggs\": [{\"id\": \"1\", \"params\": {\"customLabel\": \"Packages\", \"field\": \"system.audit.package.entity_id\"}, \"type\": \"cardinality\", \"enabled\": true, \"schema\": \"metric\"}], \"params\": {\"addLegend\": false, \"addTooltip\": true, \"metric\": {\"labels\": {\"show\": true}, \"percentageMode\": false, \"metricColorMode\": \"None\", \"colorSchema\": \"Green to Red\", \"invertColors\": false, \"useRanges\": false, \"colorsRange\": [{\"from\": 0, \"to\": 10000}], \"style\": {\"bgFill\": \"#000\", \"subText\": \"\", \"fontSize\": 60, \"bgColor\": false, \"labelColor\": false}}, \"type\": \"metric\"}, \"title\": \"Package Count [Auditbeat System] ECS\", \"type\": \"metric\"}"
            },
            "id": "f664fb20-27f3-11e9-89af-fd12d59dac90-ecs",
            "type": "visualization",
            "updated_at": "2019-02-03T20:40:37.585Z",
            "version": 1
        },
        {
            "attributes": {
                "description": "",
                "kibanaSavedObjectMeta": {
                    "searchSourceJSON": "{\"index\": \"auditbeat-*\", \"filter\": [{\"$state\": {\"store\": \"appState\"}, \"query\": {\"match\": {\"event.dataset\": {\"query\": \"package\", \"type\": \"phrase\"}}}, \"meta\": {\"value\": \"package\", \"type\": \"phrase\", \"params\": {\"query\": \"package\", \"type\": \"phrase\"}, \"index\": \"auditbeat-*\", \"negate\": false, \"disabled\": false, \"alias\": null, \"key\": \"event.dataset\"}}, {\"$state\": {\"store\": \"appState\"}, \"query\": {\"match\": {\"event.action\": {\"query\": \"existing_package\", \"type\": \"phrase\"}}}, \"meta\": {\"value\": \"existing_package\", \"type\": \"phrase\", \"params\": {\"query\": \"existing_package\", \"type\": \"phrase\"}, \"index\": \"auditbeat-*\", \"negate\": true, \"disabled\": false, \"alias\": null, \"key\": \"event.action\"}}], \"query\": {\"language\": \"kuery\", \"query\": \"\"}}"
                },
                "title": "Package Changes [Auditbeat System] ECS",
                "uiStateJSON": "{}",
                "version": 1,
                "visState": "{\"aggs\": [{\"id\": \"1\", \"params\": {\"customLabel\": \"Changes\"}, \"type\": \"count\", \"enabled\": true, \"schema\": \"metric\"}], \"params\": {\"addLegend\": false, \"addTooltip\": true, \"metric\": {\"labels\": {\"show\": true}, \"percentageMode\": false, \"metricColorMode\": \"None\", \"colorSchema\": \"Green to Red\", \"invertColors\": false, \"useRanges\": false, \"colorsRange\": [{\"from\": 0, \"to\": 10000}], \"style\": {\"bgFill\": \"#000\", \"subText\": \"\", \"fontSize\": 60, \"bgColor\": false, \"labelColor\": false}}, \"type\": \"metric\"}, \"title\": \"Package Changes [Auditbeat System] ECS\", \"type\": \"metric\"}"
            },
            "id": "bdf9c530-27fe-11e9-805f-43bf57dfa519-ecs",
            "type": "visualization",
            "updated_at": "2019-02-04T10:44:06.826Z",
            "version": 2
        },
        {
            "attributes": {
                "description": "",
                "kibanaSavedObjectMeta": {
                    "searchSourceJSON": "{\"index\": \"auditbeat-*\", \"filter\": [{\"$state\": {\"store\": \"appState\"}, \"query\": {\"match\": {\"event.dataset\": {\"query\": \"package\", \"type\": \"phrase\"}}}, \"meta\": {\"value\": \"package\", \"type\": \"phrase\", \"params\": {\"query\": \"package\", \"type\": \"phrase\"}, \"index\": \"auditbeat-*\", \"negate\": false, \"disabled\": false, \"alias\": null, \"key\": \"event.dataset\"}}], \"query\": {\"language\": \"kuery\", \"query\": \"\"}}"
                },
                "title": "Package OS Distribution [Auditbeat System] ECS",
                "uiStateJSON": "{}",
                "version": 1,
                "visState": "{\"aggs\": [{\"id\": \"1\", \"params\": {\"field\": \"host.id\"}, \"type\": \"cardinality\", \"enabled\": true, \"schema\": \"metric\"}, {\"id\": \"2\", \"params\": {\"otherBucket\": false, \"order\": \"desc\", \"otherBucketLabel\": \"Other\", \"customLabel\": \"OS\", \"missingBucket\": false, \"field\": \"host.os.name\", \"size\": 5, \"missingBucketLabel\": \"Missing\", \"orderBy\": \"1\"}, \"type\": \"terms\", \"enabled\": true, \"schema\": \"segment\"}, {\"id\": \"3\", \"params\": {\"order\": \"desc\", \"otherBucketLabel\": \"Other\", \"otherBucket\": false, \"missingBucket\": false, \"field\": \"host.os.version\", \"size\": 5, \"missingBucketLabel\": \"Missing\", \"orderBy\": \"1\"}, \"type\": \"terms\", \"enabled\": true, \"schema\": \"segment\"}], \"params\": {\"isDonut\": true, \"addLegend\": true, \"labels\": {\"show\": false, \"last_level\": true, \"truncate\": 100, \"values\": true}, \"legendPosition\": \"right\", \"addTooltip\": true, \"type\": \"pie\"}, \"title\": \"Package OS Distribution [Auditbeat System] ECS\", \"type\": \"pie\"}"
            },
            "id": "6ed51940-2868-11e9-9d21-0be348776e6c-ecs",
            "type": "visualization",
            "updated_at": "2019-02-04T10:34:21.268Z",
            "version": 1
        },
        {
            "attributes": {
                "description": "",
                "kibanaSavedObjectMeta": {
                    "searchSourceJSON": "{\"index\": \"auditbeat-*\", \"filter\": [{\"$state\": {\"store\": \"appState\"}, \"query\": {\"match\": {\"event.dataset\": {\"query\": \"package\", \"type\": \"phrase\"}}}, \"meta\": {\"value\": \"package\", \"type\": \"phrase\", \"params\": {\"query\": \"package\", \"type\": \"phrase\"}, \"index\": \"auditbeat-*\", \"negate\": false, \"disabled\": false, \"alias\": null, \"key\": \"event.dataset\"}}, {\"$state\": {\"store\": \"appState\"}, \"query\": {\"match\": {\"event.kind\": {\"query\": \"event\", \"type\": \"phrase\"}}}, \"meta\": {\"value\": \"event\", \"type\": \"phrase\", \"params\": {\"query\": \"event\", \"type\": \"phrase\"}, \"index\": \"auditbeat-*\", \"negate\": false, \"disabled\": false, \"alias\": null, \"key\": \"event.kind\"}}], \"query\": {\"language\": \"kuery\", \"query\": \"\"}}"
                },
                "title": "Package Change Actions [Auditbeat System] ECS",
                "uiStateJSON": "{}",
                "version": 1,
                "visState": "{\"aggs\": [{\"id\": \"1\", \"params\": {}, \"type\": \"count\", \"enabled\": true, \"schema\": \"metric\"}, {\"id\": \"2\", \"params\": {\"order\": \"desc\", \"otherBucketLabel\": \"Other\", \"otherBucket\": false, \"missingBucket\": false, \"field\": \"event.action\", \"size\": 5, \"missingBucketLabel\": \"Missing\", \"orderBy\": \"1\"}, \"type\": \"terms\", \"enabled\": true, \"schema\": \"segment\"}], \"params\": {\"isDonut\": true, \"addLegend\": true, \"labels\": {\"show\": false, \"last_level\": true, \"truncate\": 100, \"values\": true}, \"legendPosition\": \"right\", \"addTooltip\": true, \"type\": \"pie\"}, \"title\": \"Package Change Actions [Auditbeat System] ECS\", \"type\": \"pie\"}"
            },
            "id": "fe23f530-2868-11e9-9d21-0be348776e6c-ecs",
            "type": "visualization",
            "updated_at": "2019-02-04T10:38:21.699Z",
            "version": 1
        },
        {
            "attributes": {
                "description": "",
                "kibanaSavedObjectMeta": {
                    "searchSourceJSON": "{\"index\": \"auditbeat-*\", \"filter\": [{\"$state\": {\"store\": \"appState\"}, \"query\": {\"match\": {\"event.dataset\": {\"query\": \"package\", \"type\": \"phrase\"}}}, \"meta\": {\"value\": \"package\", \"type\": \"phrase\", \"params\": {\"query\": \"package\", \"type\": \"phrase\"}, \"index\": \"auditbeat-*\", \"negate\": false, \"disabled\": false, \"alias\": null, \"key\": \"event.dataset\"}}], \"query\": {\"language\": \"kuery\", \"query\": \"\"}}"
                },
                "title": "Package Document Histogram [Auditbeat System] ECS",
                "uiStateJSON": "{}",
                "version": 1,
                "visState": "{\"aggs\": [{\"id\": \"1\", \"params\": {}, \"type\": \"count\", \"enabled\": true, \"schema\": \"metric\"}, {\"id\": \"2\", \"params\": {\"time_zone\": \"Europe/London\", \"interval\": \"auto\", \"customInterval\": \"2h\", \"min_doc_count\": 1, \"useNormalizedEsInterval\": true, \"field\": \"@timestamp\", \"extended_bounds\": {}, \"drop_partials\": false}, \"type\": \"date_histogram\", \"enabled\": true, \"schema\": \"segment\"}], \"params\": {\"grid\": {\"categoryLines\": false, \"style\": {\"color\": \"#eee\"}}, \"addLegend\": true, \"categoryAxes\": [{\"labels\": {\"show\": true, \"truncate\": 100}, \"show\": true, \"type\": \"category\", \"id\": \"CategoryAxis-1\", \"scale\": {\"type\": \"linear\"}, \"title\": {}, \"position\": \"bottom\", \"style\": {}}], \"valueAxes\": [{\"labels\": {\"rotate\": 0, \"show\": true, \"truncate\": 100, \"filter\": false}, \"show\": true, \"type\": \"value\", \"id\": \"ValueAxis-1\", \"name\": \"LeftAxis-1\", \"scale\": {\"mode\": \"normal\", \"type\": \"linear\"}, \"title\": {\"text\": \"Count\"}, \"position\": \"left\", \"style\": {}}], \"addTimeMarker\": false, \"legendPosition\": \"right\", \"times\": [], \"seriesParams\": [{\"data\": {\"id\": \"1\", \"label\": \"Count\"}, \"mode\": \"stacked\", \"type\": \"histogram\", \"valueAxis\": \"ValueAxis-1\", \"drawLinesBetweenPoints\": true, \"show\": \"true\", \"showCircles\": true}], \"addTooltip\": true, \"type\": \"histogram\"}, \"title\": \"Package Document Histogram [Auditbeat System] ECS\", \"type\": \"histogram\"}"
            },
            "id": "4e7701d0-2869-11e9-9d21-0be348776e6c-ecs",
            "type": "visualization",
            "updated_at": "2019-02-04T10:40:36.461Z",
            "version": 1
        },
        {
            "attributes": {
                "columns": [
                    "host.hostname",
                    "event.action",
                    "message"
                ],
                "description": "",
                "hits": 0,
                "kibanaSavedObjectMeta": {
                    "searchSourceJSON": "{\"version\": true, \"index\": \"auditbeat-*\", \"highlightAll\": true, \"filter\": [{\"$state\": {\"store\": \"appState\"}, \"query\": {\"match\": {\"event.dataset\": {\"query\": \"package\", \"type\": \"phrase\"}}}, \"meta\": {\"value\": \"package\", \"type\": \"phrase\", \"params\": {\"query\": \"package\", \"type\": \"phrase\"}, \"index\": \"auditbeat-*\", \"negate\": false, \"disabled\": false, \"alias\": null, \"key\": \"event.dataset\"}}], \"query\": {\"language\": \"kuery\", \"query\": \"\"}}"
                },
                "sort": [
                    "@timestamp",
                    "desc"
                ],
                "title": "Package Documents [Auditbeat System] ECS",
                "version": 1
            },
            "id": "391ef230-2868-11e9-9d21-0be348776e6c-ecs",
            "type": "search",
            "updated_at": "2019-02-04T10:32:51.155Z",
            "version": 1
        },
        {
            "attributes": {
                "description": "",
                "kibanaSavedObjectMeta": {
                    "searchSourceJSON": "{\"index\": \"auditbeat-*\", \"filter\": [{\"$state\": {\"store\": \"appState\"}, \"query\": {\"match\": {\"event.dataset\": {\"query\": \"package\", \"type\": \"phrase\"}}}, \"meta\": {\"value\": \"package\", \"type\": \"phrase\", \"params\": {\"query\": \"package\", \"type\": \"phrase\"}, \"index\": \"auditbeat-*\", \"negate\": false, \"disabled\": false, \"alias\": null, \"key\": \"event.dataset\"}}], \"query\": {\"language\": \"kuery\", \"query\": \"\"}}"
                },
                "title": "Package Names [Auditbeat System] ECS",
                "uiStateJSON": "{\"vis\": {\"params\": {\"sort\": {\"columnIndex\": null, \"direction\": null}}}}",
                "version": 1,
                "visState": "{\"aggs\": [{\"id\": \"1\", \"params\": {}, \"type\": \"count\", \"enabled\": true, \"schema\": \"metric\"}, {\"id\": \"2\", \"params\": {\"order\": \"desc\", \"otherBucketLabel\": \"Other\", \"otherBucket\": false, \"missingBucket\": false, \"field\": \"system.audit.package.name\", \"size\": 25, \"missingBucketLabel\": \"Missing\", \"orderBy\": \"1\"}, \"type\": \"terms\", \"enabled\": true, \"schema\": \"bucket\"}], \"params\": {\"totalFunc\": \"sum\", \"sort\": {\"columnIndex\": null, \"direction\": null}, \"showPartialRows\": false, \"showMetricsAtAllLevels\": false, \"perPage\": 5, \"showTotal\": false}, \"title\": \"Package Names [Auditbeat System] ECS\", \"type\": \"table\"}"
            },
            "id": "8dc55df0-2869-11e9-9d21-0be348776e6c-ecs",
            "type": "visualization",
            "updated_at": "2019-02-04T10:45:22.440Z",
            "version": 2
        },
        {
            "attributes": {
                "description": "System Packages",
                "hits": 0,
                "kibanaSavedObjectMeta": {
                    "searchSourceJSON": "{\"filter\": [], \"query\": {\"language\": \"kuery\", \"query\": \"\"}}"
                },
                "optionsJSON": "{\"hidePanelTitles\": false, \"useMargins\": true, \"darkTheme\": false}",
                "panelsJSON": "[{\"version\": \"7.0.0\", \"embeddableConfig\": {}, \"type\": \"visualization\", \"id\": \"4ccc5b50-27f6-11e9-89af-fd12d59dac90-ecs\", \"panelIndex\": \"1\", \"gridData\": {\"x\": 0, \"i\": \"1\", \"w\": 48, \"h\": 4, \"y\": 0}}, {\"version\": \"7.0.0\", \"embeddableConfig\": {}, \"type\": \"visualization\", \"id\": \"f664fb20-27f3-11e9-89af-fd12d59dac90-ecs\", \"panelIndex\": \"2\", \"gridData\": {\"x\": 0, \"i\": \"2\", \"w\": 6, \"h\": 11, \"y\": 4}}, {\"version\": \"7.0.0\", \"embeddableConfig\": {}, \"type\": \"visualization\", \"id\": \"bdf9c530-27fe-11e9-805f-43bf57dfa519-ecs\", \"panelIndex\": \"3\", \"gridData\": {\"x\": 6, \"i\": \"3\", \"w\": 5, \"h\": 11, \"y\": 4}}, {\"version\": \"7.0.0\", \"embeddableConfig\": {}, \"type\": \"visualization\", \"id\": \"6ed51940-2868-11e9-9d21-0be348776e6c-ecs\", \"panelIndex\": \"4\", \"gridData\": {\"x\": 24, \"i\": \"4\", \"w\": 13, \"h\": 11, \"y\": 4}}, {\"version\": \"7.0.0\", \"embeddableConfig\": {}, \"type\": \"visualization\", \"id\": \"fe23f530-2868-11e9-9d21-0be348776e6c-ecs\", \"panelIndex\": \"5\", \"gridData\": {\"x\": 11, \"i\": \"5\", \"w\": 13, \"h\": 11, \"y\": 4}}, {\"version\": \"7.0.0\", \"embeddableConfig\": {}, \"type\": \"visualization\", \"id\": \"4e7701d0-2869-11e9-9d21-0be348776e6c-ecs\", \"panelIndex\": \"6\", \"gridData\": {\"x\": 0, \"i\": \"6\", \"w\": 48, \"h\": 8, \"y\": 15}}, {\"version\": \"7.0.0\", \"embeddableConfig\": {}, \"type\": \"search\", \"id\": \"391ef230-2868-11e9-9d21-0be348776e6c-ecs\", \"panelIndex\": \"7\", \"gridData\": {\"x\": 0, \"i\": \"7\", \"w\": 48, \"h\": 26, \"y\": 23}}, {\"version\": \"7.0.0\", \"embeddableConfig\": {}, \"type\": \"visualization\", \"id\": \"8dc55df0-2869-11e9-9d21-0be348776e6c-ecs\", \"panelIndex\": \"8\", \"gridData\": {\"x\": 37, \"i\": \"8\", \"w\": 11, \"h\": 11, \"y\": 4}}]",
                "timeRestore": false,
                "title": "[Auditbeat System] Package Dashboard ECS",
                "version": 1
            },
            "id": "137c52f0-286a-11e9-9d21-0be348776e6c-ecs",
            "type": "dashboard",
            "updated_at": "2019-02-04T11:03:23.945Z",
            "version": 2
        }
    ],
    "version": "7.0.0"
}