{
    "objects": [
        {
            "attributes": {
                "description": "",
                "kibanaSavedObjectMeta": {
                    "searchSourceJSON": "{\"index\": \"auditbeat-*\", \"filter\": [{\"$state\": {\"store\": \"appState\"}, \"query\": {\"match\": {\"event.dataset\": {\"query\": \"login\", \"type\": \"phrase\"}}}, \"meta\": {\"value\": \"login\", \"type\": \"phrase\", \"params\": {\"query\": \"login\", \"type\": \"phrase\"}, \"index\": \"auditbeat-*\", \"negate\": false, \"disabled\": false, \"alias\": null, \"key\": \"event.dataset\"}}], \"query\": {\"language\": \"kuery\", \"query\": \"\"}}"
                },
                "title": "Login Count [Auditbeat System] ECS",
                "uiStateJSON": "{}",
                "version": 1,
                "visState": "{\"aggs\": [{\"id\": \"1\", \"params\": {\"customLabel\": \"Login Events\"}, \"type\": \"count\", \"enabled\": true, \"schema\": \"metric\"}], \"params\": {\"addLegend\": false, \"addTooltip\": true, \"metric\": {\"labels\": {\"show\": true}, \"percentageMode\": false, \"metricColorMode\": \"None\", \"colorSchema\": \"Green to Red\", \"invertColors\": false, \"useRanges\": false, \"colorsRange\": [{\"from\": 0, \"to\": 10000}], \"style\": {\"bgFill\": \"#000\", \"subText\": \"\", \"fontSize\": 60, \"bgColor\": false, \"labelColor\": false}}, \"type\": \"metric\"}, \"title\": \"Login Count [Auditbeat System] ECS\", \"type\": \"metric\"}"
            },
            "id": "8d63c420-27f4-11e9-89af-fd12d59dac90-ecs",
            "type": "visualization",
            "updated_at": "2019-02-03T20:44:50.914Z",
            "version": 1
        },
        {
            "attributes": {
                "description": "",
                "kibanaSavedObjectMeta": {
                    "searchSourceJSON": "{\"index\": \"auditbeat-*\", \"filter\": [{\"$state\": {\"store\": \"appState\"}, \"query\": {\"match\": {\"event.dataset\": {\"query\": \"login\", \"type\": \"phrase\"}}}, \"meta\": {\"value\": \"login\", \"type\": \"phrase\", \"params\": {\"query\": \"login\", \"type\": \"phrase\"}, \"index\": \"auditbeat-*\", \"negate\": false, \"disabled\": false, \"alias\": null, \"key\": \"event.dataset\"}}], \"query\": {\"language\": \"kuery\", \"query\": \"\"}}"
                },
                "title": "Login Actions [Auditbeat System] ECS",
                "uiStateJSON": "{}",
                "version": 1,
                "visState": "{\"aggs\": [{\"id\": \"1\", \"params\": {}, \"type\": \"count\", \"enabled\": true, \"schema\": \"metric\"}, {\"id\": \"2\", \"params\": {\"order\": \"desc\", \"otherBucketLabel\": \"Other\", \"otherBucket\": false, \"missingBucket\": false, \"field\": \"event.action\", \"size\": 5, \"missingBucketLabel\": \"Missing\", \"orderBy\": \"1\"}, \"type\": \"terms\", \"enabled\": true, \"schema\": \"segment\"}], \"params\": {\"isDonut\": true, \"addLegend\": true, \"labels\": {\"show\": false, \"last_level\": true, \"truncate\": 100, \"values\": true}, \"legendPosition\": \"right\", \"addTooltip\": true, \"type\": \"pie\"}, \"title\": \"Login Actions [Auditbeat System] ECS\", \"type\": \"pie\"}"
            },
            "id": "593df9b0-27f7-11e9-89af-fd12d59dac90-ecs",
            "type": "visualization",
            "updated_at": "2019-02-03T21:04:51.914Z",
            "version": 1
        },
        {
            "attributes": {
                "description": "",
                "kibanaSavedObjectMeta": {
                    "searchSourceJSON": "{\"index\": \"auditbeat-*\", \"filter\": [{\"$state\": {\"store\": \"appState\"}, \"query\": {\"match\": {\"event.dataset\": {\"query\": \"login\", \"type\": \"phrase\"}}}, \"meta\": {\"value\": \"login\", \"type\": \"phrase\", \"params\": {\"query\": \"login\", \"type\": \"phrase\"}, \"index\": \"auditbeat-*\", \"negate\": false, \"disabled\": false, \"alias\": null, \"key\": \"event.dataset\"}}, {\"$state\": {\"store\": \"appState\"}, \"query\": {\"match\": {\"event.outcome\": {\"query\": \"success\", \"type\": \"phrase\"}}}, \"meta\": {\"value\": \"success\", \"type\": \"phrase\", \"params\": {\"query\": \"success\", \"type\": \"phrase\"}, \"index\": \"auditbeat-*\", \"negate\": false, \"disabled\": false, \"alias\": null, \"key\": \"event.outcome\"}}], \"query\": {\"language\": \"kuery\", \"query\": \"\"}}"
                },
                "title": "Login Success Table [Auditbeat System] ECS",
                "uiStateJSON": "{\"vis\": {\"params\": {\"sort\": {\"columnIndex\": null, \"direction\": null}}}}",
                "version": 1,
                "visState": "{\"aggs\": [{\"id\": \"1\", \"params\": {\"customLabel\": \"Successful Logins\"}, \"type\": \"count\", \"enabled\": true, \"schema\": \"metric\"}, {\"id\": \"2\", \"params\": {\"otherBucket\": false, \"order\": \"desc\", \"otherBucketLabel\": \"Other\", \"customLabel\": \"User\", \"missingBucket\": false, \"field\": \"user.name\", \"size\": 5, \"missingBucketLabel\": \"Missing\", \"orderBy\": \"1\"}, \"type\": \"terms\", \"enabled\": true, \"schema\": \"bucket\"}], \"params\": {\"totalFunc\": \"sum\", \"sort\": {\"columnIndex\": null, \"direction\": null}, \"showPartialRows\": false, \"showMetricsAtAllLevels\": false, \"perPage\": 8, \"showTotal\": false}, \"title\": \"Login Success Table [Auditbeat System] ECS\", \"type\": \"table\"}"
            },
            "id": "5eb5f250-285e-11e9-805f-43bf57dfa519-ecs",
            "type": "visualization",
            "updated_at": "2019-02-04T09:22:44.444Z",
            "version": 2
        },
        {
            "attributes": {
                "description": "",
                "kibanaSavedObjectMeta": {
                    "searchSourceJSON": "{\"index\": \"auditbeat-*\", \"filter\": [{\"$state\": {\"store\": \"appState\"}, \"query\": {\"match\": {\"event.dataset\": {\"query\": \"login\", \"type\": \"phrase\"}}}, \"meta\": {\"value\": \"login\", \"type\": \"phrase\", \"params\": {\"query\": \"login\", \"type\": \"phrase\"}, \"index\": \"auditbeat-*\", \"negate\": false, \"disabled\": false, \"alias\": null, \"key\": \"event.dataset\"}}, {\"$state\": {\"store\": \"appState\"}, \"query\": {\"match\": {\"event.outcome\": {\"query\": \"failure\", \"type\": \"phrase\"}}}, \"meta\": {\"value\": \"failure\", \"type\": \"phrase\", \"params\": {\"query\": \"failure\", \"type\": \"phrase\"}, \"index\": \"auditbeat-*\", \"negate\": false, \"disabled\": false, \"alias\": null, \"key\": \"event.outcome\"}}], \"query\": {\"language\": \"kuery\", \"query\": \"\"}}"
                },
                "title": "Login Failures Table [Auditbeat System] ECS",
                "uiStateJSON": "{\"vis\": {\"params\": {\"sort\": {\"columnIndex\": null, \"direction\": null}}}}",
                "version": 1,
                "visState": "{\"aggs\": [{\"id\": \"1\", \"params\": {\"customLabel\": \"Failed Logins\"}, \"type\": \"count\", \"enabled\": true, \"schema\": \"metric\"}, {\"id\": \"2\", \"params\": {\"otherBucket\": false, \"order\": \"desc\", \"otherBucketLabel\": \"Other\", \"customLabel\": \"User\", \"missingBucket\": false, \"field\": \"user.name\", \"size\": 5, \"missingBucketLabel\": \"Missing\", \"orderBy\": \"1\"}, \"type\": \"terms\", \"enabled\": true, \"schema\": \"bucket\"}], \"params\": {\"totalFunc\": \"sum\", \"sort\": {\"columnIndex\": null, \"direction\": null}, \"showPartialRows\": false, \"showMetricsAtAllLevels\": false, \"perPage\": 8, \"showTotal\": false}, \"title\": \"Login Failures Table [Auditbeat System] ECS\", \"type\": \"table\"}"
            },
            "id": "a1951650-285e-11e9-805f-43bf57dfa519-ecs",
            "type": "visualization",
            "updated_at": "2019-02-04T09:24:11.445Z",
            "version": 1
        },
        {
            "attributes": {
                "description": "",
                "kibanaSavedObjectMeta": {
                    "searchSourceJSON": "{\"index\": \"auditbeat-*\", \"filter\": [{\"$state\": {\"store\": \"appState\"}, \"query\": {\"match\": {\"event.dataset\": {\"query\": \"login\", \"type\": \"phrase\"}}}, \"meta\": {\"value\": \"login\", \"type\": \"phrase\", \"params\": {\"query\": \"login\", \"type\": \"phrase\"}, \"index\": \"auditbeat-*\", \"negate\": false, \"disabled\": false, \"alias\": null, \"key\": \"event.dataset\"}}], \"query\": {\"language\": \"kuery\", \"query\": \"\"}}"
                },
                "title": "Login Event Histogram [Auditbeat System] ECS",
                "uiStateJSON": "{}",
                "version": 1,
                "visState": "{\"aggs\": [{\"id\": \"1\", \"params\": {}, \"type\": \"count\", \"enabled\": true, \"schema\": \"metric\"}, {\"id\": \"2\", \"params\": {\"time_zone\": \"Europe/London\", \"interval\": \"auto\", \"customInterval\": \"2h\", \"min_doc_count\": 1, \"useNormalizedEsInterval\": true, \"field\": \"@timestamp\", \"extended_bounds\": {}, \"drop_partials\": false}, \"type\": \"date_histogram\", \"enabled\": true, \"schema\": \"segment\"}], \"params\": {\"grid\": {\"categoryLines\": false, \"style\": {\"color\": \"#eee\"}}, \"addLegend\": true, \"categoryAxes\": [{\"labels\": {\"show\": true, \"truncate\": 100}, \"show\": true, \"type\": \"category\", \"id\": \"CategoryAxis-1\", \"scale\": {\"type\": \"linear\"}, \"title\": {}, \"position\": \"bottom\", \"style\": {}}], \"valueAxes\": [{\"labels\": {\"rotate\": 0, \"show\": true, \"truncate\": 100, \"filter\": false}, \"show\": true, \"type\": \"value\", \"id\": \"ValueAxis-1\", \"name\": \"LeftAxis-1\", \"scale\": {\"mode\": \"normal\", \"type\": \"linear\"}, \"title\": {\"text\": \"Count\"}, \"position\": \"left\", \"style\": {}}], \"addTimeMarker\": false, \"legendPosition\": \"right\", \"times\": [], \"seriesParams\": [{\"data\": {\"id\": \"1\", \"label\": \"Count\"}, \"mode\": \"stacked\", \"type\": \"histogram\", \"valueAxis\": \"ValueAxis-1\", \"drawLinesBetweenPoints\": true, \"show\": \"true\", \"showCircles\": true}], \"addTooltip\": true, \"type\": \"histogram\"}, \"title\": \"Login Event Histogram [Auditbeat System] ECS\", \"type\": \"histogram\"}"
            },
            "id": "e4d25fe0-285e-11e9-805f-43bf57dfa519-ecs",
            "type": "visualization",
            "updated_at": "2019-02-04T09:26:04.254Z",
            "version": 1
        },
        {
            "attributes": {
                "columns": [
                    "host.hostname",
                    "user.name",
                    "event.outcome",
                    "message"
                ],
                "description": "",
                "hits": 0,
                "kibanaSavedObjectMeta": {
                    "searchSourceJSON": "{\"version\": true, \"index\": \"auditbeat-*\", \"highlightAll\": true, \"filter\": [{\"$state\": {\"store\": \"appState\"}, \"query\": {\"match\": {\"event.dataset\": {\"query\": \"login\", \"type\": \"phrase\"}}}, \"meta\": {\"value\": \"login\", \"type\": \"phrase\", \"params\": {\"query\": \"login\", \"type\": \"phrase\"}, \"index\": \"auditbeat-*\", \"negate\": false, \"disabled\": false, \"alias\": null, \"key\": \"event.dataset\"}}], \"query\": {\"language\": \"kuery\", \"query\": \"\"}}"
                },
                "sort": [
                    "@timestamp",
                    "desc"
                ],
                "title": "Login Events [Auditbeat System] ECS",
                "version": 1
            },
            "id": "2e04c720-285f-11e9-805f-43bf57dfa519-ecs",
            "type": "search",
            "updated_at": "2019-02-04T09:28:07.058Z",
            "version": 1
        },
        {
            "attributes": {
                "description": "",
                "kibanaSavedObjectMeta": {
                    "searchSourceJSON": "{\"index\": \"auditbeat-*\", \"filter\": [{\"$state\": {\"store\": \"appState\"}, \"query\": {\"match\": {\"event.dataset\": {\"query\": \"login\", \"type\": \"phrase\"}}}, \"meta\": {\"value\": \"login\", \"type\": \"phrase\", \"params\": {\"query\": \"login\", \"type\": \"phrase\"}, \"index\": \"auditbeat-*\", \"negate\": false, \"disabled\": false, \"alias\": null, \"key\": \"event.dataset\"}}], \"query\": {\"language\": \"kuery\", \"query\": \"\"}}"
                },
                "title": "Login OS Distribution [Auditbeat System] ECS",
                "uiStateJSON": "{}",
                "version": 1,
                "visState": "{\"aggs\": [{\"id\": \"1\", \"params\": {\"field\": \"host.id\"}, \"type\": \"cardinality\", \"enabled\": true, \"schema\": \"metric\"}, {\"id\": \"2\", \"params\": {\"otherBucket\": false, \"order\": \"desc\", \"otherBucketLabel\": \"Other\", \"customLabel\": \"OS\", \"missingBucket\": false, \"field\": \"host.os.name\", \"size\": 5, \"missingBucketLabel\": \"Missing\", \"orderBy\": \"1\"}, \"type\": \"terms\", \"enabled\": true, \"schema\": \"segment\"}, {\"id\": \"3\", \"params\": {\"order\": \"desc\", \"otherBucketLabel\": \"Other\", \"otherBucket\": false, \"missingBucket\": false, \"field\": \"host.os.version\", \"size\": 5, \"missingBucketLabel\": \"Missing\", \"orderBy\": \"1\"}, \"type\": \"terms\", \"enabled\": true, \"schema\": \"segment\"}], \"params\": {\"isDonut\": true, \"addLegend\": true, \"labels\": {\"show\": false, \"last_level\": true, \"truncate\": 100, \"values\": true}, \"legendPosition\": \"right\", \"addTooltip\": true, \"type\": \"pie\"}, \"title\": \"Login OS Distribution [Auditbeat System] ECS\", \"type\": \"pie\"}"
            },
            "id": "e8eb58a0-2860-11e9-805f-43bf57dfa519-ecs",
            "type": "visualization",
            "updated_at": "2019-02-04T09:40:30.122Z",
            "version": 1
        },
        {
            "attributes": {
                "description": "",
                "kibanaSavedObjectMeta": {
                    "searchSourceJSON": "{\"filter\": [], \"query\": {\"language\": \"kuery\", \"query\": \"\"}}"
                },
                "title": "Dashboard Links [Auditbeat System] ECS",
                "uiStateJSON": "{}",
                "version": 1,
                "visState": "{\"aggs\": [], \"params\": {\"openLinksInNewTab\": false, \"fontSize\": 12, \"markdown\": \"**Dashboards**: [System Overview](#/dashboard/2be46cb0-27f2-11e9-89af-fd12d59dac90-ecs) | [Hosts](#/dashboard/dfe62590-18da-11e9-9094-c50574723088-ecs) | [Logins](#/dashboard/2a17f200-285e-11e9-805f-43bf57dfa519-ecs) | [Users](#/dashboard/ae96a660-2864-11e9-97cb-474beda9f119-ecs) | [Processes](#/dashboard/4c68f110-2863-11e9-97cb-474beda9f119-ecs) | [Sockets](#/dashboard/957a3ef0-2867-11e9-9d21-0be348776e6c-ecs) | [Packages](#/dashboard/137c52f0-286a-11e9-9d21-0be348776e6c-ecs)\"}, \"title\": \"Dashboard Links [Auditbeat System] ECS\", \"type\": \"markdown\"}"
            },
            "id": "4ccc5b50-27f6-11e9-89af-fd12d59dac90-ecs",
            "type": "visualization",
            "updated_at": "2019-02-04T11:37:25.234Z",
            "version": 3
        },
        {
            "attributes": {
                "description": "System Logins",
                "hits": 0,
                "kibanaSavedObjectMeta": {
                    "searchSourceJSON": "{\"filter\": [], \"query\": {\"language\": \"kuery\", \"query\": \"\"}}"
                },
                "optionsJSON": "{\"hidePanelTitles\": false, \"useMargins\": true, \"darkTheme\": false}",
                "panelsJSON": "[{\"version\": \"7.0.0\", \"embeddableConfig\": {}, \"type\": \"visualization\", \"id\": \"8d63c420-27f4-11e9-89af-fd12d59dac90-ecs\", \"panelIndex\": \"1\", \"gridData\": {\"x\": 0, \"i\": \"1\", \"w\": 8, \"h\": 10, \"y\": 4}}, {\"version\": \"7.0.0\", \"embeddableConfig\": {}, \"type\": \"visualization\", \"id\": \"593df9b0-27f7-11e9-89af-fd12d59dac90-ecs\", \"panelIndex\": \"2\", \"gridData\": {\"x\": 8, \"i\": \"2\", \"w\": 10, \"h\": 10, \"y\": 4}}, {\"version\": \"7.0.0\", \"embeddableConfig\": {}, \"type\": \"visualization\", \"id\": \"5eb5f250-285e-11e9-805f-43bf57dfa519-ecs\", \"panelIndex\": \"4\", \"gridData\": {\"x\": 28, \"i\": \"4\", \"w\": 10, \"h\": 10, \"y\": 4}}, {\"version\": \"7.0.0\", \"embeddableConfig\": {}, \"type\": \"visualization\", \"id\": \"a1951650-285e-11e9-805f-43bf57dfa519-ecs\", \"panelIndex\": \"5\", \"gridData\": {\"x\": 38, \"i\": \"5\", \"w\": 10, \"h\": 10, \"y\": 4}}, {\"version\": \"7.0.0\", \"embeddableConfig\": {}, \"type\": \"visualization\", \"id\": \"e4d25fe0-285e-11e9-805f-43bf57dfa519-ecs\", \"panelIndex\": \"6\", \"gridData\": {\"x\": 0, \"i\": \"6\", \"w\": 48, \"h\": 9, \"y\": 14}}, {\"version\": \"7.0.0\", \"embeddableConfig\": {}, \"type\": \"search\", \"id\": \"2e04c720-285f-11e9-805f-43bf57dfa519-ecs\", \"panelIndex\": \"7\", \"gridData\": {\"x\": 0, \"i\": \"7\", \"w\": 48, \"h\": 26, \"y\": 23}}, {\"version\": \"7.0.0\", \"embeddableConfig\": {}, \"type\": \"visualization\", \"id\": \"e8eb58a0-2860-11e9-805f-43bf57dfa519-ecs\", \"panelIndex\": \"8\", \"gridData\": {\"x\": 18, \"i\": \"8\", \"w\": 10, \"h\": 10, \"y\": 4}}, {\"version\": \"7.0.0\", \"embeddableConfig\": {}, \"type\": \"visualization\", \"id\": \"4ccc5b50-27f6-11e9-89af-fd12d59dac90-ecs\", \"panelIndex\": \"9\", \"gridData\": {\"x\": 0, \"i\": \"9\", \"w\": 48, \"h\": 4, \"y\": 0}}]",
                "timeRestore": false,
                "title": "[Auditbeat System] Login Dashboard ECS",
                "version": 1
            },
            "id": "2a17f200-285e-11e9-805f-43bf57dfa519-ecs",
            "type": "dashboard",
            "updated_at": "2019-02-04T11:38:50.007Z",
            "version": 6
        }
    ],
    "version": "7.0.0"
}