{
    "objects": [
        {
            "attributes": {
                "description": "",
                "kibanaSavedObjectMeta": {
                    "searchSourceJSON": "{}"
                },
                "title": "Event Actions [Auditbeat Auditd] ECS",
                "uiStateJSON": "{}",
                "version": 1,
                "visState": "{\"aggs\": [], \"params\": {\"show_grid\": 1, \"filter\": \"event.module:auditd\", \"time_field\": \"@timestamp\", \"id\": \"61ca57f0-469d-11e7-af02-69e470af7417\", \"interval\": \"auto\", \"gauge_style\": \"half\", \"axis_position\": \"left\", \"type\": \"timeseries\", \"gauge_inner_width\": 10, \"axis_formatter\": \"number\", \"show_legend\": 1, \"legend_position\": \"left\", \"bar_color_rules\": [{\"id\": \"5bfc71a0-c1bd-11e7-938f-ab0645b6c431\"}], \"series\": [{\"chart_type\": \"line\", \"terms_field\": \"event.action\", \"axis_position\": \"right\", \"id\": \"61ca57f1-469d-11e7-af02-69e470af7417\", \"label\": \"Actions\", \"stacked\": \"none\", \"line_width\": 1, \"point_size\": 1, \"color\": \"#68BC00\", \"formatter\": \"number\", \"split_mode\": \"terms\", \"metrics\": [{\"id\": \"6b9fb2d0-c1bc-11e7-938f-ab0645b6c431\", \"type\": \"count\"}], \"seperate_axis\": 0, \"fill\": 0.5}], \"gauge_width\": 10, \"index_pattern\": \"auditbeat-*\", \"gauge_color_rules\": [{\"id\": \"5d20a650-c1bd-11e7-938f-ab0645b6c431\"}], \"background_color_rules\": [{\"id\": \"58c95a20-c1bd-11e7-938f-ab0645b6c431\"}]}, \"title\": \"Event Actions [Auditbeat Auditd] ECS\", \"type\": \"metrics\"}"
            },
            "id": "97680df0-c1c0-11e7-8995-936807a28b16-ecs",
            "type": "visualization",
            "updated_at": "2018-01-16T22:11:01.438Z",
            "version": 3
        },
        {
            "attributes": {
                "description": "",
                "kibanaSavedObjectMeta": {
                    "searchSourceJSON": "{\"index\": \"auditbeat-*\", \"filter\": [], \"query\": {\"language\": \"kuery\", \"query\": \"\"}}"
                },
                "savedSearchId": "0f10c430-c1c3-11e7-8995-936807a28b16-ecs",
                "title": "Event Categories [Auditbeat Auditd] ECS",
                "uiStateJSON": "{}",
                "version": 1,
                "visState": "{\"aggs\": [{\"id\": \"1\", \"params\": {}, \"type\": \"count\", \"enabled\": true, \"schema\": \"metric\"}, {\"id\": \"2\", \"params\": {\"customLabel\": \"Category\", \"order\": \"desc\", \"field\": \"event.category\", \"size\": 5, \"orderBy\": \"1\"}, \"type\": \"terms\", \"enabled\": true, \"schema\": \"segment\"}, {\"id\": \"3\", \"params\": {\"customLabel\": \"Action\", \"order\": \"desc\", \"field\": \"event.action\", \"size\": 20, \"orderBy\": \"1\"}, \"type\": \"terms\", \"enabled\": true, \"schema\": \"segment\"}], \"params\": {\"isDonut\": true, \"addLegend\": true, \"type\": \"pie\", \"addTooltip\": true, \"legendPosition\": \"right\"}, \"title\": \"Event Categories [Auditbeat Auditd] ECS\", \"type\": \"pie\"}"
            },
            "id": "08679220-c25a-11e7-8692-232bd1143e8a-ecs",
            "type": "visualization",
            "updated_at": "2018-01-16T22:54:10.330Z",
            "version": 4
        },
        {
            "attributes": {
                "columns": [
                    "agent.hostname",
                    "auditd.summary.actor.primary",
                    "auditd.summary.actor.secondary",
                    "event.action",
                    "auditd.summary.object.type",
                    "auditd.summary.object.primary",
                    "auditd.summary.object.secondary",
                    "auditd.summary.how",
                    "auditd.result"
                ],
                "description": "",
                "hits": 0,
                "kibanaSavedObjectMeta": {
                    "searchSourceJSON": "{\"version\": true, \"index\": \"auditbeat-*\", \"highlightAll\": true, \"filter\": [{\"$state\": {\"store\": \"appState\"}, \"query\": {\"match\": {\"event.module\": {\"query\": \"auditd\", \"type\": \"phrase\"}}}, \"meta\": {\"value\": \"auditd\", \"type\": \"phrase\", \"params\": {\"query\": \"auditd\", \"type\": \"phrase\"}, \"index\": \"auditbeat-*\", \"negate\": false, \"disabled\": false, \"alias\": null, \"key\": \"event.module\"}}], \"query\": {\"language\": \"kuery\", \"query\": \"\"}}"
                },
                "sort": [
                    "@timestamp",
                    "desc"
                ],
                "title": "Audit Event Table [Auditbeat Auditd] ECS",
                "version": 1
            },
            "id": "0f10c430-c1c3-11e7-8995-936807a28b16-ecs",
            "type": "search",
            "updated_at": "2018-01-16T22:51:24.572Z",
            "version": 4
        },
        {
            "attributes": {
                "description": "Summary of Linux kernel audit events.",
                "hits": 0,
                "kibanaSavedObjectMeta": {
                    "searchSourceJSON": "{\"version\": true, \"highlightAll\": true, \"filter\": [], \"query\": {\"language\": \"kuery\", \"query\": \"\"}}"
                },
                "optionsJSON": "{\"useMargins\": false, \"darkTheme\": false}",
                "panelsJSON": "[{\"id\": \"97680df0-c1c0-11e7-8995-936807a28b16-ecs\", \"panelIndex\": \"1\", \"gridData\": {\"x\": 0, \"i\": \"1\", \"w\": 7, \"h\": 3, \"y\": 0}, \"version\": \"6.2.4\", \"type\": \"visualization\"}, {\"id\": \"08679220-c25a-11e7-8692-232bd1143e8a-ecs\", \"panelIndex\": \"4\", \"gridData\": {\"x\": 7, \"i\": \"4\", \"w\": 5, \"h\": 3, \"y\": 0}, \"version\": \"6.2.4\", \"type\": \"visualization\"}, {\"id\": \"0f10c430-c1c3-11e7-8995-936807a28b16-ecs\", \"panelIndex\": \"5\", \"gridData\": {\"x\": 0, \"i\": \"5\", \"w\": 12, \"h\": 5, \"y\": 3}, \"version\": \"6.2.4\", \"type\": \"search\"}]",
                "timeRestore": false,
                "title": "[Auditbeat Auditd] Overview ECS",
                "version": 1
            },
            "id": "c0ac2c00-c1c0-11e7-8995-936807a28b16-ecs",
            "type": "dashboard",
            "updated_at": "2018-01-16T22:55:17.775Z",
            "version": 5
        }
    ],
    "version": "6.2.4"
}