{
    "objects": [
        {
            "attributes": {
                "description": "Includes Visual Builder Metric Interval size 90 days",
                "hits": 0,
                "kibanaSavedObjectMeta": {
                    "searchSourceJSON": "{\"filter\": [], \"query\": {\"language\": \"kuery\", \"query\": \"\"}}"
                },
                "optionsJSON": "{\"hidePanelTitles\": false, \"useMargins\": true}",
                "panelsJSON": "[{\"version\": \"7.3.0\", \"panelIndex\": \"1\", \"embeddableConfig\": {}, \"title\": \"\", \"panelRefName\": \"panel_0\", \"gridData\": {\"x\": 0, \"y\": 0, \"i\": \"1\", \"w\": 17, \"h\": 19}}, {\"version\": \"7.3.0\", \"panelIndex\": \"2\", \"embeddableConfig\": {\"vis\": {\"legendOpen\": false}}, \"title\": \"User Management Actions [Winlogbeat Security]\", \"panelRefName\": \"panel_1\", \"gridData\": {\"x\": 17, \"y\": 0, \"i\": \"2\", \"w\": 18, \"h\": 19}}, {\"version\": \"7.3.0\", \"panelIndex\": \"3\", \"embeddableConfig\": {}, \"title\": \"Created Users [Winlogbeat Security]\", \"panelRefName\": \"panel_2\", \"gridData\": {\"x\": 0, \"y\": 51, \"i\": \"3\", \"w\": 9, \"h\": 16}}, {\"version\": \"7.3.0\", \"panelIndex\": \"4\", \"embeddableConfig\": {}, \"title\": \"Event Codes [Winlogbeat Security]\", \"panelRefName\": \"panel_3\", \"gridData\": {\"x\": 35, \"y\": 0, \"i\": \"4\", \"w\": 13, \"h\": 19}}, {\"version\": \"7.3.0\", \"panelIndex\": \"5\", \"embeddableConfig\": {}, \"title\": \"Enabled Users [Winlogbeat Security]\", \"panelRefName\": \"panel_4\", \"gridData\": {\"x\": 9, \"y\": 51, \"i\": \"5\", \"w\": 9, \"h\": 16}}, {\"version\": \"7.3.0\", \"panelIndex\": \"6\", \"embeddableConfig\": {}, \"title\": \"Disabled Users [Winlogbeat Security]\", \"panelRefName\": \"panel_5\", \"gridData\": {\"x\": 0, \"y\": 74, \"i\": \"6\", \"w\": 9, \"h\": 16}}, {\"version\": \"7.3.0\", \"panelIndex\": \"7\", \"embeddableConfig\": {}, \"title\": \"Deleted Users [Winlogbeat Security]\", \"panelRefName\": \"panel_6\", \"gridData\": {\"x\": 18, \"y\": 51, \"i\": \"7\", \"w\": 9, \"h\": 16}}, {\"version\": \"7.3.0\", \"panelIndex\": \"8\", \"embeddableConfig\": {\"vis\": {\"legendOpen\": false, \"defaultColors\": {\"8 - 12\": \"rgb(116,196,118)\", \"0 - 4\": \"rgb(247,252,245)\", \"12 - 16\": \"rgb(35,139,69)\", \"4 - 8\": \"rgb(199,233,192)\"}}}, \"title\": \"Actions performed over Users [Winlogbeat Security]\", \"panelRefName\": \"panel_7\", \"gridData\": {\"x\": 0, \"y\": 19, \"i\": \"8\", \"w\": 48, \"h\": 25}}, {\"version\": \"7.3.0\", \"panelIndex\": \"9\", \"embeddableConfig\": {}, \"title\": \"Passwords Changes [Winlogbeat Security]\", \"panelRefName\": \"panel_8\", \"gridData\": {\"x\": 18, \"y\": 74, \"i\": \"9\", \"w\": 9, \"h\": 16}}, {\"version\": \"7.3.0\", \"panelIndex\": \"15\", \"embeddableConfig\": {}, \"title\": \"Unlocked Users [Winlogbeat Security]\", \"panelRefName\": \"panel_9\", \"gridData\": {\"x\": 9, \"y\": 74, \"i\": \"15\", \"w\": 9, \"h\": 16}}, {\"version\": \"7.3.0\", \"panelIndex\": \"16\", \"embeddableConfig\": {}, \"title\": \"Users Changes [Winlogbeat Security]\", \"panelRefName\": \"panel_10\", \"gridData\": {\"x\": 18, \"y\": 97, \"i\": \"16\", \"w\": 9, \"h\": 16}}, {\"version\": \"7.3.0\", \"panelIndex\": \"20\", \"embeddableConfig\": {}, \"title\": \"Locked-out Users [Winlogbeat Security]\", \"panelRefName\": \"panel_11\", \"gridData\": {\"x\": 0, \"y\": 97, \"i\": \"20\", \"w\": 9, \"h\": 16}}, {\"version\": \"7.3.0\", \"panelIndex\": \"21\", \"embeddableConfig\": {}, \"title\": \"User Management Actions Distributions over Time [Winlogbeat Security]\", \"panelRefName\": \"panel_12\", \"gridData\": {\"x\": 27, \"y\": 44, \"i\": \"21\", \"w\": 21, \"h\": 23}}, {\"version\": \"7.3.1\", \"panelIndex\": \"22\", \"panelRefName\": \"panel_13\", \"embeddableConfig\": {}, \"gridData\": {\"x\": 27, \"y\": 67, \"i\": \"22\", \"w\": 21, \"h\": 46}}, {\"version\": \"7.3.1\", \"panelIndex\": \"23\", \"panelRefName\": \"panel_14\", \"embeddableConfig\": {}, \"gridData\": {\"x\": 0, \"y\": 113, \"i\": \"23\", \"w\": 48, \"h\": 19}}, {\"version\": \"7.3.1\", \"panelIndex\": \"24\", \"embeddableConfig\": {}, \"title\": \"\", \"panelRefName\": \"panel_15\", \"gridData\": {\"x\": 0, \"y\": 67, \"i\": \"24\", \"w\": 9, \"h\": 7}}, {\"version\": \"7.3.1\", \"panelIndex\": \"25\", \"embeddableConfig\": {}, \"title\": \"\", \"panelRefName\": \"panel_16\", \"gridData\": {\"x\": 9, \"y\": 44, \"i\": \"25\", \"w\": 9, \"h\": 7}}, {\"version\": \"7.3.1\", \"panelIndex\": \"26\", \"embeddableConfig\": {}, \"title\": \"\", \"panelRefName\": \"panel_17\", \"gridData\": {\"x\": 18, \"y\": 44, \"i\": \"26\", \"w\": 9, \"h\": 7}}, {\"version\": \"7.3.1\", \"panelIndex\": \"27\", \"embeddableConfig\": {}, \"title\": \"\", \"panelRefName\": \"panel_18\", \"gridData\": {\"x\": 0, \"y\": 44, \"i\": \"27\", \"w\": 9, \"h\": 7}}, {\"version\": \"7.3.1\", \"panelIndex\": \"28\", \"embeddableConfig\": {}, \"title\": \"\", \"panelRefName\": \"panel_19\", \"gridData\": {\"x\": 9, \"y\": 67, \"i\": \"28\", \"w\": 9, \"h\": 7}}, {\"version\": \"7.3.1\", \"panelIndex\": \"29\", \"embeddableConfig\": {}, \"title\": \"\", \"panelRefName\": \"panel_20\", \"gridData\": {\"x\": 18, \"y\": 67, \"i\": \"29\", \"w\": 9, \"h\": 7}}, {\"version\": \"7.3.1\", \"panelIndex\": \"30\", \"embeddableConfig\": {}, \"title\": \"\", \"panelRefName\": \"panel_21\", \"gridData\": {\"x\": 0, \"y\": 90, \"i\": \"30\", \"w\": 9, \"h\": 7}}, {\"version\": \"7.3.1\", \"panelIndex\": \"31\", \"embeddableConfig\": {}, \"title\": \"\", \"panelRefName\": \"panel_22\", \"gridData\": {\"x\": 18, \"y\": 90, \"i\": \"31\", \"w\": 9, \"h\": 7}}, {\"version\": \"7.3.1\", \"panelIndex\": \"32\", \"embeddableConfig\": {}, \"title\": \"\", \"panelRefName\": \"panel_23\", \"gridData\": {\"x\": 9, \"y\": 90, \"i\": \"32\", \"w\": 9, \"h\": 7}}, {\"version\": \"7.3.1\", \"panelIndex\": \"33\", \"panelRefName\": \"panel_24\", \"embeddableConfig\": {}, \"gridData\": {\"x\": 9, \"y\": 97, \"i\": \"33\", \"w\": 9, \"h\": 16}}]",
                "timeRestore": false,
                "title": "[Winlogbeat Security] User Management Events",
                "version": 1
            },
            "id": "71f720f0-ff18-11e9-8405-516218e3d268",
            "migrationVersion": {
                "dashboard": "7.3.0"
            },
            "references": [
                {
                    "id": "2dc6b820-b9e8-11e9-b6a2-c9b4015c4baf",
                    "name": "panel_0",
                    "type": "visualization"
                },
                {
                    "id": "833e0110-b9ec-11e9-b6a2-c9b4015c4baf",
                    "name": "panel_1",
                    "type": "visualization"
                },
                {
                    "id": "5e7f0ed0-bcd2-11e9-b6a2-c9b4015c4baf",
                    "name": "panel_2",
                    "type": "visualization"
                },
                {
                    "id": "b2cecf10-bcd3-11e9-b6a2-c9b4015c4baf",
                    "name": "panel_3",
                    "type": "visualization"
                },
                {
                    "id": "0620c3d0-bcd4-11e9-b6a2-c9b4015c4baf",
                    "name": "panel_4",
                    "type": "visualization"
                },
                {
                    "id": "8f20c950-bcd4-11e9-b6a2-c9b4015c4baf",
                    "name": "panel_5",
                    "type": "visualization"
                },
                {
                    "id": "ee0319a0-bcd4-11e9-b6a2-c9b4015c4baf",
                    "name": "panel_6",
                    "type": "visualization"
                },
                {
                    "id": "dce77e60-bcd7-11e9-b6a2-c9b4015c4baf",
                    "name": "panel_7",
                    "type": "visualization"
                },
                {
                    "id": "da5ffe40-bcd9-11e9-b6a2-c9b4015c4baf",
                    "name": "panel_8",
                    "type": "visualization"
                },
                {
                    "id": "da2110c0-bcea-11e9-b6a2-c9b4015c4baf",
                    "name": "panel_9",
                    "type": "visualization"
                },
                {
                    "id": "abf96c10-bcea-11e9-b6a2-c9b4015c4baf",
                    "name": "panel_10",
                    "type": "visualization"
                },
                {
                    "id": "4ac8f5f0-bcfe-11e9-b6a2-c9b4015c4baf",
                    "name": "panel_11",
                    "type": "visualization"
                },
                {
                    "id": "8f723a10-bd97-11e9-b9c5-fddc96658612",
                    "name": "panel_12",
                    "type": "visualization"
                },
                {
                    "id": "7e178c80-fee1-11e9-8405-516218e3d268",
                    "name": "panel_13",
                    "type": "search"
                },
                {
                    "id": "324686c0-fefb-11e9-8405-516218e3d268",
                    "name": "panel_14",
                    "type": "search"
                },
                {
                    "id": "97c70300-ff1c-11e9-8405-516218e3d268",
                    "name": "panel_15",
                    "type": "visualization"
                },
                {
                    "id": "bf45dc50-ff1a-11e9-8405-516218e3d268",
                    "name": "panel_16",
                    "type": "visualization"
                },
                {
                    "id": "7322f9f0-ff1c-11e9-8405-516218e3d268",
                    "name": "panel_17",
                    "type": "visualization"
                },
                {
                    "id": "d3a5fec0-ff18-11e9-8405-516218e3d268",
                    "name": "panel_18",
                    "type": "visualization"
                },
                {
                    "id": "1b6725f0-ff1d-11e9-8405-516218e3d268",
                    "name": "panel_19",
                    "type": "visualization"
                },
                {
                    "id": "60301890-ff1d-11e9-8405-516218e3d268",
                    "name": "panel_20",
                    "type": "visualization"
                },
                {
                    "id": "9dd22440-ff1d-11e9-8405-516218e3d268",
                    "name": "panel_21",
                    "type": "visualization"
                },
                {
                    "id": "c9d959f0-ff1d-11e9-8405-516218e3d268",
                    "name": "panel_22",
                    "type": "visualization"
                },
                {
                    "id": "1f271bc0-231a-11ea-8405-516218e3d268",
                    "name": "panel_23",
                    "type": "visualization"
                },
                {
                    "id": "fa876300-231a-11ea-8405-516218e3d268",
                    "name": "panel_24",
                    "type": "visualization"
                }
            ],
            "type": "dashboard",
            "updated_at": "2020-02-04T20:39:01.724Z",
            "version": "WzQ0LDFd"
        },
        {
            "attributes": {
                "description": "",
                "kibanaSavedObjectMeta": {
                    "searchSourceJSON": "{\"filter\": [], \"query\": {\"language\": \"kuery\", \"query\": \"\"}}"
                },
                "title": "User  Management Events - Description [Winlogbeat Security]",
                "uiStateJSON": "{}",
                "version": 1,
                "visState": "{\"aggs\": [], \"params\": {\"openLinksInNewTab\": false, \"fontSize\": 10, \"markdown\": \"# **User Management Events**\\n\\n#### This dashboard shows information about User Management Events collected by winlogbeat\\n#\\n#\\n#\\nEvent | Description\\n-- | --\\n4720 | A user account was created\\n4722 | A user account was enabled\\n4723 | An attempt was made to change an account's password\\n4724 | An attempt was made to reset an account's password\\n4725 | An user account was disabled\\n4726 | An user account was deleted\\n4738 | An user account was changed\\n4740 | An user account was locked out\\n4767 | An account was unlocked\\n4781 | The name of an account was changed\"}, \"type\": \"markdown\", \"title\": \"User  Management Events - Description [Winlogbeat Security]\"}"
            },
            "id": "2dc6b820-b9e8-11e9-b6a2-c9b4015c4baf",
            "migrationVersion": {
                "visualization": "7.4.2"
            },
            "references": [],
            "type": "visualization",
            "updated_at": "2020-02-04T20:39:02.784Z",
            "version": "WzcxLDFd"
        },
        {
            "attributes": {
                "description": "",
                "kibanaSavedObjectMeta": {
                    "searchSourceJSON": "{\"indexRefName\": \"kibanaSavedObjectMeta.searchSourceJSON.index\", \"filter\": [{\"$state\": {\"store\": \"appState\"}, \"meta\": {\"indexRefName\": \"kibanaSavedObjectMeta.searchSourceJSON.filter[0].meta.index\", \"negate\": false, \"alias\": null, \"value\": \"4720, 4722, 4723, 4724, 4725, 4726, 4738, 4740, 4765, 4766, 4767, 4780, 4781, 4794, 5376, 5377\", \"params\": [\"4720\", \"4722\", \"4723\", \"4724\", \"4725\", \"4726\", \"4738\", \"4740\", \"4765\", \"4766\", \"4767\", \"4780\", \"4781\", \"4794\", \"5376\", \"5377\"], \"disabled\": false, \"key\": \"event.code\", \"type\": \"phrases\"}, \"query\": {\"bool\": {\"should\": [{\"match_phrase\": {\"event.code\": \"4720\"}}, {\"match_phrase\": {\"event.code\": \"4722\"}}, {\"match_phrase\": {\"event.code\": \"4723\"}}, {\"match_phrase\": {\"event.code\": \"4724\"}}, {\"match_phrase\": {\"event.code\": \"4725\"}}, {\"match_phrase\": {\"event.code\": \"4726\"}}, {\"match_phrase\": {\"event.code\": \"4738\"}}, {\"match_phrase\": {\"event.code\": \"4740\"}}, {\"match_phrase\": {\"event.code\": \"4765\"}}, {\"match_phrase\": {\"event.code\": \"4766\"}}, {\"match_phrase\": {\"event.code\": \"4767\"}}, {\"match_phrase\": {\"event.code\": \"4780\"}}, {\"match_phrase\": {\"event.code\": \"4781\"}}, {\"match_phrase\": {\"event.code\": \"4794\"}}, {\"match_phrase\": {\"event.code\": \"5376\"}}, {\"match_phrase\": {\"event.code\": \"5377\"}}], \"minimum_should_match\": 1}}}], \"query\": {\"language\": \"kuery\", \"query\": \"\"}}"
                },
                "title": "User Management Events - Event Actions - Donut [Winlogbeat Security]",
                "uiStateJSON": "{}",
                "version": 1,
                "visState": "{\"aggs\": [{\"params\": {}, \"type\": \"count\", \"enabled\": true, \"schema\": \"metric\", \"id\": \"1\"}, {\"params\": {\"missingBucketLabel\": \"Missing\", \"otherBucket\": false, \"otherBucketLabel\": \"Other\", \"size\": 5, \"order\": \"desc\", \"missingBucket\": false, \"field\": \"event.action\", \"orderBy\": \"1\"}, \"type\": \"terms\", \"enabled\": true, \"schema\": \"segment\", \"id\": \"2\"}], \"params\": {\"dimensions\": {\"buckets\": [{\"params\": {}, \"aggType\": \"terms\", \"accessor\": 0, \"format\": {\"params\": {\"missingBucketLabel\": \"Missing\", \"otherBucketLabel\": \"Other\", \"id\": \"string\"}, \"id\": \"terms\"}}], \"metric\": {\"params\": {}, \"aggType\": \"count\", \"accessor\": 1, \"format\": {\"id\": \"number\"}}}, \"labels\": {\"show\": true, \"values\": true, \"truncate\": 100, \"last_level\": true}, \"addTooltip\": true, \"isDonut\": true, \"legendPosition\": \"right\", \"type\": \"pie\", \"addLegend\": true}, \"type\": \"pie\", \"title\": \"User Management Events - Event Actions - Donut [Winlogbeat Security]\"}"
            },
            "id": "833e0110-b9ec-11e9-b6a2-c9b4015c4baf",
            "migrationVersion": {
                "visualization": "7.4.2"
            },
            "references": [
                {
                    "id": "winlogbeat-*",
                    "name": "kibanaSavedObjectMeta.searchSourceJSON.index",
                    "type": "index-pattern"
                },
                {
                    "id": "winlogbeat-*",
                    "name": "kibanaSavedObjectMeta.searchSourceJSON.filter[0].meta.index",
                    "type": "index-pattern"
                }
            ],
            "type": "visualization",
            "updated_at": "2020-02-04T20:39:02.784Z",
            "version": "WzcyLDFd"
        },
        {
            "attributes": {
                "description": "",
                "kibanaSavedObjectMeta": {
                    "searchSourceJSON": "{\"indexRefName\": \"kibanaSavedObjectMeta.searchSourceJSON.index\", \"filter\": [{\"$state\": {\"store\": \"appState\"}, \"meta\": {\"indexRefName\": \"kibanaSavedObjectMeta.searchSourceJSON.filter[0].meta.index\", \"negate\": false, \"alias\": null, \"value\": \"4720\", \"params\": {\"query\": \"4720\"}, \"disabled\": false, \"key\": \"event.code\", \"type\": \"phrase\"}, \"query\": {\"match\": {\"event.code\": {\"type\": \"phrase\", \"query\": \"4720\"}}}}], \"query\": {\"language\": \"kuery\", \"query\": \"\"}}"
                },
                "title": "Users Created - Table [Winlogbeat Security]",
                "uiStateJSON": "{\"vis\": {\"params\": {\"sort\": {\"direction\": null, \"columnIndex\": null}}}}",
                "version": 1,
                "visState": "{\"aggs\": [{\"params\": {}, \"type\": \"count\", \"enabled\": true, \"schema\": \"metric\", \"id\": \"1\"}, {\"params\": {\"missingBucketLabel\": \"Missing\", \"otherBucket\": false, \"otherBucketLabel\": \"Other\", \"size\": 100, \"order\": \"desc\", \"missingBucket\": false, \"field\": \"winlog.event_data.TargetUserName\", \"orderBy\": \"1\", \"customLabel\": \"Created User\"}, \"type\": \"terms\", \"enabled\": true, \"schema\": \"bucket\", \"id\": \"2\"}, {\"params\": {\"missingBucketLabel\": \"Missing\", \"otherBucket\": false, \"otherBucketLabel\": \"Other\", \"size\": 5, \"order\": \"desc\", \"missingBucket\": true, \"field\": \"winlog.event_data.SubjectUserName\", \"orderBy\": \"1\", \"customLabel\": \"Performed by\"}, \"type\": \"terms\", \"enabled\": true, \"schema\": \"bucket\", \"id\": \"3\"}, {\"params\": {\"missingBucketLabel\": \"Missing\", \"otherBucket\": false, \"otherBucketLabel\": \"Other\", \"size\": 5, \"order\": \"desc\", \"missingBucket\": false, \"field\": \"winlog.logon.id\", \"orderBy\": \"1\", \"customLabel\": \"Performer LogonID\"}, \"type\": \"terms\", \"enabled\": true, \"schema\": \"bucket\", \"id\": \"4\"}], \"params\": {\"dimensions\": {\"buckets\": [{\"params\": {}, \"aggType\": \"terms\", \"accessor\": 0, \"format\": {\"params\": {\"missingBucketLabel\": \"Missing\", \"otherBucketLabel\": \"Other\", \"id\": \"string\"}, \"id\": \"terms\"}}, {\"params\": {}, \"aggType\": \"terms\", \"accessor\": 1, \"format\": {\"params\": {\"missingBucketLabel\": \"Missing\", \"otherBucketLabel\": \"Other\", \"id\": \"string\"}, \"id\": \"terms\"}}, {\"params\": {}, \"aggType\": \"terms\", \"accessor\": 2, \"format\": {\"params\": {\"missingBucketLabel\": \"Missing\", \"otherBucketLabel\": \"Other\", \"id\": \"string\"}, \"id\": \"terms\"}}], \"metrics\": [{\"params\": {}, \"aggType\": \"count\", \"accessor\": 3, \"format\": {\"id\": \"number\"}}]}, \"showPartialRows\": false, \"sort\": {\"direction\": null, \"columnIndex\": null}, \"showTotal\": false, \"showMetricsAtAllLevels\": false, \"perPage\": 10, \"totalFunc\": \"sum\"}, \"type\": \"table\", \"title\": \"Users Created - Table [Winlogbeat Security]\"}"
            },
            "id": "5e7f0ed0-bcd2-11e9-b6a2-c9b4015c4baf",
            "migrationVersion": {
                "visualization": "7.4.2"
            },
            "references": [
                {
                    "id": "winlogbeat-*",
                    "name": "kibanaSavedObjectMeta.searchSourceJSON.index",
                    "type": "index-pattern"
                },
                {
                    "id": "winlogbeat-*",
                    "name": "kibanaSavedObjectMeta.searchSourceJSON.filter[0].meta.index",
                    "type": "index-pattern"
                }
            ],
            "type": "visualization",
            "updated_at": "2020-02-04T20:39:02.784Z",
            "version": "WzczLDFd"
        },
        {
            "attributes": {
                "description": "",
                "kibanaSavedObjectMeta": {
                    "searchSourceJSON": "{\"indexRefName\": \"kibanaSavedObjectMeta.searchSourceJSON.index\", \"filter\": [{\"$state\": {\"store\": \"appState\"}, \"meta\": {\"indexRefName\": \"kibanaSavedObjectMeta.searchSourceJSON.filter[0].meta.index\", \"negate\": false, \"alias\": null, \"value\": \"4720, 4722, 4723, 4724, 4725, 4726, 4738, 4740, 4765, 4766, 4767, 4780, 4781, 4794, 5376, 5377\", \"params\": [\"4720\", \"4722\", \"4723\", \"4724\", \"4725\", \"4726\", \"4738\", \"4740\", \"4765\", \"4766\", \"4767\", \"4780\", \"4781\", \"4794\", \"5376\", \"5377\"], \"disabled\": false, \"key\": \"event.code\", \"type\": \"phrases\"}, \"query\": {\"bool\": {\"should\": [{\"match_phrase\": {\"event.code\": \"4720\"}}, {\"match_phrase\": {\"event.code\": \"4722\"}}, {\"match_phrase\": {\"event.code\": \"4723\"}}, {\"match_phrase\": {\"event.code\": \"4724\"}}, {\"match_phrase\": {\"event.code\": \"4725\"}}, {\"match_phrase\": {\"event.code\": \"4726\"}}, {\"match_phrase\": {\"event.code\": \"4738\"}}, {\"match_phrase\": {\"event.code\": \"4740\"}}, {\"match_phrase\": {\"event.code\": \"4765\"}}, {\"match_phrase\": {\"event.code\": \"4766\"}}, {\"match_phrase\": {\"event.code\": \"4767\"}}, {\"match_phrase\": {\"event.code\": \"4780\"}}, {\"match_phrase\": {\"event.code\": \"4781\"}}, {\"match_phrase\": {\"event.code\": \"4794\"}}, {\"match_phrase\": {\"event.code\": \"5376\"}}, {\"match_phrase\": {\"event.code\": \"5377\"}}], \"minimum_should_match\": 1}}}], \"query\": {\"language\": \"kuery\", \"query\": \"\"}}"
                },
                "title": "User Management Events - Event Actions - Table [Winlogbeat Security]",
                "uiStateJSON": "{\"vis\": {\"params\": {\"sort\": {\"direction\": null, \"columnIndex\": null}}}}",
                "version": 1,
                "visState": "{\"aggs\": [{\"params\": {}, \"type\": \"count\", \"enabled\": true, \"schema\": \"metric\", \"id\": \"1\"}, {\"params\": {\"missingBucketLabel\": \"Missing\", \"otherBucket\": false, \"otherBucketLabel\": \"Other\", \"size\": 10, \"order\": \"desc\", \"missingBucket\": false, \"field\": \"event.action\", \"orderBy\": \"1\", \"customLabel\": \"Event Short Description\"}, \"type\": \"terms\", \"enabled\": true, \"schema\": \"bucket\", \"id\": \"2\"}, {\"params\": {\"missingBucketLabel\": \"Missing\", \"otherBucket\": false, \"otherBucketLabel\": \"Other\", \"size\": 5, \"order\": \"desc\", \"missingBucket\": false, \"field\": \"event.code\", \"orderBy\": \"1\", \"customLabel\": \"Event Code\"}, \"type\": \"terms\", \"enabled\": true, \"schema\": \"bucket\", \"id\": \"3\"}], \"params\": {\"dimensions\": {\"buckets\": [{\"params\": {}, \"aggType\": \"terms\", \"accessor\": 0, \"format\": {\"params\": {\"missingBucketLabel\": \"Missing\", \"otherBucketLabel\": \"Other\", \"id\": \"string\"}, \"id\": \"terms\"}}, {\"params\": {}, \"aggType\": \"terms\", \"accessor\": 1, \"format\": {\"params\": {\"missingBucketLabel\": \"Missing\", \"otherBucketLabel\": \"Other\", \"id\": \"string\"}, \"id\": \"terms\"}}], \"metrics\": [{\"params\": {}, \"aggType\": \"count\", \"accessor\": 2, \"format\": {\"id\": \"number\"}}]}, \"showPartialRows\": false, \"sort\": {\"direction\": null, \"columnIndex\": null}, \"showTotal\": false, \"showMetricsAtAllLevels\": false, \"perPage\": 10, \"totalFunc\": \"sum\"}, \"type\": \"table\", \"title\": \"User Management Events - Event Actions - Table [Winlogbeat Security]\"}"
            },
            "id": "b2cecf10-bcd3-11e9-b6a2-c9b4015c4baf",
            "migrationVersion": {
                "visualization": "7.4.2"
            },
            "references": [
                {
                    "id": "winlogbeat-*",
                    "name": "kibanaSavedObjectMeta.searchSourceJSON.index",
                    "type": "index-pattern"
                },
                {
                    "id": "winlogbeat-*",
                    "name": "kibanaSavedObjectMeta.searchSourceJSON.filter[0].meta.index",
                    "type": "index-pattern"
                }
            ],
            "type": "visualization",
            "updated_at": "2020-02-04T20:39:02.784Z",
            "version": "Wzc0LDFd"
        },
        {
            "attributes": {
                "description": "",
                "kibanaSavedObjectMeta": {
                    "searchSourceJSON": "{\"indexRefName\": \"kibanaSavedObjectMeta.searchSourceJSON.index\", \"filter\": [{\"$state\": {\"store\": \"appState\"}, \"meta\": {\"indexRefName\": \"kibanaSavedObjectMeta.searchSourceJSON.filter[0].meta.index\", \"negate\": false, \"alias\": null, \"value\": \"4722\", \"params\": {\"query\": \"4722\"}, \"disabled\": false, \"key\": \"event.code\", \"type\": \"phrase\"}, \"query\": {\"match\": {\"event.code\": {\"type\": \"phrase\", \"query\": \"4722\"}}}}], \"query\": {\"language\": \"kuery\", \"query\": \"\"}}"
                },
                "title": "Users Enabled - Table [Winlogbeat Security]",
                "uiStateJSON": "{\"vis\": {\"params\": {\"sort\": {\"direction\": null, \"columnIndex\": null}}}}",
                "version": 1,
                "visState": "{\"aggs\": [{\"params\": {}, \"type\": \"count\", \"enabled\": true, \"schema\": \"metric\", \"id\": \"1\"}, {\"params\": {\"missingBucketLabel\": \"Missing\", \"otherBucket\": false, \"otherBucketLabel\": \"Other\", \"size\": 100, \"order\": \"desc\", \"missingBucket\": false, \"field\": \"winlog.event_data.TargetUserName\", \"orderBy\": \"1\", \"customLabel\": \"Enabled User\"}, \"type\": \"terms\", \"enabled\": true, \"schema\": \"bucket\", \"id\": \"2\"}, {\"params\": {\"missingBucketLabel\": \"Missing\", \"otherBucket\": false, \"otherBucketLabel\": \"Other\", \"size\": 5, \"order\": \"desc\", \"missingBucket\": true, \"field\": \"winlog.event_data.SubjectUserName\", \"orderBy\": \"1\", \"customLabel\": \"Performed by\"}, \"type\": \"terms\", \"enabled\": true, \"schema\": \"bucket\", \"id\": \"3\"}, {\"params\": {\"missingBucketLabel\": \"Missing\", \"otherBucket\": false, \"otherBucketLabel\": \"Other\", \"size\": 5, \"order\": \"desc\", \"missingBucket\": false, \"field\": \"winlog.logon.id\", \"orderBy\": \"1\", \"customLabel\": \"Performer LogonId\"}, \"type\": \"terms\", \"enabled\": true, \"schema\": \"bucket\", \"id\": \"4\"}], \"params\": {\"dimensions\": {\"buckets\": [{\"params\": {}, \"aggType\": \"terms\", \"accessor\": 0, \"format\": {\"params\": {\"missingBucketLabel\": \"Missing\", \"otherBucketLabel\": \"Other\", \"id\": \"string\"}, \"id\": \"terms\"}}, {\"params\": {}, \"aggType\": \"terms\", \"accessor\": 1, \"format\": {\"params\": {\"missingBucketLabel\": \"Missing\", \"otherBucketLabel\": \"Other\", \"id\": \"string\"}, \"id\": \"terms\"}}, {\"params\": {}, \"aggType\": \"terms\", \"accessor\": 2, \"format\": {\"params\": {\"missingBucketLabel\": \"Missing\", \"otherBucketLabel\": \"Other\", \"id\": \"string\"}, \"id\": \"terms\"}}], \"metrics\": [{\"params\": {}, \"aggType\": \"count\", \"accessor\": 3, \"format\": {\"id\": \"number\"}}]}, \"showPartialRows\": false, \"sort\": {\"direction\": null, \"columnIndex\": null}, \"showTotal\": false, \"showMetricsAtAllLevels\": false, \"perPage\": 10, \"totalFunc\": \"sum\"}, \"type\": \"table\", \"title\": \"Users Enabled - Table [Winlogbeat Security]\"}"
            },
            "id": "0620c3d0-bcd4-11e9-b6a2-c9b4015c4baf",
            "migrationVersion": {
                "visualization": "7.4.2"
            },
            "references": [
                {
                    "id": "winlogbeat-*",
                    "name": "kibanaSavedObjectMeta.searchSourceJSON.index",
                    "type": "index-pattern"
                },
                {
                    "id": "winlogbeat-*",
                    "name": "kibanaSavedObjectMeta.searchSourceJSON.filter[0].meta.index",
                    "type": "index-pattern"
                }
            ],
            "type": "visualization",
            "updated_at": "2020-02-04T20:39:02.784Z",
            "version": "Wzc1LDFd"
        },
        {
            "attributes": {
                "description": "",
                "kibanaSavedObjectMeta": {
                    "searchSourceJSON": "{\"indexRefName\": \"kibanaSavedObjectMeta.searchSourceJSON.index\", \"filter\": [{\"$state\": {\"store\": \"appState\"}, \"meta\": {\"indexRefName\": \"kibanaSavedObjectMeta.searchSourceJSON.filter[0].meta.index\", \"negate\": false, \"alias\": null, \"value\": \"4725\", \"params\": {\"query\": \"4725\"}, \"disabled\": false, \"key\": \"event.code\", \"type\": \"phrase\"}, \"query\": {\"match\": {\"event.code\": {\"type\": \"phrase\", \"query\": \"4725\"}}}}], \"query\": {\"language\": \"kuery\", \"query\": \"\"}}"
                },
                "title": "Users Disabled - Table [Winlogbeat Security]",
                "uiStateJSON": "{\"vis\": {\"params\": {\"sort\": {\"direction\": null, \"columnIndex\": null}}}}",
                "version": 1,
                "visState": "{\"aggs\": [{\"params\": {}, \"type\": \"count\", \"enabled\": true, \"schema\": \"metric\", \"id\": \"1\"}, {\"params\": {\"missingBucketLabel\": \"Missing\", \"otherBucket\": false, \"otherBucketLabel\": \"Other\", \"size\": 100, \"order\": \"desc\", \"missingBucket\": false, \"field\": \"winlog.event_data.TargetUserName\", \"orderBy\": \"1\", \"customLabel\": \"Disabled User\"}, \"type\": \"terms\", \"enabled\": true, \"schema\": \"bucket\", \"id\": \"2\"}, {\"params\": {\"missingBucketLabel\": \"Missing\", \"otherBucket\": false, \"otherBucketLabel\": \"Other\", \"size\": 5, \"order\": \"desc\", \"missingBucket\": true, \"field\": \"winlog.event_data.SubjectUserName\", \"orderBy\": \"1\", \"customLabel\": \"Performed by\"}, \"type\": \"terms\", \"enabled\": true, \"schema\": \"bucket\", \"id\": \"3\"}, {\"params\": {\"missingBucketLabel\": \"Missing\", \"otherBucket\": false, \"otherBucketLabel\": \"Other\", \"size\": 5, \"order\": \"desc\", \"missingBucket\": false, \"field\": \"winlog.logon.id\", \"orderBy\": \"1\", \"customLabel\": \"Performer LogonId\"}, \"type\": \"terms\", \"enabled\": true, \"schema\": \"bucket\", \"id\": \"4\"}], \"params\": {\"dimensions\": {\"buckets\": [{\"params\": {}, \"aggType\": \"terms\", \"accessor\": 0, \"format\": {\"params\": {\"missingBucketLabel\": \"Missing\", \"otherBucketLabel\": \"Other\", \"id\": \"string\"}, \"id\": \"terms\"}}, {\"params\": {}, \"aggType\": \"terms\", \"accessor\": 1, \"format\": {\"params\": {\"missingBucketLabel\": \"Missing\", \"otherBucketLabel\": \"Other\", \"id\": \"string\"}, \"id\": \"terms\"}}, {\"params\": {}, \"aggType\": \"terms\", \"accessor\": 2, \"format\": {\"params\": {\"missingBucketLabel\": \"Missing\", \"otherBucketLabel\": \"Other\", \"id\": \"string\"}, \"id\": \"terms\"}}], \"metrics\": [{\"params\": {}, \"aggType\": \"count\", \"accessor\": 3, \"format\": {\"id\": \"number\"}}]}, \"showPartialRows\": false, \"sort\": {\"direction\": null, \"columnIndex\": null}, \"showTotal\": false, \"showMetricsAtAllLevels\": false, \"perPage\": 10, \"totalFunc\": \"sum\"}, \"type\": \"table\", \"title\": \"Users Disabled - Table [Winlogbeat Security]\"}"
            },
            "id": "8f20c950-bcd4-11e9-b6a2-c9b4015c4baf",
            "migrationVersion": {
                "visualization": "7.4.2"
            },
            "references": [
                {
                    "id": "winlogbeat-*",
                    "name": "kibanaSavedObjectMeta.searchSourceJSON.index",
                    "type": "index-pattern"
                },
                {
                    "id": "winlogbeat-*",
                    "name": "kibanaSavedObjectMeta.searchSourceJSON.filter[0].meta.index",
                    "type": "index-pattern"
                }
            ],
            "type": "visualization",
            "updated_at": "2020-02-04T20:39:02.784Z",
            "version": "Wzc2LDFd"
        },
        {
            "attributes": {
                "description": "",
                "kibanaSavedObjectMeta": {
                    "searchSourceJSON": "{\"indexRefName\": \"kibanaSavedObjectMeta.searchSourceJSON.index\", \"filter\": [{\"$state\": {\"store\": \"appState\"}, \"meta\": {\"indexRefName\": \"kibanaSavedObjectMeta.searchSourceJSON.filter[0].meta.index\", \"negate\": false, \"alias\": null, \"value\": \"4726\", \"params\": {\"query\": \"4726\"}, \"disabled\": false, \"key\": \"event.code\", \"type\": \"phrase\"}, \"query\": {\"match\": {\"event.code\": {\"type\": \"phrase\", \"query\": \"4726\"}}}}], \"query\": {\"language\": \"kuery\", \"query\": \"\"}}"
                },
                "title": "Users Deleted - Table [Winlogbeat Security]",
                "uiStateJSON": "{\"vis\": {\"params\": {\"sort\": {\"direction\": null, \"columnIndex\": null}}}}",
                "version": 1,
                "visState": "{\"aggs\": [{\"params\": {}, \"type\": \"count\", \"enabled\": true, \"schema\": \"metric\", \"id\": \"1\"}, {\"params\": {\"missingBucketLabel\": \"Missing\", \"otherBucket\": false, \"otherBucketLabel\": \"Other\", \"size\": 100, \"order\": \"desc\", \"missingBucket\": false, \"field\": \"winlog.event_data.TargetUserName\", \"orderBy\": \"1\", \"customLabel\": \"Deleted User\"}, \"type\": \"terms\", \"enabled\": true, \"schema\": \"bucket\", \"id\": \"2\"}, {\"params\": {\"missingBucketLabel\": \"Missing\", \"otherBucket\": false, \"otherBucketLabel\": \"Other\", \"size\": 5, \"order\": \"desc\", \"missingBucket\": true, \"field\": \"winlog.event_data.SubjectUserName\", \"orderBy\": \"1\", \"customLabel\": \"Performed by\"}, \"type\": \"terms\", \"enabled\": true, \"schema\": \"bucket\", \"id\": \"3\"}, {\"params\": {\"missingBucketLabel\": \"Missing\", \"otherBucket\": false, \"otherBucketLabel\": \"Other\", \"size\": 5, \"order\": \"desc\", \"missingBucket\": false, \"field\": \"winlog.logon.id\", \"orderBy\": \"1\", \"customLabel\": \"Performed LogonId\"}, \"type\": \"terms\", \"enabled\": true, \"schema\": \"bucket\", \"id\": \"4\"}], \"params\": {\"dimensions\": {\"buckets\": [{\"params\": {}, \"aggType\": \"terms\", \"accessor\": 0, \"format\": {\"params\": {\"missingBucketLabel\": \"Missing\", \"otherBucketLabel\": \"Other\", \"id\": \"string\"}, \"id\": \"terms\"}}, {\"params\": {}, \"aggType\": \"terms\", \"accessor\": 1, \"format\": {\"params\": {\"missingBucketLabel\": \"Missing\", \"otherBucketLabel\": \"Other\", \"id\": \"string\"}, \"id\": \"terms\"}}, {\"params\": {}, \"aggType\": \"terms\", \"accessor\": 2, \"format\": {\"params\": {\"missingBucketLabel\": \"Missing\", \"otherBucketLabel\": \"Other\", \"id\": \"string\"}, \"id\": \"terms\"}}], \"metrics\": [{\"params\": {}, \"aggType\": \"count\", \"accessor\": 3, \"format\": {\"id\": \"number\"}}]}, \"showPartialRows\": false, \"sort\": {\"direction\": null, \"columnIndex\": null}, \"showTotal\": false, \"showMetricsAtAllLevels\": false, \"perPage\": 10, \"totalFunc\": \"sum\"}, \"type\": \"table\", \"title\": \"Users Deleted - Table [Winlogbeat Security]\"}"
            },
            "id": "ee0319a0-bcd4-11e9-b6a2-c9b4015c4baf",
            "migrationVersion": {
                "visualization": "7.4.2"
            },
            "references": [
                {
                    "id": "winlogbeat-*",
                    "name": "kibanaSavedObjectMeta.searchSourceJSON.index",
                    "type": "index-pattern"
                },
                {
                    "id": "winlogbeat-*",
                    "name": "kibanaSavedObjectMeta.searchSourceJSON.filter[0].meta.index",
                    "type": "index-pattern"
                }
            ],
            "type": "visualization",
            "updated_at": "2020-02-04T20:39:02.784Z",
            "version": "Wzc3LDFd"
        },
        {
            "attributes": {
                "description": "",
                "kibanaSavedObjectMeta": {
                    "searchSourceJSON": "{\"indexRefName\": \"kibanaSavedObjectMeta.searchSourceJSON.index\", \"filter\": [{\"$state\": {\"store\": \"appState\"}, \"meta\": {\"indexRefName\": \"kibanaSavedObjectMeta.searchSourceJSON.filter[0].meta.index\", \"negate\": false, \"alias\": null, \"value\": \"4720, 4722, 4723, 4724, 4725, 4726, 4738, 4740, 4765, 4766, 4767, 4780, 4781, 4794, 5376, 5377\", \"params\": [\"4720\", \"4722\", \"4723\", \"4724\", \"4725\", \"4726\", \"4738\", \"4740\", \"4765\", \"4766\", \"4767\", \"4780\", \"4781\", \"4794\", \"5376\", \"5377\"], \"disabled\": false, \"key\": \"event.code\", \"type\": \"phrases\"}, \"query\": {\"bool\": {\"should\": [{\"match_phrase\": {\"event.code\": \"4720\"}}, {\"match_phrase\": {\"event.code\": \"4722\"}}, {\"match_phrase\": {\"event.code\": \"4723\"}}, {\"match_phrase\": {\"event.code\": \"4724\"}}, {\"match_phrase\": {\"event.code\": \"4725\"}}, {\"match_phrase\": {\"event.code\": \"4726\"}}, {\"match_phrase\": {\"event.code\": \"4738\"}}, {\"match_phrase\": {\"event.code\": \"4740\"}}, {\"match_phrase\": {\"event.code\": \"4765\"}}, {\"match_phrase\": {\"event.code\": \"4766\"}}, {\"match_phrase\": {\"event.code\": \"4767\"}}, {\"match_phrase\": {\"event.code\": \"4780\"}}, {\"match_phrase\": {\"event.code\": \"4781\"}}, {\"match_phrase\": {\"event.code\": \"4794\"}}, {\"match_phrase\": {\"event.code\": \"5376\"}}, {\"match_phrase\": {\"event.code\": \"5377\"}}], \"minimum_should_match\": 1}}}], \"query\": {\"language\": \"kuery\", \"query\": \"\"}}"
                },
                "title": "User Management Events - Affected Users vs Actions - Heatmap [Winlogbeat Security]",
                "uiStateJSON": "{\"vis\": {\"defaultColors\": {\"14 - 28\": \"rgb(198,219,239)\", \"42 - 55\": \"rgb(33,113,181)\", \"0 - 14\": \"rgb(247,251,255)\", \"28 - 42\": \"rgb(107,174,214)\"}}}",
                "version": 1,
                "visState": "{\"aggs\": [{\"params\": {}, \"type\": \"count\", \"enabled\": true, \"schema\": \"metric\", \"id\": \"1\"}, {\"params\": {\"missingBucketLabel\": \"Missing\", \"otherBucket\": false, \"otherBucketLabel\": \"Other\", \"size\": 15, \"order\": \"desc\", \"missingBucket\": false, \"field\": \"winlog.event_data.TargetUserName\", \"orderBy\": \"1\", \"customLabel\": \"Target User\"}, \"type\": \"terms\", \"enabled\": true, \"schema\": \"segment\", \"id\": \"2\"}, {\"params\": {\"missingBucketLabel\": \"Missing\", \"otherBucket\": false, \"otherBucketLabel\": \"Other\", \"size\": 10, \"order\": \"desc\", \"missingBucket\": false, \"field\": \"event.action\", \"orderBy\": \"1\", \"customLabel\": \"Operation\"}, \"type\": \"terms\", \"enabled\": true, \"schema\": \"group\", \"id\": \"3\"}], \"params\": {\"colorsRange\": [], \"colorsNumber\": 4, \"enableHover\": false, \"addTooltip\": true, \"legendPosition\": \"right\", \"times\": [], \"type\": \"heatmap\", \"percentageMode\": false, \"colorSchema\": \"Blues\", \"invertColors\": false, \"dimensions\": {\"series\": [{\"params\": {}, \"aggType\": \"terms\", \"accessor\": 1, \"format\": {\"params\": {\"missingBucketLabel\": \"Missing\", \"otherBucketLabel\": \"Other\", \"id\": \"string\"}, \"id\": \"terms\"}}], \"x\": {\"params\": {}, \"aggType\": \"terms\", \"accessor\": 0, \"format\": {\"params\": {\"missingBucketLabel\": \"Missing\", \"otherBucketLabel\": \"Other\", \"id\": \"string\"}, \"id\": \"terms\"}}, \"y\": [{\"params\": {}, \"aggType\": \"count\", \"accessor\": 2, \"format\": {\"id\": \"number\"}}]}, \"setColorRange\": false, \"addLegend\": true, \"valueAxes\": [{\"show\": false, \"scale\": {\"type\": \"linear\", \"defaultYExtents\": false}, \"labels\": {\"rotate\": 0, \"overwriteColor\": false, \"color\": \"black\", \"show\": true}, \"type\": \"value\", \"id\": \"ValueAxis-1\"}]}, \"type\": \"heatmap\", \"title\": \"User Management Events - Affected Users vs Actions - Heatmap [Winlogbeat Security]\"}"
            },
            "id": "dce77e60-bcd7-11e9-b6a2-c9b4015c4baf",
            "migrationVersion": {
                "visualization": "7.4.2"
            },
            "references": [
                {
                    "id": "winlogbeat-*",
                    "name": "kibanaSavedObjectMeta.searchSourceJSON.index",
                    "type": "index-pattern"
                },
                {
                    "id": "winlogbeat-*",
                    "name": "kibanaSavedObjectMeta.searchSourceJSON.filter[0].meta.index",
                    "type": "index-pattern"
                }
            ],
            "type": "visualization",
            "updated_at": "2020-02-04T20:39:02.784Z",
            "version": "Wzc4LDFd"
        },
        {
            "attributes": {
                "description": "",
                "kibanaSavedObjectMeta": {
                    "searchSourceJSON": "{\"indexRefName\": \"kibanaSavedObjectMeta.searchSourceJSON.index\", \"filter\": [{\"$state\": {\"store\": \"appState\"}, \"meta\": {\"indexRefName\": \"kibanaSavedObjectMeta.searchSourceJSON.filter[0].meta.index\", \"negate\": false, \"alias\": null, \"value\": \"4723, 4724\", \"params\": [\"4723\", \"4724\"], \"disabled\": false, \"key\": \"event.code\", \"type\": \"phrases\"}, \"query\": {\"bool\": {\"should\": [{\"match_phrase\": {\"event.code\": \"4723\"}}, {\"match_phrase\": {\"event.code\": \"4724\"}}], \"minimum_should_match\": 1}}}], \"query\": {\"language\": \"kuery\", \"query\": \"\"}}"
                },
                "title": "Users Password Changes - Table [Winlogbeat Security]",
                "uiStateJSON": "{\"vis\": {\"params\": {\"sort\": {\"direction\": null, \"columnIndex\": null}}}}",
                "version": 1,
                "visState": "{\"aggs\": [{\"params\": {}, \"type\": \"count\", \"enabled\": true, \"schema\": \"metric\", \"id\": \"1\"}, {\"params\": {\"missingBucketLabel\": \"Missing\", \"otherBucket\": false, \"otherBucketLabel\": \"Other\", \"size\": 100, \"order\": \"desc\", \"missingBucket\": false, \"field\": \"winlog.event_data.TargetUserName\", \"orderBy\": \"1\", \"customLabel\": \"Password Change to\"}, \"type\": \"terms\", \"enabled\": true, \"schema\": \"bucket\", \"id\": \"2\"}, {\"params\": {\"missingBucketLabel\": \"Missing\", \"otherBucket\": false, \"otherBucketLabel\": \"Other\", \"size\": 5, \"order\": \"desc\", \"missingBucket\": true, \"field\": \"winlog.event_data.SubjectUserName\", \"orderBy\": \"1\", \"customLabel\": \"Performed by\"}, \"type\": \"terms\", \"enabled\": true, \"schema\": \"bucket\", \"id\": \"3\"}, {\"params\": {\"missingBucketLabel\": \"Missing\", \"otherBucket\": false, \"otherBucketLabel\": \"Other\", \"size\": 5, \"order\": \"desc\", \"missingBucket\": false, \"field\": \"winlog.logon.id\", \"orderBy\": \"1\", \"customLabel\": \"Performer LogonId\"}, \"type\": \"terms\", \"enabled\": true, \"schema\": \"bucket\", \"id\": \"4\"}], \"params\": {\"dimensions\": {\"buckets\": [{\"params\": {}, \"aggType\": \"terms\", \"accessor\": 0, \"format\": {\"params\": {\"missingBucketLabel\": \"Missing\", \"otherBucketLabel\": \"Other\", \"id\": \"string\"}, \"id\": \"terms\"}}, {\"params\": {}, \"aggType\": \"terms\", \"accessor\": 1, \"format\": {\"params\": {\"missingBucketLabel\": \"Missing\", \"otherBucketLabel\": \"Other\", \"id\": \"string\"}, \"id\": \"terms\"}}, {\"params\": {}, \"aggType\": \"terms\", \"accessor\": 2, \"format\": {\"params\": {\"missingBucketLabel\": \"Missing\", \"otherBucketLabel\": \"Other\", \"id\": \"string\"}, \"id\": \"terms\"}}], \"metrics\": [{\"params\": {}, \"aggType\": \"count\", \"accessor\": 3, \"format\": {\"id\": \"number\"}}]}, \"showPartialRows\": false, \"sort\": {\"direction\": null, \"columnIndex\": null}, \"showTotal\": false, \"showMetricsAtAllLevels\": false, \"perPage\": 10, \"totalFunc\": \"sum\"}, \"type\": \"table\", \"title\": \"Users Password Changes - Table [Winlogbeat Security]\"}"
            },
            "id": "da5ffe40-bcd9-11e9-b6a2-c9b4015c4baf",
            "migrationVersion": {
                "visualization": "7.4.2"
            },
            "references": [
                {
                    "id": "winlogbeat-*",
                    "name": "kibanaSavedObjectMeta.searchSourceJSON.index",
                    "type": "index-pattern"
                },
                {
                    "id": "winlogbeat-*",
                    "name": "kibanaSavedObjectMeta.searchSourceJSON.filter[0].meta.index",
                    "type": "index-pattern"
                }
            ],
            "type": "visualization",
            "updated_at": "2020-02-04T20:39:02.784Z",
            "version": "Wzc5LDFd"
        },
        {
            "attributes": {
                "description": "",
                "kibanaSavedObjectMeta": {
                    "searchSourceJSON": "{\"indexRefName\": \"kibanaSavedObjectMeta.searchSourceJSON.index\", \"filter\": [{\"$state\": {\"store\": \"appState\"}, \"meta\": {\"indexRefName\": \"kibanaSavedObjectMeta.searchSourceJSON.filter[0].meta.index\", \"negate\": false, \"alias\": null, \"value\": \"4767\", \"params\": {\"query\": \"4767\"}, \"disabled\": false, \"key\": \"event.code\", \"type\": \"phrase\"}, \"query\": {\"match\": {\"event.code\": {\"type\": \"phrase\", \"query\": \"4767\"}}}}], \"query\": {\"language\": \"kuery\", \"query\": \"\"}}"
                },
                "title": "Unlocked Users - Table [Winlogbeat Security]",
                "uiStateJSON": "{\"vis\": {\"params\": {\"sort\": {\"direction\": null, \"columnIndex\": null}}}}",
                "version": 1,
                "visState": "{\"aggs\": [{\"params\": {}, \"type\": \"count\", \"enabled\": true, \"schema\": \"metric\", \"id\": \"1\"}, {\"params\": {\"missingBucketLabel\": \"Missing\", \"otherBucket\": false, \"otherBucketLabel\": \"Other\", \"size\": 100, \"order\": \"desc\", \"missingBucket\": false, \"field\": \"winlog.event_data.TargetUserName\", \"orderBy\": \"1\", \"customLabel\": \"Unlocked User\"}, \"type\": \"terms\", \"enabled\": true, \"schema\": \"bucket\", \"id\": \"2\"}, {\"params\": {\"missingBucketLabel\": \"Missing\", \"otherBucket\": false, \"otherBucketLabel\": \"Other\", \"size\": 5, \"order\": \"desc\", \"missingBucket\": true, \"field\": \"winlog.event_data.SubjectUserName\", \"orderBy\": \"1\", \"customLabel\": \"Performed by\"}, \"type\": \"terms\", \"enabled\": true, \"schema\": \"bucket\", \"id\": \"3\"}, {\"params\": {\"missingBucketLabel\": \"Missing\", \"otherBucket\": false, \"otherBucketLabel\": \"Other\", \"size\": 5, \"order\": \"desc\", \"missingBucket\": false, \"field\": \"winlog.logon.id\", \"orderBy\": \"1\", \"customLabel\": \"Performer Logonid\"}, \"type\": \"terms\", \"enabled\": true, \"schema\": \"bucket\", \"id\": \"4\"}], \"params\": {\"dimensions\": {\"buckets\": [{\"params\": {}, \"aggType\": \"terms\", \"accessor\": 0, \"format\": {\"params\": {\"missingBucketLabel\": \"Missing\", \"otherBucketLabel\": \"Other\", \"id\": \"string\"}, \"id\": \"terms\"}}, {\"params\": {}, \"aggType\": \"terms\", \"accessor\": 1, \"format\": {\"params\": {\"missingBucketLabel\": \"Missing\", \"otherBucketLabel\": \"Other\", \"id\": \"string\"}, \"id\": \"terms\"}}, {\"params\": {}, \"aggType\": \"terms\", \"accessor\": 2, \"format\": {\"params\": {\"missingBucketLabel\": \"Missing\", \"otherBucketLabel\": \"Other\", \"id\": \"string\"}, \"id\": \"terms\"}}], \"metrics\": [{\"params\": {}, \"aggType\": \"count\", \"accessor\": 3, \"format\": {\"id\": \"number\"}}]}, \"showPartialRows\": false, \"sort\": {\"direction\": null, \"columnIndex\": null}, \"showTotal\": false, \"showMetricsAtAllLevels\": false, \"perPage\": 10, \"totalFunc\": \"sum\"}, \"type\": \"table\", \"title\": \"Unlocked Users - Table [Winlogbeat Security]\"}"
            },
            "id": "da2110c0-bcea-11e9-b6a2-c9b4015c4baf",
            "migrationVersion": {
                "visualization": "7.4.2"
            },
            "references": [
                {
                    "id": "winlogbeat-*",
                    "name": "kibanaSavedObjectMeta.searchSourceJSON.index",
                    "type": "index-pattern"
                },
                {
                    "id": "winlogbeat-*",
                    "name": "kibanaSavedObjectMeta.searchSourceJSON.filter[0].meta.index",
                    "type": "index-pattern"
                }
            ],
            "type": "visualization",
            "updated_at": "2020-02-04T20:39:02.784Z",
            "version": "Wzg1LDFd"
        },
        {
            "attributes": {
                "description": "",
                "kibanaSavedObjectMeta": {
                    "searchSourceJSON": "{\"indexRefName\": \"kibanaSavedObjectMeta.searchSourceJSON.index\", \"filter\": [{\"$state\": {\"store\": \"appState\"}, \"meta\": {\"indexRefName\": \"kibanaSavedObjectMeta.searchSourceJSON.filter[0].meta.index\", \"negate\": false, \"alias\": null, \"value\": \"4738\", \"params\": {\"query\": \"4738\"}, \"disabled\": false, \"key\": \"event.code\", \"type\": \"phrase\"}, \"query\": {\"match\": {\"event.code\": {\"type\": \"phrase\", \"query\": \"4738\"}}}}], \"query\": {\"language\": \"kuery\", \"query\": \"\"}}"
                },
                "title": "Users Changes  Table [Winlogbeat Security]",
                "uiStateJSON": "{\"vis\": {\"params\": {\"sort\": {\"direction\": null, \"columnIndex\": null}}}}",
                "version": 1,
                "visState": "{\"aggs\": [{\"params\": {}, \"type\": \"count\", \"enabled\": true, \"schema\": \"metric\", \"id\": \"1\"}, {\"params\": {\"missingBucketLabel\": \"Missing\", \"otherBucket\": false, \"otherBucketLabel\": \"Other\", \"size\": 100, \"order\": \"desc\", \"missingBucket\": false, \"field\": \"winlog.event_data.TargetUserName\", \"orderBy\": \"1\", \"customLabel\": \"Changed  User\"}, \"type\": \"terms\", \"enabled\": true, \"schema\": \"bucket\", \"id\": \"2\"}, {\"params\": {\"missingBucketLabel\": \"Missing\", \"otherBucket\": false, \"otherBucketLabel\": \"Other\", \"size\": 5, \"order\": \"desc\", \"missingBucket\": true, \"field\": \"winlog.event_data.SubjectUserName\", \"orderBy\": \"1\", \"customLabel\": \"Performed by\"}, \"type\": \"terms\", \"enabled\": true, \"schema\": \"bucket\", \"id\": \"3\"}, {\"params\": {\"missingBucketLabel\": \"Missing\", \"otherBucket\": false, \"otherBucketLabel\": \"Other\", \"size\": 5, \"order\": \"desc\", \"missingBucket\": false, \"field\": \"winlog.logon.id\", \"orderBy\": \"1\", \"customLabel\": \"Performer LogonId\"}, \"type\": \"terms\", \"enabled\": true, \"schema\": \"bucket\", \"id\": \"4\"}], \"params\": {\"dimensions\": {\"buckets\": [{\"params\": {}, \"aggType\": \"terms\", \"accessor\": 0, \"format\": {\"params\": {\"missingBucketLabel\": \"Missing\", \"otherBucketLabel\": \"Other\", \"id\": \"string\"}, \"id\": \"terms\"}}, {\"params\": {}, \"aggType\": \"terms\", \"accessor\": 1, \"format\": {\"params\": {\"missingBucketLabel\": \"Missing\", \"otherBucketLabel\": \"Other\", \"id\": \"string\"}, \"id\": \"terms\"}}, {\"params\": {}, \"aggType\": \"terms\", \"accessor\": 2, \"format\": {\"params\": {\"missingBucketLabel\": \"Missing\", \"otherBucketLabel\": \"Other\", \"id\": \"string\"}, \"id\": \"terms\"}}], \"metrics\": [{\"params\": {}, \"aggType\": \"count\", \"accessor\": 3, \"format\": {\"id\": \"number\"}}]}, \"showPartialRows\": false, \"sort\": {\"direction\": null, \"columnIndex\": null}, \"showTotal\": false, \"showMetricsAtAllLevels\": false, \"perPage\": 10, \"totalFunc\": \"sum\"}, \"type\": \"table\", \"title\": \"Users Changes  Table [Winlogbeat Security]\"}"
            },
            "id": "abf96c10-bcea-11e9-b6a2-c9b4015c4baf",
            "migrationVersion": {
                "visualization": "7.4.2"
            },
            "references": [
                {
                    "id": "winlogbeat-*",
                    "name": "kibanaSavedObjectMeta.searchSourceJSON.index",
                    "type": "index-pattern"
                },
                {
                    "id": "winlogbeat-*",
                    "name": "kibanaSavedObjectMeta.searchSourceJSON.filter[0].meta.index",
                    "type": "index-pattern"
                }
            ],
            "type": "visualization",
            "updated_at": "2020-02-04T20:39:02.784Z",
            "version": "Wzg2LDFd"
        },
        {
            "attributes": {
                "description": "",
                "kibanaSavedObjectMeta": {
                    "searchSourceJSON": "{\"indexRefName\": \"kibanaSavedObjectMeta.searchSourceJSON.index\", \"filter\": [{\"$state\": {\"store\": \"appState\"}, \"meta\": {\"indexRefName\": \"kibanaSavedObjectMeta.searchSourceJSON.filter[0].meta.index\", \"negate\": false, \"alias\": null, \"value\": \"4740\", \"params\": {\"query\": \"4740\"}, \"disabled\": false, \"key\": \"event.code\", \"type\": \"phrase\"}, \"query\": {\"match\": {\"event.code\": {\"type\": \"phrase\", \"query\": \"4740\"}}}}], \"query\": {\"language\": \"kuery\", \"query\": \"\"}}"
                },
                "title": "Users Locked Out - Table [Winlogbeat Security]",
                "uiStateJSON": "{\"vis\": {\"params\": {\"sort\": {\"direction\": null, \"columnIndex\": null}}}}",
                "version": 1,
                "visState": "{\"aggs\": [{\"params\": {}, \"type\": \"count\", \"enabled\": true, \"schema\": \"metric\", \"id\": \"1\"}, {\"params\": {\"missingBucketLabel\": \"Missing\", \"otherBucket\": false, \"otherBucketLabel\": \"Other\", \"size\": 100, \"order\": \"desc\", \"missingBucket\": false, \"field\": \"winlog.event_data.TargetUserName\", \"orderBy\": \"1\", \"customLabel\": \"Locked  User\"}, \"type\": \"terms\", \"enabled\": true, \"schema\": \"bucket\", \"id\": \"2\"}, {\"params\": {\"missingBucketLabel\": \"Missing\", \"otherBucket\": false, \"otherBucketLabel\": \"Other\", \"size\": 5, \"order\": \"desc\", \"missingBucket\": true, \"field\": \"winlog.event_data.SubjectUserName\", \"orderBy\": \"1\", \"customLabel\": \"Performed by\"}, \"type\": \"terms\", \"enabled\": true, \"schema\": \"bucket\", \"id\": \"3\"}, {\"params\": {\"missingBucketLabel\": \"Missing\", \"otherBucket\": false, \"otherBucketLabel\": \"Other\", \"size\": 5, \"order\": \"desc\", \"missingBucket\": false, \"field\": \"winlog.logon.id\", \"orderBy\": \"1\", \"customLabel\": \"Performer LogonId\"}, \"type\": \"terms\", \"enabled\": true, \"schema\": \"bucket\", \"id\": \"4\"}], \"params\": {\"dimensions\": {\"buckets\": [{\"params\": {}, \"aggType\": \"terms\", \"accessor\": 0, \"format\": {\"params\": {\"missingBucketLabel\": \"Missing\", \"otherBucketLabel\": \"Other\", \"id\": \"string\"}, \"id\": \"terms\"}}, {\"params\": {}, \"aggType\": \"terms\", \"accessor\": 1, \"format\": {\"params\": {\"missingBucketLabel\": \"Missing\", \"otherBucketLabel\": \"Other\", \"id\": \"string\"}, \"id\": \"terms\"}}, {\"params\": {}, \"aggType\": \"terms\", \"accessor\": 2, \"format\": {\"params\": {\"missingBucketLabel\": \"Missing\", \"otherBucketLabel\": \"Other\", \"id\": \"string\"}, \"id\": \"terms\"}}], \"metrics\": [{\"params\": {}, \"aggType\": \"count\", \"accessor\": 3, \"format\": {\"id\": \"number\"}}]}, \"showPartialRows\": false, \"sort\": {\"direction\": null, \"columnIndex\": null}, \"showTotal\": false, \"showMetricsAtAllLevels\": false, \"perPage\": 10, \"totalFunc\": \"sum\"}, \"type\": \"table\", \"title\": \"Users Locked Out - Table [Winlogbeat Security]\"}"
            },
            "id": "4ac8f5f0-bcfe-11e9-b6a2-c9b4015c4baf",
            "migrationVersion": {
                "visualization": "7.4.2"
            },
            "references": [
                {
                    "id": "winlogbeat-*",
                    "name": "kibanaSavedObjectMeta.searchSourceJSON.index",
                    "type": "index-pattern"
                },
                {
                    "id": "winlogbeat-*",
                    "name": "kibanaSavedObjectMeta.searchSourceJSON.filter[0].meta.index",
                    "type": "index-pattern"
                }
            ],
            "type": "visualization",
            "updated_at": "2020-02-04T20:39:02.784Z",
            "version": "WzkwLDFd"
        },
        {
            "attributes": {
                "description": "",
                "kibanaSavedObjectMeta": {
                    "searchSourceJSON": "{\"indexRefName\": \"kibanaSavedObjectMeta.searchSourceJSON.index\", \"filter\": [{\"$state\": {\"store\": \"appState\"}, \"meta\": {\"indexRefName\": \"kibanaSavedObjectMeta.searchSourceJSON.filter[0].meta.index\", \"negate\": false, \"alias\": null, \"value\": \"4720, 4722, 4723, 4724, 4725, 4726, 4738, 4740, 4767, 4781, 4798\", \"params\": [\"4720\", \"4722\", \"4723\", \"4724\", \"4725\", \"4726\", \"4738\", \"4740\", \"4767\", \"4781\", \"4798\"], \"disabled\": false, \"key\": \"event.code\", \"type\": \"phrases\"}, \"query\": {\"bool\": {\"should\": [{\"match_phrase\": {\"event.code\": \"4720\"}}, {\"match_phrase\": {\"event.code\": \"4722\"}}, {\"match_phrase\": {\"event.code\": \"4723\"}}, {\"match_phrase\": {\"event.code\": \"4724\"}}, {\"match_phrase\": {\"event.code\": \"4725\"}}, {\"match_phrase\": {\"event.code\": \"4726\"}}, {\"match_phrase\": {\"event.code\": \"4738\"}}, {\"match_phrase\": {\"event.code\": \"4740\"}}, {\"match_phrase\": {\"event.code\": \"4767\"}}, {\"match_phrase\": {\"event.code\": \"4781\"}}, {\"match_phrase\": {\"event.code\": \"4798\"}}], \"minimum_should_match\": 1}}}], \"query\": {\"language\": \"kuery\", \"query\": \"\"}}"
                },
                "title": "Event Distribution in time [Winlogbeat Security]",
                "uiStateJSON": "{}",
                "version": 1,
                "visState": "{\"aggs\": [{\"params\": {}, \"type\": \"count\", \"enabled\": true, \"schema\": \"metric\", \"id\": \"1\"}, {\"params\": {\"min_doc_count\": 1, \"drop_partials\": false, \"useNormalizedEsInterval\": true, \"field\": \"@timestamp\", \"interval\": \"auto\", \"extended_bounds\": {}, \"timeRange\": {\"from\": \"now-45d\", \"to\": \"now\"}}, \"type\": \"date_histogram\", \"enabled\": true, \"schema\": \"segment\", \"id\": \"2\"}, {\"params\": {\"missingBucketLabel\": \"Missing\", \"otherBucket\": false, \"otherBucketLabel\": \"Other\", \"size\": 5, \"order\": \"desc\", \"missingBucket\": false, \"field\": \"event.action\", \"orderBy\": \"1\"}, \"type\": \"terms\", \"enabled\": true, \"schema\": \"group\", \"id\": \"3\"}], \"params\": {\"dimensions\": {\"series\": [{\"params\": {}, \"aggType\": \"filters\", \"accessor\": 1, \"format\": {}}], \"x\": {\"params\": {\"bounds\": {\"min\": \"2019-09-20T13:10:39.628Z\", \"max\": \"2019-11-04T14:10:39.628Z\"}, \"interval\": \"PT12H\", \"date\": true, \"format\": \"YYYY-MM-DD HH:mm\"}, \"aggType\": \"date_histogram\", \"accessor\": 0, \"format\": {\"params\": {\"pattern\": \"YYYY-MM-DD HH:mm\"}, \"id\": \"date\"}}, \"y\": [{\"params\": {}, \"aggType\": \"count\", \"accessor\": 2, \"format\": {\"id\": \"number\"}}]}, \"labels\": {\"show\": true}, \"addTooltip\": true, \"legendPosition\": \"bottom\", \"times\": [], \"addTimeMarker\": false, \"seriesParams\": [{\"mode\": \"stacked\", \"drawLinesBetweenPoints\": true, \"valueAxis\": \"ValueAxis-1\", \"data\": {\"label\": \"Count\", \"id\": \"1\"}, \"show\": \"true\", \"type\": \"histogram\", \"showCircles\": true}], \"grid\": {\"categoryLines\": false}, \"categoryAxes\": [{\"labels\": {\"show\": true, \"truncate\": 100, \"filter\": true}, \"title\": {}, \"style\": {}, \"position\": \"bottom\", \"show\": true, \"scale\": {\"type\": \"linear\"}, \"id\": \"CategoryAxis-1\", \"type\": \"category\"}], \"valueAxes\": [{\"name\": \"LeftAxis-1\", \"labels\": {\"rotate\": 0, \"show\": true, \"truncate\": 100, \"filter\": false}, \"title\": {\"text\": \"Count\"}, \"style\": {}, \"position\": \"left\", \"show\": true, \"scale\": {\"mode\": \"normal\", \"type\": \"linear\"}, \"id\": \"ValueAxis-1\", \"type\": \"value\"}], \"addLegend\": true, \"type\": \"histogram\"}, \"type\": \"histogram\", \"title\": \"Event Distribution in time [Winlogbeat Security]\"}"
            },
            "id": "8f723a10-bd97-11e9-b9c5-fddc96658612",
            "migrationVersion": {
                "visualization": "7.4.2"
            },
            "references": [
                {
                    "id": "winlogbeat-*",
                    "name": "kibanaSavedObjectMeta.searchSourceJSON.index",
                    "type": "index-pattern"
                },
                {
                    "id": "winlogbeat-*",
                    "name": "kibanaSavedObjectMeta.searchSourceJSON.filter[0].meta.index",
                    "type": "index-pattern"
                }
            ],
            "type": "visualization",
            "updated_at": "2020-02-04T20:39:02.784Z",
            "version": "WzkxLDFd"
        },
        {
            "attributes": {
                "columns": [
                    "user.name",
                    "source.domain",
                    "source.ip",
                    "winlog.logon.id",
                    "winlog.logon.type"
                ],
                "description": "",
                "hits": 0,
                "kibanaSavedObjectMeta": {
                    "searchSourceJSON": "{\"highlightAll\": true, \"indexRefName\": \"kibanaSavedObjectMeta.searchSourceJSON.index\", \"version\": true, \"filter\": [{\"$state\": {\"store\": \"appState\"}, \"meta\": {\"indexRefName\": \"kibanaSavedObjectMeta.searchSourceJSON.filter[0].meta.index\", \"negate\": false, \"alias\": null, \"value\": \"4624\", \"params\": [\"4624\"], \"disabled\": false, \"key\": \"event.code\", \"type\": \"phrases\"}, \"query\": {\"bool\": {\"should\": [{\"match_phrase\": {\"event.code\": \"4624\"}}], \"minimum_should_match\": 1}}}], \"query\": {\"language\": \"kuery\", \"query\": \"\"}}"
                },
                "sort": [
                    [
                        "@timestamp",
                        "desc"
                    ]
                ],
                "title": "Logon Details [Winlogbeat Security]",
                "version": 1
            },
            "id": "7e178c80-fee1-11e9-8405-516218e3d268",
            "migrationVersion": {
                "search": "7.4.0"
            },
            "references": [
                {
                    "id": "winlogbeat-*",
                    "name": "kibanaSavedObjectMeta.searchSourceJSON.index",
                    "type": "index-pattern"
                },
                {
                    "id": "winlogbeat-*",
                    "name": "kibanaSavedObjectMeta.searchSourceJSON.filter[0].meta.index",
                    "type": "index-pattern"
                }
            ],
            "type": "search",
            "updated_at": "2020-02-04T20:39:02.784Z",
            "version": "WzkyLDFd"
        },
        {
            "attributes": {
                "columns": [
                    "event.action",
                    "winlog.event_data.TargetUserName",
                    "user.domain",
                    "winlog.event_data.SubjectUserName",
                    "winlog.event_data.SubjectDomainName",
                    "winlog.logon.id",
                    "related.user"
                ],
                "description": "",
                "hits": 0,
                "kibanaSavedObjectMeta": {
                    "searchSourceJSON": "{\"highlightAll\": true, \"indexRefName\": \"kibanaSavedObjectMeta.searchSourceJSON.index\", \"version\": true, \"filter\": [{\"$state\": {\"store\": \"appState\"}, \"meta\": {\"indexRefName\": \"kibanaSavedObjectMeta.searchSourceJSON.filter[0].meta.index\", \"negate\": false, \"alias\": null, \"value\": \"4720, 4722, 4723, 4724, 4725, 4726, 4738, 4740, 4767, 4781\", \"params\": [\"4720\", \"4722\", \"4723\", \"4724\", \"4725\", \"4726\", \"4738\", \"4740\", \"4767\", \"4781\"], \"disabled\": false, \"key\": \"event.code\", \"type\": \"phrases\"}, \"query\": {\"bool\": {\"should\": [{\"match_phrase\": {\"event.code\": \"4720\"}}, {\"match_phrase\": {\"event.code\": \"4722\"}}, {\"match_phrase\": {\"event.code\": \"4723\"}}, {\"match_phrase\": {\"event.code\": \"4724\"}}, {\"match_phrase\": {\"event.code\": \"4725\"}}, {\"match_phrase\": {\"event.code\": \"4726\"}}, {\"match_phrase\": {\"event.code\": \"4738\"}}, {\"match_phrase\": {\"event.code\": \"4740\"}}, {\"match_phrase\": {\"event.code\": \"4767\"}}, {\"match_phrase\": {\"event.code\": \"4781\"}}], \"minimum_should_match\": 1}}}], \"query\": {\"language\": \"lucene\", \"query\": \"\"}}"
                },
                "sort": [
                    [
                        "@timestamp",
                        "desc"
                    ]
                ],
                "title": "User management Details - Search [Winlogbeat Security]",
                "version": 1
            },
            "id": "324686c0-fefb-11e9-8405-516218e3d268",
            "migrationVersion": {
                "search": "7.4.0"
            },
            "references": [
                {
                    "id": "winlogbeat-*",
                    "name": "kibanaSavedObjectMeta.searchSourceJSON.index",
                    "type": "index-pattern"
                },
                {
                    "id": "winlogbeat-*",
                    "name": "kibanaSavedObjectMeta.searchSourceJSON.filter[0].meta.index",
                    "type": "index-pattern"
                }
            ],
            "type": "search",
            "updated_at": "2020-02-04T20:39:02.784Z",
            "version": "WzkzLDFd"
        },
        {
            "attributes": {
                "description": "",
                "kibanaSavedObjectMeta": {
                    "searchSourceJSON": "{\"filter\": [], \"query\": {\"language\": \"lucene\", \"query\": \"\"}}"
                },
                "title": "Users Disabled - VB Metric [Winlogbeat Security]",
                "uiStateJSON": "{}",
                "version": 1,
                "visState": "{\"aggs\": [], \"params\": {\"axis_position\": \"left\", \"show_legend\": 1, \"id\": \"61ca57f0-469d-11e7-af02-69e470af7417\", \"default_timefield\": \"@timestamp\", \"type\": \"metric\", \"interval\": \"90d\", \"default_index_pattern\": \"winlogbeat-*\", \"time_field\": \"\", \"series\": [{\"axis_position\": \"right\", \"stacked\": \"none\", \"chart_type\": \"line\", \"formatter\": \"number\", \"id\": \"61ca57f1-469d-11e7-af02-69e470af7417\", \"metrics\": [{\"type\": \"count\", \"id\": \"61ca57f2-469d-11e7-af02-69e470af7417\"}], \"line_width\": 1, \"color\": \"#68BC00\", \"split_mode\": \"everything\", \"fill\": 0.5, \"label\": \"Users Disabled\", \"point_size\": 1, \"separate_axis\": 0}], \"drop_last_bucket\": 0, \"index_pattern\": \"winlogbeat-*\", \"show_grid\": 1, \"axis_formatter\": \"number\", \"axis_scale\": \"normal\", \"background_color_rules\": [{\"value\": 0, \"operator\": \"lte\", \"id\": \"8d597960-ff18-11e9-8249-2371c695f3b0\"}, {\"value\": 1, \"operator\": \"gte\", \"background_color\": \"rgba(219,223,0,1)\", \"id\": \"a3f59730-ff18-11e9-8249-2371c695f3b0\"}], \"filter\": {\"language\": \"kuery\", \"query\": \"event.code: \\\"4725\\\" \"}}, \"type\": \"metrics\", \"title\": \"Users Disabled - VB Metric [Winlogbeat Security]\"}"
            },
            "id": "97c70300-ff1c-11e9-8405-516218e3d268",
            "migrationVersion": {
                "visualization": "7.4.2"
            },
            "references": [],
            "type": "visualization",
            "updated_at": "2020-02-04T20:39:01.724Z",
            "version": "WzYwLDFd"
        },
        {
            "attributes": {
                "description": "",
                "kibanaSavedObjectMeta": {
                    "searchSourceJSON": "{\"filter\": [], \"query\": {\"language\": \"lucene\", \"query\": \"\"}}"
                },
                "title": "Users Enabled - VB Metric [Winlogbeat Security]",
                "uiStateJSON": "{}",
                "version": 1,
                "visState": "{\"aggs\": [], \"params\": {\"axis_position\": \"left\", \"show_legend\": 1, \"id\": \"61ca57f0-469d-11e7-af02-69e470af7417\", \"default_timefield\": \"@timestamp\", \"type\": \"metric\", \"interval\": \"90d\", \"default_index_pattern\": \"winlogbeat-*\", \"time_field\": \"\", \"series\": [{\"axis_position\": \"right\", \"stacked\": \"none\", \"chart_type\": \"line\", \"formatter\": \"number\", \"id\": \"61ca57f1-469d-11e7-af02-69e470af7417\", \"metrics\": [{\"type\": \"count\", \"id\": \"61ca57f2-469d-11e7-af02-69e470af7417\"}], \"line_width\": 1, \"color\": \"#68BC00\", \"split_mode\": \"everything\", \"fill\": 0.5, \"label\": \"Users Enabled\", \"point_size\": 1, \"separate_axis\": 0}], \"drop_last_bucket\": 0, \"index_pattern\": \"winlogbeat-*\", \"show_grid\": 1, \"axis_formatter\": \"number\", \"axis_scale\": \"normal\", \"background_color_rules\": [{\"value\": 0, \"operator\": \"lte\", \"id\": \"8d597960-ff18-11e9-8249-2371c695f3b0\"}, {\"value\": 1, \"operator\": \"gte\", \"background_color\": \"rgba(251,158,0,1)\", \"id\": \"a3f59730-ff18-11e9-8249-2371c695f3b0\"}], \"filter\": {\"language\": \"kuery\", \"query\": \"event.code: \\\"4722\\\" \"}}, \"type\": \"metrics\", \"title\": \"Users Enabled - VB Metric [Winlogbeat Security]\"}"
            },
            "id": "bf45dc50-ff1a-11e9-8405-516218e3d268",
            "migrationVersion": {
                "visualization": "7.4.2"
            },
            "references": [],
            "type": "visualization",
            "updated_at": "2020-02-04T20:39:01.724Z",
            "version": "WzYxLDFd"
        },
        {
            "attributes": {
                "description": "",
                "kibanaSavedObjectMeta": {
                    "searchSourceJSON": "{\"filter\": [], \"query\": {\"language\": \"lucene\", \"query\": \"\"}}"
                },
                "title": "Users Deleted - VB Metric [Winlogbeat Security]",
                "uiStateJSON": "{}",
                "version": 1,
                "visState": "{\"aggs\": [], \"params\": {\"axis_position\": \"left\", \"show_legend\": 1, \"id\": \"61ca57f0-469d-11e7-af02-69e470af7417\", \"default_timefield\": \"@timestamp\", \"type\": \"metric\", \"interval\": \"90d\", \"default_index_pattern\": \"winlogbeat-*\", \"time_field\": \"\", \"series\": [{\"axis_position\": \"right\", \"stacked\": \"none\", \"chart_type\": \"line\", \"formatter\": \"number\", \"id\": \"61ca57f1-469d-11e7-af02-69e470af7417\", \"metrics\": [{\"type\": \"count\", \"id\": \"61ca57f2-469d-11e7-af02-69e470af7417\"}], \"line_width\": 1, \"color\": \"#68BC00\", \"split_mode\": \"everything\", \"fill\": 0.5, \"label\": \"Users Deleted\", \"point_size\": 1, \"separate_axis\": 0}], \"drop_last_bucket\": 0, \"index_pattern\": \"winlogbeat-*\", \"show_grid\": 1, \"axis_formatter\": \"number\", \"axis_scale\": \"normal\", \"background_color_rules\": [{\"value\": 0, \"operator\": \"lte\", \"id\": \"8d597960-ff18-11e9-8249-2371c695f3b0\"}, {\"value\": 1, \"operator\": \"gte\", \"background_color\": \"rgba(176,188,0,1)\", \"id\": \"a3f59730-ff18-11e9-8249-2371c695f3b0\"}], \"filter\": {\"language\": \"kuery\", \"query\": \"event.code: \\\"4726\\\" \"}}, \"type\": \"metrics\", \"title\": \"Users Deleted - VB Metric [Winlogbeat Security]\"}"
            },
            "id": "7322f9f0-ff1c-11e9-8405-516218e3d268",
            "migrationVersion": {
                "visualization": "7.4.2"
            },
            "references": [],
            "type": "visualization",
            "updated_at": "2020-02-04T20:39:01.724Z",
            "version": "WzYyLDFd"
        },
        {
            "attributes": {
                "description": "",
                "kibanaSavedObjectMeta": {
                    "searchSourceJSON": "{\"filter\": [], \"query\": {\"language\": \"lucene\", \"query\": \"\"}}"
                },
                "title": "Users Created - VB Metric [Winlogbeat Security]",
                "uiStateJSON": "{}",
                "version": 1,
                "visState": "{\"aggs\": [], \"params\": {\"axis_position\": \"left\", \"show_legend\": 1, \"id\": \"61ca57f0-469d-11e7-af02-69e470af7417\", \"default_timefield\": \"@timestamp\", \"type\": \"metric\", \"interval\": \"90d\", \"default_index_pattern\": \"winlogbeat-*\", \"time_field\": \"\", \"series\": [{\"axis_position\": \"right\", \"stacked\": \"none\", \"chart_type\": \"line\", \"formatter\": \"number\", \"id\": \"61ca57f1-469d-11e7-af02-69e470af7417\", \"metrics\": [{\"type\": \"count\", \"id\": \"61ca57f2-469d-11e7-af02-69e470af7417\"}], \"line_width\": 1, \"color\": \"#68BC00\", \"split_mode\": \"everything\", \"fill\": 0.5, \"label\": \"Users Created\", \"point_size\": 1, \"separate_axis\": 0}], \"drop_last_bucket\": 0, \"index_pattern\": \"winlogbeat-*\", \"show_grid\": 1, \"axis_formatter\": \"number\", \"axis_scale\": \"normal\", \"background_color_rules\": [{\"value\": 0, \"operator\": \"lte\", \"id\": \"8d597960-ff18-11e9-8249-2371c695f3b0\"}, {\"value\": 1, \"operator\": \"gte\", \"background_color\": \"rgba(159,5,0,1)\", \"id\": \"a3f59730-ff18-11e9-8249-2371c695f3b0\"}], \"filter\": {\"language\": \"kuery\", \"query\": \"event.code: \\\"4720\\\" \"}}, \"type\": \"metrics\", \"title\": \"Users Created - VB Metric [Winlogbeat Security]\"}"
            },
            "id": "d3a5fec0-ff18-11e9-8405-516218e3d268",
            "migrationVersion": {
                "visualization": "7.4.2"
            },
            "references": [],
            "type": "visualization",
            "updated_at": "2020-02-04T20:39:01.724Z",
            "version": "WzYzLDFd"
        },
        {
            "attributes": {
                "description": "",
                "kibanaSavedObjectMeta": {
                    "searchSourceJSON": "{\"filter\": [], \"query\": {\"language\": \"lucene\", \"query\": \"\"}}"
                },
                "title": "Users Unlocks - VB Metric [Winlogbeat Security]",
                "uiStateJSON": "{}",
                "version": 1,
                "visState": "{\"aggs\": [], \"params\": {\"axis_position\": \"left\", \"show_legend\": 1, \"id\": \"61ca57f0-469d-11e7-af02-69e470af7417\", \"default_timefield\": \"@timestamp\", \"type\": \"metric\", \"interval\": \"90d\", \"default_index_pattern\": \"winlogbeat-*\", \"time_field\": \"\", \"series\": [{\"axis_position\": \"right\", \"stacked\": \"none\", \"chart_type\": \"line\", \"formatter\": \"number\", \"id\": \"61ca57f1-469d-11e7-af02-69e470af7417\", \"metrics\": [{\"type\": \"count\", \"id\": \"61ca57f2-469d-11e7-af02-69e470af7417\"}], \"line_width\": 1, \"color\": \"#68BC00\", \"split_mode\": \"everything\", \"fill\": 0.5, \"label\": \"Users Unlocks\", \"point_size\": 1, \"separate_axis\": 0}], \"drop_last_bucket\": 0, \"index_pattern\": \"winlogbeat-*\", \"show_grid\": 1, \"axis_formatter\": \"number\", \"axis_scale\": \"normal\", \"background_color_rules\": [{\"value\": 0, \"operator\": \"lte\", \"id\": \"8d597960-ff18-11e9-8249-2371c695f3b0\"}, {\"value\": 1, \"operator\": \"gte\", \"background_color\": \"rgba(254,146,0,1)\", \"id\": \"a3f59730-ff18-11e9-8249-2371c695f3b0\"}], \"filter\": {\"language\": \"kuery\", \"query\": \"event.code: \\\"4767\\\" \"}}, \"type\": \"metrics\", \"title\": \"Users Unlocks - VB Metric [Winlogbeat Security]\"}"
            },
            "id": "1b6725f0-ff1d-11e9-8405-516218e3d268",
            "migrationVersion": {
                "visualization": "7.4.2"
            },
            "references": [],
            "type": "visualization",
            "updated_at": "2020-02-04T20:39:01.724Z",
            "version": "WzY0LDFd"
        },
        {
            "attributes": {
                "description": "",
                "kibanaSavedObjectMeta": {
                    "searchSourceJSON": "{\"filter\": [], \"query\": {\"language\": \"lucene\", \"query\": \"\"}}"
                },
                "title": "Users Password Changes - VB Metric [Winlogbeat Security]",
                "uiStateJSON": "{}",
                "version": 1,
                "visState": "{\"aggs\": [], \"params\": {\"axis_position\": \"left\", \"show_legend\": 1, \"id\": \"61ca57f0-469d-11e7-af02-69e470af7417\", \"default_timefield\": \"@timestamp\", \"type\": \"metric\", \"interval\": \"90d\", \"default_index_pattern\": \"winlogbeat-*\", \"time_field\": \"\", \"series\": [{\"axis_position\": \"right\", \"stacked\": \"none\", \"chart_type\": \"line\", \"formatter\": \"number\", \"id\": \"61ca57f1-469d-11e7-af02-69e470af7417\", \"metrics\": [{\"type\": \"count\", \"id\": \"61ca57f2-469d-11e7-af02-69e470af7417\"}], \"line_width\": 1, \"color\": \"#68BC00\", \"split_mode\": \"everything\", \"fill\": 0.5, \"label\": \"Password Changes/Reset\", \"point_size\": 1, \"separate_axis\": 0}], \"drop_last_bucket\": 0, \"index_pattern\": \"winlogbeat-*\", \"show_grid\": 1, \"axis_formatter\": \"number\", \"axis_scale\": \"normal\", \"background_color_rules\": [{\"value\": 0, \"operator\": \"lte\", \"id\": \"8d597960-ff18-11e9-8249-2371c695f3b0\"}, {\"value\": 1, \"operator\": \"gte\", \"background_color\": \"rgba(22,165,165,1)\", \"id\": \"a3f59730-ff18-11e9-8249-2371c695f3b0\"}], \"filter\": {\"language\": \"kuery\", \"query\": \"event.code: \\\"4723\\\"  OR event.code: \\\"4724\\\"\"}}, \"type\": \"metrics\", \"title\": \"Users Password Changes - VB Metric [Winlogbeat Security]\"}"
            },
            "id": "60301890-ff1d-11e9-8405-516218e3d268",
            "migrationVersion": {
                "visualization": "7.4.2"
            },
            "references": [],
            "type": "visualization",
            "updated_at": "2020-02-04T20:39:01.724Z",
            "version": "WzY1LDFd"
        },
        {
            "attributes": {
                "description": "",
                "kibanaSavedObjectMeta": {
                    "searchSourceJSON": "{\"filter\": [], \"query\": {\"language\": \"lucene\", \"query\": \"\"}}"
                },
                "title": "Users locked Out - VB Metric [Winlogbeat Security]",
                "uiStateJSON": "{}",
                "version": 1,
                "visState": "{\"aggs\": [], \"params\": {\"axis_position\": \"left\", \"show_legend\": 1, \"id\": \"61ca57f0-469d-11e7-af02-69e470af7417\", \"default_timefield\": \"@timestamp\", \"type\": \"metric\", \"interval\": \"90d\", \"default_index_pattern\": \"winlogbeat-*\", \"time_field\": \"\", \"series\": [{\"axis_position\": \"right\", \"stacked\": \"none\", \"chart_type\": \"line\", \"formatter\": \"number\", \"id\": \"61ca57f1-469d-11e7-af02-69e470af7417\", \"metrics\": [{\"type\": \"count\", \"id\": \"61ca57f2-469d-11e7-af02-69e470af7417\"}], \"line_width\": 1, \"color\": \"#68BC00\", \"split_mode\": \"everything\", \"fill\": 0.5, \"label\": \"Users Locked Out\", \"point_size\": 1, \"separate_axis\": 0}], \"drop_last_bucket\": 0, \"index_pattern\": \"winlogbeat-*\", \"show_grid\": 1, \"axis_formatter\": \"number\", \"axis_scale\": \"normal\", \"background_color_rules\": [{\"value\": 0, \"operator\": \"lte\", \"id\": \"8d597960-ff18-11e9-8249-2371c695f3b0\"}, {\"value\": 1, \"operator\": \"gte\", \"background_color\": \"rgba(51,51,51,1)\", \"id\": \"a3f59730-ff18-11e9-8249-2371c695f3b0\"}], \"filter\": {\"language\": \"kuery\", \"query\": \"event.code: \\\"4740\\\"\"}}, \"type\": \"metrics\", \"title\": \"Users locked Out - VB Metric [Winlogbeat Security]\"}"
            },
            "id": "9dd22440-ff1d-11e9-8405-516218e3d268",
            "migrationVersion": {
                "visualization": "7.4.2"
            },
            "references": [],
            "type": "visualization",
            "updated_at": "2020-02-04T20:39:01.724Z",
            "version": "WzY2LDFd"
        },
        {
            "attributes": {
                "description": "",
                "kibanaSavedObjectMeta": {
                    "searchSourceJSON": "{\"filter\": [], \"query\": {\"language\": \"lucene\", \"query\": \"\"}}"
                },
                "title": "Users Changes  VB Metric [Winlogbeat Security]",
                "uiStateJSON": "{}",
                "version": 1,
                "visState": "{\"aggs\": [], \"params\": {\"axis_position\": \"left\", \"show_legend\": 1, \"id\": \"61ca57f0-469d-11e7-af02-69e470af7417\", \"default_timefield\": \"@timestamp\", \"type\": \"metric\", \"interval\": \"90d\", \"default_index_pattern\": \"winlogbeat-*\", \"time_field\": \"\", \"series\": [{\"axis_position\": \"right\", \"stacked\": \"none\", \"chart_type\": \"line\", \"formatter\": \"number\", \"id\": \"61ca57f1-469d-11e7-af02-69e470af7417\", \"metrics\": [{\"type\": \"count\", \"id\": \"61ca57f2-469d-11e7-af02-69e470af7417\"}], \"line_width\": 1, \"color\": \"#68BC00\", \"split_mode\": \"everything\", \"fill\": 0.5, \"label\": \"Users Changes\", \"point_size\": 1, \"separate_axis\": 0}], \"drop_last_bucket\": 0, \"index_pattern\": \"winlogbeat-*\", \"show_grid\": 1, \"axis_formatter\": \"number\", \"axis_scale\": \"normal\", \"background_color_rules\": [{\"value\": 0, \"operator\": \"lte\", \"id\": \"8d597960-ff18-11e9-8249-2371c695f3b0\"}, {\"value\": 1, \"operator\": \"gte\", \"background_color\": \"rgba(179,179,179,1)\", \"id\": \"a3f59730-ff18-11e9-8249-2371c695f3b0\"}], \"filter\": {\"language\": \"kuery\", \"query\": \"event.code: \\\"4738\\\" \"}}, \"type\": \"metrics\", \"title\": \"Users Changes  VB Metric [Winlogbeat Security]\"}"
            },
            "id": "c9d959f0-ff1d-11e9-8405-516218e3d268",
            "migrationVersion": {
                "visualization": "7.4.2"
            },
            "references": [],
            "type": "visualization",
            "updated_at": "2020-02-04T20:39:01.724Z",
            "version": "WzY3LDFd"
        },
        {
            "attributes": {
                "description": "",
                "kibanaSavedObjectMeta": {
                    "searchSourceJSON": "{\"filter\": [], \"query\": {\"language\": \"lucene\", \"query\": \"\"}}"
                },
                "title": "Users Renamed VB Metric [Winlogbeat Security]",
                "uiStateJSON": "{}",
                "version": 1,
                "visState": "{\"aggs\": [], \"params\": {\"axis_position\": \"left\", \"show_legend\": 1, \"id\": \"61ca57f0-469d-11e7-af02-69e470af7417\", \"default_timefield\": \"@timestamp\", \"type\": \"metric\", \"interval\": \"90d\", \"default_index_pattern\": \"winlogbeat-*\", \"time_field\": \"\", \"series\": [{\"axis_position\": \"right\", \"stacked\": \"none\", \"chart_type\": \"line\", \"formatter\": \"number\", \"id\": \"61ca57f1-469d-11e7-af02-69e470af7417\", \"metrics\": [{\"type\": \"count\", \"id\": \"61ca57f2-469d-11e7-af02-69e470af7417\"}], \"line_width\": 1, \"color\": \"#68BC00\", \"split_mode\": \"everything\", \"fill\": 0.5, \"label\": \"Users Renamed\", \"point_size\": 1, \"separate_axis\": 0}], \"drop_last_bucket\": 0, \"index_pattern\": \"winlogbeat-*\", \"show_grid\": 1, \"axis_formatter\": \"number\", \"axis_scale\": \"normal\", \"background_color_rules\": [{\"value\": 0, \"operator\": \"lte\", \"id\": \"8d597960-ff18-11e9-8249-2371c695f3b0\"}, {\"value\": 1, \"operator\": \"gte\", \"background_color\": \"rgba(171,20,158,1)\", \"id\": \"a3f59730-ff18-11e9-8249-2371c695f3b0\"}], \"filter\": {\"language\": \"kuery\", \"query\": \"event.code: \\\"4781\\\"  \"}}, \"type\": \"metrics\", \"title\": \"Users Renamed VB Metric [Winlogbeat Security]\"}"
            },
            "id": "1f271bc0-231a-11ea-8405-516218e3d268",
            "migrationVersion": {
                "visualization": "7.4.2"
            },
            "references": [],
            "type": "visualization",
            "updated_at": "2020-02-04T20:39:01.724Z",
            "version": "WzY4LDFd"
        },
        {
            "attributes": {
                "description": "",
                "kibanaSavedObjectMeta": {
                    "searchSourceJSON": "{\"indexRefName\": \"kibanaSavedObjectMeta.searchSourceJSON.index\", \"filter\": [{\"$state\": {\"store\": \"appState\"}, \"meta\": {\"indexRefName\": \"kibanaSavedObjectMeta.searchSourceJSON.filter[0].meta.index\", \"negate\": false, \"alias\": null, \"value\": \"4781\", \"params\": {\"query\": \"4781\"}, \"disabled\": false, \"key\": \"event.code\", \"type\": \"phrase\"}, \"query\": {\"match\": {\"event.code\": {\"type\": \"phrase\", \"query\": \"4781\"}}}}], \"query\": {\"language\": \"kuery\", \"query\": \"\"}}"
                },
                "title": "Users Renamed - Table [Winlogbeat Security]",
                "uiStateJSON": "{\"vis\": {\"params\": {\"sort\": {\"direction\": null, \"columnIndex\": null}}}}",
                "version": 1,
                "visState": "{\"aggs\": [{\"params\": {}, \"type\": \"count\", \"enabled\": true, \"schema\": \"metric\", \"id\": \"1\"}, {\"params\": {\"missingBucketLabel\": \"Missing\", \"otherBucket\": false, \"otherBucketLabel\": \"Other\", \"size\": 100, \"order\": \"desc\", \"missingBucket\": false, \"field\": \"winlog.event_data.OldTargetUserName\", \"orderBy\": \"1\", \"customLabel\": \"Old User Name\"}, \"type\": \"terms\", \"enabled\": true, \"schema\": \"bucket\", \"id\": \"2\"}, {\"params\": {\"missingBucketLabel\": \"Missing\", \"otherBucket\": false, \"otherBucketLabel\": \"Other\", \"size\": 5, \"order\": \"desc\", \"missingBucket\": true, \"field\": \"winlog.event_data.SubjectUserName\", \"orderBy\": \"1\", \"customLabel\": \"Performed by\"}, \"type\": \"terms\", \"enabled\": true, \"schema\": \"bucket\", \"id\": \"3\"}, {\"params\": {\"missingBucketLabel\": \"Missing\", \"otherBucket\": false, \"otherBucketLabel\": \"Other\", \"size\": 5, \"order\": \"desc\", \"missingBucket\": false, \"field\": \"winlog.logon.id\", \"orderBy\": \"1\", \"customLabel\": \"Performer LogonId\"}, \"type\": \"terms\", \"enabled\": true, \"schema\": \"bucket\", \"id\": \"4\"}], \"params\": {\"dimensions\": {\"buckets\": [{\"params\": {}, \"aggType\": \"terms\", \"accessor\": 0, \"format\": {\"params\": {\"missingBucketLabel\": \"Missing\", \"otherBucketLabel\": \"Other\", \"id\": \"string\"}, \"id\": \"terms\"}}, {\"params\": {}, \"aggType\": \"terms\", \"accessor\": 1, \"format\": {\"params\": {\"missingBucketLabel\": \"Missing\", \"otherBucketLabel\": \"Other\", \"id\": \"string\"}, \"id\": \"terms\"}}, {\"params\": {}, \"aggType\": \"terms\", \"accessor\": 2, \"format\": {\"params\": {\"missingBucketLabel\": \"Missing\", \"otherBucketLabel\": \"Other\", \"id\": \"string\"}, \"id\": \"terms\"}}], \"metrics\": [{\"params\": {}, \"aggType\": \"count\", \"accessor\": 3, \"format\": {\"id\": \"number\"}}]}, \"showPartialRows\": false, \"sort\": {\"direction\": null, \"columnIndex\": null}, \"showTotal\": false, \"showMetricsAtAllLevels\": false, \"perPage\": 10, \"totalFunc\": \"sum\"}, \"type\": \"table\", \"title\": \"Users Renamed - Table [Winlogbeat Security]\"}"
            },
            "id": "fa876300-231a-11ea-8405-516218e3d268",
            "migrationVersion": {
                "visualization": "7.4.2"
            },
            "references": [
                {
                    "id": "winlogbeat-*",
                    "name": "kibanaSavedObjectMeta.searchSourceJSON.index",
                    "type": "index-pattern"
                },
                {
                    "id": "winlogbeat-*",
                    "name": "kibanaSavedObjectMeta.searchSourceJSON.filter[0].meta.index",
                    "type": "index-pattern"
                }
            ],
            "type": "visualization",
            "updated_at": "2020-02-04T20:39:02.784Z",
            "version": "Wzk1LDFd"
        }
    ],
    "version": "7.5.2"
}