{
    "objects": [
        {
            "attributes": {
                "description": "Uses Simple Metric Visualizations",
                "hits": 0,
                "kibanaSavedObjectMeta": {
                    "searchSourceJSON": "{\"filter\": [], \"query\": {\"language\": \"kuery\", \"query\": \"\"}}"
                },
                "optionsJSON": "{\"hidePanelTitles\": false, \"useMargins\": true}",
                "panelsJSON": "[{\"version\": \"7.3.0\", \"panelIndex\": \"1\", \"embeddableConfig\": {}, \"title\": \"\", \"panelRefName\": \"panel_0\", \"gridData\": {\"x\": 0, \"y\": 0, \"i\": \"1\", \"w\": 17, \"h\": 19}}, {\"version\": \"7.3.0\", \"panelIndex\": \"2\", \"embeddableConfig\": {\"vis\": {\"legendOpen\": false}}, \"title\": \"User Management Actions [Winlogbeat Security]\", \"panelRefName\": \"panel_1\", \"gridData\": {\"x\": 17, \"y\": 0, \"i\": \"2\", \"w\": 18, \"h\": 19}}, {\"version\": \"7.3.0\", \"panelIndex\": \"3\", \"embeddableConfig\": {}, \"title\": \"Created Users [Winlogbeat Security]\", \"panelRefName\": \"panel_2\", \"gridData\": {\"x\": 0, \"y\": 44, \"i\": \"3\", \"w\": 9, \"h\": 16}}, {\"version\": \"7.3.0\", \"panelIndex\": \"4\", \"embeddableConfig\": {}, \"title\": \"Event Codes [Winlogbeat Security]\", \"panelRefName\": \"panel_3\", \"gridData\": {\"x\": 35, \"y\": 0, \"i\": \"4\", \"w\": 13, \"h\": 19}}, {\"version\": \"7.3.0\", \"panelIndex\": \"5\", \"embeddableConfig\": {}, \"title\": \"Enabled Users [Winlogbeat Security]\", \"panelRefName\": \"panel_4\", \"gridData\": {\"x\": 9, \"y\": 44, \"i\": \"5\", \"w\": 9, \"h\": 16}}, {\"version\": \"7.3.0\", \"panelIndex\": \"6\", \"embeddableConfig\": {}, \"title\": \"Disabled Users [Winlogbeat Security]\", \"panelRefName\": \"panel_5\", \"gridData\": {\"x\": 0, \"y\": 66, \"i\": \"6\", \"w\": 9, \"h\": 16}}, {\"version\": \"7.3.0\", \"panelIndex\": \"7\", \"embeddableConfig\": {}, \"title\": \"Deleted Users [Winlogbeat Security]\", \"panelRefName\": \"panel_6\", \"gridData\": {\"x\": 18, \"y\": 44, \"i\": \"7\", \"w\": 9, \"h\": 16}}, {\"version\": \"7.3.0\", \"panelIndex\": \"8\", \"embeddableConfig\": {\"vis\": {\"legendOpen\": false, \"defaultColors\": {\"8 - 12\": \"rgb(116,196,118)\", \"0 - 4\": \"rgb(247,252,245)\", \"12 - 16\": \"rgb(35,139,69)\", \"4 - 8\": \"rgb(199,233,192)\"}}}, \"title\": \"Actions performed over Users [Winlogbeat Security]\", \"panelRefName\": \"panel_7\", \"gridData\": {\"x\": 0, \"y\": 19, \"i\": \"8\", \"w\": 48, \"h\": 20}}, {\"version\": \"7.3.0\", \"panelIndex\": \"9\", \"embeddableConfig\": {}, \"title\": \"Passwords Changes [Winlogbeat Security]\", \"panelRefName\": \"panel_8\", \"gridData\": {\"x\": 18, \"y\": 66, \"i\": \"9\", \"w\": 9, \"h\": 16}}, {\"version\": \"7.3.0\", \"panelIndex\": \"10\", \"embeddableConfig\": {}, \"title\": \"\", \"panelRefName\": \"panel_9\", \"gridData\": {\"x\": 0, \"y\": 39, \"i\": \"10\", \"w\": 9, \"h\": 5}}, {\"version\": \"7.3.0\", \"panelIndex\": \"11\", \"embeddableConfig\": {}, \"title\": \"\", \"panelRefName\": \"panel_10\", \"gridData\": {\"x\": 9, \"y\": 39, \"i\": \"11\", \"w\": 9, \"h\": 5}}, {\"version\": \"7.3.0\", \"panelIndex\": \"12\", \"embeddableConfig\": {}, \"title\": \"\", \"panelRefName\": \"panel_11\", \"gridData\": {\"x\": 18, \"y\": 39, \"i\": \"12\", \"w\": 9, \"h\": 5}}, {\"version\": \"7.3.0\", \"panelIndex\": \"13\", \"embeddableConfig\": {}, \"title\": \"\", \"panelRefName\": \"panel_12\", \"gridData\": {\"x\": 0, \"y\": 60, \"i\": \"13\", \"w\": 9, \"h\": 6}}, {\"version\": \"7.3.0\", \"panelIndex\": \"14\", \"embeddableConfig\": {}, \"title\": \"\", \"panelRefName\": \"panel_13\", \"gridData\": {\"x\": 18, \"y\": 60, \"i\": \"14\", \"w\": 9, \"h\": 6}}, {\"version\": \"7.3.0\", \"panelIndex\": \"15\", \"embeddableConfig\": {}, \"title\": \"Unlocked Users [Winlogbeat Security]\", \"panelRefName\": \"panel_14\", \"gridData\": {\"x\": 9, \"y\": 66, \"i\": \"15\", \"w\": 9, \"h\": 16}}, {\"version\": \"7.3.0\", \"panelIndex\": \"16\", \"embeddableConfig\": {}, \"title\": \"Users Changes [Winlogbeat Security]\", \"panelRefName\": \"panel_15\", \"gridData\": {\"x\": 18, \"y\": 88, \"i\": \"16\", \"w\": 9, \"h\": 16}}, {\"version\": \"7.3.0\", \"panelIndex\": \"17\", \"embeddableConfig\": {}, \"title\": \"\", \"panelRefName\": \"panel_16\", \"gridData\": {\"x\": 0, \"y\": 82, \"i\": \"17\", \"w\": 9, \"h\": 6}}, {\"version\": \"7.3.0\", \"panelIndex\": \"18\", \"embeddableConfig\": {}, \"title\": \"\", \"panelRefName\": \"panel_17\", \"gridData\": {\"x\": 9, \"y\": 60, \"i\": \"18\", \"w\": 9, \"h\": 6}}, {\"version\": \"7.3.0\", \"panelIndex\": \"19\", \"embeddableConfig\": {}, \"title\": \"\", \"panelRefName\": \"panel_18\", \"gridData\": {\"x\": 18, \"y\": 82, \"i\": \"19\", \"w\": 9, \"h\": 6}}, {\"version\": \"7.3.0\", \"panelIndex\": \"20\", \"embeddableConfig\": {}, \"title\": \"Locked-out Users [Winlogbeat Security]\", \"panelRefName\": \"panel_19\", \"gridData\": {\"x\": 0, \"y\": 88, \"i\": \"20\", \"w\": 9, \"h\": 16}}, {\"version\": \"7.3.0\", \"panelIndex\": \"21\", \"embeddableConfig\": {}, \"title\": \"User Management Actions Distributions over Time [Winlogbeat Security]\", \"panelRefName\": \"panel_20\", \"gridData\": {\"x\": 27, \"y\": 39, \"i\": \"21\", \"w\": 20, \"h\": 27}}, {\"version\": \"7.3.1\", \"panelIndex\": \"22\", \"panelRefName\": \"panel_21\", \"embeddableConfig\": {}, \"gridData\": {\"x\": 27, \"y\": 66, \"i\": \"22\", \"w\": 21, \"h\": 38}}, {\"version\": \"7.3.1\", \"panelIndex\": \"23\", \"panelRefName\": \"panel_22\", \"embeddableConfig\": {}, \"gridData\": {\"x\": 0, \"y\": 104, \"i\": \"23\", \"w\": 48, \"h\": 19}}, {\"version\": \"7.3.1\", \"panelIndex\": \"24\", \"embeddableConfig\": {}, \"title\": \"\", \"panelRefName\": \"panel_23\", \"gridData\": {\"x\": 9, \"y\": 82, \"i\": \"24\", \"w\": 9, \"h\": 6}}, {\"version\": \"7.3.1\", \"panelIndex\": \"25\", \"panelRefName\": \"panel_24\", \"embeddableConfig\": {}, \"gridData\": {\"x\": 9, \"y\": 88, \"i\": \"25\", \"w\": 9, \"h\": 16}}]",
                "timeRestore": false,
                "title": "[Winlogbeat Security] User Management Events - Simple Metric",
                "version": 1
            },
            "id": "8223bed0-b9e9-11e9-b6a2-c9b4015c4baf",
            "migrationVersion": {
                "dashboard": "7.3.0"
            },
            "references": [
                {
                    "id": "2dc6b820-b9e8-11e9-b6a2-c9b4015c4baf",
                    "name": "panel_0",
                    "type": "visualization"
                },
                {
                    "id": "833e0110-b9ec-11e9-b6a2-c9b4015c4baf",
                    "name": "panel_1",
                    "type": "visualization"
                },
                {
                    "id": "5e7f0ed0-bcd2-11e9-b6a2-c9b4015c4baf",
                    "name": "panel_2",
                    "type": "visualization"
                },
                {
                    "id": "b2cecf10-bcd3-11e9-b6a2-c9b4015c4baf",
                    "name": "panel_3",
                    "type": "visualization"
                },
                {
                    "id": "0620c3d0-bcd4-11e9-b6a2-c9b4015c4baf",
                    "name": "panel_4",
                    "type": "visualization"
                },
                {
                    "id": "8f20c950-bcd4-11e9-b6a2-c9b4015c4baf",
                    "name": "panel_5",
                    "type": "visualization"
                },
                {
                    "id": "ee0319a0-bcd4-11e9-b6a2-c9b4015c4baf",
                    "name": "panel_6",
                    "type": "visualization"
                },
                {
                    "id": "dce77e60-bcd7-11e9-b6a2-c9b4015c4baf",
                    "name": "panel_7",
                    "type": "visualization"
                },
                {
                    "id": "da5ffe40-bcd9-11e9-b6a2-c9b4015c4baf",
                    "name": "panel_8",
                    "type": "visualization"
                },
                {
                    "id": "102efd20-bcdd-11e9-b6a2-c9b4015c4baf",
                    "name": "panel_9",
                    "type": "visualization"
                },
                {
                    "id": "855957d0-bcdd-11e9-b6a2-c9b4015c4baf",
                    "name": "panel_10",
                    "type": "visualization"
                },
                {
                    "id": "c359b020-bcdd-11e9-b6a2-c9b4015c4baf",
                    "name": "panel_11",
                    "type": "visualization"
                },
                {
                    "id": "0cb2d940-bcde-11e9-b6a2-c9b4015c4baf",
                    "name": "panel_12",
                    "type": "visualization"
                },
                {
                    "id": "568a8130-bcde-11e9-b6a2-c9b4015c4baf",
                    "name": "panel_13",
                    "type": "visualization"
                },
                {
                    "id": "da2110c0-bcea-11e9-b6a2-c9b4015c4baf",
                    "name": "panel_14",
                    "type": "visualization"
                },
                {
                    "id": "abf96c10-bcea-11e9-b6a2-c9b4015c4baf",
                    "name": "panel_15",
                    "type": "visualization"
                },
                {
                    "id": "84502430-bce8-11e9-b6a2-c9b4015c4baf",
                    "name": "panel_16",
                    "type": "visualization"
                },
                {
                    "id": "ab6f8d80-bce8-11e9-b6a2-c9b4015c4baf",
                    "name": "panel_17",
                    "type": "visualization"
                },
                {
                    "id": "5d92b100-bce8-11e9-b6a2-c9b4015c4baf",
                    "name": "panel_18",
                    "type": "visualization"
                },
                {
                    "id": "4ac8f5f0-bcfe-11e9-b6a2-c9b4015c4baf",
                    "name": "panel_19",
                    "type": "visualization"
                },
                {
                    "id": "8f723a10-bd97-11e9-b9c5-fddc96658612",
                    "name": "panel_20",
                    "type": "visualization"
                },
                {
                    "id": "7e178c80-fee1-11e9-8405-516218e3d268",
                    "name": "panel_21",
                    "type": "search"
                },
                {
                    "id": "324686c0-fefb-11e9-8405-516218e3d268",
                    "name": "panel_22",
                    "type": "search"
                },
                {
                    "id": "5e19ff80-231c-11ea-8405-516218e3d268",
                    "name": "panel_23",
                    "type": "visualization"
                },
                {
                    "id": "fa876300-231a-11ea-8405-516218e3d268",
                    "name": "panel_24",
                    "type": "visualization"
                }
            ],
            "type": "dashboard",
            "updated_at": "2020-02-04T20:39:02.784Z",
            "version": "WzcwLDFd"
        },
        {
            "attributes": {
                "description": "",
                "kibanaSavedObjectMeta": {
                    "searchSourceJSON": "{\"filter\": [], \"query\": {\"language\": \"kuery\", \"query\": \"\"}}"
                },
                "title": "User  Management Events - Description [Winlogbeat Security]",
                "uiStateJSON": "{}",
                "version": 1,
                "visState": "{\"aggs\": [], \"params\": {\"openLinksInNewTab\": false, \"fontSize\": 10, \"markdown\": \"# **User Management Events**\\n\\n#### This dashboard shows information about User Management Events collected by winlogbeat\\n#\\n#\\n#\\nEvent | Description\\n-- | --\\n4720 | A user account was created\\n4722 | A user account was enabled\\n4723 | An attempt was made to change an account's password\\n4724 | An attempt was made to reset an account's password\\n4725 | An user account was disabled\\n4726 | An user account was deleted\\n4738 | An user account was changed\\n4740 | An user account was locked out\\n4767 | An account was unlocked\\n4781 | The name of an account was changed\"}, \"type\": \"markdown\", \"title\": \"User  Management Events - Description [Winlogbeat Security]\"}"
            },
            "id": "2dc6b820-b9e8-11e9-b6a2-c9b4015c4baf",
            "migrationVersion": {
                "visualization": "7.4.2"
            },
            "references": [],
            "type": "visualization",
            "updated_at": "2020-02-04T20:39:02.784Z",
            "version": "WzcxLDFd"
        },
        {
            "attributes": {
                "description": "",
                "kibanaSavedObjectMeta": {
                    "searchSourceJSON": "{\"indexRefName\": \"kibanaSavedObjectMeta.searchSourceJSON.index\", \"filter\": [{\"$state\": {\"store\": \"appState\"}, \"meta\": {\"indexRefName\": \"kibanaSavedObjectMeta.searchSourceJSON.filter[0].meta.index\", \"negate\": false, \"alias\": null, \"value\": \"4720, 4722, 4723, 4724, 4725, 4726, 4738, 4740, 4765, 4766, 4767, 4780, 4781, 4794, 5376, 5377\", \"params\": [\"4720\", \"4722\", \"4723\", \"4724\", \"4725\", \"4726\", \"4738\", \"4740\", \"4765\", \"4766\", \"4767\", \"4780\", \"4781\", \"4794\", \"5376\", \"5377\"], \"disabled\": false, \"key\": \"event.code\", \"type\": \"phrases\"}, \"query\": {\"bool\": {\"should\": [{\"match_phrase\": {\"event.code\": \"4720\"}}, {\"match_phrase\": {\"event.code\": \"4722\"}}, {\"match_phrase\": {\"event.code\": \"4723\"}}, {\"match_phrase\": {\"event.code\": \"4724\"}}, {\"match_phrase\": {\"event.code\": \"4725\"}}, {\"match_phrase\": {\"event.code\": \"4726\"}}, {\"match_phrase\": {\"event.code\": \"4738\"}}, {\"match_phrase\": {\"event.code\": \"4740\"}}, {\"match_phrase\": {\"event.code\": \"4765\"}}, {\"match_phrase\": {\"event.code\": \"4766\"}}, {\"match_phrase\": {\"event.code\": \"4767\"}}, {\"match_phrase\": {\"event.code\": \"4780\"}}, {\"match_phrase\": {\"event.code\": \"4781\"}}, {\"match_phrase\": {\"event.code\": \"4794\"}}, {\"match_phrase\": {\"event.code\": \"5376\"}}, {\"match_phrase\": {\"event.code\": \"5377\"}}], \"minimum_should_match\": 1}}}], \"query\": {\"language\": \"kuery\", \"query\": \"\"}}"
                },
                "title": "User Management Events - Event Actions - Donut [Winlogbeat Security]",
                "uiStateJSON": "{}",
                "version": 1,
                "visState": "{\"aggs\": [{\"params\": {}, \"type\": \"count\", \"enabled\": true, \"schema\": \"metric\", \"id\": \"1\"}, {\"params\": {\"missingBucketLabel\": \"Missing\", \"otherBucket\": false, \"otherBucketLabel\": \"Other\", \"size\": 5, \"order\": \"desc\", \"missingBucket\": false, \"field\": \"event.action\", \"orderBy\": \"1\"}, \"type\": \"terms\", \"enabled\": true, \"schema\": \"segment\", \"id\": \"2\"}], \"params\": {\"dimensions\": {\"buckets\": [{\"params\": {}, \"aggType\": \"terms\", \"accessor\": 0, \"format\": {\"params\": {\"missingBucketLabel\": \"Missing\", \"otherBucketLabel\": \"Other\", \"id\": \"string\"}, \"id\": \"terms\"}}], \"metric\": {\"params\": {}, \"aggType\": \"count\", \"accessor\": 1, \"format\": {\"id\": \"number\"}}}, \"labels\": {\"show\": true, \"values\": true, \"truncate\": 100, \"last_level\": true}, \"addTooltip\": true, \"isDonut\": true, \"legendPosition\": \"right\", \"type\": \"pie\", \"addLegend\": true}, \"type\": \"pie\", \"title\": \"User Management Events - Event Actions - Donut [Winlogbeat Security]\"}"
            },
            "id": "833e0110-b9ec-11e9-b6a2-c9b4015c4baf",
            "migrationVersion": {
                "visualization": "7.4.2"
            },
            "references": [
                {
                    "id": "winlogbeat-*",
                    "name": "kibanaSavedObjectMeta.searchSourceJSON.index",
                    "type": "index-pattern"
                },
                {
                    "id": "winlogbeat-*",
                    "name": "kibanaSavedObjectMeta.searchSourceJSON.filter[0].meta.index",
                    "type": "index-pattern"
                }
            ],
            "type": "visualization",
            "updated_at": "2020-02-04T20:39:02.784Z",
            "version": "WzcyLDFd"
        },
        {
            "attributes": {
                "description": "",
                "kibanaSavedObjectMeta": {
                    "searchSourceJSON": "{\"indexRefName\": \"kibanaSavedObjectMeta.searchSourceJSON.index\", \"filter\": [{\"$state\": {\"store\": \"appState\"}, \"meta\": {\"indexRefName\": \"kibanaSavedObjectMeta.searchSourceJSON.filter[0].meta.index\", \"negate\": false, \"alias\": null, \"value\": \"4720\", \"params\": {\"query\": \"4720\"}, \"disabled\": false, \"key\": \"event.code\", \"type\": \"phrase\"}, \"query\": {\"match\": {\"event.code\": {\"type\": \"phrase\", \"query\": \"4720\"}}}}], \"query\": {\"language\": \"kuery\", \"query\": \"\"}}"
                },
                "title": "Users Created - Table [Winlogbeat Security]",
                "uiStateJSON": "{\"vis\": {\"params\": {\"sort\": {\"direction\": null, \"columnIndex\": null}}}}",
                "version": 1,
                "visState": "{\"aggs\": [{\"params\": {}, \"type\": \"count\", \"enabled\": true, \"schema\": \"metric\", \"id\": \"1\"}, {\"params\": {\"missingBucketLabel\": \"Missing\", \"otherBucket\": false, \"otherBucketLabel\": \"Other\", \"size\": 100, \"order\": \"desc\", \"missingBucket\": false, \"field\": \"winlog.event_data.TargetUserName\", \"orderBy\": \"1\", \"customLabel\": \"Created User\"}, \"type\": \"terms\", \"enabled\": true, \"schema\": \"bucket\", \"id\": \"2\"}, {\"params\": {\"missingBucketLabel\": \"Missing\", \"otherBucket\": false, \"otherBucketLabel\": \"Other\", \"size\": 5, \"order\": \"desc\", \"missingBucket\": true, \"field\": \"winlog.event_data.SubjectUserName\", \"orderBy\": \"1\", \"customLabel\": \"Performed by\"}, \"type\": \"terms\", \"enabled\": true, \"schema\": \"bucket\", \"id\": \"3\"}, {\"params\": {\"missingBucketLabel\": \"Missing\", \"otherBucket\": false, \"otherBucketLabel\": \"Other\", \"size\": 5, \"order\": \"desc\", \"missingBucket\": false, \"field\": \"winlog.logon.id\", \"orderBy\": \"1\", \"customLabel\": \"Performer LogonID\"}, \"type\": \"terms\", \"enabled\": true, \"schema\": \"bucket\", \"id\": \"4\"}], \"params\": {\"dimensions\": {\"buckets\": [{\"params\": {}, \"aggType\": \"terms\", \"accessor\": 0, \"format\": {\"params\": {\"missingBucketLabel\": \"Missing\", \"otherBucketLabel\": \"Other\", \"id\": \"string\"}, \"id\": \"terms\"}}, {\"params\": {}, \"aggType\": \"terms\", \"accessor\": 1, \"format\": {\"params\": {\"missingBucketLabel\": \"Missing\", \"otherBucketLabel\": \"Other\", \"id\": \"string\"}, \"id\": \"terms\"}}, {\"params\": {}, \"aggType\": \"terms\", \"accessor\": 2, \"format\": {\"params\": {\"missingBucketLabel\": \"Missing\", \"otherBucketLabel\": \"Other\", \"id\": \"string\"}, \"id\": \"terms\"}}], \"metrics\": [{\"params\": {}, \"aggType\": \"count\", \"accessor\": 3, \"format\": {\"id\": \"number\"}}]}, \"showPartialRows\": false, \"sort\": {\"direction\": null, \"columnIndex\": null}, \"showTotal\": false, \"showMetricsAtAllLevels\": false, \"perPage\": 10, \"totalFunc\": \"sum\"}, \"type\": \"table\", \"title\": \"Users Created - Table [Winlogbeat Security]\"}"
            },
            "id": "5e7f0ed0-bcd2-11e9-b6a2-c9b4015c4baf",
            "migrationVersion": {
                "visualization": "7.4.2"
            },
            "references": [
                {
                    "id": "winlogbeat-*",
                    "name": "kibanaSavedObjectMeta.searchSourceJSON.index",
                    "type": "index-pattern"
                },
                {
                    "id": "winlogbeat-*",
                    "name": "kibanaSavedObjectMeta.searchSourceJSON.filter[0].meta.index",
                    "type": "index-pattern"
                }
            ],
            "type": "visualization",
            "updated_at": "2020-02-04T20:39:02.784Z",
            "version": "WzczLDFd"
        },
        {
            "attributes": {
                "description": "",
                "kibanaSavedObjectMeta": {
                    "searchSourceJSON": "{\"indexRefName\": \"kibanaSavedObjectMeta.searchSourceJSON.index\", \"filter\": [{\"$state\": {\"store\": \"appState\"}, \"meta\": {\"indexRefName\": \"kibanaSavedObjectMeta.searchSourceJSON.filter[0].meta.index\", \"negate\": false, \"alias\": null, \"value\": \"4720, 4722, 4723, 4724, 4725, 4726, 4738, 4740, 4765, 4766, 4767, 4780, 4781, 4794, 5376, 5377\", \"params\": [\"4720\", \"4722\", \"4723\", \"4724\", \"4725\", \"4726\", \"4738\", \"4740\", \"4765\", \"4766\", \"4767\", \"4780\", \"4781\", \"4794\", \"5376\", \"5377\"], \"disabled\": false, \"key\": \"event.code\", \"type\": \"phrases\"}, \"query\": {\"bool\": {\"should\": [{\"match_phrase\": {\"event.code\": \"4720\"}}, {\"match_phrase\": {\"event.code\": \"4722\"}}, {\"match_phrase\": {\"event.code\": \"4723\"}}, {\"match_phrase\": {\"event.code\": \"4724\"}}, {\"match_phrase\": {\"event.code\": \"4725\"}}, {\"match_phrase\": {\"event.code\": \"4726\"}}, {\"match_phrase\": {\"event.code\": \"4738\"}}, {\"match_phrase\": {\"event.code\": \"4740\"}}, {\"match_phrase\": {\"event.code\": \"4765\"}}, {\"match_phrase\": {\"event.code\": \"4766\"}}, {\"match_phrase\": {\"event.code\": \"4767\"}}, {\"match_phrase\": {\"event.code\": \"4780\"}}, {\"match_phrase\": {\"event.code\": \"4781\"}}, {\"match_phrase\": {\"event.code\": \"4794\"}}, {\"match_phrase\": {\"event.code\": \"5376\"}}, {\"match_phrase\": {\"event.code\": \"5377\"}}], \"minimum_should_match\": 1}}}], \"query\": {\"language\": \"kuery\", \"query\": \"\"}}"
                },
                "title": "User Management Events - Event Actions - Table [Winlogbeat Security]",
                "uiStateJSON": "{\"vis\": {\"params\": {\"sort\": {\"direction\": null, \"columnIndex\": null}}}}",
                "version": 1,
                "visState": "{\"aggs\": [{\"params\": {}, \"type\": \"count\", \"enabled\": true, \"schema\": \"metric\", \"id\": \"1\"}, {\"params\": {\"missingBucketLabel\": \"Missing\", \"otherBucket\": false, \"otherBucketLabel\": \"Other\", \"size\": 10, \"order\": \"desc\", \"missingBucket\": false, \"field\": \"event.action\", \"orderBy\": \"1\", \"customLabel\": \"Event Short Description\"}, \"type\": \"terms\", \"enabled\": true, \"schema\": \"bucket\", \"id\": \"2\"}, {\"params\": {\"missingBucketLabel\": \"Missing\", \"otherBucket\": false, \"otherBucketLabel\": \"Other\", \"size\": 5, \"order\": \"desc\", \"missingBucket\": false, \"field\": \"event.code\", \"orderBy\": \"1\", \"customLabel\": \"Event Code\"}, \"type\": \"terms\", \"enabled\": true, \"schema\": \"bucket\", \"id\": \"3\"}], \"params\": {\"dimensions\": {\"buckets\": [{\"params\": {}, \"aggType\": \"terms\", \"accessor\": 0, \"format\": {\"params\": {\"missingBucketLabel\": \"Missing\", \"otherBucketLabel\": \"Other\", \"id\": \"string\"}, \"id\": \"terms\"}}, {\"params\": {}, \"aggType\": \"terms\", \"accessor\": 1, \"format\": {\"params\": {\"missingBucketLabel\": \"Missing\", \"otherBucketLabel\": \"Other\", \"id\": \"string\"}, \"id\": \"terms\"}}], \"metrics\": [{\"params\": {}, \"aggType\": \"count\", \"accessor\": 2, \"format\": {\"id\": \"number\"}}]}, \"showPartialRows\": false, \"sort\": {\"direction\": null, \"columnIndex\": null}, \"showTotal\": false, \"showMetricsAtAllLevels\": false, \"perPage\": 10, \"totalFunc\": \"sum\"}, \"type\": \"table\", \"title\": \"User Management Events - Event Actions - Table [Winlogbeat Security]\"}"
            },
            "id": "b2cecf10-bcd3-11e9-b6a2-c9b4015c4baf",
            "migrationVersion": {
                "visualization": "7.4.2"
            },
            "references": [
                {
                    "id": "winlogbeat-*",
                    "name": "kibanaSavedObjectMeta.searchSourceJSON.index",
                    "type": "index-pattern"
                },
                {
                    "id": "winlogbeat-*",
                    "name": "kibanaSavedObjectMeta.searchSourceJSON.filter[0].meta.index",
                    "type": "index-pattern"
                }
            ],
            "type": "visualization",
            "updated_at": "2020-02-04T20:39:02.784Z",
            "version": "Wzc0LDFd"
        },
        {
            "attributes": {
                "description": "",
                "kibanaSavedObjectMeta": {
                    "searchSourceJSON": "{\"indexRefName\": \"kibanaSavedObjectMeta.searchSourceJSON.index\", \"filter\": [{\"$state\": {\"store\": \"appState\"}, \"meta\": {\"indexRefName\": \"kibanaSavedObjectMeta.searchSourceJSON.filter[0].meta.index\", \"negate\": false, \"alias\": null, \"value\": \"4722\", \"params\": {\"query\": \"4722\"}, \"disabled\": false, \"key\": \"event.code\", \"type\": \"phrase\"}, \"query\": {\"match\": {\"event.code\": {\"type\": \"phrase\", \"query\": \"4722\"}}}}], \"query\": {\"language\": \"kuery\", \"query\": \"\"}}"
                },
                "title": "Users Enabled - Table [Winlogbeat Security]",
                "uiStateJSON": "{\"vis\": {\"params\": {\"sort\": {\"direction\": null, \"columnIndex\": null}}}}",
                "version": 1,
                "visState": "{\"aggs\": [{\"params\": {}, \"type\": \"count\", \"enabled\": true, \"schema\": \"metric\", \"id\": \"1\"}, {\"params\": {\"missingBucketLabel\": \"Missing\", \"otherBucket\": false, \"otherBucketLabel\": \"Other\", \"size\": 100, \"order\": \"desc\", \"missingBucket\": false, \"field\": \"winlog.event_data.TargetUserName\", \"orderBy\": \"1\", \"customLabel\": \"Enabled User\"}, \"type\": \"terms\", \"enabled\": true, \"schema\": \"bucket\", \"id\": \"2\"}, {\"params\": {\"missingBucketLabel\": \"Missing\", \"otherBucket\": false, \"otherBucketLabel\": \"Other\", \"size\": 5, \"order\": \"desc\", \"missingBucket\": true, \"field\": \"winlog.event_data.SubjectUserName\", \"orderBy\": \"1\", \"customLabel\": \"Performed by\"}, \"type\": \"terms\", \"enabled\": true, \"schema\": \"bucket\", \"id\": \"3\"}, {\"params\": {\"missingBucketLabel\": \"Missing\", \"otherBucket\": false, \"otherBucketLabel\": \"Other\", \"size\": 5, \"order\": \"desc\", \"missingBucket\": false, \"field\": \"winlog.logon.id\", \"orderBy\": \"1\", \"customLabel\": \"Performer LogonId\"}, \"type\": \"terms\", \"enabled\": true, \"schema\": \"bucket\", \"id\": \"4\"}], \"params\": {\"dimensions\": {\"buckets\": [{\"params\": {}, \"aggType\": \"terms\", \"accessor\": 0, \"format\": {\"params\": {\"missingBucketLabel\": \"Missing\", \"otherBucketLabel\": \"Other\", \"id\": \"string\"}, \"id\": \"terms\"}}, {\"params\": {}, \"aggType\": \"terms\", \"accessor\": 1, \"format\": {\"params\": {\"missingBucketLabel\": \"Missing\", \"otherBucketLabel\": \"Other\", \"id\": \"string\"}, \"id\": \"terms\"}}, {\"params\": {}, \"aggType\": \"terms\", \"accessor\": 2, \"format\": {\"params\": {\"missingBucketLabel\": \"Missing\", \"otherBucketLabel\": \"Other\", \"id\": \"string\"}, \"id\": \"terms\"}}], \"metrics\": [{\"params\": {}, \"aggType\": \"count\", \"accessor\": 3, \"format\": {\"id\": \"number\"}}]}, \"showPartialRows\": false, \"sort\": {\"direction\": null, \"columnIndex\": null}, \"showTotal\": false, \"showMetricsAtAllLevels\": false, \"perPage\": 10, \"totalFunc\": \"sum\"}, \"type\": \"table\", \"title\": \"Users Enabled - Table [Winlogbeat Security]\"}"
            },
            "id": "0620c3d0-bcd4-11e9-b6a2-c9b4015c4baf",
            "migrationVersion": {
                "visualization": "7.4.2"
            },
            "references": [
                {
                    "id": "winlogbeat-*",
                    "name": "kibanaSavedObjectMeta.searchSourceJSON.index",
                    "type": "index-pattern"
                },
                {
                    "id": "winlogbeat-*",
                    "name": "kibanaSavedObjectMeta.searchSourceJSON.filter[0].meta.index",
                    "type": "index-pattern"
                }
            ],
            "type": "visualization",
            "updated_at": "2020-02-04T20:39:02.784Z",
            "version": "Wzc1LDFd"
        },
        {
            "attributes": {
                "description": "",
                "kibanaSavedObjectMeta": {
                    "searchSourceJSON": "{\"indexRefName\": \"kibanaSavedObjectMeta.searchSourceJSON.index\", \"filter\": [{\"$state\": {\"store\": \"appState\"}, \"meta\": {\"indexRefName\": \"kibanaSavedObjectMeta.searchSourceJSON.filter[0].meta.index\", \"negate\": false, \"alias\": null, \"value\": \"4725\", \"params\": {\"query\": \"4725\"}, \"disabled\": false, \"key\": \"event.code\", \"type\": \"phrase\"}, \"query\": {\"match\": {\"event.code\": {\"type\": \"phrase\", \"query\": \"4725\"}}}}], \"query\": {\"language\": \"kuery\", \"query\": \"\"}}"
                },
                "title": "Users Disabled - Table [Winlogbeat Security]",
                "uiStateJSON": "{\"vis\": {\"params\": {\"sort\": {\"direction\": null, \"columnIndex\": null}}}}",
                "version": 1,
                "visState": "{\"aggs\": [{\"params\": {}, \"type\": \"count\", \"enabled\": true, \"schema\": \"metric\", \"id\": \"1\"}, {\"params\": {\"missingBucketLabel\": \"Missing\", \"otherBucket\": false, \"otherBucketLabel\": \"Other\", \"size\": 100, \"order\": \"desc\", \"missingBucket\": false, \"field\": \"winlog.event_data.TargetUserName\", \"orderBy\": \"1\", \"customLabel\": \"Disabled User\"}, \"type\": \"terms\", \"enabled\": true, \"schema\": \"bucket\", \"id\": \"2\"}, {\"params\": {\"missingBucketLabel\": \"Missing\", \"otherBucket\": false, \"otherBucketLabel\": \"Other\", \"size\": 5, \"order\": \"desc\", \"missingBucket\": true, \"field\": \"winlog.event_data.SubjectUserName\", \"orderBy\": \"1\", \"customLabel\": \"Performed by\"}, \"type\": \"terms\", \"enabled\": true, \"schema\": \"bucket\", \"id\": \"3\"}, {\"params\": {\"missingBucketLabel\": \"Missing\", \"otherBucket\": false, \"otherBucketLabel\": \"Other\", \"size\": 5, \"order\": \"desc\", \"missingBucket\": false, \"field\": \"winlog.logon.id\", \"orderBy\": \"1\", \"customLabel\": \"Performer LogonId\"}, \"type\": \"terms\", \"enabled\": true, \"schema\": \"bucket\", \"id\": \"4\"}], \"params\": {\"dimensions\": {\"buckets\": [{\"params\": {}, \"aggType\": \"terms\", \"accessor\": 0, \"format\": {\"params\": {\"missingBucketLabel\": \"Missing\", \"otherBucketLabel\": \"Other\", \"id\": \"string\"}, \"id\": \"terms\"}}, {\"params\": {}, \"aggType\": \"terms\", \"accessor\": 1, \"format\": {\"params\": {\"missingBucketLabel\": \"Missing\", \"otherBucketLabel\": \"Other\", \"id\": \"string\"}, \"id\": \"terms\"}}, {\"params\": {}, \"aggType\": \"terms\", \"accessor\": 2, \"format\": {\"params\": {\"missingBucketLabel\": \"Missing\", \"otherBucketLabel\": \"Other\", \"id\": \"string\"}, \"id\": \"terms\"}}], \"metrics\": [{\"params\": {}, \"aggType\": \"count\", \"accessor\": 3, \"format\": {\"id\": \"number\"}}]}, \"showPartialRows\": false, \"sort\": {\"direction\": null, \"columnIndex\": null}, \"showTotal\": false, \"showMetricsAtAllLevels\": false, \"perPage\": 10, \"totalFunc\": \"sum\"}, \"type\": \"table\", \"title\": \"Users Disabled - Table [Winlogbeat Security]\"}"
            },
            "id": "8f20c950-bcd4-11e9-b6a2-c9b4015c4baf",
            "migrationVersion": {
                "visualization": "7.4.2"
            },
            "references": [
                {
                    "id": "winlogbeat-*",
                    "name": "kibanaSavedObjectMeta.searchSourceJSON.index",
                    "type": "index-pattern"
                },
                {
                    "id": "winlogbeat-*",
                    "name": "kibanaSavedObjectMeta.searchSourceJSON.filter[0].meta.index",
                    "type": "index-pattern"
                }
            ],
            "type": "visualization",
            "updated_at": "2020-02-04T20:39:02.784Z",
            "version": "Wzc2LDFd"
        },
        {
            "attributes": {
                "description": "",
                "kibanaSavedObjectMeta": {
                    "searchSourceJSON": "{\"indexRefName\": \"kibanaSavedObjectMeta.searchSourceJSON.index\", \"filter\": [{\"$state\": {\"store\": \"appState\"}, \"meta\": {\"indexRefName\": \"kibanaSavedObjectMeta.searchSourceJSON.filter[0].meta.index\", \"negate\": false, \"alias\": null, \"value\": \"4726\", \"params\": {\"query\": \"4726\"}, \"disabled\": false, \"key\": \"event.code\", \"type\": \"phrase\"}, \"query\": {\"match\": {\"event.code\": {\"type\": \"phrase\", \"query\": \"4726\"}}}}], \"query\": {\"language\": \"kuery\", \"query\": \"\"}}"
                },
                "title": "Users Deleted - Table [Winlogbeat Security]",
                "uiStateJSON": "{\"vis\": {\"params\": {\"sort\": {\"direction\": null, \"columnIndex\": null}}}}",
                "version": 1,
                "visState": "{\"aggs\": [{\"params\": {}, \"type\": \"count\", \"enabled\": true, \"schema\": \"metric\", \"id\": \"1\"}, {\"params\": {\"missingBucketLabel\": \"Missing\", \"otherBucket\": false, \"otherBucketLabel\": \"Other\", \"size\": 100, \"order\": \"desc\", \"missingBucket\": false, \"field\": \"winlog.event_data.TargetUserName\", \"orderBy\": \"1\", \"customLabel\": \"Deleted User\"}, \"type\": \"terms\", \"enabled\": true, \"schema\": \"bucket\", \"id\": \"2\"}, {\"params\": {\"missingBucketLabel\": \"Missing\", \"otherBucket\": false, \"otherBucketLabel\": \"Other\", \"size\": 5, \"order\": \"desc\", \"missingBucket\": true, \"field\": \"winlog.event_data.SubjectUserName\", \"orderBy\": \"1\", \"customLabel\": \"Performed by\"}, \"type\": \"terms\", \"enabled\": true, \"schema\": \"bucket\", \"id\": \"3\"}, {\"params\": {\"missingBucketLabel\": \"Missing\", \"otherBucket\": false, \"otherBucketLabel\": \"Other\", \"size\": 5, \"order\": \"desc\", \"missingBucket\": false, \"field\": \"winlog.logon.id\", \"orderBy\": \"1\", \"customLabel\": \"Performed LogonId\"}, \"type\": \"terms\", \"enabled\": true, \"schema\": \"bucket\", \"id\": \"4\"}], \"params\": {\"dimensions\": {\"buckets\": [{\"params\": {}, \"aggType\": \"terms\", \"accessor\": 0, \"format\": {\"params\": {\"missingBucketLabel\": \"Missing\", \"otherBucketLabel\": \"Other\", \"id\": \"string\"}, \"id\": \"terms\"}}, {\"params\": {}, \"aggType\": \"terms\", \"accessor\": 1, \"format\": {\"params\": {\"missingBucketLabel\": \"Missing\", \"otherBucketLabel\": \"Other\", \"id\": \"string\"}, \"id\": \"terms\"}}, {\"params\": {}, \"aggType\": \"terms\", \"accessor\": 2, \"format\": {\"params\": {\"missingBucketLabel\": \"Missing\", \"otherBucketLabel\": \"Other\", \"id\": \"string\"}, \"id\": \"terms\"}}], \"metrics\": [{\"params\": {}, \"aggType\": \"count\", \"accessor\": 3, \"format\": {\"id\": \"number\"}}]}, \"showPartialRows\": false, \"sort\": {\"direction\": null, \"columnIndex\": null}, \"showTotal\": false, \"showMetricsAtAllLevels\": false, \"perPage\": 10, \"totalFunc\": \"sum\"}, \"type\": \"table\", \"title\": \"Users Deleted - Table [Winlogbeat Security]\"}"
            },
            "id": "ee0319a0-bcd4-11e9-b6a2-c9b4015c4baf",
            "migrationVersion": {
                "visualization": "7.4.2"
            },
            "references": [
                {
                    "id": "winlogbeat-*",
                    "name": "kibanaSavedObjectMeta.searchSourceJSON.index",
                    "type": "index-pattern"
                },
                {
                    "id": "winlogbeat-*",
                    "name": "kibanaSavedObjectMeta.searchSourceJSON.filter[0].meta.index",
                    "type": "index-pattern"
                }
            ],
            "type": "visualization",
            "updated_at": "2020-02-04T20:39:02.784Z",
            "version": "Wzc3LDFd"
        },
        {
            "attributes": {
                "description": "",
                "kibanaSavedObjectMeta": {
                    "searchSourceJSON": "{\"indexRefName\": \"kibanaSavedObjectMeta.searchSourceJSON.index\", \"filter\": [{\"$state\": {\"store\": \"appState\"}, \"meta\": {\"indexRefName\": \"kibanaSavedObjectMeta.searchSourceJSON.filter[0].meta.index\", \"negate\": false, \"alias\": null, \"value\": \"4720, 4722, 4723, 4724, 4725, 4726, 4738, 4740, 4765, 4766, 4767, 4780, 4781, 4794, 5376, 5377\", \"params\": [\"4720\", \"4722\", \"4723\", \"4724\", \"4725\", \"4726\", \"4738\", \"4740\", \"4765\", \"4766\", \"4767\", \"4780\", \"4781\", \"4794\", \"5376\", \"5377\"], \"disabled\": false, \"key\": \"event.code\", \"type\": \"phrases\"}, \"query\": {\"bool\": {\"should\": [{\"match_phrase\": {\"event.code\": \"4720\"}}, {\"match_phrase\": {\"event.code\": \"4722\"}}, {\"match_phrase\": {\"event.code\": \"4723\"}}, {\"match_phrase\": {\"event.code\": \"4724\"}}, {\"match_phrase\": {\"event.code\": \"4725\"}}, {\"match_phrase\": {\"event.code\": \"4726\"}}, {\"match_phrase\": {\"event.code\": \"4738\"}}, {\"match_phrase\": {\"event.code\": \"4740\"}}, {\"match_phrase\": {\"event.code\": \"4765\"}}, {\"match_phrase\": {\"event.code\": \"4766\"}}, {\"match_phrase\": {\"event.code\": \"4767\"}}, {\"match_phrase\": {\"event.code\": \"4780\"}}, {\"match_phrase\": {\"event.code\": \"4781\"}}, {\"match_phrase\": {\"event.code\": \"4794\"}}, {\"match_phrase\": {\"event.code\": \"5376\"}}, {\"match_phrase\": {\"event.code\": \"5377\"}}], \"minimum_should_match\": 1}}}], \"query\": {\"language\": \"kuery\", \"query\": \"\"}}"
                },
                "title": "User Management Events - Affected Users vs Actions - Heatmap [Winlogbeat Security]",
                "uiStateJSON": "{\"vis\": {\"defaultColors\": {\"14 - 28\": \"rgb(198,219,239)\", \"42 - 55\": \"rgb(33,113,181)\", \"0 - 14\": \"rgb(247,251,255)\", \"28 - 42\": \"rgb(107,174,214)\"}}}",
                "version": 1,
                "visState": "{\"aggs\": [{\"params\": {}, \"type\": \"count\", \"enabled\": true, \"schema\": \"metric\", \"id\": \"1\"}, {\"params\": {\"missingBucketLabel\": \"Missing\", \"otherBucket\": false, \"otherBucketLabel\": \"Other\", \"size\": 15, \"order\": \"desc\", \"missingBucket\": false, \"field\": \"winlog.event_data.TargetUserName\", \"orderBy\": \"1\", \"customLabel\": \"Target User\"}, \"type\": \"terms\", \"enabled\": true, \"schema\": \"segment\", \"id\": \"2\"}, {\"params\": {\"missingBucketLabel\": \"Missing\", \"otherBucket\": false, \"otherBucketLabel\": \"Other\", \"size\": 10, \"order\": \"desc\", \"missingBucket\": false, \"field\": \"event.action\", \"orderBy\": \"1\", \"customLabel\": \"Operation\"}, \"type\": \"terms\", \"enabled\": true, \"schema\": \"group\", \"id\": \"3\"}], \"params\": {\"colorsRange\": [], \"colorsNumber\": 4, \"enableHover\": false, \"addTooltip\": true, \"legendPosition\": \"right\", \"times\": [], \"type\": \"heatmap\", \"percentageMode\": false, \"colorSchema\": \"Blues\", \"invertColors\": false, \"dimensions\": {\"series\": [{\"params\": {}, \"aggType\": \"terms\", \"accessor\": 1, \"format\": {\"params\": {\"missingBucketLabel\": \"Missing\", \"otherBucketLabel\": \"Other\", \"id\": \"string\"}, \"id\": \"terms\"}}], \"x\": {\"params\": {}, \"aggType\": \"terms\", \"accessor\": 0, \"format\": {\"params\": {\"missingBucketLabel\": \"Missing\", \"otherBucketLabel\": \"Other\", \"id\": \"string\"}, \"id\": \"terms\"}}, \"y\": [{\"params\": {}, \"aggType\": \"count\", \"accessor\": 2, \"format\": {\"id\": \"number\"}}]}, \"setColorRange\": false, \"addLegend\": true, \"valueAxes\": [{\"show\": false, \"scale\": {\"type\": \"linear\", \"defaultYExtents\": false}, \"labels\": {\"rotate\": 0, \"overwriteColor\": false, \"color\": \"black\", \"show\": true}, \"type\": \"value\", \"id\": \"ValueAxis-1\"}]}, \"type\": \"heatmap\", \"title\": \"User Management Events - Affected Users vs Actions - Heatmap [Winlogbeat Security]\"}"
            },
            "id": "dce77e60-bcd7-11e9-b6a2-c9b4015c4baf",
            "migrationVersion": {
                "visualization": "7.4.2"
            },
            "references": [
                {
                    "id": "winlogbeat-*",
                    "name": "kibanaSavedObjectMeta.searchSourceJSON.index",
                    "type": "index-pattern"
                },
                {
                    "id": "winlogbeat-*",
                    "name": "kibanaSavedObjectMeta.searchSourceJSON.filter[0].meta.index",
                    "type": "index-pattern"
                }
            ],
            "type": "visualization",
            "updated_at": "2020-02-04T20:39:02.784Z",
            "version": "Wzc4LDFd"
        },
        {
            "attributes": {
                "description": "",
                "kibanaSavedObjectMeta": {
                    "searchSourceJSON": "{\"indexRefName\": \"kibanaSavedObjectMeta.searchSourceJSON.index\", \"filter\": [{\"$state\": {\"store\": \"appState\"}, \"meta\": {\"indexRefName\": \"kibanaSavedObjectMeta.searchSourceJSON.filter[0].meta.index\", \"negate\": false, \"alias\": null, \"value\": \"4723, 4724\", \"params\": [\"4723\", \"4724\"], \"disabled\": false, \"key\": \"event.code\", \"type\": \"phrases\"}, \"query\": {\"bool\": {\"should\": [{\"match_phrase\": {\"event.code\": \"4723\"}}, {\"match_phrase\": {\"event.code\": \"4724\"}}], \"minimum_should_match\": 1}}}], \"query\": {\"language\": \"kuery\", \"query\": \"\"}}"
                },
                "title": "Users Password Changes - Table [Winlogbeat Security]",
                "uiStateJSON": "{\"vis\": {\"params\": {\"sort\": {\"direction\": null, \"columnIndex\": null}}}}",
                "version": 1,
                "visState": "{\"aggs\": [{\"params\": {}, \"type\": \"count\", \"enabled\": true, \"schema\": \"metric\", \"id\": \"1\"}, {\"params\": {\"missingBucketLabel\": \"Missing\", \"otherBucket\": false, \"otherBucketLabel\": \"Other\", \"size\": 100, \"order\": \"desc\", \"missingBucket\": false, \"field\": \"winlog.event_data.TargetUserName\", \"orderBy\": \"1\", \"customLabel\": \"Password Change to\"}, \"type\": \"terms\", \"enabled\": true, \"schema\": \"bucket\", \"id\": \"2\"}, {\"params\": {\"missingBucketLabel\": \"Missing\", \"otherBucket\": false, \"otherBucketLabel\": \"Other\", \"size\": 5, \"order\": \"desc\", \"missingBucket\": true, \"field\": \"winlog.event_data.SubjectUserName\", \"orderBy\": \"1\", \"customLabel\": \"Performed by\"}, \"type\": \"terms\", \"enabled\": true, \"schema\": \"bucket\", \"id\": \"3\"}, {\"params\": {\"missingBucketLabel\": \"Missing\", \"otherBucket\": false, \"otherBucketLabel\": \"Other\", \"size\": 5, \"order\": \"desc\", \"missingBucket\": false, \"field\": \"winlog.logon.id\", \"orderBy\": \"1\", \"customLabel\": \"Performer LogonId\"}, \"type\": \"terms\", \"enabled\": true, \"schema\": \"bucket\", \"id\": \"4\"}], \"params\": {\"dimensions\": {\"buckets\": [{\"params\": {}, \"aggType\": \"terms\", \"accessor\": 0, \"format\": {\"params\": {\"missingBucketLabel\": \"Missing\", \"otherBucketLabel\": \"Other\", \"id\": \"string\"}, \"id\": \"terms\"}}, {\"params\": {}, \"aggType\": \"terms\", \"accessor\": 1, \"format\": {\"params\": {\"missingBucketLabel\": \"Missing\", \"otherBucketLabel\": \"Other\", \"id\": \"string\"}, \"id\": \"terms\"}}, {\"params\": {}, \"aggType\": \"terms\", \"accessor\": 2, \"format\": {\"params\": {\"missingBucketLabel\": \"Missing\", \"otherBucketLabel\": \"Other\", \"id\": \"string\"}, \"id\": \"terms\"}}], \"metrics\": [{\"params\": {}, \"aggType\": \"count\", \"accessor\": 3, \"format\": {\"id\": \"number\"}}]}, \"showPartialRows\": false, \"sort\": {\"direction\": null, \"columnIndex\": null}, \"showTotal\": false, \"showMetricsAtAllLevels\": false, \"perPage\": 10, \"totalFunc\": \"sum\"}, \"type\": \"table\", \"title\": \"Users Password Changes - Table [Winlogbeat Security]\"}"
            },
            "id": "da5ffe40-bcd9-11e9-b6a2-c9b4015c4baf",
            "migrationVersion": {
                "visualization": "7.4.2"
            },
            "references": [
                {
                    "id": "winlogbeat-*",
                    "name": "kibanaSavedObjectMeta.searchSourceJSON.index",
                    "type": "index-pattern"
                },
                {
                    "id": "winlogbeat-*",
                    "name": "kibanaSavedObjectMeta.searchSourceJSON.filter[0].meta.index",
                    "type": "index-pattern"
                }
            ],
            "type": "visualization",
            "updated_at": "2020-02-04T20:39:02.784Z",
            "version": "Wzc5LDFd"
        },
        {
            "attributes": {
                "description": "",
                "kibanaSavedObjectMeta": {
                    "searchSourceJSON": "{\"indexRefName\": \"kibanaSavedObjectMeta.searchSourceJSON.index\", \"filter\": [{\"$state\": {\"store\": \"appState\"}, \"meta\": {\"indexRefName\": \"kibanaSavedObjectMeta.searchSourceJSON.filter[0].meta.index\", \"negate\": false, \"alias\": null, \"value\": \"4720\", \"params\": {\"query\": \"4720\"}, \"disabled\": false, \"key\": \"event.code\", \"type\": \"phrase\"}, \"query\": {\"match\": {\"event.code\": {\"type\": \"phrase\", \"query\": \"4720\"}}}}], \"query\": {\"language\": \"kuery\", \"query\": \"\"}}"
                },
                "title": "Users Created - Simple Metric [Winlogbeat Security]",
                "uiStateJSON": "{}",
                "version": 1,
                "visState": "{\"aggs\": [{\"params\": {\"customLabel\": \"Users Created\"}, \"type\": \"count\", \"enabled\": true, \"schema\": \"metric\", \"id\": \"1\"}], \"params\": {\"metric\": {\"colorsRange\": [{\"type\": \"range\", \"from\": 0, \"to\": 10000}], \"invertColors\": false, \"metricColorMode\": \"None\", \"style\": {\"bgColor\": false, \"fontSize\": 60, \"subText\": \"\", \"bgFill\": \"#000\", \"labelColor\": false}, \"useRanges\": false, \"labels\": {\"show\": true}, \"percentageMode\": false, \"colorSchema\": \"Green to Red\"}, \"dimensions\": {\"metrics\": [{\"type\": \"vis_dimension\", \"accessor\": 0, \"format\": {\"params\": {}, \"id\": \"number\"}}]}, \"addLegend\": false, \"addTooltip\": true, \"type\": \"metric\"}, \"type\": \"metric\", \"title\": \"Users Created - Simple Metric [Winlogbeat Security]\"}"
            },
            "id": "102efd20-bcdd-11e9-b6a2-c9b4015c4baf",
            "migrationVersion": {
                "visualization": "7.4.2"
            },
            "references": [
                {
                    "id": "winlogbeat-*",
                    "name": "kibanaSavedObjectMeta.searchSourceJSON.index",
                    "type": "index-pattern"
                },
                {
                    "id": "winlogbeat-*",
                    "name": "kibanaSavedObjectMeta.searchSourceJSON.filter[0].meta.index",
                    "type": "index-pattern"
                }
            ],
            "type": "visualization",
            "updated_at": "2020-02-04T20:39:02.784Z",
            "version": "WzgwLDFd"
        },
        {
            "attributes": {
                "description": "",
                "kibanaSavedObjectMeta": {
                    "searchSourceJSON": "{\"indexRefName\": \"kibanaSavedObjectMeta.searchSourceJSON.index\", \"filter\": [{\"$state\": {\"store\": \"appState\"}, \"meta\": {\"indexRefName\": \"kibanaSavedObjectMeta.searchSourceJSON.filter[0].meta.index\", \"negate\": false, \"alias\": null, \"value\": \"4722\", \"params\": {\"query\": \"4722\"}, \"disabled\": false, \"key\": \"event.code\", \"type\": \"phrase\"}, \"query\": {\"match\": {\"event.code\": {\"type\": \"phrase\", \"query\": \"4722\"}}}}], \"query\": {\"language\": \"kuery\", \"query\": \"\"}}"
                },
                "title": "Users Enabled - Simple Metric [Winlogbeat Security]",
                "uiStateJSON": "{}",
                "version": 1,
                "visState": "{\"aggs\": [{\"params\": {\"field\": \"user.name\", \"customLabel\": \"Users Enabled\"}, \"type\": \"cardinality\", \"enabled\": true, \"schema\": \"metric\", \"id\": \"1\"}], \"params\": {\"metric\": {\"colorsRange\": [{\"type\": \"range\", \"from\": 0, \"to\": 10000}], \"invertColors\": false, \"metricColorMode\": \"None\", \"style\": {\"bgColor\": false, \"fontSize\": 60, \"subText\": \"\", \"bgFill\": \"#000\", \"labelColor\": false}, \"useRanges\": false, \"labels\": {\"show\": true}, \"percentageMode\": false, \"colorSchema\": \"Green to Red\"}, \"dimensions\": {\"metrics\": [{\"type\": \"vis_dimension\", \"accessor\": 0, \"format\": {\"params\": {}, \"id\": \"number\"}}]}, \"addLegend\": false, \"addTooltip\": true, \"type\": \"metric\"}, \"type\": \"metric\", \"title\": \"Users Enabled - Simple Metric [Winlogbeat Security]\"}"
            },
            "id": "855957d0-bcdd-11e9-b6a2-c9b4015c4baf",
            "migrationVersion": {
                "visualization": "7.4.2"
            },
            "references": [
                {
                    "id": "winlogbeat-*",
                    "name": "kibanaSavedObjectMeta.searchSourceJSON.index",
                    "type": "index-pattern"
                },
                {
                    "id": "winlogbeat-*",
                    "name": "kibanaSavedObjectMeta.searchSourceJSON.filter[0].meta.index",
                    "type": "index-pattern"
                }
            ],
            "type": "visualization",
            "updated_at": "2020-02-04T20:39:02.784Z",
            "version": "WzgxLDFd"
        },
        {
            "attributes": {
                "description": "",
                "kibanaSavedObjectMeta": {
                    "searchSourceJSON": "{\"indexRefName\": \"kibanaSavedObjectMeta.searchSourceJSON.index\", \"filter\": [{\"$state\": {\"store\": \"appState\"}, \"meta\": {\"indexRefName\": \"kibanaSavedObjectMeta.searchSourceJSON.filter[0].meta.index\", \"negate\": false, \"alias\": null, \"value\": \"4726\", \"params\": {\"query\": \"4726\"}, \"disabled\": false, \"key\": \"event.code\", \"type\": \"phrase\"}, \"query\": {\"match\": {\"event.code\": {\"type\": \"phrase\", \"query\": \"4726\"}}}}], \"query\": {\"language\": \"kuery\", \"query\": \"\"}}"
                },
                "title": "Users Deleted - Simple Metric [Winlogbeat Security]",
                "uiStateJSON": "{}",
                "version": 1,
                "visState": "{\"aggs\": [{\"params\": {\"customLabel\": \"Deleted Users\"}, \"type\": \"count\", \"enabled\": true, \"schema\": \"metric\", \"id\": \"1\"}], \"params\": {\"metric\": {\"colorsRange\": [{\"type\": \"range\", \"from\": 0, \"to\": 10000}], \"invertColors\": false, \"metricColorMode\": \"None\", \"style\": {\"bgColor\": false, \"fontSize\": 60, \"subText\": \"\", \"bgFill\": \"#000\", \"labelColor\": false}, \"useRanges\": false, \"labels\": {\"show\": true}, \"percentageMode\": false, \"colorSchema\": \"Green to Red\"}, \"dimensions\": {\"metrics\": [{\"type\": \"vis_dimension\", \"accessor\": 0, \"format\": {\"params\": {}, \"id\": \"number\"}}]}, \"addLegend\": false, \"addTooltip\": true, \"type\": \"metric\"}, \"type\": \"metric\", \"title\": \"Users Deleted - Simple Metric [Winlogbeat Security]\"}"
            },
            "id": "c359b020-bcdd-11e9-b6a2-c9b4015c4baf",
            "migrationVersion": {
                "visualization": "7.4.2"
            },
            "references": [
                {
                    "id": "winlogbeat-*",
                    "name": "kibanaSavedObjectMeta.searchSourceJSON.index",
                    "type": "index-pattern"
                },
                {
                    "id": "winlogbeat-*",
                    "name": "kibanaSavedObjectMeta.searchSourceJSON.filter[0].meta.index",
                    "type": "index-pattern"
                }
            ],
            "type": "visualization",
            "updated_at": "2020-02-04T20:39:02.784Z",
            "version": "WzgyLDFd"
        },
        {
            "attributes": {
                "description": "",
                "kibanaSavedObjectMeta": {
                    "searchSourceJSON": "{\"indexRefName\": \"kibanaSavedObjectMeta.searchSourceJSON.index\", \"filter\": [{\"$state\": {\"store\": \"appState\"}, \"meta\": {\"indexRefName\": \"kibanaSavedObjectMeta.searchSourceJSON.filter[0].meta.index\", \"negate\": false, \"alias\": null, \"value\": \"4725\", \"params\": {\"query\": \"4725\"}, \"disabled\": false, \"key\": \"event.code\", \"type\": \"phrase\"}, \"query\": {\"match\": {\"event.code\": {\"type\": \"phrase\", \"query\": \"4725\"}}}}], \"query\": {\"language\": \"kuery\", \"query\": \"\"}}"
                },
                "title": "Users Disabled - Simple Metric [Winlogbeat Security]",
                "uiStateJSON": "{}",
                "version": 1,
                "visState": "{\"aggs\": [{\"params\": {\"field\": \"user.name\", \"customLabel\": \"Disabled Users\"}, \"type\": \"cardinality\", \"enabled\": true, \"schema\": \"metric\", \"id\": \"1\"}], \"params\": {\"metric\": {\"colorsRange\": [{\"type\": \"range\", \"from\": 0, \"to\": 10000}], \"invertColors\": false, \"metricColorMode\": \"None\", \"style\": {\"bgColor\": false, \"fontSize\": 60, \"subText\": \"\", \"bgFill\": \"#000\", \"labelColor\": false}, \"useRanges\": false, \"labels\": {\"show\": true}, \"percentageMode\": false, \"colorSchema\": \"Green to Red\"}, \"dimensions\": {\"metrics\": [{\"type\": \"vis_dimension\", \"accessor\": 0, \"format\": {\"params\": {}, \"id\": \"number\"}}]}, \"addLegend\": false, \"addTooltip\": true, \"type\": \"metric\"}, \"type\": \"metric\", \"title\": \"Users Disabled - Simple Metric [Winlogbeat Security]\"}"
            },
            "id": "0cb2d940-bcde-11e9-b6a2-c9b4015c4baf",
            "migrationVersion": {
                "visualization": "7.4.2"
            },
            "references": [
                {
                    "id": "winlogbeat-*",
                    "name": "kibanaSavedObjectMeta.searchSourceJSON.index",
                    "type": "index-pattern"
                },
                {
                    "id": "winlogbeat-*",
                    "name": "kibanaSavedObjectMeta.searchSourceJSON.filter[0].meta.index",
                    "type": "index-pattern"
                }
            ],
            "type": "visualization",
            "updated_at": "2020-02-04T20:39:02.784Z",
            "version": "WzgzLDFd"
        },
        {
            "attributes": {
                "description": "",
                "kibanaSavedObjectMeta": {
                    "searchSourceJSON": "{\"indexRefName\": \"kibanaSavedObjectMeta.searchSourceJSON.index\", \"filter\": [{\"$state\": {\"store\": \"appState\"}, \"meta\": {\"indexRefName\": \"kibanaSavedObjectMeta.searchSourceJSON.filter[0].meta.index\", \"negate\": false, \"alias\": null, \"value\": \"4723, 4724\", \"params\": [\"4723\", \"4724\"], \"disabled\": false, \"key\": \"event.code\", \"type\": \"phrases\"}, \"query\": {\"bool\": {\"should\": [{\"match_phrase\": {\"event.code\": \"4723\"}}, {\"match_phrase\": {\"event.code\": \"4724\"}}], \"minimum_should_match\": 1}}}], \"query\": {\"language\": \"kuery\", \"query\": \"\"}}"
                },
                "title": "Users Password Reset / Changes [Winlogbeat Security]",
                "uiStateJSON": "{}",
                "version": 1,
                "visState": "{\"aggs\": [{\"params\": {\"customLabel\": \"Password Changes\"}, \"type\": \"count\", \"enabled\": true, \"schema\": \"metric\", \"id\": \"1\"}], \"params\": {\"metric\": {\"colorsRange\": [{\"type\": \"range\", \"from\": 0, \"to\": 10000}], \"invertColors\": false, \"metricColorMode\": \"None\", \"style\": {\"bgColor\": false, \"fontSize\": 60, \"subText\": \"\", \"bgFill\": \"#000\", \"labelColor\": false}, \"useRanges\": false, \"labels\": {\"show\": true}, \"percentageMode\": false, \"colorSchema\": \"Green to Red\"}, \"dimensions\": {\"metrics\": [{\"type\": \"vis_dimension\", \"accessor\": 0, \"format\": {\"params\": {}, \"id\": \"number\"}}]}, \"addLegend\": false, \"addTooltip\": true, \"type\": \"metric\"}, \"type\": \"metric\", \"title\": \"Users Password Reset / Changes [Winlogbeat Security]\"}"
            },
            "id": "568a8130-bcde-11e9-b6a2-c9b4015c4baf",
            "migrationVersion": {
                "visualization": "7.4.2"
            },
            "references": [
                {
                    "id": "winlogbeat-*",
                    "name": "kibanaSavedObjectMeta.searchSourceJSON.index",
                    "type": "index-pattern"
                },
                {
                    "id": "winlogbeat-*",
                    "name": "kibanaSavedObjectMeta.searchSourceJSON.filter[0].meta.index",
                    "type": "index-pattern"
                }
            ],
            "type": "visualization",
            "updated_at": "2020-02-04T20:39:02.784Z",
            "version": "Wzg0LDFd"
        },
        {
            "attributes": {
                "description": "",
                "kibanaSavedObjectMeta": {
                    "searchSourceJSON": "{\"indexRefName\": \"kibanaSavedObjectMeta.searchSourceJSON.index\", \"filter\": [{\"$state\": {\"store\": \"appState\"}, \"meta\": {\"indexRefName\": \"kibanaSavedObjectMeta.searchSourceJSON.filter[0].meta.index\", \"negate\": false, \"alias\": null, \"value\": \"4767\", \"params\": {\"query\": \"4767\"}, \"disabled\": false, \"key\": \"event.code\", \"type\": \"phrase\"}, \"query\": {\"match\": {\"event.code\": {\"type\": \"phrase\", \"query\": \"4767\"}}}}], \"query\": {\"language\": \"kuery\", \"query\": \"\"}}"
                },
                "title": "Unlocked Users - Table [Winlogbeat Security]",
                "uiStateJSON": "{\"vis\": {\"params\": {\"sort\": {\"direction\": null, \"columnIndex\": null}}}}",
                "version": 1,
                "visState": "{\"aggs\": [{\"params\": {}, \"type\": \"count\", \"enabled\": true, \"schema\": \"metric\", \"id\": \"1\"}, {\"params\": {\"missingBucketLabel\": \"Missing\", \"otherBucket\": false, \"otherBucketLabel\": \"Other\", \"size\": 100, \"order\": \"desc\", \"missingBucket\": false, \"field\": \"winlog.event_data.TargetUserName\", \"orderBy\": \"1\", \"customLabel\": \"Unlocked User\"}, \"type\": \"terms\", \"enabled\": true, \"schema\": \"bucket\", \"id\": \"2\"}, {\"params\": {\"missingBucketLabel\": \"Missing\", \"otherBucket\": false, \"otherBucketLabel\": \"Other\", \"size\": 5, \"order\": \"desc\", \"missingBucket\": true, \"field\": \"winlog.event_data.SubjectUserName\", \"orderBy\": \"1\", \"customLabel\": \"Performed by\"}, \"type\": \"terms\", \"enabled\": true, \"schema\": \"bucket\", \"id\": \"3\"}, {\"params\": {\"missingBucketLabel\": \"Missing\", \"otherBucket\": false, \"otherBucketLabel\": \"Other\", \"size\": 5, \"order\": \"desc\", \"missingBucket\": false, \"field\": \"winlog.logon.id\", \"orderBy\": \"1\", \"customLabel\": \"Performer Logonid\"}, \"type\": \"terms\", \"enabled\": true, \"schema\": \"bucket\", \"id\": \"4\"}], \"params\": {\"dimensions\": {\"buckets\": [{\"params\": {}, \"aggType\": \"terms\", \"accessor\": 0, \"format\": {\"params\": {\"missingBucketLabel\": \"Missing\", \"otherBucketLabel\": \"Other\", \"id\": \"string\"}, \"id\": \"terms\"}}, {\"params\": {}, \"aggType\": \"terms\", \"accessor\": 1, \"format\": {\"params\": {\"missingBucketLabel\": \"Missing\", \"otherBucketLabel\": \"Other\", \"id\": \"string\"}, \"id\": \"terms\"}}, {\"params\": {}, \"aggType\": \"terms\", \"accessor\": 2, \"format\": {\"params\": {\"missingBucketLabel\": \"Missing\", \"otherBucketLabel\": \"Other\", \"id\": \"string\"}, \"id\": \"terms\"}}], \"metrics\": [{\"params\": {}, \"aggType\": \"count\", \"accessor\": 3, \"format\": {\"id\": \"number\"}}]}, \"showPartialRows\": false, \"sort\": {\"direction\": null, \"columnIndex\": null}, \"showTotal\": false, \"showMetricsAtAllLevels\": false, \"perPage\": 10, \"totalFunc\": \"sum\"}, \"type\": \"table\", \"title\": \"Unlocked Users - Table [Winlogbeat Security]\"}"
            },
            "id": "da2110c0-bcea-11e9-b6a2-c9b4015c4baf",
            "migrationVersion": {
                "visualization": "7.4.2"
            },
            "references": [
                {
                    "id": "winlogbeat-*",
                    "name": "kibanaSavedObjectMeta.searchSourceJSON.index",
                    "type": "index-pattern"
                },
                {
                    "id": "winlogbeat-*",
                    "name": "kibanaSavedObjectMeta.searchSourceJSON.filter[0].meta.index",
                    "type": "index-pattern"
                }
            ],
            "type": "visualization",
            "updated_at": "2020-02-04T20:39:02.784Z",
            "version": "Wzg1LDFd"
        },
        {
            "attributes": {
                "description": "",
                "kibanaSavedObjectMeta": {
                    "searchSourceJSON": "{\"indexRefName\": \"kibanaSavedObjectMeta.searchSourceJSON.index\", \"filter\": [{\"$state\": {\"store\": \"appState\"}, \"meta\": {\"indexRefName\": \"kibanaSavedObjectMeta.searchSourceJSON.filter[0].meta.index\", \"negate\": false, \"alias\": null, \"value\": \"4738\", \"params\": {\"query\": \"4738\"}, \"disabled\": false, \"key\": \"event.code\", \"type\": \"phrase\"}, \"query\": {\"match\": {\"event.code\": {\"type\": \"phrase\", \"query\": \"4738\"}}}}], \"query\": {\"language\": \"kuery\", \"query\": \"\"}}"
                },
                "title": "Users Changes  Table [Winlogbeat Security]",
                "uiStateJSON": "{\"vis\": {\"params\": {\"sort\": {\"direction\": null, \"columnIndex\": null}}}}",
                "version": 1,
                "visState": "{\"aggs\": [{\"params\": {}, \"type\": \"count\", \"enabled\": true, \"schema\": \"metric\", \"id\": \"1\"}, {\"params\": {\"missingBucketLabel\": \"Missing\", \"otherBucket\": false, \"otherBucketLabel\": \"Other\", \"size\": 100, \"order\": \"desc\", \"missingBucket\": false, \"field\": \"winlog.event_data.TargetUserName\", \"orderBy\": \"1\", \"customLabel\": \"Changed  User\"}, \"type\": \"terms\", \"enabled\": true, \"schema\": \"bucket\", \"id\": \"2\"}, {\"params\": {\"missingBucketLabel\": \"Missing\", \"otherBucket\": false, \"otherBucketLabel\": \"Other\", \"size\": 5, \"order\": \"desc\", \"missingBucket\": true, \"field\": \"winlog.event_data.SubjectUserName\", \"orderBy\": \"1\", \"customLabel\": \"Performed by\"}, \"type\": \"terms\", \"enabled\": true, \"schema\": \"bucket\", \"id\": \"3\"}, {\"params\": {\"missingBucketLabel\": \"Missing\", \"otherBucket\": false, \"otherBucketLabel\": \"Other\", \"size\": 5, \"order\": \"desc\", \"missingBucket\": false, \"field\": \"winlog.logon.id\", \"orderBy\": \"1\", \"customLabel\": \"Performer LogonId\"}, \"type\": \"terms\", \"enabled\": true, \"schema\": \"bucket\", \"id\": \"4\"}], \"params\": {\"dimensions\": {\"buckets\": [{\"params\": {}, \"aggType\": \"terms\", \"accessor\": 0, \"format\": {\"params\": {\"missingBucketLabel\": \"Missing\", \"otherBucketLabel\": \"Other\", \"id\": \"string\"}, \"id\": \"terms\"}}, {\"params\": {}, \"aggType\": \"terms\", \"accessor\": 1, \"format\": {\"params\": {\"missingBucketLabel\": \"Missing\", \"otherBucketLabel\": \"Other\", \"id\": \"string\"}, \"id\": \"terms\"}}, {\"params\": {}, \"aggType\": \"terms\", \"accessor\": 2, \"format\": {\"params\": {\"missingBucketLabel\": \"Missing\", \"otherBucketLabel\": \"Other\", \"id\": \"string\"}, \"id\": \"terms\"}}], \"metrics\": [{\"params\": {}, \"aggType\": \"count\", \"accessor\": 3, \"format\": {\"id\": \"number\"}}]}, \"showPartialRows\": false, \"sort\": {\"direction\": null, \"columnIndex\": null}, \"showTotal\": false, \"showMetricsAtAllLevels\": false, \"perPage\": 10, \"totalFunc\": \"sum\"}, \"type\": \"table\", \"title\": \"Users Changes  Table [Winlogbeat Security]\"}"
            },
            "id": "abf96c10-bcea-11e9-b6a2-c9b4015c4baf",
            "migrationVersion": {
                "visualization": "7.4.2"
            },
            "references": [
                {
                    "id": "winlogbeat-*",
                    "name": "kibanaSavedObjectMeta.searchSourceJSON.index",
                    "type": "index-pattern"
                },
                {
                    "id": "winlogbeat-*",
                    "name": "kibanaSavedObjectMeta.searchSourceJSON.filter[0].meta.index",
                    "type": "index-pattern"
                }
            ],
            "type": "visualization",
            "updated_at": "2020-02-04T20:39:02.784Z",
            "version": "Wzg2LDFd"
        },
        {
            "attributes": {
                "description": "",
                "kibanaSavedObjectMeta": {
                    "searchSourceJSON": "{\"indexRefName\": \"kibanaSavedObjectMeta.searchSourceJSON.index\", \"filter\": [{\"$state\": {\"store\": \"appState\"}, \"meta\": {\"indexRefName\": \"kibanaSavedObjectMeta.searchSourceJSON.filter[0].meta.index\", \"negate\": false, \"alias\": null, \"value\": \"4740\", \"params\": [\"4740\"], \"disabled\": false, \"key\": \"event.code\", \"type\": \"phrases\"}, \"query\": {\"bool\": {\"should\": [{\"match_phrase\": {\"event.code\": \"4740\"}}], \"minimum_should_match\": 1}}}], \"query\": {\"language\": \"kuery\", \"query\": \"\"}}"
                },
                "title": "Users Unlocks - Simple Metric [Winlogbeat Security]",
                "uiStateJSON": "{}",
                "version": 1,
                "visState": "{\"aggs\": [{\"params\": {\"customLabel\": \"Users Locked Out\"}, \"type\": \"count\", \"enabled\": true, \"schema\": \"metric\", \"id\": \"1\"}], \"params\": {\"metric\": {\"colorsRange\": [{\"type\": \"range\", \"from\": 0, \"to\": 10000}], \"invertColors\": false, \"metricColorMode\": \"None\", \"style\": {\"bgColor\": false, \"fontSize\": 60, \"subText\": \"\", \"bgFill\": \"#000\", \"labelColor\": false}, \"useRanges\": false, \"labels\": {\"show\": true}, \"percentageMode\": false, \"colorSchema\": \"Green to Red\"}, \"dimensions\": {\"metrics\": [{\"type\": \"vis_dimension\", \"accessor\": 0, \"format\": {\"params\": {}, \"id\": \"number\"}}]}, \"addLegend\": false, \"addTooltip\": true, \"type\": \"metric\"}, \"type\": \"metric\", \"title\": \"Users Unlocks - Simple Metric [Winlogbeat Security]\"}"
            },
            "id": "84502430-bce8-11e9-b6a2-c9b4015c4baf",
            "migrationVersion": {
                "visualization": "7.4.2"
            },
            "references": [
                {
                    "id": "winlogbeat-*",
                    "name": "kibanaSavedObjectMeta.searchSourceJSON.index",
                    "type": "index-pattern"
                },
                {
                    "id": "winlogbeat-*",
                    "name": "kibanaSavedObjectMeta.searchSourceJSON.filter[0].meta.index",
                    "type": "index-pattern"
                }
            ],
            "type": "visualization",
            "updated_at": "2020-02-04T20:39:02.784Z",
            "version": "Wzg3LDFd"
        },
        {
            "attributes": {
                "description": "",
                "kibanaSavedObjectMeta": {
                    "searchSourceJSON": "{\"indexRefName\": \"kibanaSavedObjectMeta.searchSourceJSON.index\", \"filter\": [{\"$state\": {\"store\": \"appState\"}, \"meta\": {\"indexRefName\": \"kibanaSavedObjectMeta.searchSourceJSON.filter[0].meta.index\", \"negate\": false, \"alias\": null, \"value\": \"4767\", \"params\": [\"4767\"], \"disabled\": false, \"key\": \"event.code\", \"type\": \"phrases\"}, \"query\": {\"bool\": {\"should\": [{\"match_phrase\": {\"event.code\": \"4767\"}}], \"minimum_should_match\": 1}}}], \"query\": {\"language\": \"kuery\", \"query\": \"\"}}"
                },
                "title": "Unlocked Users - Simple Metric [Winlogbeat Security]",
                "uiStateJSON": "{}",
                "version": 1,
                "visState": "{\"aggs\": [{\"params\": {\"customLabel\": \"Users Unlocks\"}, \"type\": \"count\", \"enabled\": true, \"schema\": \"metric\", \"id\": \"1\"}], \"params\": {\"metric\": {\"colorsRange\": [{\"type\": \"range\", \"from\": 0, \"to\": 10000}], \"invertColors\": false, \"metricColorMode\": \"None\", \"style\": {\"bgColor\": false, \"fontSize\": 60, \"subText\": \"\", \"bgFill\": \"#000\", \"labelColor\": false}, \"useRanges\": false, \"labels\": {\"show\": true}, \"percentageMode\": false, \"colorSchema\": \"Green to Red\"}, \"dimensions\": {\"metrics\": [{\"type\": \"vis_dimension\", \"accessor\": 0, \"format\": {\"params\": {}, \"id\": \"number\"}}]}, \"addLegend\": false, \"addTooltip\": true, \"type\": \"metric\"}, \"type\": \"metric\", \"title\": \"Unlocked Users - Simple Metric [Winlogbeat Security]\"}"
            },
            "id": "ab6f8d80-bce8-11e9-b6a2-c9b4015c4baf",
            "migrationVersion": {
                "visualization": "7.4.2"
            },
            "references": [
                {
                    "id": "winlogbeat-*",
                    "name": "kibanaSavedObjectMeta.searchSourceJSON.index",
                    "type": "index-pattern"
                },
                {
                    "id": "winlogbeat-*",
                    "name": "kibanaSavedObjectMeta.searchSourceJSON.filter[0].meta.index",
                    "type": "index-pattern"
                }
            ],
            "type": "visualization",
            "updated_at": "2020-02-04T20:39:02.784Z",
            "version": "Wzg4LDFd"
        },
        {
            "attributes": {
                "description": "",
                "kibanaSavedObjectMeta": {
                    "searchSourceJSON": "{\"indexRefName\": \"kibanaSavedObjectMeta.searchSourceJSON.index\", \"filter\": [{\"$state\": {\"store\": \"appState\"}, \"meta\": {\"indexRefName\": \"kibanaSavedObjectMeta.searchSourceJSON.filter[0].meta.index\", \"negate\": false, \"alias\": null, \"value\": \"4738\", \"params\": [\"4738\"], \"disabled\": false, \"key\": \"event.code\", \"type\": \"phrases\"}, \"query\": {\"bool\": {\"should\": [{\"match_phrase\": {\"event.code\": \"4738\"}}], \"minimum_should_match\": 1}}}], \"query\": {\"language\": \"kuery\", \"query\": \"\"}}"
                },
                "title": "Users Changes - Simple Metric [Winlogbeat Security]",
                "uiStateJSON": "{}",
                "version": 1,
                "visState": "{\"aggs\": [{\"params\": {\"customLabel\": \"Changes in Users\"}, \"type\": \"count\", \"enabled\": true, \"schema\": \"metric\", \"id\": \"1\"}], \"params\": {\"metric\": {\"colorsRange\": [{\"type\": \"range\", \"from\": 0, \"to\": 10000}], \"invertColors\": false, \"metricColorMode\": \"None\", \"style\": {\"bgColor\": false, \"fontSize\": 60, \"subText\": \"\", \"bgFill\": \"#000\", \"labelColor\": false}, \"useRanges\": false, \"labels\": {\"show\": true}, \"percentageMode\": false, \"colorSchema\": \"Green to Red\"}, \"dimensions\": {\"metrics\": [{\"type\": \"vis_dimension\", \"accessor\": 0, \"format\": {\"params\": {}, \"id\": \"number\"}}]}, \"addLegend\": false, \"addTooltip\": true, \"type\": \"metric\"}, \"type\": \"metric\", \"title\": \"Users Changes - Simple Metric [Winlogbeat Security]\"}"
            },
            "id": "5d92b100-bce8-11e9-b6a2-c9b4015c4baf",
            "migrationVersion": {
                "visualization": "7.4.2"
            },
            "references": [
                {
                    "id": "winlogbeat-*",
                    "name": "kibanaSavedObjectMeta.searchSourceJSON.index",
                    "type": "index-pattern"
                },
                {
                    "id": "winlogbeat-*",
                    "name": "kibanaSavedObjectMeta.searchSourceJSON.filter[0].meta.index",
                    "type": "index-pattern"
                }
            ],
            "type": "visualization",
            "updated_at": "2020-02-04T20:39:02.784Z",
            "version": "Wzg5LDFd"
        },
        {
            "attributes": {
                "description": "",
                "kibanaSavedObjectMeta": {
                    "searchSourceJSON": "{\"indexRefName\": \"kibanaSavedObjectMeta.searchSourceJSON.index\", \"filter\": [{\"$state\": {\"store\": \"appState\"}, \"meta\": {\"indexRefName\": \"kibanaSavedObjectMeta.searchSourceJSON.filter[0].meta.index\", \"negate\": false, \"alias\": null, \"value\": \"4740\", \"params\": {\"query\": \"4740\"}, \"disabled\": false, \"key\": \"event.code\", \"type\": \"phrase\"}, \"query\": {\"match\": {\"event.code\": {\"type\": \"phrase\", \"query\": \"4740\"}}}}], \"query\": {\"language\": \"kuery\", \"query\": \"\"}}"
                },
                "title": "Users Locked Out - Table [Winlogbeat Security]",
                "uiStateJSON": "{\"vis\": {\"params\": {\"sort\": {\"direction\": null, \"columnIndex\": null}}}}",
                "version": 1,
                "visState": "{\"aggs\": [{\"params\": {}, \"type\": \"count\", \"enabled\": true, \"schema\": \"metric\", \"id\": \"1\"}, {\"params\": {\"missingBucketLabel\": \"Missing\", \"otherBucket\": false, \"otherBucketLabel\": \"Other\", \"size\": 100, \"order\": \"desc\", \"missingBucket\": false, \"field\": \"winlog.event_data.TargetUserName\", \"orderBy\": \"1\", \"customLabel\": \"Locked  User\"}, \"type\": \"terms\", \"enabled\": true, \"schema\": \"bucket\", \"id\": \"2\"}, {\"params\": {\"missingBucketLabel\": \"Missing\", \"otherBucket\": false, \"otherBucketLabel\": \"Other\", \"size\": 5, \"order\": \"desc\", \"missingBucket\": true, \"field\": \"winlog.event_data.SubjectUserName\", \"orderBy\": \"1\", \"customLabel\": \"Performed by\"}, \"type\": \"terms\", \"enabled\": true, \"schema\": \"bucket\", \"id\": \"3\"}, {\"params\": {\"missingBucketLabel\": \"Missing\", \"otherBucket\": false, \"otherBucketLabel\": \"Other\", \"size\": 5, \"order\": \"desc\", \"missingBucket\": false, \"field\": \"winlog.logon.id\", \"orderBy\": \"1\", \"customLabel\": \"Performer LogonId\"}, \"type\": \"terms\", \"enabled\": true, \"schema\": \"bucket\", \"id\": \"4\"}], \"params\": {\"dimensions\": {\"buckets\": [{\"params\": {}, \"aggType\": \"terms\", \"accessor\": 0, \"format\": {\"params\": {\"missingBucketLabel\": \"Missing\", \"otherBucketLabel\": \"Other\", \"id\": \"string\"}, \"id\": \"terms\"}}, {\"params\": {}, \"aggType\": \"terms\", \"accessor\": 1, \"format\": {\"params\": {\"missingBucketLabel\": \"Missing\", \"otherBucketLabel\": \"Other\", \"id\": \"string\"}, \"id\": \"terms\"}}, {\"params\": {}, \"aggType\": \"terms\", \"accessor\": 2, \"format\": {\"params\": {\"missingBucketLabel\": \"Missing\", \"otherBucketLabel\": \"Other\", \"id\": \"string\"}, \"id\": \"terms\"}}], \"metrics\": [{\"params\": {}, \"aggType\": \"count\", \"accessor\": 3, \"format\": {\"id\": \"number\"}}]}, \"showPartialRows\": false, \"sort\": {\"direction\": null, \"columnIndex\": null}, \"showTotal\": false, \"showMetricsAtAllLevels\": false, \"perPage\": 10, \"totalFunc\": \"sum\"}, \"type\": \"table\", \"title\": \"Users Locked Out - Table [Winlogbeat Security]\"}"
            },
            "id": "4ac8f5f0-bcfe-11e9-b6a2-c9b4015c4baf",
            "migrationVersion": {
                "visualization": "7.4.2"
            },
            "references": [
                {
                    "id": "winlogbeat-*",
                    "name": "kibanaSavedObjectMeta.searchSourceJSON.index",
                    "type": "index-pattern"
                },
                {
                    "id": "winlogbeat-*",
                    "name": "kibanaSavedObjectMeta.searchSourceJSON.filter[0].meta.index",
                    "type": "index-pattern"
                }
            ],
            "type": "visualization",
            "updated_at": "2020-02-04T20:39:02.784Z",
            "version": "WzkwLDFd"
        },
        {
            "attributes": {
                "description": "",
                "kibanaSavedObjectMeta": {
                    "searchSourceJSON": "{\"indexRefName\": \"kibanaSavedObjectMeta.searchSourceJSON.index\", \"filter\": [{\"$state\": {\"store\": \"appState\"}, \"meta\": {\"indexRefName\": \"kibanaSavedObjectMeta.searchSourceJSON.filter[0].meta.index\", \"negate\": false, \"alias\": null, \"value\": \"4720, 4722, 4723, 4724, 4725, 4726, 4738, 4740, 4767, 4781, 4798\", \"params\": [\"4720\", \"4722\", \"4723\", \"4724\", \"4725\", \"4726\", \"4738\", \"4740\", \"4767\", \"4781\", \"4798\"], \"disabled\": false, \"key\": \"event.code\", \"type\": \"phrases\"}, \"query\": {\"bool\": {\"should\": [{\"match_phrase\": {\"event.code\": \"4720\"}}, {\"match_phrase\": {\"event.code\": \"4722\"}}, {\"match_phrase\": {\"event.code\": \"4723\"}}, {\"match_phrase\": {\"event.code\": \"4724\"}}, {\"match_phrase\": {\"event.code\": \"4725\"}}, {\"match_phrase\": {\"event.code\": \"4726\"}}, {\"match_phrase\": {\"event.code\": \"4738\"}}, {\"match_phrase\": {\"event.code\": \"4740\"}}, {\"match_phrase\": {\"event.code\": \"4767\"}}, {\"match_phrase\": {\"event.code\": \"4781\"}}, {\"match_phrase\": {\"event.code\": \"4798\"}}], \"minimum_should_match\": 1}}}], \"query\": {\"language\": \"kuery\", \"query\": \"\"}}"
                },
                "title": "Event Distribution in time [Winlogbeat Security]",
                "uiStateJSON": "{}",
                "version": 1,
                "visState": "{\"aggs\": [{\"params\": {}, \"type\": \"count\", \"enabled\": true, \"schema\": \"metric\", \"id\": \"1\"}, {\"params\": {\"min_doc_count\": 1, \"drop_partials\": false, \"useNormalizedEsInterval\": true, \"field\": \"@timestamp\", \"interval\": \"auto\", \"extended_bounds\": {}, \"timeRange\": {\"from\": \"now-45d\", \"to\": \"now\"}}, \"type\": \"date_histogram\", \"enabled\": true, \"schema\": \"segment\", \"id\": \"2\"}, {\"params\": {\"missingBucketLabel\": \"Missing\", \"otherBucket\": false, \"otherBucketLabel\": \"Other\", \"size\": 5, \"order\": \"desc\", \"missingBucket\": false, \"field\": \"event.action\", \"orderBy\": \"1\"}, \"type\": \"terms\", \"enabled\": true, \"schema\": \"group\", \"id\": \"3\"}], \"params\": {\"dimensions\": {\"series\": [{\"params\": {}, \"aggType\": \"filters\", \"accessor\": 1, \"format\": {}}], \"x\": {\"params\": {\"bounds\": {\"min\": \"2019-09-20T13:10:39.628Z\", \"max\": \"2019-11-04T14:10:39.628Z\"}, \"interval\": \"PT12H\", \"date\": true, \"format\": \"YYYY-MM-DD HH:mm\"}, \"aggType\": \"date_histogram\", \"accessor\": 0, \"format\": {\"params\": {\"pattern\": \"YYYY-MM-DD HH:mm\"}, \"id\": \"date\"}}, \"y\": [{\"params\": {}, \"aggType\": \"count\", \"accessor\": 2, \"format\": {\"id\": \"number\"}}]}, \"labels\": {\"show\": true}, \"addTooltip\": true, \"legendPosition\": \"bottom\", \"times\": [], \"addTimeMarker\": false, \"seriesParams\": [{\"mode\": \"stacked\", \"drawLinesBetweenPoints\": true, \"valueAxis\": \"ValueAxis-1\", \"data\": {\"label\": \"Count\", \"id\": \"1\"}, \"show\": \"true\", \"type\": \"histogram\", \"showCircles\": true}], \"grid\": {\"categoryLines\": false}, \"categoryAxes\": [{\"labels\": {\"show\": true, \"truncate\": 100, \"filter\": true}, \"title\": {}, \"style\": {}, \"position\": \"bottom\", \"show\": true, \"scale\": {\"type\": \"linear\"}, \"id\": \"CategoryAxis-1\", \"type\": \"category\"}], \"valueAxes\": [{\"name\": \"LeftAxis-1\", \"labels\": {\"rotate\": 0, \"show\": true, \"truncate\": 100, \"filter\": false}, \"title\": {\"text\": \"Count\"}, \"style\": {}, \"position\": \"left\", \"show\": true, \"scale\": {\"mode\": \"normal\", \"type\": \"linear\"}, \"id\": \"ValueAxis-1\", \"type\": \"value\"}], \"addLegend\": true, \"type\": \"histogram\"}, \"type\": \"histogram\", \"title\": \"Event Distribution in time [Winlogbeat Security]\"}"
            },
            "id": "8f723a10-bd97-11e9-b9c5-fddc96658612",
            "migrationVersion": {
                "visualization": "7.4.2"
            },
            "references": [
                {
                    "id": "winlogbeat-*",
                    "name": "kibanaSavedObjectMeta.searchSourceJSON.index",
                    "type": "index-pattern"
                },
                {
                    "id": "winlogbeat-*",
                    "name": "kibanaSavedObjectMeta.searchSourceJSON.filter[0].meta.index",
                    "type": "index-pattern"
                }
            ],
            "type": "visualization",
            "updated_at": "2020-02-04T20:39:02.784Z",
            "version": "WzkxLDFd"
        },
        {
            "attributes": {
                "columns": [
                    "user.name",
                    "source.domain",
                    "source.ip",
                    "winlog.logon.id",
                    "winlog.logon.type"
                ],
                "description": "",
                "hits": 0,
                "kibanaSavedObjectMeta": {
                    "searchSourceJSON": "{\"highlightAll\": true, \"indexRefName\": \"kibanaSavedObjectMeta.searchSourceJSON.index\", \"version\": true, \"filter\": [{\"$state\": {\"store\": \"appState\"}, \"meta\": {\"indexRefName\": \"kibanaSavedObjectMeta.searchSourceJSON.filter[0].meta.index\", \"negate\": false, \"alias\": null, \"value\": \"4624\", \"params\": [\"4624\"], \"disabled\": false, \"key\": \"event.code\", \"type\": \"phrases\"}, \"query\": {\"bool\": {\"should\": [{\"match_phrase\": {\"event.code\": \"4624\"}}], \"minimum_should_match\": 1}}}], \"query\": {\"language\": \"kuery\", \"query\": \"\"}}"
                },
                "sort": [
                    [
                        "@timestamp",
                        "desc"
                    ]
                ],
                "title": "Logon Details [Winlogbeat Security]",
                "version": 1
            },
            "id": "7e178c80-fee1-11e9-8405-516218e3d268",
            "migrationVersion": {
                "search": "7.4.0"
            },
            "references": [
                {
                    "id": "winlogbeat-*",
                    "name": "kibanaSavedObjectMeta.searchSourceJSON.index",
                    "type": "index-pattern"
                },
                {
                    "id": "winlogbeat-*",
                    "name": "kibanaSavedObjectMeta.searchSourceJSON.filter[0].meta.index",
                    "type": "index-pattern"
                }
            ],
            "type": "search",
            "updated_at": "2020-02-04T20:39:02.784Z",
            "version": "WzkyLDFd"
        },
        {
            "attributes": {
                "columns": [
                    "event.action",
                    "winlog.event_data.TargetUserName",
                    "user.domain",
                    "winlog.event_data.SubjectUserName",
                    "winlog.event_data.SubjectDomainName",
                    "winlog.logon.id",
                    "related.user"
                ],
                "description": "",
                "hits": 0,
                "kibanaSavedObjectMeta": {
                    "searchSourceJSON": "{\"highlightAll\": true, \"indexRefName\": \"kibanaSavedObjectMeta.searchSourceJSON.index\", \"version\": true, \"filter\": [{\"$state\": {\"store\": \"appState\"}, \"meta\": {\"indexRefName\": \"kibanaSavedObjectMeta.searchSourceJSON.filter[0].meta.index\", \"negate\": false, \"alias\": null, \"value\": \"4720, 4722, 4723, 4724, 4725, 4726, 4738, 4740, 4767, 4781\", \"params\": [\"4720\", \"4722\", \"4723\", \"4724\", \"4725\", \"4726\", \"4738\", \"4740\", \"4767\", \"4781\"], \"disabled\": false, \"key\": \"event.code\", \"type\": \"phrases\"}, \"query\": {\"bool\": {\"should\": [{\"match_phrase\": {\"event.code\": \"4720\"}}, {\"match_phrase\": {\"event.code\": \"4722\"}}, {\"match_phrase\": {\"event.code\": \"4723\"}}, {\"match_phrase\": {\"event.code\": \"4724\"}}, {\"match_phrase\": {\"event.code\": \"4725\"}}, {\"match_phrase\": {\"event.code\": \"4726\"}}, {\"match_phrase\": {\"event.code\": \"4738\"}}, {\"match_phrase\": {\"event.code\": \"4740\"}}, {\"match_phrase\": {\"event.code\": \"4767\"}}, {\"match_phrase\": {\"event.code\": \"4781\"}}], \"minimum_should_match\": 1}}}], \"query\": {\"language\": \"lucene\", \"query\": \"\"}}"
                },
                "sort": [
                    [
                        "@timestamp",
                        "desc"
                    ]
                ],
                "title": "User management Details - Search [Winlogbeat Security]",
                "version": 1
            },
            "id": "324686c0-fefb-11e9-8405-516218e3d268",
            "migrationVersion": {
                "search": "7.4.0"
            },
            "references": [
                {
                    "id": "winlogbeat-*",
                    "name": "kibanaSavedObjectMeta.searchSourceJSON.index",
                    "type": "index-pattern"
                },
                {
                    "id": "winlogbeat-*",
                    "name": "kibanaSavedObjectMeta.searchSourceJSON.filter[0].meta.index",
                    "type": "index-pattern"
                }
            ],
            "type": "search",
            "updated_at": "2020-02-04T20:39:02.784Z",
            "version": "WzkzLDFd"
        },
        {
            "attributes": {
                "description": "",
                "kibanaSavedObjectMeta": {
                    "searchSourceJSON": "{\"indexRefName\": \"kibanaSavedObjectMeta.searchSourceJSON.index\", \"filter\": [{\"$state\": {\"store\": \"appState\"}, \"meta\": {\"indexRefName\": \"kibanaSavedObjectMeta.searchSourceJSON.filter[0].meta.index\", \"negate\": false, \"alias\": null, \"value\": \"4781\", \"params\": [\"4781\"], \"disabled\": false, \"key\": \"event.code\", \"type\": \"phrases\"}, \"query\": {\"bool\": {\"should\": [{\"match_phrase\": {\"event.code\": \"4781\"}}], \"minimum_should_match\": 1}}}], \"query\": {\"language\": \"kuery\", \"query\": \"\"}}"
                },
                "title": "Users Renamed - Simple Metric [Winlogbeat Security]",
                "uiStateJSON": "{}",
                "version": 1,
                "visState": "{\"aggs\": [{\"params\": {\"customLabel\": \"Renamed Users\"}, \"type\": \"count\", \"enabled\": true, \"schema\": \"metric\", \"id\": \"1\"}], \"params\": {\"metric\": {\"colorsRange\": [{\"type\": \"range\", \"from\": 0, \"to\": 10000}], \"invertColors\": false, \"metricColorMode\": \"None\", \"style\": {\"bgColor\": false, \"fontSize\": 60, \"subText\": \"\", \"bgFill\": \"#000\", \"labelColor\": false}, \"useRanges\": false, \"labels\": {\"show\": true}, \"percentageMode\": false, \"colorSchema\": \"Green to Red\"}, \"dimensions\": {\"metrics\": [{\"type\": \"vis_dimension\", \"accessor\": 0, \"format\": {\"params\": {}, \"id\": \"number\"}}]}, \"addLegend\": false, \"addTooltip\": true, \"type\": \"metric\"}, \"type\": \"metric\", \"title\": \"Users Renamed - Simple Metric [Winlogbeat Security]\"}"
            },
            "id": "5e19ff80-231c-11ea-8405-516218e3d268",
            "migrationVersion": {
                "visualization": "7.4.2"
            },
            "references": [
                {
                    "id": "winlogbeat-*",
                    "name": "kibanaSavedObjectMeta.searchSourceJSON.index",
                    "type": "index-pattern"
                },
                {
                    "id": "winlogbeat-*",
                    "name": "kibanaSavedObjectMeta.searchSourceJSON.filter[0].meta.index",
                    "type": "index-pattern"
                }
            ],
            "type": "visualization",
            "updated_at": "2020-02-04T20:39:02.784Z",
            "version": "Wzk0LDFd"
        },
        {
            "attributes": {
                "description": "",
                "kibanaSavedObjectMeta": {
                    "searchSourceJSON": "{\"indexRefName\": \"kibanaSavedObjectMeta.searchSourceJSON.index\", \"filter\": [{\"$state\": {\"store\": \"appState\"}, \"meta\": {\"indexRefName\": \"kibanaSavedObjectMeta.searchSourceJSON.filter[0].meta.index\", \"negate\": false, \"alias\": null, \"value\": \"4781\", \"params\": {\"query\": \"4781\"}, \"disabled\": false, \"key\": \"event.code\", \"type\": \"phrase\"}, \"query\": {\"match\": {\"event.code\": {\"type\": \"phrase\", \"query\": \"4781\"}}}}], \"query\": {\"language\": \"kuery\", \"query\": \"\"}}"
                },
                "title": "Users Renamed - Table [Winlogbeat Security]",
                "uiStateJSON": "{\"vis\": {\"params\": {\"sort\": {\"direction\": null, \"columnIndex\": null}}}}",
                "version": 1,
                "visState": "{\"aggs\": [{\"params\": {}, \"type\": \"count\", \"enabled\": true, \"schema\": \"metric\", \"id\": \"1\"}, {\"params\": {\"missingBucketLabel\": \"Missing\", \"otherBucket\": false, \"otherBucketLabel\": \"Other\", \"size\": 100, \"order\": \"desc\", \"missingBucket\": false, \"field\": \"winlog.event_data.OldTargetUserName\", \"orderBy\": \"1\", \"customLabel\": \"Old User Name\"}, \"type\": \"terms\", \"enabled\": true, \"schema\": \"bucket\", \"id\": \"2\"}, {\"params\": {\"missingBucketLabel\": \"Missing\", \"otherBucket\": false, \"otherBucketLabel\": \"Other\", \"size\": 5, \"order\": \"desc\", \"missingBucket\": true, \"field\": \"winlog.event_data.SubjectUserName\", \"orderBy\": \"1\", \"customLabel\": \"Performed by\"}, \"type\": \"terms\", \"enabled\": true, \"schema\": \"bucket\", \"id\": \"3\"}, {\"params\": {\"missingBucketLabel\": \"Missing\", \"otherBucket\": false, \"otherBucketLabel\": \"Other\", \"size\": 5, \"order\": \"desc\", \"missingBucket\": false, \"field\": \"winlog.logon.id\", \"orderBy\": \"1\", \"customLabel\": \"Performer LogonId\"}, \"type\": \"terms\", \"enabled\": true, \"schema\": \"bucket\", \"id\": \"4\"}], \"params\": {\"dimensions\": {\"buckets\": [{\"params\": {}, \"aggType\": \"terms\", \"accessor\": 0, \"format\": {\"params\": {\"missingBucketLabel\": \"Missing\", \"otherBucketLabel\": \"Other\", \"id\": \"string\"}, \"id\": \"terms\"}}, {\"params\": {}, \"aggType\": \"terms\", \"accessor\": 1, \"format\": {\"params\": {\"missingBucketLabel\": \"Missing\", \"otherBucketLabel\": \"Other\", \"id\": \"string\"}, \"id\": \"terms\"}}, {\"params\": {}, \"aggType\": \"terms\", \"accessor\": 2, \"format\": {\"params\": {\"missingBucketLabel\": \"Missing\", \"otherBucketLabel\": \"Other\", \"id\": \"string\"}, \"id\": \"terms\"}}], \"metrics\": [{\"params\": {}, \"aggType\": \"count\", \"accessor\": 3, \"format\": {\"id\": \"number\"}}]}, \"showPartialRows\": false, \"sort\": {\"direction\": null, \"columnIndex\": null}, \"showTotal\": false, \"showMetricsAtAllLevels\": false, \"perPage\": 10, \"totalFunc\": \"sum\"}, \"type\": \"table\", \"title\": \"Users Renamed - Table [Winlogbeat Security]\"}"
            },
            "id": "fa876300-231a-11ea-8405-516218e3d268",
            "migrationVersion": {
                "visualization": "7.4.2"
            },
            "references": [
                {
                    "id": "winlogbeat-*",
                    "name": "kibanaSavedObjectMeta.searchSourceJSON.index",
                    "type": "index-pattern"
                },
                {
                    "id": "winlogbeat-*",
                    "name": "kibanaSavedObjectMeta.searchSourceJSON.filter[0].meta.index",
                    "type": "index-pattern"
                }
            ],
            "type": "visualization",
            "updated_at": "2020-02-04T20:39:02.784Z",
            "version": "Wzk1LDFd"
        }
    ],
    "version": "7.5.2"
}