{
    "objects": [
        {
            "attributes": {
                "description": "Includes Visual Builder Metric\nInterval size 90 days",
                "hits": 0,
                "kibanaSavedObjectMeta": {
                    "searchSourceJSON": "{\"filter\": [], \"query\": {\"language\": \"kuery\", \"query\": \"\"}}"
                },
                "optionsJSON": "{\"hidePanelTitles\": false, \"useMargins\": true}",
                "panelsJSON": "[{\"version\": \"7.3.1\", \"panelIndex\": \"22\", \"embeddableConfig\": {}, \"title\": \"\", \"panelRefName\": \"panel_0\", \"gridData\": {\"x\": 0, \"y\": 0, \"i\": \"22\", \"w\": 17, \"h\": 20}}, {\"version\": \"7.3.1\", \"panelIndex\": \"23\", \"embeddableConfig\": {\"vis\": {\"legendOpen\": false}}, \"title\": \"Group Managment Actions [Winlogbeat Security]\", \"panelRefName\": \"panel_1\", \"gridData\": {\"x\": 17, \"y\": 0, \"i\": \"23\", \"w\": 21, \"h\": 20}}, {\"version\": \"7.3.1\", \"panelIndex\": \"25\", \"embeddableConfig\": {}, \"title\": \"Event Codes [Winlogbeat Security]\", \"panelRefName\": \"panel_2\", \"gridData\": {\"x\": 38, \"y\": 0, \"i\": \"25\", \"w\": 10, \"h\": 20}}, {\"version\": \"7.3.1\", \"panelIndex\": \"29\", \"embeddableConfig\": {}, \"title\": \"\", \"panelRefName\": \"panel_3\", \"gridData\": {\"x\": 0, \"y\": 61, \"i\": \"29\", \"w\": 16, \"h\": 7}}, {\"version\": \"7.3.1\", \"panelIndex\": \"30\", \"embeddableConfig\": {}, \"title\": \"\", \"panelRefName\": \"panel_4\", \"gridData\": {\"x\": 18, \"y\": 41, \"i\": \"30\", \"w\": 9, \"h\": 7}}, {\"version\": \"7.3.1\", \"panelIndex\": \"31\", \"embeddableConfig\": {}, \"title\": \"\", \"panelRefName\": \"panel_5\", \"gridData\": {\"x\": 0, \"y\": 41, \"i\": \"31\", \"w\": 9, \"h\": 7}}, {\"version\": \"7.3.1\", \"panelIndex\": \"32\", \"embeddableConfig\": {}, \"title\": \"\", \"panelRefName\": \"panel_6\", \"gridData\": {\"x\": 9, \"y\": 41, \"i\": \"32\", \"w\": 9, \"h\": 7}}, {\"version\": \"7.3.1\", \"panelIndex\": \"33\", \"embeddableConfig\": {}, \"title\": \"\", \"panelRefName\": \"panel_7\", \"gridData\": {\"x\": 16, \"y\": 61, \"i\": \"33\", \"w\": 17, \"h\": 7}}, {\"version\": \"7.3.1\", \"panelIndex\": \"34\", \"embeddableConfig\": {}, \"title\": \"\", \"panelRefName\": \"panel_8\", \"gridData\": {\"x\": 33, \"y\": 61, \"i\": \"34\", \"w\": 15, \"h\": 7}}, {\"version\": \"7.3.1\", \"panelIndex\": \"35\", \"embeddableConfig\": {\"vis\": {\"legendOpen\": false, \"defaultColors\": {\"1 - 2\": \"rgb(198,219,239)\", \"3 - 4\": \"rgb(33,113,181)\", \"0 - 1\": \"rgb(247,251,255)\", \"2 - 3\": \"rgb(107,174,214)\"}}}, \"title\": \"Actions performed over Groups [Winlogbeat Security]\", \"panelRefName\": \"panel_9\", \"gridData\": {\"x\": 0, \"y\": 20, \"i\": \"35\", \"w\": 27, \"h\": 21}}, {\"version\": \"7.3.1\", \"panelIndex\": \"36\", \"embeddableConfig\": {}, \"title\": \"Group Creation Summary [Winlogbeat Security]\", \"panelRefName\": \"panel_10\", \"gridData\": {\"x\": 0, \"y\": 48, \"i\": \"36\", \"w\": 9, \"h\": 13}}, {\"version\": \"7.3.1\", \"panelIndex\": \"37\", \"embeddableConfig\": {}, \"title\": \"Group Changes Summary [Winlogbeat Security]\", \"panelRefName\": \"panel_11\", \"gridData\": {\"x\": 9, \"y\": 48, \"i\": \"37\", \"w\": 9, \"h\": 13}}, {\"version\": \"7.3.1\", \"panelIndex\": \"38\", \"embeddableConfig\": {}, \"title\": \"Group Deletion Summary [Winlogbeat Security]\", \"panelRefName\": \"panel_12\", \"gridData\": {\"x\": 18, \"y\": 48, \"i\": \"38\", \"w\": 9, \"h\": 13}}, {\"version\": \"7.3.1\", \"panelIndex\": \"39\", \"embeddableConfig\": {}, \"title\": \"Users Added to Group  Summary [Winlogbeat Security]\", \"panelRefName\": \"panel_13\", \"gridData\": {\"x\": 0, \"y\": 68, \"i\": \"39\", \"w\": 16, \"h\": 14}}, {\"version\": \"7.3.1\", \"panelIndex\": \"40\", \"embeddableConfig\": {}, \"title\": \"Users Removed From Group Summary [Winlogbeat Security]\", \"panelRefName\": \"panel_14\", \"gridData\": {\"x\": 16, \"y\": 68, \"i\": \"40\", \"w\": 17, \"h\": 14}}, {\"version\": \"7.3.1\", \"panelIndex\": \"42\", \"embeddableConfig\": {}, \"title\": \"Group Enumeration - Table [Winlogbeat Security]\", \"panelRefName\": \"panel_15\", \"gridData\": {\"x\": 33, \"y\": 68, \"i\": \"42\", \"w\": 15, \"h\": 14}}, {\"version\": \"7.3.1\", \"panelIndex\": \"43\", \"embeddableConfig\": {}, \"title\": \"Logon Details  [Winlogbeat Security]\", \"panelRefName\": \"panel_16\", \"gridData\": {\"x\": 27, \"y\": 41, \"i\": \"43\", \"w\": 21, \"h\": 20}}, {\"version\": \"7.3.1\", \"panelIndex\": \"44\", \"panelRefName\": \"panel_17\", \"embeddableConfig\": {}, \"gridData\": {\"x\": 27, \"y\": 20, \"i\": \"44\", \"w\": 21, \"h\": 21}}, {\"version\": \"7.3.1\", \"panelIndex\": \"45\", \"embeddableConfig\": {}, \"title\": \"Group Management Operations Details [Winlogbeat Security]\", \"panelRefName\": \"panel_18\", \"gridData\": {\"x\": 0, \"y\": 82, \"i\": \"45\", \"w\": 48, \"h\": 22}}]",
                "timeRestore": false,
                "title": "[Winlogbeat Security] Group Management Events",
                "version": 1
            },
            "id": "bb858830-f412-11e9-8405-516218e3d268",
            "migrationVersion": {
                "dashboard": "7.3.0"
            },
            "references": [
                {
                    "id": "6f0f2ea0-f414-11e9-8405-516218e3d268",
                    "name": "panel_0",
                    "type": "visualization"
                },
                {
                    "id": "b01aaea0-f415-11e9-8405-516218e3d268",
                    "name": "panel_1",
                    "type": "visualization"
                },
                {
                    "id": "11b5c0e0-f417-11e9-8405-516218e3d268",
                    "name": "panel_2",
                    "type": "visualization"
                },
                {
                    "id": "ffebe440-f419-11e9-8405-516218e3d268",
                    "name": "panel_3",
                    "type": "visualization"
                },
                {
                    "id": "e22c6f40-f498-11e9-8405-516218e3d268",
                    "name": "panel_4",
                    "type": "visualization"
                },
                {
                    "id": "ee292bc0-f499-11e9-8405-516218e3d268",
                    "name": "panel_5",
                    "type": "visualization"
                },
                {
                    "id": "400b63e0-f49a-11e9-8405-516218e3d268",
                    "name": "panel_6",
                    "type": "visualization"
                },
                {
                    "id": "a5f664c0-f49a-11e9-8405-516218e3d268",
                    "name": "panel_7",
                    "type": "visualization"
                },
                {
                    "id": "546febc0-f49b-11e9-8405-516218e3d268",
                    "name": "panel_8",
                    "type": "visualization"
                },
                {
                    "id": "b948eaf0-f49c-11e9-8405-516218e3d268",
                    "name": "panel_9",
                    "type": "visualization"
                },
                {
                    "id": "98884120-f49d-11e9-8405-516218e3d268",
                    "name": "panel_10",
                    "type": "visualization"
                },
                {
                    "id": "9e534190-f49d-11e9-8405-516218e3d268",
                    "name": "panel_11",
                    "type": "visualization"
                },
                {
                    "id": "bb9cf7a0-f49d-11e9-8405-516218e3d268",
                    "name": "panel_12",
                    "type": "visualization"
                },
                {
                    "id": "ce867840-f49e-11e9-8405-516218e3d268",
                    "name": "panel_13",
                    "type": "visualization"
                },
                {
                    "id": "fee83900-f49f-11e9-8405-516218e3d268",
                    "name": "panel_14",
                    "type": "visualization"
                },
                {
                    "id": "bc165210-f4b8-11e9-8405-516218e3d268",
                    "name": "panel_15",
                    "type": "visualization"
                },
                {
                    "id": "7e178c80-fee1-11e9-8405-516218e3d268",
                    "name": "panel_16",
                    "type": "search"
                },
                {
                    "id": "24954800-fef0-11e9-8405-516218e3d268",
                    "name": "panel_17",
                    "type": "visualization"
                },
                {
                    "id": "9066d5b0-fef2-11e9-8405-516218e3d268",
                    "name": "panel_18",
                    "type": "search"
                }
            ],
            "type": "dashboard",
            "updated_at": "2020-02-04T20:38:59.746Z",
            "version": "WzQsMV0="
        },
        {
            "attributes": {
                "description": "",
                "kibanaSavedObjectMeta": {
                    "searchSourceJSON": "{\"filter\": [], \"query\": {\"language\": \"kuery\", \"query\": \"\"}}"
                },
                "title": "Group Management Events - Description [Winlogbeat Security]",
                "uiStateJSON": "{}",
                "version": 1,
                "visState": "{\"aggs\": [], \"params\": {\"openLinksInNewTab\": false, \"fontSize\": 10, \"markdown\": \"# **Group Management Events**\\n\\n#### This dashboard shows information about Group Management Events collected by winlogbeat\\n#\\n#\\n#\\nEvent | Description|Event | Description\\n-- | --|--|--\\n|4727|A security-enabled global group was created.|4728|A member was added to a security-enabled global group.| \\n|4729|A member was removed from a security-enabled global group.|4730|A security-enabled global group was deleted.| \\n|4731|A security-enabled local group was created.|4732|A member was added to a security-enabled local group.|\\n|4733|A member was removed from a security-enabled local group.|4734|A security-enabled local group was deleted.|\\n|4735|A security-enabled local group was changed.|4737|A security-enabled global group was changed.|\\n|4754|A security-enabled universal group was created.| 4755|A security-enabled universal group was changed.| \\n|4756|A member was added to a security-enabled universal group.|4757|A member was removed from a security-enabled universal group.| \\n|4758|A security-enabled universal group was deleted.| 4764|A group\\\\'s type was changed.|\\n|4799|A security-enabled local group membership was enumerated.|\"}, \"type\": \"markdown\", \"title\": \"Group Management Events - Description [Winlogbeat Security]\"}"
            },
            "id": "6f0f2ea0-f414-11e9-8405-516218e3d268",
            "migrationVersion": {
                "visualization": "7.4.2"
            },
            "references": [],
            "type": "visualization",
            "updated_at": "2020-02-04T20:39:00.715Z",
            "version": "WzI1LDFd"
        },
        {
            "attributes": {
                "description": "",
                "kibanaSavedObjectMeta": {
                    "searchSourceJSON": "{\"indexRefName\": \"kibanaSavedObjectMeta.searchSourceJSON.index\", \"filter\": [{\"$state\": {\"store\": \"appState\"}, \"meta\": {\"indexRefName\": \"kibanaSavedObjectMeta.searchSourceJSON.filter[0].meta.index\", \"negate\": false, \"alias\": null, \"value\": \"4731, 4732, 4733, 4734, 4735, 4764, 4799, 4727, 4737, 4728, 4729, 4730, 4754, 4755, 4756, 4757, 4758\", \"params\": [\"4731\", \"4732\", \"4733\", \"4734\", \"4735\", \"4764\", \"4799\", \"4727\", \"4737\", \"4728\", \"4729\", \"4730\", \"4754\", \"4755\", \"4756\", \"4757\", \"4758\"], \"disabled\": false, \"key\": \"event.code\", \"type\": \"phrases\"}, \"query\": {\"bool\": {\"should\": [{\"match_phrase\": {\"event.code\": \"4731\"}}, {\"match_phrase\": {\"event.code\": \"4732\"}}, {\"match_phrase\": {\"event.code\": \"4733\"}}, {\"match_phrase\": {\"event.code\": \"4734\"}}, {\"match_phrase\": {\"event.code\": \"4735\"}}, {\"match_phrase\": {\"event.code\": \"4764\"}}, {\"match_phrase\": {\"event.code\": \"4799\"}}, {\"match_phrase\": {\"event.code\": \"4727\"}}, {\"match_phrase\": {\"event.code\": \"4737\"}}, {\"match_phrase\": {\"event.code\": \"4728\"}}, {\"match_phrase\": {\"event.code\": \"4729\"}}, {\"match_phrase\": {\"event.code\": \"4730\"}}, {\"match_phrase\": {\"event.code\": \"4754\"}}, {\"match_phrase\": {\"event.code\": \"4755\"}}, {\"match_phrase\": {\"event.code\": \"4756\"}}, {\"match_phrase\": {\"event.code\": \"4757\"}}, {\"match_phrase\": {\"event.code\": \"4758\"}}], \"minimum_should_match\": 1}}}], \"query\": {\"language\": \"kuery\", \"query\": \"\"}}"
                },
                "title": "Group Management Events - Event Actions - Donut [Winlogbeat Security]",
                "uiStateJSON": "{}",
                "version": 1,
                "visState": "{\"aggs\": [{\"params\": {}, \"type\": \"count\", \"enabled\": true, \"schema\": \"metric\", \"id\": \"1\"}, {\"params\": {\"missingBucketLabel\": \"Missing\", \"otherBucket\": false, \"otherBucketLabel\": \"Other\", \"size\": 5, \"order\": \"desc\", \"missingBucket\": false, \"field\": \"event.action\", \"orderBy\": \"1\"}, \"type\": \"terms\", \"enabled\": true, \"schema\": \"segment\", \"id\": \"2\"}], \"params\": {\"dimensions\": {\"buckets\": [{\"params\": {}, \"aggType\": \"terms\", \"accessor\": 0, \"format\": {\"params\": {\"missingBucketLabel\": \"Missing\", \"otherBucketLabel\": \"Other\", \"id\": \"string\"}, \"id\": \"terms\"}}], \"metric\": {\"params\": {}, \"aggType\": \"count\", \"accessor\": 1, \"format\": {\"id\": \"number\"}}}, \"labels\": {\"show\": true, \"values\": true, \"truncate\": 100, \"last_level\": true}, \"addTooltip\": true, \"isDonut\": true, \"legendPosition\": \"right\", \"type\": \"pie\", \"addLegend\": true}, \"type\": \"pie\", \"title\": \"Group Management Events - Event Actions - Donut [Winlogbeat Security]\"}"
            },
            "id": "b01aaea0-f415-11e9-8405-516218e3d268",
            "migrationVersion": {
                "visualization": "7.4.2"
            },
            "references": [
                {
                    "id": "winlogbeat-*",
                    "name": "kibanaSavedObjectMeta.searchSourceJSON.index",
                    "type": "index-pattern"
                },
                {
                    "id": "winlogbeat-*",
                    "name": "kibanaSavedObjectMeta.searchSourceJSON.filter[0].meta.index",
                    "type": "index-pattern"
                }
            ],
            "type": "visualization",
            "updated_at": "2020-02-04T20:39:00.715Z",
            "version": "WzI2LDFd"
        },
        {
            "attributes": {
                "description": "",
                "kibanaSavedObjectMeta": {
                    "searchSourceJSON": "{\"indexRefName\": \"kibanaSavedObjectMeta.searchSourceJSON.index\", \"filter\": [{\"$state\": {\"store\": \"appState\"}, \"meta\": {\"indexRefName\": \"kibanaSavedObjectMeta.searchSourceJSON.filter[0].meta.index\", \"negate\": false, \"alias\": null, \"value\": \"4727, 4728, 4729, 4730, 4731, 4732, 4733, 4734, 4735, 4737, 4754, 4755, 4756, 4757, 4758, 4764, 4799\", \"params\": [\"4727\", \"4728\", \"4729\", \"4730\", \"4731\", \"4732\", \"4733\", \"4734\", \"4735\", \"4737\", \"4754\", \"4755\", \"4756\", \"4757\", \"4758\", \"4764\", \"4799\"], \"disabled\": false, \"key\": \"event.code\", \"type\": \"phrases\"}, \"query\": {\"bool\": {\"should\": [{\"match_phrase\": {\"event.code\": \"4727\"}}, {\"match_phrase\": {\"event.code\": \"4728\"}}, {\"match_phrase\": {\"event.code\": \"4729\"}}, {\"match_phrase\": {\"event.code\": \"4730\"}}, {\"match_phrase\": {\"event.code\": \"4731\"}}, {\"match_phrase\": {\"event.code\": \"4732\"}}, {\"match_phrase\": {\"event.code\": \"4733\"}}, {\"match_phrase\": {\"event.code\": \"4734\"}}, {\"match_phrase\": {\"event.code\": \"4735\"}}, {\"match_phrase\": {\"event.code\": \"4737\"}}, {\"match_phrase\": {\"event.code\": \"4754\"}}, {\"match_phrase\": {\"event.code\": \"4755\"}}, {\"match_phrase\": {\"event.code\": \"4756\"}}, {\"match_phrase\": {\"event.code\": \"4757\"}}, {\"match_phrase\": {\"event.code\": \"4758\"}}, {\"match_phrase\": {\"event.code\": \"4764\"}}, {\"match_phrase\": {\"event.code\": \"4799\"}}], \"minimum_should_match\": 1}}}], \"query\": {\"language\": \"kuery\", \"query\": \"\"}}"
                },
                "title": "Group Management Events - Event Actions - Table [Winlogbeat Security]",
                "uiStateJSON": "{\"vis\": {\"params\": {\"sort\": {\"direction\": null, \"columnIndex\": null}}}}",
                "version": 1,
                "visState": "{\"aggs\": [{\"params\": {}, \"type\": \"count\", \"enabled\": true, \"schema\": \"metric\", \"id\": \"1\"}, {\"params\": {\"missingBucketLabel\": \"Missing\", \"otherBucket\": false, \"otherBucketLabel\": \"Other\", \"size\": 20, \"order\": \"desc\", \"missingBucket\": false, \"field\": \"event.action\", \"orderBy\": \"1\", \"customLabel\": \"Event Action\"}, \"type\": \"terms\", \"enabled\": true, \"schema\": \"bucket\", \"id\": \"2\"}, {\"params\": {\"missingBucketLabel\": \"Missing\", \"otherBucket\": false, \"otherBucketLabel\": \"Other\", \"size\": 10, \"order\": \"desc\", \"missingBucket\": false, \"field\": \"event.code\", \"orderBy\": \"1\", \"customLabel\": \"Event Code\"}, \"type\": \"terms\", \"enabled\": true, \"schema\": \"bucket\", \"id\": \"3\"}], \"params\": {\"dimensions\": {\"buckets\": [{\"params\": {}, \"aggType\": \"terms\", \"accessor\": 0, \"format\": {\"params\": {\"missingBucketLabel\": \"Missing\", \"otherBucketLabel\": \"Other\", \"id\": \"string\"}, \"id\": \"terms\"}}, {\"params\": {}, \"aggType\": \"terms\", \"accessor\": 1, \"format\": {\"params\": {\"missingBucketLabel\": \"Missing\", \"otherBucketLabel\": \"Other\", \"id\": \"string\"}, \"id\": \"terms\"}}], \"metrics\": [{\"params\": {}, \"aggType\": \"count\", \"accessor\": 2, \"format\": {\"id\": \"number\"}}]}, \"showPartialRows\": false, \"sort\": {\"direction\": null, \"columnIndex\": null}, \"showTotal\": false, \"showMetricsAtAllLevels\": false, \"perPage\": 10, \"totalFunc\": \"sum\"}, \"type\": \"table\", \"title\": \"Group Management Events - Event Actions - Table [Winlogbeat Security]\"}"
            },
            "id": "11b5c0e0-f417-11e9-8405-516218e3d268",
            "migrationVersion": {
                "visualization": "7.4.2"
            },
            "references": [
                {
                    "id": "winlogbeat-*",
                    "name": "kibanaSavedObjectMeta.searchSourceJSON.index",
                    "type": "index-pattern"
                },
                {
                    "id": "winlogbeat-*",
                    "name": "kibanaSavedObjectMeta.searchSourceJSON.filter[0].meta.index",
                    "type": "index-pattern"
                }
            ],
            "type": "visualization",
            "updated_at": "2020-02-04T20:39:00.715Z",
            "version": "WzI3LDFd"
        },
        {
            "attributes": {
                "description": "",
                "kibanaSavedObjectMeta": {
                    "searchSourceJSON": "{\"filter\": [], \"query\": {\"language\": \"kuery\", \"query\": \"\"}}"
                },
                "title": "Users Added - Metric [Winlogbeat Security]",
                "uiStateJSON": "{}",
                "version": 1,
                "visState": "{\"aggs\": [], \"params\": {\"axis_position\": \"left\", \"show_legend\": 1, \"id\": \"61ca57f0-469d-11e7-af02-69e470af7417\", \"default_timefield\": \"@timestamp\", \"type\": \"metric\", \"interval\": \"90d\", \"default_index_pattern\": \"winlogbeat-*\", \"time_field\": \"\", \"series\": [{\"axis_position\": \"right\", \"stacked\": \"none\", \"chart_type\": \"line\", \"formatter\": \"number\", \"id\": \"61ca57f1-469d-11e7-af02-69e470af7417\", \"metrics\": [{\"type\": \"count\", \"id\": \"61ca57f2-469d-11e7-af02-69e470af7417\"}], \"line_width\": 1, \"color\": \"#68BC00\", \"split_mode\": \"everything\", \"fill\": 0.5, \"label\": \"Users Added to Group\", \"point_size\": 1, \"separate_axis\": 0}], \"drop_last_bucket\": 0, \"index_pattern\": \"winlogbeat-*\", \"show_grid\": 1, \"axis_formatter\": \"number\", \"axis_scale\": \"normal\", \"background_color_rules\": [{\"value\": 1, \"operator\": \"gt\", \"background_color\": \"rgba(128,137,0,1)\", \"id\": \"bfcaced0-f419-11e9-928e-8f5fd2b6c66e\"}, {\"value\": 3, \"operator\": \"gte\", \"background_color\": \"rgba(211,49,21,1)\", \"id\": \"a7d935e0-f497-11e9-928e-8f5fd2b6c66e\"}], \"filter\": {\"language\": \"kuery\", \"query\": \"event.code:4732 OR event.code:4728 OR event.code:4756\"}}, \"type\": \"metrics\", \"title\": \"Users Added - Metric [Winlogbeat Security]\"}"
            },
            "id": "ffebe440-f419-11e9-8405-516218e3d268",
            "migrationVersion": {
                "visualization": "7.4.2"
            },
            "references": [],
            "type": "visualization",
            "updated_at": "2020-02-04T20:38:59.746Z",
            "version": "WzgsMV0="
        },
        {
            "attributes": {
                "description": "",
                "kibanaSavedObjectMeta": {
                    "searchSourceJSON": "{\"filter\": [], \"query\": {\"language\": \"kuery\", \"query\": \"\"}}"
                },
                "title": "Groups Deleted - Metric [Winlogbeat Security]",
                "uiStateJSON": "{}",
                "version": 1,
                "visState": "{\"aggs\": [], \"params\": {\"axis_position\": \"left\", \"show_legend\": 1, \"id\": \"61ca57f0-469d-11e7-af02-69e470af7417\", \"default_timefield\": \"@timestamp\", \"type\": \"metric\", \"interval\": \"90d\", \"default_index_pattern\": \"winlogbeat-*\", \"time_field\": \"\", \"series\": [{\"axis_position\": \"right\", \"stacked\": \"none\", \"chart_type\": \"line\", \"formatter\": \"number\", \"id\": \"61ca57f1-469d-11e7-af02-69e470af7417\", \"metrics\": [{\"type\": \"count\", \"id\": \"61ca57f2-469d-11e7-af02-69e470af7417\"}], \"line_width\": 1, \"color\": \"#68BC00\", \"split_mode\": \"everything\", \"fill\": 0.5, \"label\": \"Groups Deleted\", \"point_size\": 1, \"separate_axis\": 0}], \"drop_last_bucket\": 0, \"index_pattern\": \"winlogbeat-*\", \"show_grid\": 1, \"axis_formatter\": \"number\", \"axis_scale\": \"normal\", \"background_color_rules\": [{\"value\": 0, \"operator\": \"lte\", \"background_color\": \"rgba(200,201,197,1)\", \"id\": \"bfcaced0-f419-11e9-928e-8f5fd2b6c66e\"}, {\"value\": 0, \"operator\": \"gt\", \"background_color\": \"rgba(153,172,99,1)\", \"id\": \"a7d935e0-f497-11e9-928e-8f5fd2b6c66e\"}], \"filter\": {\"language\": \"kuery\", \"query\": \"event.code:4734 OR event.code:4730 OR event.code:4758\"}}, \"type\": \"metrics\", \"title\": \"Groups Deleted - Metric [Winlogbeat Security]\"}"
            },
            "id": "e22c6f40-f498-11e9-8405-516218e3d268",
            "migrationVersion": {
                "visualization": "7.4.2"
            },
            "references": [],
            "type": "visualization",
            "updated_at": "2020-02-04T20:38:59.746Z",
            "version": "WzksMV0="
        },
        {
            "attributes": {
                "description": "",
                "kibanaSavedObjectMeta": {
                    "searchSourceJSON": "{\"filter\": [], \"query\": {\"language\": \"kuery\", \"query\": \"\"}}"
                },
                "title": "Groups Created - Metric [Winlogbeat Security]",
                "uiStateJSON": "{}",
                "version": 1,
                "visState": "{\"aggs\": [], \"params\": {\"axis_position\": \"left\", \"show_legend\": 1, \"id\": \"61ca57f0-469d-11e7-af02-69e470af7417\", \"default_timefield\": \"@timestamp\", \"type\": \"metric\", \"interval\": \"90d\", \"default_index_pattern\": \"winlogbeat-*\", \"time_field\": \"\", \"series\": [{\"axis_position\": \"right\", \"stacked\": \"none\", \"chart_type\": \"line\", \"formatter\": \"number\", \"id\": \"61ca57f1-469d-11e7-af02-69e470af7417\", \"metrics\": [{\"type\": \"count\", \"id\": \"61ca57f2-469d-11e7-af02-69e470af7417\"}], \"line_width\": 1, \"color\": \"#68BC00\", \"split_mode\": \"everything\", \"fill\": 0.5, \"label\": \"Groups Created\", \"point_size\": 1, \"separate_axis\": 0}], \"drop_last_bucket\": 0, \"index_pattern\": \"winlogbeat-*\", \"show_grid\": 1, \"axis_formatter\": \"number\", \"axis_scale\": \"normal\", \"background_color_rules\": [{\"value\": 0, \"operator\": \"lte\", \"background_color\": \"rgba(200,201,197,1)\", \"id\": \"bfcaced0-f419-11e9-928e-8f5fd2b6c66e\"}, {\"value\": 0, \"operator\": \"gt\", \"background_color\": \"rgba(244,78,59,1)\", \"id\": \"a7d935e0-f497-11e9-928e-8f5fd2b6c66e\"}], \"filter\": {\"language\": \"kuery\", \"query\": \"event.code:4731 OR event.code:4727 OR event.code:\\\"4754\\\" \"}}, \"type\": \"metrics\", \"title\": \"Groups Created - Metric [Winlogbeat Security]\"}"
            },
            "id": "ee292bc0-f499-11e9-8405-516218e3d268",
            "migrationVersion": {
                "visualization": "7.4.2"
            },
            "references": [],
            "type": "visualization",
            "updated_at": "2020-02-04T20:38:59.746Z",
            "version": "WzEwLDFd"
        },
        {
            "attributes": {
                "description": "",
                "kibanaSavedObjectMeta": {
                    "searchSourceJSON": "{\"filter\": [], \"query\": {\"language\": \"kuery\", \"query\": \"\"}}"
                },
                "title": "Groups Changed - Metric [Winlogbeat Security]",
                "uiStateJSON": "{}",
                "version": 1,
                "visState": "{\"aggs\": [], \"params\": {\"axis_position\": \"left\", \"show_legend\": 1, \"id\": \"61ca57f0-469d-11e7-af02-69e470af7417\", \"default_timefield\": \"@timestamp\", \"type\": \"metric\", \"interval\": \"60d\", \"default_index_pattern\": \"winlogbeat-*\", \"time_field\": \"\", \"series\": [{\"axis_position\": \"right\", \"stacked\": \"none\", \"chart_type\": \"line\", \"formatter\": \"number\", \"id\": \"61ca57f1-469d-11e7-af02-69e470af7417\", \"metrics\": [{\"type\": \"count\", \"id\": \"61ca57f2-469d-11e7-af02-69e470af7417\"}], \"line_width\": 1, \"color\": \"#68BC00\", \"split_mode\": \"everything\", \"fill\": 0.5, \"label\": \"Groups Changed\", \"point_size\": 1, \"separate_axis\": 0}], \"drop_last_bucket\": 0, \"index_pattern\": \"winlogbeat-*\", \"show_grid\": 1, \"axis_formatter\": \"number\", \"axis_scale\": \"normal\", \"background_color_rules\": [{\"value\": 0, \"operator\": \"lte\", \"background_color\": \"rgba(200,201,197,1)\", \"id\": \"bfcaced0-f419-11e9-928e-8f5fd2b6c66e\"}, {\"value\": 0, \"operator\": \"gt\", \"background_color\": \"rgba(252,196,0,1)\", \"id\": \"a7d935e0-f497-11e9-928e-8f5fd2b6c66e\"}], \"filter\": {\"language\": \"kuery\", \"query\": \"event.code:4735 OR event.code:4737 OR event.code:\\\"4755\\\" OR event.code:\\\"4764\\\"  \"}}, \"type\": \"metrics\", \"title\": \"Groups Changed - Metric [Winlogbeat Security]\"}"
            },
            "id": "400b63e0-f49a-11e9-8405-516218e3d268",
            "migrationVersion": {
                "visualization": "7.4.2"
            },
            "references": [],
            "type": "visualization",
            "updated_at": "2020-02-04T20:38:59.746Z",
            "version": "WzExLDFd"
        },
        {
            "attributes": {
                "description": "",
                "kibanaSavedObjectMeta": {
                    "searchSourceJSON": "{\"filter\": [], \"query\": {\"language\": \"kuery\", \"query\": \"\"}}"
                },
                "title": "Users Removed - Table [Winlogbeat Security]",
                "uiStateJSON": "{}",
                "version": 1,
                "visState": "{\"aggs\": [], \"params\": {\"axis_position\": \"left\", \"show_legend\": 1, \"id\": \"61ca57f0-469d-11e7-af02-69e470af7417\", \"default_timefield\": \"@timestamp\", \"type\": \"metric\", \"interval\": \"90d\", \"default_index_pattern\": \"winlogbeat-*\", \"time_field\": \"\", \"series\": [{\"axis_position\": \"right\", \"stacked\": \"none\", \"chart_type\": \"line\", \"formatter\": \"number\", \"id\": \"61ca57f1-469d-11e7-af02-69e470af7417\", \"metrics\": [{\"type\": \"count\", \"id\": \"61ca57f2-469d-11e7-af02-69e470af7417\"}], \"line_width\": 1, \"color\": \"#68BC00\", \"split_mode\": \"everything\", \"fill\": 0.5, \"label\": \"Users Removed from Group\", \"point_size\": 1, \"separate_axis\": 0}], \"drop_last_bucket\": 0, \"index_pattern\": \"winlogbeat-*\", \"show_grid\": 1, \"axis_formatter\": \"number\", \"axis_scale\": \"normal\", \"background_color_rules\": [{\"value\": 0, \"operator\": \"gt\", \"background_color\": \"rgba(176,188,0,1)\", \"id\": \"bfcaced0-f419-11e9-928e-8f5fd2b6c66e\"}], \"filter\": {\"language\": \"kuery\", \"query\": \"event.code:4733 OR event.code:4727 OR event.code:4729\"}}, \"type\": \"metrics\", \"title\": \"Users Removed - Table [Winlogbeat Security]\"}"
            },
            "id": "a5f664c0-f49a-11e9-8405-516218e3d268",
            "migrationVersion": {
                "visualization": "7.4.2"
            },
            "references": [],
            "type": "visualization",
            "updated_at": "2020-02-04T20:38:59.746Z",
            "version": "WzEyLDFd"
        },
        {
            "attributes": {
                "description": "",
                "kibanaSavedObjectMeta": {
                    "searchSourceJSON": "{\"filter\": [], \"query\": {\"language\": \"kuery\", \"query\": \"\"}}"
                },
                "title": "Groups Enumeration - Metric [Winlogbeat Security]",
                "uiStateJSON": "{}",
                "version": 1,
                "visState": "{\"aggs\": [], \"params\": {\"axis_position\": \"left\", \"show_legend\": 1, \"id\": \"61ca57f0-469d-11e7-af02-69e470af7417\", \"default_timefield\": \"@timestamp\", \"type\": \"metric\", \"interval\": \"90d\", \"default_index_pattern\": \"winlogbeat-*\", \"time_field\": \"\", \"series\": [{\"axis_position\": \"right\", \"stacked\": \"none\", \"chart_type\": \"line\", \"formatter\": \"number\", \"id\": \"61ca57f1-469d-11e7-af02-69e470af7417\", \"metrics\": [{\"type\": \"count\", \"id\": \"61ca57f2-469d-11e7-af02-69e470af7417\"}], \"line_width\": 1, \"color\": \"#68BC00\", \"split_mode\": \"everything\", \"fill\": 0.5, \"label\": \"Group Membership Enumeration\", \"point_size\": 1, \"separate_axis\": 0}], \"drop_last_bucket\": 0, \"index_pattern\": \"winlogbeat-*\", \"show_grid\": 1, \"axis_formatter\": \"number\", \"axis_scale\": \"normal\", \"background_color_rules\": [{\"value\": 0, \"operator\": \"gt\", \"background_color\": \"rgba(159,5,0,1)\", \"id\": \"bfcaced0-f419-11e9-928e-8f5fd2b6c66e\"}], \"filter\": {\"language\": \"kuery\", \"query\": \"event.code:4799\"}}, \"type\": \"metrics\", \"title\": \"Groups Enumeration - Metric [Winlogbeat Security]\"}"
            },
            "id": "546febc0-f49b-11e9-8405-516218e3d268",
            "migrationVersion": {
                "visualization": "7.4.2"
            },
            "references": [],
            "type": "visualization",
            "updated_at": "2020-02-04T20:38:59.746Z",
            "version": "WzEzLDFd"
        },
        {
            "attributes": {
                "description": "",
                "kibanaSavedObjectMeta": {
                    "searchSourceJSON": "{\"indexRefName\": \"kibanaSavedObjectMeta.searchSourceJSON.index\", \"filter\": [{\"$state\": {\"store\": \"appState\"}, \"meta\": {\"indexRefName\": \"kibanaSavedObjectMeta.searchSourceJSON.filter[0].meta.index\", \"negate\": false, \"alias\": null, \"value\": \"4727, 4728, 4729, 4730, 4731, 4732, 4733, 4734, 4735, 4737, 4754, 4755, 4756, 4757, 4758, 4764, 4799\", \"params\": [\"4727\", \"4728\", \"4729\", \"4730\", \"4731\", \"4732\", \"4733\", \"4734\", \"4735\", \"4737\", \"4754\", \"4755\", \"4756\", \"4757\", \"4758\", \"4764\", \"4799\"], \"disabled\": false, \"key\": \"event.code\", \"type\": \"phrases\"}, \"query\": {\"bool\": {\"should\": [{\"match_phrase\": {\"event.code\": \"4727\"}}, {\"match_phrase\": {\"event.code\": \"4728\"}}, {\"match_phrase\": {\"event.code\": \"4729\"}}, {\"match_phrase\": {\"event.code\": \"4730\"}}, {\"match_phrase\": {\"event.code\": \"4731\"}}, {\"match_phrase\": {\"event.code\": \"4732\"}}, {\"match_phrase\": {\"event.code\": \"4733\"}}, {\"match_phrase\": {\"event.code\": \"4734\"}}, {\"match_phrase\": {\"event.code\": \"4735\"}}, {\"match_phrase\": {\"event.code\": \"4737\"}}, {\"match_phrase\": {\"event.code\": \"4754\"}}, {\"match_phrase\": {\"event.code\": \"4755\"}}, {\"match_phrase\": {\"event.code\": \"4756\"}}, {\"match_phrase\": {\"event.code\": \"4757\"}}, {\"match_phrase\": {\"event.code\": \"4758\"}}, {\"match_phrase\": {\"event.code\": \"4764\"}}, {\"match_phrase\": {\"event.code\": \"4799\"}}], \"minimum_should_match\": 1}}}], \"query\": {\"language\": \"kuery\", \"query\": \"\"}}"
                },
                "title": "Group Management Events - Groups vs Actions - Heatmap [Winlogbeat Security]",
                "uiStateJSON": "{\"vis\": {\"defaultColors\": {\"1 - 2\": \"rgb(198,219,239)\", \"3 - 4\": \"rgb(33,113,181)\", \"0 - 1\": \"rgb(247,251,255)\", \"2 - 3\": \"rgb(107,174,214)\"}}}",
                "version": 1,
                "visState": "{\"aggs\": [{\"params\": {}, \"type\": \"count\", \"enabled\": true, \"schema\": \"metric\", \"id\": \"1\"}, {\"params\": {\"missingBucketLabel\": \"Missing\", \"otherBucket\": false, \"otherBucketLabel\": \"Other\", \"size\": 15, \"order\": \"desc\", \"missingBucket\": false, \"field\": \"group.name\", \"orderBy\": \"1\", \"customLabel\": \"Group\"}, \"type\": \"terms\", \"enabled\": true, \"schema\": \"segment\", \"id\": \"2\"}, {\"params\": {\"missingBucketLabel\": \"Missing\", \"otherBucket\": false, \"otherBucketLabel\": \"Other\", \"size\": 5, \"order\": \"desc\", \"missingBucket\": false, \"field\": \"event.action\", \"orderBy\": \"1\"}, \"type\": \"terms\", \"enabled\": true, \"schema\": \"group\", \"id\": \"3\"}], \"params\": {\"colorsRange\": [], \"colorsNumber\": 4, \"enableHover\": false, \"addTooltip\": true, \"legendPosition\": \"right\", \"times\": [], \"type\": \"heatmap\", \"percentageMode\": false, \"colorSchema\": \"Blues\", \"invertColors\": false, \"dimensions\": {\"series\": [{\"params\": {}, \"aggType\": \"terms\", \"accessor\": 1, \"format\": {\"params\": {\"missingBucketLabel\": \"Missing\", \"otherBucketLabel\": \"Other\", \"id\": \"string\"}, \"id\": \"terms\"}}], \"x\": {\"params\": {}, \"aggType\": \"terms\", \"accessor\": 0, \"format\": {\"params\": {\"missingBucketLabel\": \"Missing\", \"otherBucketLabel\": \"Other\", \"id\": \"string\"}, \"id\": \"terms\"}}, \"y\": [{\"params\": {}, \"aggType\": \"count\", \"accessor\": 2, \"format\": {\"id\": \"number\"}}]}, \"setColorRange\": false, \"addLegend\": true, \"valueAxes\": [{\"show\": false, \"scale\": {\"type\": \"linear\", \"defaultYExtents\": false}, \"labels\": {\"rotate\": 0, \"overwriteColor\": false, \"color\": \"black\", \"show\": true}, \"type\": \"value\", \"id\": \"ValueAxis-1\"}]}, \"type\": \"heatmap\", \"title\": \"Group Management Events - Groups vs Actions - Heatmap [Winlogbeat Security]\"}"
            },
            "id": "b948eaf0-f49c-11e9-8405-516218e3d268",
            "migrationVersion": {
                "visualization": "7.4.2"
            },
            "references": [
                {
                    "id": "winlogbeat-*",
                    "name": "kibanaSavedObjectMeta.searchSourceJSON.index",
                    "type": "index-pattern"
                },
                {
                    "id": "winlogbeat-*",
                    "name": "kibanaSavedObjectMeta.searchSourceJSON.filter[0].meta.index",
                    "type": "index-pattern"
                }
            ],
            "type": "visualization",
            "updated_at": "2020-02-04T20:39:00.715Z",
            "version": "WzI4LDFd"
        },
        {
            "attributes": {
                "description": "",
                "kibanaSavedObjectMeta": {
                    "searchSourceJSON": "{\"indexRefName\": \"kibanaSavedObjectMeta.searchSourceJSON.index\", \"filter\": [{\"$state\": {\"store\": \"appState\"}, \"meta\": {\"indexRefName\": \"kibanaSavedObjectMeta.searchSourceJSON.filter[0].meta.index\", \"negate\": false, \"alias\": null, \"value\": \"4731, 4727, 4754\", \"params\": [\"4731\", \"4727\", \"4754\"], \"disabled\": false, \"key\": \"event.code\", \"type\": \"phrases\"}, \"query\": {\"bool\": {\"should\": [{\"match_phrase\": {\"event.code\": \"4731\"}}, {\"match_phrase\": {\"event.code\": \"4727\"}}, {\"match_phrase\": {\"event.code\": \"4754\"}}], \"minimum_should_match\": 1}}}], \"query\": {\"language\": \"kuery\", \"query\": \"\"}}"
                },
                "title": "Groups Created - Table [Winlogbeat Security]",
                "uiStateJSON": "{\"vis\": {\"params\": {\"sort\": {\"direction\": null, \"columnIndex\": null}}}}",
                "version": 1,
                "visState": "{\"aggs\": [{\"params\": {}, \"type\": \"count\", \"enabled\": true, \"schema\": \"metric\", \"id\": \"1\"}, {\"params\": {\"missingBucketLabel\": \"Missing\", \"otherBucket\": false, \"otherBucketLabel\": \"Other\", \"size\": 20, \"order\": \"desc\", \"missingBucket\": false, \"field\": \"group.name\", \"orderBy\": \"1\", \"customLabel\": \"Group\"}, \"type\": \"terms\", \"enabled\": true, \"schema\": \"bucket\", \"id\": \"2\"}, {\"params\": {\"missingBucketLabel\": \"Missing\", \"otherBucket\": false, \"otherBucketLabel\": \"Other\", \"size\": 5, \"order\": \"desc\", \"missingBucket\": false, \"field\": \"group.domain\", \"orderBy\": \"1\", \"customLabel\": \"Domain\"}, \"type\": \"terms\", \"enabled\": true, \"schema\": \"bucket\", \"id\": \"3\"}, {\"params\": {\"missingBucketLabel\": \"Missing\", \"otherBucket\": false, \"otherBucketLabel\": \"Other\", \"size\": 5, \"order\": \"desc\", \"missingBucket\": false, \"field\": \"winlog.event_data.SubjectUserName\", \"orderBy\": \"1\", \"customLabel\": \"Performed by\"}, \"type\": \"terms\", \"enabled\": true, \"schema\": \"bucket\", \"id\": \"4\"}, {\"params\": {\"missingBucketLabel\": \"Missing\", \"otherBucket\": false, \"otherBucketLabel\": \"Other\", \"size\": 5, \"order\": \"desc\", \"missingBucket\": false, \"field\": \"winlog.logon.id\", \"orderBy\": \"1\", \"customLabel\": \"Performer LogonID\"}, \"type\": \"terms\", \"enabled\": true, \"schema\": \"bucket\", \"id\": \"5\"}], \"params\": {\"dimensions\": {\"buckets\": [{\"params\": {}, \"aggType\": \"terms\", \"accessor\": 0, \"format\": {\"params\": {\"missingBucketLabel\": \"Missing\", \"otherBucketLabel\": \"Other\", \"id\": \"string\"}, \"id\": \"terms\"}}, {\"params\": {}, \"aggType\": \"terms\", \"accessor\": 1, \"format\": {\"params\": {\"missingBucketLabel\": \"Missing\", \"otherBucketLabel\": \"Other\", \"id\": \"string\"}, \"id\": \"terms\"}}, {\"params\": {}, \"aggType\": \"terms\", \"accessor\": 2, \"format\": {\"params\": {\"missingBucketLabel\": \"Missing\", \"otherBucketLabel\": \"Other\", \"id\": \"string\"}, \"id\": \"terms\"}}, {\"params\": {}, \"aggType\": \"terms\", \"accessor\": 3, \"format\": {\"params\": {\"missingBucketLabel\": \"Missing\", \"otherBucketLabel\": \"Other\", \"id\": \"string\"}, \"id\": \"terms\"}}], \"metrics\": [{\"params\": {}, \"aggType\": \"count\", \"accessor\": 4, \"format\": {\"id\": \"number\"}}]}, \"showPartialRows\": false, \"sort\": {\"direction\": null, \"columnIndex\": null}, \"showTotal\": false, \"showMetricsAtAllLevels\": false, \"perPage\": 5, \"totalFunc\": \"sum\"}, \"type\": \"table\", \"title\": \"Groups Created - Table [Winlogbeat Security]\"}"
            },
            "id": "98884120-f49d-11e9-8405-516218e3d268",
            "migrationVersion": {
                "visualization": "7.4.2"
            },
            "references": [
                {
                    "id": "winlogbeat-*",
                    "name": "kibanaSavedObjectMeta.searchSourceJSON.index",
                    "type": "index-pattern"
                },
                {
                    "id": "winlogbeat-*",
                    "name": "kibanaSavedObjectMeta.searchSourceJSON.filter[0].meta.index",
                    "type": "index-pattern"
                }
            ],
            "type": "visualization",
            "updated_at": "2020-02-04T20:39:00.715Z",
            "version": "WzI5LDFd"
        },
        {
            "attributes": {
                "description": "",
                "kibanaSavedObjectMeta": {
                    "searchSourceJSON": "{\"indexRefName\": \"kibanaSavedObjectMeta.searchSourceJSON.index\", \"filter\": [{\"$state\": {\"store\": \"appState\"}, \"meta\": {\"indexRefName\": \"kibanaSavedObjectMeta.searchSourceJSON.filter[0].meta.index\", \"negate\": false, \"alias\": null, \"value\": \"4735, 4737, 4755\", \"params\": [\"4735\", \"4737\", \"4755\"], \"disabled\": false, \"key\": \"event.code\", \"type\": \"phrases\"}, \"query\": {\"bool\": {\"should\": [{\"match_phrase\": {\"event.code\": \"4735\"}}, {\"match_phrase\": {\"event.code\": \"4737\"}}, {\"match_phrase\": {\"event.code\": \"4755\"}}], \"minimum_should_match\": 1}}}], \"query\": {\"language\": \"kuery\", \"query\": \"\"}}"
                },
                "title": "Group Changes - Table [Winlogbeat Security]",
                "uiStateJSON": "{\"vis\": {\"params\": {\"sort\": {\"direction\": null, \"columnIndex\": null}}}}",
                "version": 1,
                "visState": "{\"aggs\": [{\"params\": {}, \"type\": \"count\", \"enabled\": true, \"schema\": \"metric\", \"id\": \"1\"}, {\"params\": {\"missingBucketLabel\": \"Missing\", \"otherBucket\": false, \"otherBucketLabel\": \"Other\", \"size\": 20, \"order\": \"desc\", \"missingBucket\": false, \"field\": \"group.name\", \"orderBy\": \"1\", \"customLabel\": \"Group\"}, \"type\": \"terms\", \"enabled\": true, \"schema\": \"bucket\", \"id\": \"2\"}, {\"params\": {\"missingBucketLabel\": \"Missing\", \"otherBucket\": false, \"otherBucketLabel\": \"Other\", \"size\": 5, \"order\": \"desc\", \"missingBucket\": false, \"field\": \"group.domain\", \"orderBy\": \"1\", \"customLabel\": \"Domain\"}, \"type\": \"terms\", \"enabled\": true, \"schema\": \"bucket\", \"id\": \"3\"}, {\"params\": {\"missingBucketLabel\": \"Missing\", \"otherBucket\": false, \"otherBucketLabel\": \"Other\", \"size\": 5, \"order\": \"desc\", \"missingBucket\": false, \"field\": \"winlog.event_data.SubjectUserName\", \"orderBy\": \"1\", \"customLabel\": \"Performed by\"}, \"type\": \"terms\", \"enabled\": true, \"schema\": \"bucket\", \"id\": \"4\"}, {\"params\": {\"missingBucketLabel\": \"Missing\", \"otherBucket\": false, \"otherBucketLabel\": \"Other\", \"size\": 5, \"order\": \"desc\", \"missingBucket\": false, \"field\": \"winlog.logon.id\", \"orderBy\": \"1\", \"customLabel\": \"Performer LogonID\"}, \"type\": \"terms\", \"enabled\": true, \"schema\": \"bucket\", \"id\": \"5\"}], \"params\": {\"dimensions\": {\"buckets\": [{\"params\": {}, \"aggType\": \"terms\", \"accessor\": 0, \"format\": {\"params\": {\"missingBucketLabel\": \"Missing\", \"otherBucketLabel\": \"Other\", \"id\": \"string\"}, \"id\": \"terms\"}}, {\"params\": {}, \"aggType\": \"terms\", \"accessor\": 1, \"format\": {\"params\": {\"missingBucketLabel\": \"Missing\", \"otherBucketLabel\": \"Other\", \"id\": \"string\"}, \"id\": \"terms\"}}, {\"params\": {}, \"aggType\": \"terms\", \"accessor\": 2, \"format\": {\"params\": {\"missingBucketLabel\": \"Missing\", \"otherBucketLabel\": \"Other\", \"id\": \"string\"}, \"id\": \"terms\"}}, {\"params\": {}, \"aggType\": \"terms\", \"accessor\": 3, \"format\": {\"params\": {\"missingBucketLabel\": \"Missing\", \"otherBucketLabel\": \"Other\", \"id\": \"string\"}, \"id\": \"terms\"}}], \"metrics\": [{\"params\": {}, \"aggType\": \"count\", \"accessor\": 4, \"format\": {\"id\": \"number\"}}]}, \"showPartialRows\": false, \"sort\": {\"direction\": null, \"columnIndex\": null}, \"showTotal\": false, \"showMetricsAtAllLevels\": false, \"perPage\": 5, \"totalFunc\": \"sum\"}, \"type\": \"table\", \"title\": \"Group Changes - Table [Winlogbeat Security]\"}"
            },
            "id": "9e534190-f49d-11e9-8405-516218e3d268",
            "migrationVersion": {
                "visualization": "7.4.2"
            },
            "references": [
                {
                    "id": "winlogbeat-*",
                    "name": "kibanaSavedObjectMeta.searchSourceJSON.index",
                    "type": "index-pattern"
                },
                {
                    "id": "winlogbeat-*",
                    "name": "kibanaSavedObjectMeta.searchSourceJSON.filter[0].meta.index",
                    "type": "index-pattern"
                }
            ],
            "type": "visualization",
            "updated_at": "2020-02-04T20:39:00.715Z",
            "version": "WzMwLDFd"
        },
        {
            "attributes": {
                "description": "",
                "kibanaSavedObjectMeta": {
                    "searchSourceJSON": "{\"indexRefName\": \"kibanaSavedObjectMeta.searchSourceJSON.index\", \"filter\": [{\"$state\": {\"store\": \"appState\"}, \"meta\": {\"indexRefName\": \"kibanaSavedObjectMeta.searchSourceJSON.filter[0].meta.index\", \"negate\": false, \"alias\": null, \"value\": \"4734, 4730, 4758\", \"params\": [\"4734\", \"4730\", \"4758\"], \"disabled\": false, \"key\": \"event.code\", \"type\": \"phrases\"}, \"query\": {\"bool\": {\"should\": [{\"match_phrase\": {\"event.code\": \"4734\"}}, {\"match_phrase\": {\"event.code\": \"4730\"}}, {\"match_phrase\": {\"event.code\": \"4758\"}}], \"minimum_should_match\": 1}}}], \"query\": {\"language\": \"kuery\", \"query\": \"\"}}"
                },
                "title": "Groups Deleted - Table [Winlogbeat Security]",
                "uiStateJSON": "{\"vis\": {\"params\": {\"sort\": {\"direction\": null, \"columnIndex\": null}}}}",
                "version": 1,
                "visState": "{\"aggs\": [{\"params\": {}, \"type\": \"count\", \"enabled\": true, \"schema\": \"metric\", \"id\": \"1\"}, {\"params\": {\"missingBucketLabel\": \"Missing\", \"otherBucket\": false, \"otherBucketLabel\": \"Other\", \"size\": 20, \"order\": \"desc\", \"missingBucket\": false, \"field\": \"group.name\", \"orderBy\": \"1\", \"customLabel\": \"Group\"}, \"type\": \"terms\", \"enabled\": true, \"schema\": \"bucket\", \"id\": \"2\"}, {\"params\": {\"missingBucketLabel\": \"Missing\", \"otherBucket\": false, \"otherBucketLabel\": \"Other\", \"size\": 5, \"order\": \"desc\", \"missingBucket\": false, \"field\": \"group.domain\", \"orderBy\": \"1\", \"customLabel\": \"Domain\"}, \"type\": \"terms\", \"enabled\": true, \"schema\": \"bucket\", \"id\": \"3\"}, {\"params\": {\"missingBucketLabel\": \"Missing\", \"otherBucket\": false, \"otherBucketLabel\": \"Other\", \"size\": 5, \"order\": \"desc\", \"missingBucket\": false, \"field\": \"winlog.event_data.SubjectUserName\", \"orderBy\": \"1\", \"customLabel\": \"Performed by\"}, \"type\": \"terms\", \"enabled\": true, \"schema\": \"bucket\", \"id\": \"4\"}, {\"params\": {\"missingBucketLabel\": \"Missing\", \"otherBucket\": false, \"otherBucketLabel\": \"Other\", \"size\": 5, \"order\": \"desc\", \"missingBucket\": false, \"field\": \"winlog.logon.id\", \"orderBy\": \"1\", \"customLabel\": \"Performer LogonID\"}, \"type\": \"terms\", \"enabled\": true, \"schema\": \"bucket\", \"id\": \"5\"}], \"params\": {\"dimensions\": {\"buckets\": [{\"params\": {}, \"aggType\": \"terms\", \"accessor\": 0, \"format\": {\"params\": {\"missingBucketLabel\": \"Missing\", \"otherBucketLabel\": \"Other\", \"id\": \"string\"}, \"id\": \"terms\"}}, {\"params\": {}, \"aggType\": \"terms\", \"accessor\": 1, \"format\": {\"params\": {\"missingBucketLabel\": \"Missing\", \"otherBucketLabel\": \"Other\", \"id\": \"string\"}, \"id\": \"terms\"}}, {\"params\": {}, \"aggType\": \"terms\", \"accessor\": 2, \"format\": {\"params\": {\"missingBucketLabel\": \"Missing\", \"otherBucketLabel\": \"Other\", \"id\": \"string\"}, \"id\": \"terms\"}}, {\"params\": {}, \"aggType\": \"terms\", \"accessor\": 3, \"format\": {\"params\": {\"missingBucketLabel\": \"Missing\", \"otherBucketLabel\": \"Other\", \"id\": \"string\"}, \"id\": \"terms\"}}], \"metrics\": [{\"params\": {}, \"aggType\": \"count\", \"accessor\": 4, \"format\": {\"id\": \"number\"}}]}, \"showPartialRows\": false, \"sort\": {\"direction\": null, \"columnIndex\": null}, \"showTotal\": false, \"showMetricsAtAllLevels\": false, \"perPage\": 5, \"totalFunc\": \"sum\"}, \"type\": \"table\", \"title\": \"Groups Deleted - Table [Winlogbeat Security]\"}"
            },
            "id": "bb9cf7a0-f49d-11e9-8405-516218e3d268",
            "migrationVersion": {
                "visualization": "7.4.2"
            },
            "references": [
                {
                    "id": "winlogbeat-*",
                    "name": "kibanaSavedObjectMeta.searchSourceJSON.index",
                    "type": "index-pattern"
                },
                {
                    "id": "winlogbeat-*",
                    "name": "kibanaSavedObjectMeta.searchSourceJSON.filter[0].meta.index",
                    "type": "index-pattern"
                }
            ],
            "type": "visualization",
            "updated_at": "2020-02-04T20:39:00.715Z",
            "version": "WzMxLDFd"
        },
        {
            "attributes": {
                "description": "",
                "kibanaSavedObjectMeta": {
                    "searchSourceJSON": "{\"indexRefName\": \"kibanaSavedObjectMeta.searchSourceJSON.index\", \"filter\": [{\"$state\": {\"store\": \"appState\"}, \"meta\": {\"indexRefName\": \"kibanaSavedObjectMeta.searchSourceJSON.filter[0].meta.index\", \"negate\": false, \"alias\": null, \"value\": \"4732, 4728, 4756\", \"params\": [\"4732\", \"4728\", \"4756\"], \"disabled\": false, \"key\": \"event.code\", \"type\": \"phrases\"}, \"query\": {\"bool\": {\"should\": [{\"match_phrase\": {\"event.code\": \"4732\"}}, {\"match_phrase\": {\"event.code\": \"4728\"}}, {\"match_phrase\": {\"event.code\": \"4756\"}}], \"minimum_should_match\": 1}}}], \"query\": {\"language\": \"kuery\", \"query\": \"\"}}"
                },
                "title": "Users Added - Table [Winlogbeat Security]",
                "uiStateJSON": "{\"vis\": {\"params\": {\"sort\": {\"direction\": null, \"columnIndex\": null}}}}",
                "version": 1,
                "visState": "{\"aggs\": [{\"params\": {}, \"type\": \"count\", \"enabled\": true, \"schema\": \"metric\", \"id\": \"1\"}, {\"params\": {\"missingBucketLabel\": \"Missing\", \"otherBucket\": false, \"otherBucketLabel\": \"Other\", \"size\": 5, \"order\": \"desc\", \"missingBucket\": false, \"field\": \"winlog.event_data.MemberName\", \"orderBy\": \"1\", \"customLabel\": \"User\"}, \"type\": \"terms\", \"enabled\": true, \"schema\": \"bucket\", \"id\": \"2\"}, {\"params\": {\"missingBucketLabel\": \"Missing\", \"otherBucket\": false, \"otherBucketLabel\": \"Other\", \"size\": 10, \"order\": \"desc\", \"missingBucket\": false, \"field\": \"group.name\", \"orderBy\": \"1\", \"customLabel\": \"Group\"}, \"type\": \"terms\", \"enabled\": true, \"schema\": \"bucket\", \"id\": \"3\"}, {\"params\": {\"missingBucketLabel\": \"Missing\", \"otherBucket\": false, \"otherBucketLabel\": \"Other\", \"size\": 5, \"order\": \"desc\", \"missingBucket\": false, \"field\": \"group.domain\", \"orderBy\": \"1\", \"customLabel\": \"Domain\"}, \"type\": \"terms\", \"enabled\": true, \"schema\": \"bucket\", \"id\": \"4\"}, {\"params\": {\"missingBucketLabel\": \"Missing\", \"otherBucket\": false, \"otherBucketLabel\": \"Other\", \"size\": 5, \"order\": \"desc\", \"missingBucket\": false, \"field\": \"winlog.event_data.SubjectUserName\", \"orderBy\": \"1\", \"customLabel\": \"Performed by\"}, \"type\": \"terms\", \"enabled\": true, \"schema\": \"bucket\", \"id\": \"5\"}, {\"params\": {\"missingBucketLabel\": \"Missing\", \"otherBucket\": false, \"otherBucketLabel\": \"Other\", \"size\": 5, \"order\": \"desc\", \"missingBucket\": false, \"field\": \"winlog.logon.id\", \"orderBy\": \"1\", \"customLabel\": \"Performed by Logon ID\"}, \"type\": \"terms\", \"enabled\": true, \"schema\": \"bucket\", \"id\": \"6\"}], \"params\": {\"dimensions\": {\"buckets\": [{\"params\": {}, \"aggType\": \"terms\", \"accessor\": 0, \"format\": {\"params\": {\"missingBucketLabel\": \"Missing\", \"otherBucketLabel\": \"Other\", \"id\": \"string\"}, \"id\": \"terms\"}}, {\"params\": {}, \"aggType\": \"terms\", \"accessor\": 1, \"format\": {\"params\": {\"missingBucketLabel\": \"Missing\", \"otherBucketLabel\": \"Other\", \"id\": \"string\"}, \"id\": \"terms\"}}, {\"params\": {}, \"aggType\": \"terms\", \"accessor\": 2, \"format\": {\"params\": {\"missingBucketLabel\": \"Missing\", \"otherBucketLabel\": \"Other\", \"id\": \"string\"}, \"id\": \"terms\"}}, {\"params\": {}, \"aggType\": \"terms\", \"accessor\": 3, \"format\": {\"params\": {\"missingBucketLabel\": \"Missing\", \"otherBucketLabel\": \"Other\", \"id\": \"string\"}, \"id\": \"terms\"}}, {\"params\": {}, \"aggType\": \"terms\", \"accessor\": 4, \"format\": {\"params\": {\"missingBucketLabel\": \"Missing\", \"otherBucketLabel\": \"Other\", \"id\": \"string\"}, \"id\": \"terms\"}}], \"metrics\": [{\"params\": {}, \"aggType\": \"count\", \"accessor\": 5, \"format\": {\"id\": \"number\"}}]}, \"showPartialRows\": false, \"sort\": {\"direction\": null, \"columnIndex\": null}, \"showTotal\": false, \"showMetricsAtAllLevels\": false, \"perPage\": 5, \"totalFunc\": \"sum\"}, \"type\": \"table\", \"title\": \"Users Added - Table [Winlogbeat Security]\"}"
            },
            "id": "ce867840-f49e-11e9-8405-516218e3d268",
            "migrationVersion": {
                "visualization": "7.4.2"
            },
            "references": [
                {
                    "id": "winlogbeat-*",
                    "name": "kibanaSavedObjectMeta.searchSourceJSON.index",
                    "type": "index-pattern"
                },
                {
                    "id": "winlogbeat-*",
                    "name": "kibanaSavedObjectMeta.searchSourceJSON.filter[0].meta.index",
                    "type": "index-pattern"
                }
            ],
            "type": "visualization",
            "updated_at": "2020-02-04T20:39:00.715Z",
            "version": "WzMyLDFd"
        },
        {
            "attributes": {
                "description": "",
                "kibanaSavedObjectMeta": {
                    "searchSourceJSON": "{\"indexRefName\": \"kibanaSavedObjectMeta.searchSourceJSON.index\", \"filter\": [{\"$state\": {\"store\": \"appState\"}, \"meta\": {\"indexRefName\": \"kibanaSavedObjectMeta.searchSourceJSON.filter[0].meta.index\", \"negate\": false, \"alias\": null, \"value\": \"4733, 4729, 4757\", \"params\": [\"4733\", \"4729\", \"4757\"], \"disabled\": false, \"key\": \"event.code\", \"type\": \"phrases\"}, \"query\": {\"bool\": {\"should\": [{\"match_phrase\": {\"event.code\": \"4733\"}}, {\"match_phrase\": {\"event.code\": \"4729\"}}, {\"match_phrase\": {\"event.code\": \"4757\"}}], \"minimum_should_match\": 1}}}], \"query\": {\"language\": \"kuery\", \"query\": \"\"}}"
                },
                "title": "Users Removed from Group - Table [Winlogbeat Security]",
                "uiStateJSON": "{\"vis\": {\"params\": {\"sort\": {\"direction\": null, \"columnIndex\": null}}}}",
                "version": 1,
                "visState": "{\"aggs\": [{\"params\": {}, \"type\": \"count\", \"enabled\": true, \"schema\": \"metric\", \"id\": \"1\"}, {\"params\": {\"missingBucketLabel\": \"Missing\", \"otherBucket\": false, \"otherBucketLabel\": \"Other\", \"size\": 5, \"order\": \"desc\", \"missingBucket\": false, \"field\": \"winlog.event_data.MemberName\", \"orderBy\": \"1\", \"customLabel\": \"User\"}, \"type\": \"terms\", \"enabled\": true, \"schema\": \"bucket\", \"id\": \"2\"}, {\"params\": {\"missingBucketLabel\": \"Missing\", \"otherBucket\": false, \"otherBucketLabel\": \"Other\", \"size\": 10, \"order\": \"desc\", \"missingBucket\": false, \"field\": \"group.name\", \"orderBy\": \"1\", \"customLabel\": \"Group\"}, \"type\": \"terms\", \"enabled\": true, \"schema\": \"bucket\", \"id\": \"3\"}, {\"params\": {\"missingBucketLabel\": \"Missing\", \"otherBucket\": false, \"otherBucketLabel\": \"Other\", \"size\": 5, \"order\": \"desc\", \"missingBucket\": false, \"field\": \"group.domain\", \"orderBy\": \"1\", \"customLabel\": \"Domain\"}, \"type\": \"terms\", \"enabled\": true, \"schema\": \"bucket\", \"id\": \"4\"}, {\"params\": {\"missingBucketLabel\": \"Missing\", \"otherBucket\": false, \"otherBucketLabel\": \"Other\", \"size\": 5, \"order\": \"desc\", \"missingBucket\": false, \"field\": \"winlog.event_data.SubjectUserName\", \"orderBy\": \"1\", \"customLabel\": \"Performed by\"}, \"type\": \"terms\", \"enabled\": true, \"schema\": \"bucket\", \"id\": \"5\"}, {\"params\": {\"missingBucketLabel\": \"Missing\", \"otherBucket\": false, \"otherBucketLabel\": \"Other\", \"size\": 5, \"order\": \"desc\", \"missingBucket\": false, \"field\": \"winlog.logon.id\", \"orderBy\": \"1\", \"customLabel\": \"Performed by Logon ID\"}, \"type\": \"terms\", \"enabled\": true, \"schema\": \"bucket\", \"id\": \"6\"}], \"params\": {\"dimensions\": {\"buckets\": [{\"params\": {}, \"aggType\": \"terms\", \"accessor\": 0, \"format\": {\"params\": {\"missingBucketLabel\": \"Missing\", \"otherBucketLabel\": \"Other\", \"id\": \"string\"}, \"id\": \"terms\"}}, {\"params\": {}, \"aggType\": \"terms\", \"accessor\": 1, \"format\": {\"params\": {\"missingBucketLabel\": \"Missing\", \"otherBucketLabel\": \"Other\", \"id\": \"string\"}, \"id\": \"terms\"}}, {\"params\": {}, \"aggType\": \"terms\", \"accessor\": 2, \"format\": {\"params\": {\"missingBucketLabel\": \"Missing\", \"otherBucketLabel\": \"Other\", \"id\": \"string\"}, \"id\": \"terms\"}}, {\"params\": {}, \"aggType\": \"terms\", \"accessor\": 3, \"format\": {\"params\": {\"missingBucketLabel\": \"Missing\", \"otherBucketLabel\": \"Other\", \"id\": \"string\"}, \"id\": \"terms\"}}, {\"params\": {}, \"aggType\": \"terms\", \"accessor\": 4, \"format\": {\"params\": {\"missingBucketLabel\": \"Missing\", \"otherBucketLabel\": \"Other\", \"id\": \"string\"}, \"id\": \"terms\"}}], \"metrics\": [{\"params\": {}, \"aggType\": \"count\", \"accessor\": 5, \"format\": {\"id\": \"number\"}}]}, \"showPartialRows\": false, \"sort\": {\"direction\": null, \"columnIndex\": null}, \"showTotal\": false, \"showMetricsAtAllLevels\": false, \"perPage\": 5, \"totalFunc\": \"sum\"}, \"type\": \"table\", \"title\": \"Users Removed from Group - Table [Winlogbeat Security]\"}"
            },
            "id": "fee83900-f49f-11e9-8405-516218e3d268",
            "migrationVersion": {
                "visualization": "7.4.2"
            },
            "references": [
                {
                    "id": "winlogbeat-*",
                    "name": "kibanaSavedObjectMeta.searchSourceJSON.index",
                    "type": "index-pattern"
                },
                {
                    "id": "winlogbeat-*",
                    "name": "kibanaSavedObjectMeta.searchSourceJSON.filter[0].meta.index",
                    "type": "index-pattern"
                }
            ],
            "type": "visualization",
            "updated_at": "2020-02-04T20:39:00.715Z",
            "version": "WzMzLDFd"
        },
        {
            "attributes": {
                "description": "",
                "kibanaSavedObjectMeta": {
                    "searchSourceJSON": "{\"indexRefName\": \"kibanaSavedObjectMeta.searchSourceJSON.index\", \"filter\": [{\"$state\": {\"store\": \"appState\"}, \"meta\": {\"indexRefName\": \"kibanaSavedObjectMeta.searchSourceJSON.filter[0].meta.index\", \"negate\": false, \"alias\": null, \"value\": \"4799\", \"params\": [\"4799\"], \"disabled\": false, \"key\": \"event.code\", \"type\": \"phrases\"}, \"query\": {\"bool\": {\"should\": [{\"match_phrase\": {\"event.code\": \"4799\"}}], \"minimum_should_match\": 1}}}], \"query\": {\"language\": \"kuery\", \"query\": \"\"}}"
                },
                "title": "Group Enumeration - Table [Winlogbeat Security]",
                "uiStateJSON": "{\"vis\": {\"params\": {\"sort\": {\"direction\": null, \"columnIndex\": null}}}}",
                "version": 1,
                "visState": "{\"aggs\": [{\"params\": {}, \"type\": \"count\", \"enabled\": true, \"schema\": \"metric\", \"id\": \"1\"}, {\"params\": {\"missingBucketLabel\": \"Missing\", \"otherBucket\": false, \"otherBucketLabel\": \"Other\", \"size\": 20, \"order\": \"desc\", \"missingBucket\": false, \"field\": \"group.name\", \"orderBy\": \"1\", \"customLabel\": \"Group\"}, \"type\": \"terms\", \"enabled\": true, \"schema\": \"bucket\", \"id\": \"2\"}, {\"params\": {\"missingBucketLabel\": \"Missing\", \"otherBucket\": false, \"otherBucketLabel\": \"Other\", \"size\": 5, \"order\": \"desc\", \"missingBucket\": false, \"field\": \"group.domain\", \"orderBy\": \"1\", \"customLabel\": \"Domain\"}, \"type\": \"terms\", \"enabled\": true, \"schema\": \"bucket\", \"id\": \"3\"}, {\"params\": {\"missingBucketLabel\": \"Missing\", \"otherBucket\": false, \"otherBucketLabel\": \"Other\", \"size\": 5, \"order\": \"desc\", \"missingBucket\": false, \"field\": \"winlog.event_data.SubjectUserName\", \"orderBy\": \"1\", \"customLabel\": \"Creator\"}, \"type\": \"terms\", \"enabled\": true, \"schema\": \"bucket\", \"id\": \"4\"}, {\"params\": {\"missingBucketLabel\": \"Missing\", \"otherBucket\": false, \"otherBucketLabel\": \"Other\", \"size\": 5, \"order\": \"desc\", \"missingBucket\": false, \"field\": \"winlog.logon.id\", \"orderBy\": \"1\", \"customLabel\": \"Creator LogonID\"}, \"type\": \"terms\", \"enabled\": true, \"schema\": \"bucket\", \"id\": \"5\"}], \"params\": {\"dimensions\": {\"buckets\": [{\"params\": {}, \"aggType\": \"terms\", \"accessor\": 0, \"format\": {\"params\": {\"missingBucketLabel\": \"Missing\", \"otherBucketLabel\": \"Other\", \"id\": \"string\"}, \"id\": \"terms\"}}, {\"params\": {}, \"aggType\": \"terms\", \"accessor\": 1, \"format\": {\"params\": {\"missingBucketLabel\": \"Missing\", \"otherBucketLabel\": \"Other\", \"id\": \"string\"}, \"id\": \"terms\"}}, {\"params\": {}, \"aggType\": \"terms\", \"accessor\": 2, \"format\": {\"params\": {\"missingBucketLabel\": \"Missing\", \"otherBucketLabel\": \"Other\", \"id\": \"string\"}, \"id\": \"terms\"}}, {\"params\": {}, \"aggType\": \"terms\", \"accessor\": 3, \"format\": {\"params\": {\"missingBucketLabel\": \"Missing\", \"otherBucketLabel\": \"Other\", \"id\": \"string\"}, \"id\": \"terms\"}}], \"metrics\": [{\"params\": {}, \"aggType\": \"count\", \"accessor\": 4, \"format\": {\"id\": \"number\"}}]}, \"showPartialRows\": false, \"sort\": {\"direction\": null, \"columnIndex\": null}, \"showTotal\": false, \"showMetricsAtAllLevels\": false, \"perPage\": 5, \"totalFunc\": \"sum\"}, \"type\": \"table\", \"title\": \"Group Enumeration - Table [Winlogbeat Security]\"}"
            },
            "id": "bc165210-f4b8-11e9-8405-516218e3d268",
            "migrationVersion": {
                "visualization": "7.4.2"
            },
            "references": [
                {
                    "id": "winlogbeat-*",
                    "name": "kibanaSavedObjectMeta.searchSourceJSON.index",
                    "type": "index-pattern"
                },
                {
                    "id": "winlogbeat-*",
                    "name": "kibanaSavedObjectMeta.searchSourceJSON.filter[0].meta.index",
                    "type": "index-pattern"
                }
            ],
            "type": "visualization",
            "updated_at": "2020-02-04T20:39:00.715Z",
            "version": "WzM0LDFd"
        },
        {
            "attributes": {
                "columns": [
                    "user.name",
                    "source.domain",
                    "source.ip",
                    "winlog.logon.id",
                    "winlog.logon.type"
                ],
                "description": "",
                "hits": 0,
                "kibanaSavedObjectMeta": {
                    "searchSourceJSON": "{\"highlightAll\": true, \"indexRefName\": \"kibanaSavedObjectMeta.searchSourceJSON.index\", \"version\": true, \"filter\": [{\"$state\": {\"store\": \"appState\"}, \"meta\": {\"indexRefName\": \"kibanaSavedObjectMeta.searchSourceJSON.filter[0].meta.index\", \"negate\": false, \"alias\": null, \"value\": \"4624\", \"params\": [\"4624\"], \"disabled\": false, \"key\": \"event.code\", \"type\": \"phrases\"}, \"query\": {\"bool\": {\"should\": [{\"match_phrase\": {\"event.code\": \"4624\"}}], \"minimum_should_match\": 1}}}], \"query\": {\"language\": \"kuery\", \"query\": \"\"}}"
                },
                "sort": [
                    [
                        "@timestamp",
                        "desc"
                    ]
                ],
                "title": "Logon Details [Winlogbeat Security]",
                "version": 1
            },
            "id": "7e178c80-fee1-11e9-8405-516218e3d268",
            "migrationVersion": {
                "search": "7.4.0"
            },
            "references": [
                {
                    "id": "winlogbeat-*",
                    "name": "kibanaSavedObjectMeta.searchSourceJSON.index",
                    "type": "index-pattern"
                },
                {
                    "id": "winlogbeat-*",
                    "name": "kibanaSavedObjectMeta.searchSourceJSON.filter[0].meta.index",
                    "type": "index-pattern"
                }
            ],
            "type": "search",
            "updated_at": "2020-02-04T20:39:02.784Z",
            "version": "WzkyLDFd"
        },
        {
            "attributes": {
                "description": "",
                "kibanaSavedObjectMeta": {
                    "searchSourceJSON": "{\"indexRefName\": \"kibanaSavedObjectMeta.searchSourceJSON.index\", \"filter\": [{\"$state\": {\"store\": \"appState\"}, \"meta\": {\"indexRefName\": \"kibanaSavedObjectMeta.searchSourceJSON.filter[0].meta.index\", \"negate\": false, \"alias\": null, \"value\": \"4731, 4732, 4733, 4734, 4735, 4737, 4764, 4799, 4727, 4728, 4729, 4730, 4754, 4755, 4756, 4757, 4758\", \"params\": [\"4731\", \"4732\", \"4733\", \"4734\", \"4735\", \"4737\", \"4764\", \"4799\", \"4727\", \"4728\", \"4729\", \"4730\", \"4754\", \"4755\", \"4756\", \"4757\", \"4758\"], \"disabled\": false, \"key\": \"event.code\", \"type\": \"phrases\"}, \"query\": {\"bool\": {\"should\": [{\"match_phrase\": {\"event.code\": \"4731\"}}, {\"match_phrase\": {\"event.code\": \"4732\"}}, {\"match_phrase\": {\"event.code\": \"4733\"}}, {\"match_phrase\": {\"event.code\": \"4734\"}}, {\"match_phrase\": {\"event.code\": \"4735\"}}, {\"match_phrase\": {\"event.code\": \"4737\"}}, {\"match_phrase\": {\"event.code\": \"4764\"}}, {\"match_phrase\": {\"event.code\": \"4799\"}}, {\"match_phrase\": {\"event.code\": \"4727\"}}, {\"match_phrase\": {\"event.code\": \"4728\"}}, {\"match_phrase\": {\"event.code\": \"4729\"}}, {\"match_phrase\": {\"event.code\": \"4730\"}}, {\"match_phrase\": {\"event.code\": \"4754\"}}, {\"match_phrase\": {\"event.code\": \"4755\"}}, {\"match_phrase\": {\"event.code\": \"4756\"}}, {\"match_phrase\": {\"event.code\": \"4757\"}}, {\"match_phrase\": {\"event.code\": \"4758\"}}], \"minimum_should_match\": 1}}}], \"query\": {\"language\": \"lucene\", \"query\": \"\"}}"
                },
                "title": "Group Management Action Distribution over Time [Winlogbeat Security]",
                "uiStateJSON": "{}",
                "version": 1,
                "visState": "{\"aggs\": [{\"params\": {}, \"type\": \"count\", \"enabled\": true, \"schema\": \"metric\", \"id\": \"1\"}, {\"params\": {\"min_doc_count\": 1, \"drop_partials\": false, \"useNormalizedEsInterval\": true, \"field\": \"@timestamp\", \"interval\": \"auto\", \"extended_bounds\": {}, \"timeRange\": {\"from\": \"now-30d\", \"to\": \"now\"}}, \"type\": \"date_histogram\", \"enabled\": true, \"schema\": \"segment\", \"id\": \"2\"}, {\"params\": {\"missingBucketLabel\": \"Missing\", \"otherBucket\": false, \"otherBucketLabel\": \"Other\", \"size\": 5, \"order\": \"desc\", \"missingBucket\": false, \"field\": \"event.action\", \"orderBy\": \"1\"}, \"type\": \"terms\", \"enabled\": true, \"schema\": \"group\", \"id\": \"3\"}], \"params\": {\"dimensions\": {\"series\": [{\"params\": {}, \"aggType\": \"terms\", \"accessor\": 1, \"format\": {\"params\": {\"missingBucketLabel\": \"Missing\", \"otherBucketLabel\": \"Other\", \"id\": \"string\"}, \"id\": \"terms\"}}, {\"params\": {}, \"aggType\": \"terms\", \"accessor\": 2, \"format\": {\"params\": {\"missingBucketLabel\": \"Missing\", \"otherBucketLabel\": \"Other\", \"id\": \"string\"}, \"id\": \"terms\"}}], \"x\": {\"params\": {\"bounds\": {\"min\": \"2019-10-05T09:56:42.142Z\", \"max\": \"2019-11-04T10:56:42.142Z\"}, \"interval\": \"PT12H\", \"date\": true, \"format\": \"YYYY-MM-DD HH:mm\"}, \"aggType\": \"date_histogram\", \"accessor\": 0, \"format\": {\"params\": {\"pattern\": \"YYYY-MM-DD HH:mm\"}, \"id\": \"date\"}}, \"y\": [{\"params\": {}, \"aggType\": \"count\", \"accessor\": 3, \"format\": {\"id\": \"number\"}}]}, \"labels\": {\"show\": true}, \"addTooltip\": true, \"legendPosition\": \"bottom\", \"times\": [], \"addTimeMarker\": false, \"seriesParams\": [{\"mode\": \"stacked\", \"drawLinesBetweenPoints\": true, \"valueAxis\": \"ValueAxis-1\", \"data\": {\"label\": \"Count\", \"id\": \"1\"}, \"show\": \"true\", \"type\": \"histogram\", \"showCircles\": true}], \"grid\": {\"categoryLines\": false}, \"categoryAxes\": [{\"labels\": {\"show\": true, \"truncate\": 100, \"filter\": true}, \"title\": {}, \"style\": {}, \"position\": \"bottom\", \"show\": true, \"scale\": {\"type\": \"linear\"}, \"id\": \"CategoryAxis-1\", \"type\": \"category\"}], \"valueAxes\": [{\"name\": \"LeftAxis-1\", \"labels\": {\"rotate\": 0, \"show\": true, \"truncate\": 100, \"filter\": false}, \"title\": {\"text\": \"Count\"}, \"style\": {}, \"position\": \"left\", \"show\": true, \"scale\": {\"mode\": \"normal\", \"type\": \"linear\"}, \"id\": \"ValueAxis-1\", \"type\": \"value\"}], \"addLegend\": true, \"type\": \"histogram\"}, \"type\": \"histogram\", \"title\": \"Group Management Action Distribution over Time [Winlogbeat Security]\"}"
            },
            "id": "24954800-fef0-11e9-8405-516218e3d268",
            "migrationVersion": {
                "visualization": "7.4.2"
            },
            "references": [
                {
                    "id": "winlogbeat-*",
                    "name": "kibanaSavedObjectMeta.searchSourceJSON.index",
                    "type": "index-pattern"
                },
                {
                    "id": "winlogbeat-*",
                    "name": "kibanaSavedObjectMeta.searchSourceJSON.filter[0].meta.index",
                    "type": "index-pattern"
                }
            ],
            "type": "visualization",
            "updated_at": "2020-02-04T20:39:00.715Z",
            "version": "WzQyLDFd"
        },
        {
            "attributes": {
                "columns": [
                    "event.action",
                    "group.name",
                    "group.domain",
                    "winlog.event_data.SubjectUserName",
                    "user.domain",
                    "host.name"
                ],
                "description": "",
                "hits": 0,
                "kibanaSavedObjectMeta": {
                    "searchSourceJSON": "{\"highlightAll\": true, \"indexRefName\": \"kibanaSavedObjectMeta.searchSourceJSON.index\", \"version\": true, \"filter\": [{\"$state\": {\"store\": \"appState\"}, \"meta\": {\"indexRefName\": \"kibanaSavedObjectMeta.searchSourceJSON.filter[0].meta.index\", \"negate\": false, \"alias\": null, \"value\": \"4731, 4732, 4733, 4734, 4735, 4737, 4764, 4799, 4727, 4728, 4729, 4730, 4754, 4755, 4756, 4757, 4758\", \"params\": [\"4731\", \"4732\", \"4733\", \"4734\", \"4735\", \"4737\", \"4764\", \"4799\", \"4727\", \"4728\", \"4729\", \"4730\", \"4754\", \"4755\", \"4756\", \"4757\", \"4758\"], \"disabled\": false, \"key\": \"event.code\", \"type\": \"phrases\"}, \"query\": {\"bool\": {\"should\": [{\"match_phrase\": {\"event.code\": \"4731\"}}, {\"match_phrase\": {\"event.code\": \"4732\"}}, {\"match_phrase\": {\"event.code\": \"4733\"}}, {\"match_phrase\": {\"event.code\": \"4734\"}}, {\"match_phrase\": {\"event.code\": \"4735\"}}, {\"match_phrase\": {\"event.code\": \"4737\"}}, {\"match_phrase\": {\"event.code\": \"4764\"}}, {\"match_phrase\": {\"event.code\": \"4799\"}}, {\"match_phrase\": {\"event.code\": \"4727\"}}, {\"match_phrase\": {\"event.code\": \"4728\"}}, {\"match_phrase\": {\"event.code\": \"4729\"}}, {\"match_phrase\": {\"event.code\": \"4730\"}}, {\"match_phrase\": {\"event.code\": \"4754\"}}, {\"match_phrase\": {\"event.code\": \"4755\"}}, {\"match_phrase\": {\"event.code\": \"4756\"}}, {\"match_phrase\": {\"event.code\": \"4757\"}}, {\"match_phrase\": {\"event.code\": \"4758\"}}], \"minimum_should_match\": 1}}}], \"query\": {\"language\": \"lucene\", \"query\": \"\"}}"
                },
                "sort": [
                    [
                        "@timestamp",
                        "desc"
                    ]
                ],
                "title": "Group Management Details - Search View [Winlogbeat Security]",
                "version": 1
            },
            "id": "9066d5b0-fef2-11e9-8405-516218e3d268",
            "migrationVersion": {
                "search": "7.4.0"
            },
            "references": [
                {
                    "id": "winlogbeat-*",
                    "name": "kibanaSavedObjectMeta.searchSourceJSON.index",
                    "type": "index-pattern"
                },
                {
                    "id": "winlogbeat-*",
                    "name": "kibanaSavedObjectMeta.searchSourceJSON.filter[0].meta.index",
                    "type": "index-pattern"
                }
            ],
            "type": "search",
            "updated_at": "2020-02-04T20:39:00.715Z",
            "version": "WzQzLDFd"
        }
    ],
    "version": "7.5.2"
}