{
    "objects": [
        {
            "attributes": {
                "description": "Overview dashboard por powershell module.",
                "hits": 0,
                "kibanaSavedObjectMeta": {
                    "searchSourceJSON": "{\"filter\": [], \"query\": {\"language\": \"kuery\", \"query\": \"\"}}"
                },
                "optionsJSON": "{\"hidePanelTitles\": false, \"useMargins\": true}",
                "panelsJSON": "[{\"version\": \"7.6.0\", \"panelIndex\": \"fa41e799-b6b3-49ec-a11c-3f20231a4a79\", \"panelRefName\": \"panel_0\", \"embeddableConfig\": {}, \"gridData\": {\"x\": 0, \"y\": 0, \"i\": \"fa41e799-b6b3-49ec-a11c-3f20231a4a79\", \"w\": 13, \"h\": 8}}, {\"version\": \"7.6.0\", \"panelIndex\": \"65ce6b63-6ce0-4094-ab23-189126fc169f\", \"panelRefName\": \"panel_1\", \"embeddableConfig\": {}, \"gridData\": {\"x\": 13, \"y\": 0, \"i\": \"65ce6b63-6ce0-4094-ab23-189126fc169f\", \"w\": 7, \"h\": 6}}, {\"version\": \"7.6.0\", \"panelIndex\": \"314e6f55-a05a-4ae3-ab76-bcae7f2074ab\", \"panelRefName\": \"panel_2\", \"embeddableConfig\": {}, \"gridData\": {\"x\": 20, \"y\": 0, \"i\": \"314e6f55-a05a-4ae3-ab76-bcae7f2074ab\", \"w\": 8, \"h\": 6}}, {\"version\": \"7.6.0\", \"panelIndex\": \"a1f161f6-1abe-4177-9ede-4d1984f5a963\", \"panelRefName\": \"panel_3\", \"embeddableConfig\": {}, \"gridData\": {\"x\": 28, \"y\": 0, \"i\": \"a1f161f6-1abe-4177-9ede-4d1984f5a963\", \"w\": 7, \"h\": 6}}, {\"version\": \"7.6.0\", \"panelIndex\": \"6b7ed122-22f3-4e9d-89eb-8de92c0d2033\", \"panelRefName\": \"panel_4\", \"embeddableConfig\": {}, \"gridData\": {\"x\": 35, \"y\": 0, \"i\": \"6b7ed122-22f3-4e9d-89eb-8de92c0d2033\", \"w\": 4, \"h\": 6}}, {\"version\": \"7.6.0\", \"panelIndex\": \"d536f6a7-ad28-4a32-9319-9e0b983828bf\", \"panelRefName\": \"panel_5\", \"embeddableConfig\": {}, \"gridData\": {\"x\": 39, \"y\": 0, \"i\": \"d536f6a7-ad28-4a32-9319-9e0b983828bf\", \"w\": 4, \"h\": 6}}, {\"version\": \"7.6.0\", \"panelIndex\": \"eda6d08f-b45e-448a-bf9f-afa5516d4b4b\", \"panelRefName\": \"panel_6\", \"embeddableConfig\": {}, \"gridData\": {\"x\": 43, \"y\": 0, \"i\": \"eda6d08f-b45e-448a-bf9f-afa5516d4b4b\", \"w\": 4, \"h\": 6}}, {\"version\": \"7.6.0\", \"panelIndex\": \"56d2dd76-6fec-422b-96e9-22791b0c5f0c\", \"panelRefName\": \"panel_7\", \"embeddableConfig\": {}, \"gridData\": {\"x\": 13, \"y\": 6, \"i\": \"56d2dd76-6fec-422b-96e9-22791b0c5f0c\", \"w\": 10, \"h\": 10}}, {\"version\": \"7.6.0\", \"panelIndex\": \"3e4a9683-fd6a-4ad7-b05f-c71bcb4d92d5\", \"panelRefName\": \"panel_8\", \"embeddableConfig\": {}, \"gridData\": {\"x\": 23, \"y\": 6, \"i\": \"3e4a9683-fd6a-4ad7-b05f-c71bcb4d92d5\", \"w\": 12, \"h\": 7}}, {\"version\": \"7.6.0\", \"panelIndex\": \"a8c00572-667b-4e39-8b0c-10be56fbadd5\", \"panelRefName\": \"panel_9\", \"embeddableConfig\": {}, \"gridData\": {\"x\": 35, \"y\": 6, \"i\": \"a8c00572-667b-4e39-8b0c-10be56fbadd5\", \"w\": 12, \"h\": 7}}, {\"version\": \"7.6.0\", \"panelIndex\": \"e8a57cba-14d2-4cd9-a727-f5e30165f6ba\", \"panelRefName\": \"panel_10\", \"embeddableConfig\": {}, \"gridData\": {\"x\": 0, \"y\": 8, \"i\": \"e8a57cba-14d2-4cd9-a727-f5e30165f6ba\", \"w\": 13, \"h\": 8}}, {\"version\": \"7.6.0\", \"panelIndex\": \"8ae39cfa-cb06-45eb-880e-b749c3355d61\", \"panelRefName\": \"panel_11\", \"embeddableConfig\": {}, \"gridData\": {\"x\": 23, \"y\": 13, \"i\": \"8ae39cfa-cb06-45eb-880e-b749c3355d61\", \"w\": 12, \"h\": 7}}, {\"version\": \"7.6.0\", \"panelIndex\": \"ef92d192-b56d-476c-b640-e226679ed178\", \"panelRefName\": \"panel_12\", \"embeddableConfig\": {}, \"gridData\": {\"x\": 35, \"y\": 13, \"i\": \"ef92d192-b56d-476c-b640-e226679ed178\", \"w\": 12, \"h\": 7}}, {\"version\": \"7.6.0\", \"panelIndex\": \"b15dcac5-3616-4b41-8abb-cb28398b16f4\", \"panelRefName\": \"panel_13\", \"embeddableConfig\": {}, \"gridData\": {\"x\": 0, \"y\": 16, \"i\": \"b15dcac5-3616-4b41-8abb-cb28398b16f4\", \"w\": 13, \"h\": 11}}, {\"version\": \"7.6.0\", \"panelIndex\": \"23af61c8-6a45-4d7d-9905-8ed265328130\", \"panelRefName\": \"panel_14\", \"embeddableConfig\": {}, \"gridData\": {\"x\": 13, \"y\": 16, \"i\": \"23af61c8-6a45-4d7d-9905-8ed265328130\", \"w\": 10, \"h\": 11}}, {\"version\": \"7.6.0\", \"panelIndex\": \"390068ed-b7fb-4ec1-87d5-e89f7cc82e04\", \"panelRefName\": \"panel_15\", \"embeddableConfig\": {}, \"gridData\": {\"x\": 23, \"y\": 20, \"i\": \"390068ed-b7fb-4ec1-87d5-e89f7cc82e04\", \"w\": 12, \"h\": 7}}, {\"version\": \"7.6.0\", \"panelIndex\": \"45724dca-fea2-4f3b-af79-cf89bb12a31b\", \"panelRefName\": \"panel_16\", \"embeddableConfig\": {}, \"gridData\": {\"x\": 35, \"y\": 20, \"i\": \"45724dca-fea2-4f3b-af79-cf89bb12a31b\", \"w\": 12, \"h\": 7}}, {\"version\": \"7.6.0\", \"panelIndex\": \"7f0c4a51-d972-42a5-ba0a-d3de814c7440\", \"panelRefName\": \"panel_17\", \"embeddableConfig\": {}, \"gridData\": {\"x\": 0, \"y\": 27, \"i\": \"7f0c4a51-d972-42a5-ba0a-d3de814c7440\", \"w\": 47, \"h\": 14}}]",
                "timeRestore": false,
                "title": "[Winlogbeat powershell] Overview",
                "version": 1
            },
            "id": "c77e06c0-9e7c-11ea-af6f-cfdb1ee1d6c8",
            "migrationVersion": {
                "dashboard": "7.3.0"
            },
            "references": [
                {
                    "id": "9ec52c30-9e91-11ea-af6f-cfdb1ee1d6c8",
                    "name": "panel_0",
                    "type": "visualization"
                },
                {
                    "id": "52543ef0-9e95-11ea-af6f-cfdb1ee1d6c8",
                    "name": "panel_1",
                    "type": "visualization"
                },
                {
                    "id": "7f3e7710-9e94-11ea-af6f-cfdb1ee1d6c8",
                    "name": "panel_2",
                    "type": "visualization"
                },
                {
                    "id": "78874900-9f30-11ea-bef1-95118e62a7c1",
                    "name": "panel_3",
                    "type": "visualization"
                },
                {
                    "id": "e64ff750-9f28-11ea-bef1-95118e62a7c1",
                    "name": "panel_4",
                    "type": "visualization"
                },
                {
                    "id": "2dbabdf0-9f29-11ea-bef1-95118e62a7c1",
                    "name": "panel_5",
                    "type": "visualization"
                },
                {
                    "id": "92a2a6b0-9f29-11ea-bef1-95118e62a7c1",
                    "name": "panel_6",
                    "type": "visualization"
                },
                {
                    "id": "e20b3940-9e9a-11ea-af6f-cfdb1ee1d6c8",
                    "name": "panel_7",
                    "type": "visualization"
                },
                {
                    "id": "1eeaaf70-9f23-11ea-bef1-95118e62a7c1",
                    "name": "panel_8",
                    "type": "visualization"
                },
                {
                    "id": "f9fa55f0-9f34-11ea-bef1-95118e62a7c1",
                    "name": "panel_9",
                    "type": "visualization"
                },
                {
                    "id": "3e55daa0-9e8e-11ea-af6f-cfdb1ee1d6c8",
                    "name": "panel_10",
                    "type": "visualization"
                },
                {
                    "id": "d27dea70-9f32-11ea-bef1-95118e62a7c1",
                    "name": "panel_11",
                    "type": "visualization"
                },
                {
                    "id": "fbb025e0-9e7c-11ea-af6f-cfdb1ee1d6c8",
                    "name": "panel_12",
                    "type": "visualization"
                },
                {
                    "id": "7adbce50-9e96-11ea-af6f-cfdb1ee1d6c8",
                    "name": "panel_13",
                    "type": "visualization"
                },
                {
                    "id": "70751050-9f33-11ea-bef1-95118e62a7c1",
                    "name": "panel_14",
                    "type": "visualization"
                },
                {
                    "id": "b0c5d570-9e7c-11ea-af6f-cfdb1ee1d6c8",
                    "name": "panel_15",
                    "type": "visualization"
                },
                {
                    "id": "c0945210-9e8b-11ea-af6f-cfdb1ee1d6c8",
                    "name": "panel_16",
                    "type": "visualization"
                },
                {
                    "id": "11a61760-9f27-11ea-bef1-95118e62a7c1",
                    "name": "panel_17",
                    "type": "search"
                }
            ],
            "type": "dashboard",
            "updated_at": "2020-05-26T12:55:23.284Z",
            "version": "WzczLDFd"
        },
        {
            "attributes": {
                "description": "",
                "kibanaSavedObjectMeta": {
                    "searchSourceJSON": "{\"indexRefName\": \"kibanaSavedObjectMeta.searchSourceJSON.index\", \"filter\": [], \"query\": {\"language\": \"kuery\", \"query\": \"winlog.provider_name : \\\"PowerShell\\\" or winlog.provider_name : \\\"Microsoft-Windows-PowerShell\\\" \"}}"
                },
                "title": "Connected users [Winlogbeat powershell]",
                "uiStateJSON": "{\"vis\": {\"params\": {\"sort\": {\"direction\": null, \"columnIndex\": null}}}}",
                "version": 1,
                "visState": "{\"aggs\": [{\"params\": {}, \"type\": \"count\", \"enabled\": true, \"schema\": \"metric\", \"id\": \"1\"}, {\"params\": {\"missingBucketLabel\": \"Missing\", \"otherBucket\": false, \"otherBucketLabel\": \"Other\", \"size\": 5, \"order\": \"desc\", \"missingBucket\": false, \"field\": \"powershell.connected_user.name\", \"orderBy\": \"4\", \"customLabel\": \"User\"}, \"type\": \"terms\", \"enabled\": true, \"schema\": \"bucket\", \"id\": \"2\"}, {\"params\": {\"field\": \"host.name\", \"customLabel\": \"Host count\"}, \"type\": \"cardinality\", \"enabled\": true, \"schema\": \"metric\", \"id\": \"4\"}], \"params\": {\"percentageCol\": \"\", \"dimensions\": {\"buckets\": [{\"label\": \"User\", \"aggType\": \"terms\", \"accessor\": 0, \"format\": {\"params\": {\"missingBucketLabel\": \"Missing\", \"parsedUrl\": {\"pathname\": \"/app/kibana\", \"origin\": \"http://192.168.1.48:5601\", \"basePath\": \"\"}, \"otherBucketLabel\": \"Other\", \"id\": \"string\"}, \"id\": \"terms\"}, \"params\": {}}], \"metrics\": [{\"label\": \"Count\", \"aggType\": \"count\", \"accessor\": 1, \"format\": {\"id\": \"number\"}, \"params\": {}}, {\"label\": \"Unique count of host.name\", \"aggType\": \"cardinality\", \"accessor\": 2, \"format\": {\"id\": \"number\"}, \"params\": {}}]}, \"showTotal\": false, \"sort\": {\"direction\": null, \"columnIndex\": null}, \"showPartialRows\": false, \"showMetricsAtAllLevels\": false, \"perPage\": 10, \"totalFunc\": \"sum\"}, \"type\": \"table\", \"title\": \"Connected users [Winlogbeat powershell]\"}"
            },
            "id": "9ec52c30-9e91-11ea-af6f-cfdb1ee1d6c8",
            "migrationVersion": {
                "visualization": "7.4.2"
            },
            "references": [
                {
                    "id": "winlogbeat-*",
                    "name": "kibanaSavedObjectMeta.searchSourceJSON.index",
                    "type": "index-pattern"
                }
            ],
            "type": "visualization",
            "updated_at": "2020-05-26T12:55:23.284Z",
            "version": "Wzc0LDFd"
        },
        {
            "attributes": {
                "description": "",
                "kibanaSavedObjectMeta": {
                    "searchSourceJSON": "{\"indexRefName\": \"kibanaSavedObjectMeta.searchSourceJSON.index\", \"filter\": [], \"query\": {\"language\": \"kuery\", \"query\": \"winlog.provider_name : \\\"PowerShell\\\" or winlog.provider_name : \\\"Microsoft-Windows-PowerShell\\\" \"}}"
                },
                "title": "Total engine started [Winlogbeat powershell]",
                "uiStateJSON": "{}",
                "version": 1,
                "visState": "{\"aggs\": [{\"params\": {}, \"type\": \"count\", \"enabled\": true, \"schema\": \"metric\", \"id\": \"1\"}, {\"params\": {\"filters\": [{\"input\": {\"language\": \"kuery\", \"query\": \"event.code: 400\"}, \"label\": \"\"}]}, \"type\": \"filters\", \"enabled\": true, \"schema\": \"group\", \"id\": \"2\"}], \"params\": {\"metric\": {\"colorsRange\": [{\"type\": \"range\", \"from\": 0, \"to\": 10000}], \"invertColors\": false, \"metricColorMode\": \"None\", \"style\": {\"bgColor\": false, \"fontSize\": 32, \"subText\": \"\", \"bgFill\": \"#000\", \"labelColor\": false}, \"useRanges\": false, \"labels\": {\"show\": true}, \"percentageMode\": false, \"colorSchema\": \"Green to Red\"}, \"dimensions\": {\"metrics\": [{\"type\": \"vis_dimension\", \"accessor\": 1, \"format\": {\"params\": {}, \"id\": \"number\"}}], \"bucket\": {\"type\": \"vis_dimension\", \"accessor\": 0, \"format\": {\"params\": {}, \"id\": \"string\"}}}, \"addLegend\": false, \"addTooltip\": true, \"type\": \"metric\"}, \"type\": \"metric\", \"title\": \"Total engine started [Winlogbeat powershell]\"}"
            },
            "id": "52543ef0-9e95-11ea-af6f-cfdb1ee1d6c8",
            "migrationVersion": {
                "visualization": "7.4.2"
            },
            "references": [
                {
                    "id": "winlogbeat-*",
                    "name": "kibanaSavedObjectMeta.searchSourceJSON.index",
                    "type": "index-pattern"
                }
            ],
            "type": "visualization",
            "updated_at": "2020-05-26T12:55:23.284Z",
            "version": "Wzc1LDFd"
        },
        {
            "attributes": {
                "description": "",
                "kibanaSavedObjectMeta": {
                    "searchSourceJSON": "{\"indexRefName\": \"kibanaSavedObjectMeta.searchSourceJSON.index\", \"filter\": [], \"query\": {\"language\": \"kuery\", \"query\": \"winlog.provider_name : \\\"PowerShell\\\" or winlog.provider_name : \\\"Microsoft-Windows-PowerShell\\\" \"}}"
                },
                "title": "Total commands [Winlogbeat powershell]",
                "uiStateJSON": "{}",
                "version": 1,
                "visState": "{\"aggs\": [{\"params\": {}, \"type\": \"count\", \"enabled\": true, \"schema\": \"metric\", \"id\": \"1\"}, {\"params\": {\"filters\": [{\"input\": {\"language\": \"kuery\", \"query\": \"powershell.command.name: * \"}, \"label\": \"Commands\"}]}, \"type\": \"filters\", \"enabled\": true, \"schema\": \"group\", \"id\": \"2\"}], \"params\": {\"metric\": {\"colorsRange\": [{\"type\": \"range\", \"from\": 0, \"to\": 10000}], \"invertColors\": false, \"metricColorMode\": \"None\", \"style\": {\"bgColor\": false, \"fontSize\": 32, \"subText\": \"\", \"bgFill\": \"#000\", \"labelColor\": false}, \"useRanges\": false, \"labels\": {\"show\": true}, \"percentageMode\": false, \"colorSchema\": \"Green to Red\"}, \"dimensions\": {\"metrics\": [{\"type\": \"vis_dimension\", \"accessor\": 1, \"format\": {\"params\": {}, \"id\": \"number\"}}], \"bucket\": {\"type\": \"vis_dimension\", \"accessor\": 0, \"format\": {\"params\": {}, \"id\": \"string\"}}}, \"addLegend\": false, \"addTooltip\": true, \"type\": \"metric\"}, \"type\": \"metric\", \"title\": \"Total commands [Winlogbeat powershell]\"}"
            },
            "id": "7f3e7710-9e94-11ea-af6f-cfdb1ee1d6c8",
            "migrationVersion": {
                "visualization": "7.4.2"
            },
            "references": [
                {
                    "id": "winlogbeat-*",
                    "name": "kibanaSavedObjectMeta.searchSourceJSON.index",
                    "type": "index-pattern"
                }
            ],
            "type": "visualization",
            "updated_at": "2020-05-26T12:55:23.284Z",
            "version": "Wzc2LDFd"
        },
        {
            "attributes": {
                "description": "",
                "kibanaSavedObjectMeta": {
                    "searchSourceJSON": "{\"indexRefName\": \"kibanaSavedObjectMeta.searchSourceJSON.index\", \"filter\": [], \"query\": {\"language\": \"kuery\", \"query\": \"winlog.provider_name : \\\"PowerShell\\\" or winlog.provider_name : \\\"Microsoft-Windows-PowerShell\\\" \"}}"
                },
                "title": "Total remote commands [Winlogbeat powershell]",
                "uiStateJSON": "{}",
                "version": 1,
                "visState": "{\"aggs\": [{\"params\": {}, \"type\": \"count\", \"enabled\": true, \"schema\": \"metric\", \"id\": \"1\"}, {\"params\": {\"filters\": [{\"input\": {\"language\": \"kuery\", \"query\": \"process.title:\\\"ServerRemoteHost\\\" \"}, \"label\": \"Remote commands\"}]}, \"type\": \"filters\", \"enabled\": true, \"schema\": \"group\", \"id\": \"2\"}], \"params\": {\"metric\": {\"colorsRange\": [{\"type\": \"range\", \"from\": 0, \"to\": 10000}], \"invertColors\": false, \"metricColorMode\": \"None\", \"style\": {\"bgColor\": false, \"fontSize\": 32, \"subText\": \"\", \"bgFill\": \"#000\", \"labelColor\": false}, \"useRanges\": false, \"labels\": {\"show\": true}, \"percentageMode\": false, \"colorSchema\": \"Green to Red\"}, \"dimensions\": {\"metrics\": [{\"type\": \"vis_dimension\", \"accessor\": 1, \"format\": {\"params\": {}, \"id\": \"number\"}}], \"bucket\": {\"type\": \"vis_dimension\", \"accessor\": 0, \"format\": {\"params\": {}, \"id\": \"string\"}}}, \"addLegend\": false, \"addTooltip\": true, \"type\": \"metric\"}, \"type\": \"metric\", \"title\": \"Total remote commands [Winlogbeat powershell]\"}"
            },
            "id": "78874900-9f30-11ea-bef1-95118e62a7c1",
            "migrationVersion": {
                "visualization": "7.4.2"
            },
            "references": [
                {
                    "id": "winlogbeat-*",
                    "name": "kibanaSavedObjectMeta.searchSourceJSON.index",
                    "type": "index-pattern"
                }
            ],
            "type": "visualization",
            "updated_at": "2020-05-26T12:55:23.284Z",
            "version": "Wzc3LDFd"
        },
        {
            "attributes": {
                "description": "",
                "kibanaSavedObjectMeta": {
                    "searchSourceJSON": "{\"indexRefName\": \"kibanaSavedObjectMeta.searchSourceJSON.index\", \"filter\": [], \"query\": {\"language\": \"kuery\", \"query\": \"winlog.provider_name : \\\"PowerShell\\\" or winlog.provider_name : \\\"Microsoft-Windows-PowerShell\\\" \"}}"
                },
                "title": "Unique users [Winlogbeat powershell]",
                "uiStateJSON": "{}",
                "version": 1,
                "visState": "{\"aggs\": [{\"params\": {\"field\": \"related.user\", \"customLabel\": \"Unique users\"}, \"type\": \"cardinality\", \"enabled\": true, \"schema\": \"metric\", \"id\": \"1\"}], \"params\": {\"metric\": {\"colorsRange\": [{\"type\": \"range\", \"from\": 0, \"to\": 10000}], \"invertColors\": false, \"metricColorMode\": \"None\", \"style\": {\"bgColor\": false, \"fontSize\": 32, \"subText\": \"\", \"bgFill\": \"#000\", \"labelColor\": false}, \"useRanges\": false, \"labels\": {\"show\": true}, \"percentageMode\": false, \"colorSchema\": \"Green to Red\"}, \"dimensions\": {\"metrics\": [{\"type\": \"vis_dimension\", \"accessor\": 0, \"format\": {\"params\": {}, \"id\": \"number\"}}]}, \"addLegend\": false, \"addTooltip\": true, \"type\": \"metric\"}, \"type\": \"metric\", \"title\": \"Unique users [Winlogbeat powershell]\"}"
            },
            "id": "e64ff750-9f28-11ea-bef1-95118e62a7c1",
            "migrationVersion": {
                "visualization": "7.4.2"
            },
            "references": [
                {
                    "id": "winlogbeat-*",
                    "name": "kibanaSavedObjectMeta.searchSourceJSON.index",
                    "type": "index-pattern"
                }
            ],
            "type": "visualization",
            "updated_at": "2020-05-26T12:55:23.284Z",
            "version": "Wzc4LDFd"
        },
        {
            "attributes": {
                "description": "",
                "kibanaSavedObjectMeta": {
                    "searchSourceJSON": "{\"indexRefName\": \"kibanaSavedObjectMeta.searchSourceJSON.index\", \"filter\": [], \"query\": {\"language\": \"kuery\", \"query\": \"winlog.provider_name : \\\"PowerShell\\\" or winlog.provider_name : \\\"Microsoft-Windows-PowerShell\\\" \"}}"
                },
                "title": "Unique engine versions [Winlogbeat powershell]",
                "uiStateJSON": "{}",
                "version": 1,
                "visState": "{\"aggs\": [{\"params\": {\"field\": \"powershell.engine.version\", \"customLabel\": \"Unique versions\"}, \"type\": \"cardinality\", \"enabled\": true, \"schema\": \"metric\", \"id\": \"1\"}], \"params\": {\"metric\": {\"colorsRange\": [{\"type\": \"range\", \"from\": 0, \"to\": 10000}], \"invertColors\": false, \"metricColorMode\": \"None\", \"style\": {\"bgColor\": false, \"fontSize\": 32, \"subText\": \"\", \"bgFill\": \"#000\", \"labelColor\": false}, \"useRanges\": false, \"labels\": {\"show\": true}, \"percentageMode\": false, \"colorSchema\": \"Green to Red\"}, \"dimensions\": {\"metrics\": [{\"type\": \"vis_dimension\", \"accessor\": 0, \"format\": {\"params\": {}, \"id\": \"number\"}}]}, \"addLegend\": false, \"addTooltip\": true, \"type\": \"metric\"}, \"type\": \"metric\", \"title\": \"Unique engine versions [Winlogbeat powershell]\"}"
            },
            "id": "2dbabdf0-9f29-11ea-bef1-95118e62a7c1",
            "migrationVersion": {
                "visualization": "7.4.2"
            },
            "references": [
                {
                    "id": "winlogbeat-*",
                    "name": "kibanaSavedObjectMeta.searchSourceJSON.index",
                    "type": "index-pattern"
                }
            ],
            "type": "visualization",
            "updated_at": "2020-05-26T12:55:23.284Z",
            "version": "Wzc5LDFd"
        },
        {
            "attributes": {
                "description": "",
                "kibanaSavedObjectMeta": {
                    "searchSourceJSON": "{\"indexRefName\": \"kibanaSavedObjectMeta.searchSourceJSON.index\", \"filter\": [], \"query\": {\"language\": \"kuery\", \"query\": \"winlog.provider_name : \\\"PowerShell\\\" or winlog.provider_name : \\\"Microsoft-Windows-PowerShell\\\" \"}}"
                },
                "title": "Unique hosts [Winlogbeat powershell]",
                "uiStateJSON": "{}",
                "version": 1,
                "visState": "{\"aggs\": [{\"params\": {\"field\": \"host.name\", \"customLabel\": \"Unique hosts\"}, \"type\": \"cardinality\", \"enabled\": true, \"schema\": \"metric\", \"id\": \"1\"}], \"params\": {\"metric\": {\"colorsRange\": [{\"type\": \"range\", \"from\": 0, \"to\": 10000}], \"invertColors\": false, \"metricColorMode\": \"None\", \"style\": {\"bgColor\": false, \"fontSize\": 32, \"subText\": \"\", \"bgFill\": \"#000\", \"labelColor\": false}, \"useRanges\": false, \"labels\": {\"show\": true}, \"percentageMode\": false, \"colorSchema\": \"Green to Red\"}, \"dimensions\": {\"metrics\": [{\"type\": \"vis_dimension\", \"accessor\": 0, \"format\": {\"params\": {}, \"id\": \"number\"}}]}, \"addLegend\": false, \"addTooltip\": true, \"type\": \"metric\"}, \"type\": \"metric\", \"title\": \"Unique hosts [Winlogbeat powershell]\"}"
            },
            "id": "92a2a6b0-9f29-11ea-bef1-95118e62a7c1",
            "migrationVersion": {
                "visualization": "7.4.2"
            },
            "references": [
                {
                    "id": "winlogbeat-*",
                    "name": "kibanaSavedObjectMeta.searchSourceJSON.index",
                    "type": "index-pattern"
                }
            ],
            "type": "visualization",
            "updated_at": "2020-05-26T12:55:23.284Z",
            "version": "WzgwLDFd"
        },
        {
            "attributes": {
                "description": "",
                "kibanaSavedObjectMeta": {
                    "searchSourceJSON": "{\"indexRefName\": \"kibanaSavedObjectMeta.searchSourceJSON.index\", \"filter\": [], \"query\": {\"language\": \"kuery\", \"query\": \"winlog.provider_name : \\\"PowerShell\\\" or winlog.provider_name : \\\"Microsoft-Windows-PowerShell\\\" \"}}"
                },
                "title": "Engine versions ran by host [Winlogbeat powershell]",
                "uiStateJSON": "{\"vis\": {\"params\": {\"sort\": {\"direction\": null, \"columnIndex\": null}}}}",
                "version": 1,
                "visState": "{\"aggs\": [{\"params\": {\"missingBucketLabel\": \"Missing\", \"otherBucket\": false, \"otherBucketLabel\": \"Other\", \"size\": 5, \"order\": \"desc\", \"missingBucket\": false, \"field\": \"host.name\", \"orderBy\": \"3\", \"customLabel\": \"Host\"}, \"type\": \"terms\", \"enabled\": true, \"schema\": \"bucket\", \"id\": \"2\"}, {\"params\": {\"field\": \"powershell.engine.version\", \"customLabel\": \"Version count\"}, \"type\": \"cardinality\", \"enabled\": true, \"schema\": \"metric\", \"id\": \"3\"}], \"params\": {\"percentageCol\": \"\", \"dimensions\": {\"buckets\": [{\"label\": \"Host\", \"aggType\": \"terms\", \"accessor\": 0, \"format\": {\"params\": {\"missingBucketLabel\": \"Missing\", \"parsedUrl\": {\"pathname\": \"/app/kibana\", \"origin\": \"http://192.168.1.48:5601\", \"basePath\": \"\"}, \"otherBucketLabel\": \"Other\", \"id\": \"string\"}, \"id\": \"terms\"}, \"params\": {}}], \"metrics\": [{\"label\": \"Count\", \"aggType\": \"count\", \"accessor\": 1, \"format\": {\"id\": \"number\"}, \"params\": {}}, {\"label\": \"Version count\", \"aggType\": \"cardinality\", \"accessor\": 2, \"format\": {\"id\": \"number\"}, \"params\": {}}]}, \"showTotal\": false, \"sort\": {\"direction\": null, \"columnIndex\": null}, \"showPartialRows\": false, \"showMetricsAtAllLevels\": false, \"perPage\": 10, \"totalFunc\": \"sum\"}, \"type\": \"table\", \"title\": \"Engine versions ran by host [Winlogbeat powershell]\"}"
            },
            "id": "e20b3940-9e9a-11ea-af6f-cfdb1ee1d6c8",
            "migrationVersion": {
                "visualization": "7.4.2"
            },
            "references": [
                {
                    "id": "winlogbeat-*",
                    "name": "kibanaSavedObjectMeta.searchSourceJSON.index",
                    "type": "index-pattern"
                }
            ],
            "type": "visualization",
            "updated_at": "2020-05-26T12:55:23.284Z",
            "version": "WzgxLDFd"
        },
        {
            "attributes": {
                "description": "",
                "kibanaSavedObjectMeta": {
                    "searchSourceJSON": "{\"indexRefName\": \"kibanaSavedObjectMeta.searchSourceJSON.index\", \"filter\": [], \"query\": {\"language\": \"kuery\", \"query\": \"winlog.provider_name : \\\"PowerShell\\\" or winlog.provider_name : \\\"Microsoft-Windows-PowerShell\\\" \"}}"
                },
                "title": "Engine versions [Winlogbeat powershell]",
                "uiStateJSON": "{}",
                "version": 1,
                "visState": "{\"aggs\": [{\"params\": {}, \"type\": \"count\", \"enabled\": true, \"schema\": \"metric\", \"id\": \"1\"}, {\"params\": {\"missingBucketLabel\": \"Missing\", \"otherBucket\": false, \"otherBucketLabel\": \"Other\", \"size\": 5, \"order\": \"desc\", \"missingBucket\": false, \"field\": \"powershell.engine.version\", \"orderBy\": \"1\", \"customLabel\": \"Engine version\"}, \"type\": \"terms\", \"enabled\": true, \"schema\": \"segment\", \"id\": \"2\"}], \"params\": {\"dimensions\": {\"metric\": {\"label\": \"Count\", \"aggType\": \"count\", \"accessor\": 0, \"format\": {\"id\": \"number\"}, \"params\": {}}}, \"labels\": {\"show\": false, \"values\": false, \"truncate\": 100, \"last_level\": false}, \"addTooltip\": true, \"isDonut\": false, \"legendPosition\": \"right\", \"type\": \"pie\", \"addLegend\": true}, \"type\": \"pie\", \"title\": \"Engine versions [Winlogbeat powershell]\"}"
            },
            "id": "1eeaaf70-9f23-11ea-bef1-95118e62a7c1",
            "migrationVersion": {
                "visualization": "7.4.2"
            },
            "references": [
                {
                    "id": "winlogbeat-*",
                    "name": "kibanaSavedObjectMeta.searchSourceJSON.index",
                    "type": "index-pattern"
                }
            ],
            "type": "visualization",
            "updated_at": "2020-05-26T12:55:23.284Z",
            "version": "WzgyLDFd"
        },
        {
            "attributes": {
                "description": "",
                "kibanaSavedObjectMeta": {
                    "searchSourceJSON": "{\"indexRefName\": \"kibanaSavedObjectMeta.searchSourceJSON.index\", \"filter\": [], \"query\": {\"language\": \"kuery\", \"query\": \"winlog.provider_name : \\\"PowerShell\\\" or winlog.provider_name : \\\"Microsoft-Windows-PowerShell\\\" \"}}"
                },
                "title": "Host processes [Winlogbeat powershell]",
                "uiStateJSON": "{}",
                "version": 1,
                "visState": "{\"aggs\": [{\"params\": {}, \"type\": \"count\", \"enabled\": true, \"schema\": \"metric\", \"id\": \"1\"}, {\"params\": {\"missingBucketLabel\": \"Missing\", \"otherBucket\": false, \"otherBucketLabel\": \"Other\", \"size\": 5, \"order\": \"desc\", \"missingBucket\": false, \"field\": \"process.title\", \"orderBy\": \"1\"}, \"type\": \"terms\", \"enabled\": true, \"schema\": \"segment\", \"id\": \"2\"}], \"params\": {\"dimensions\": {\"buckets\": [{\"label\": \"process.title: Descending\", \"aggType\": \"terms\", \"accessor\": 0, \"format\": {\"params\": {\"missingBucketLabel\": \"Missing\", \"parsedUrl\": {\"pathname\": \"/app/kibana\", \"origin\": \"http://192.168.1.48:5601\", \"basePath\": \"\"}, \"otherBucketLabel\": \"Other\", \"id\": \"string\"}, \"id\": \"terms\"}, \"params\": {}}], \"metric\": {\"label\": \"Count\", \"aggType\": \"count\", \"accessor\": 1, \"format\": {\"id\": \"number\"}, \"params\": {}}}, \"labels\": {\"show\": false, \"values\": false, \"truncate\": 100, \"last_level\": false}, \"addTooltip\": true, \"isDonut\": false, \"legendPosition\": \"right\", \"type\": \"pie\", \"addLegend\": true}, \"type\": \"pie\", \"title\": \"Host processes [Winlogbeat powershell]\"}"
            },
            "id": "f9fa55f0-9f34-11ea-bef1-95118e62a7c1",
            "migrationVersion": {
                "visualization": "7.4.2"
            },
            "references": [
                {
                    "id": "winlogbeat-*",
                    "name": "kibanaSavedObjectMeta.searchSourceJSON.index",
                    "type": "index-pattern"
                }
            ],
            "type": "visualization",
            "updated_at": "2020-05-26T12:55:23.284Z",
            "version": "WzgzLDFd"
        },
        {
            "attributes": {
                "description": "",
                "kibanaSavedObjectMeta": {
                    "searchSourceJSON": "{\"indexRefName\": \"kibanaSavedObjectMeta.searchSourceJSON.index\", \"filter\": [], \"query\": {\"language\": \"kuery\", \"query\": \"winlog.provider_name : \\\"PowerShell\\\" or winlog.provider_name : \\\"Microsoft-Windows-PowerShell\\\" \"}}"
                },
                "title": "Users [Winlogbeat powershell]",
                "uiStateJSON": "{\"vis\": {\"params\": {\"sort\": {\"direction\": null, \"columnIndex\": null}}}}",
                "version": 1,
                "visState": "{\"aggs\": [{\"params\": {}, \"type\": \"count\", \"enabled\": true, \"schema\": \"metric\", \"id\": \"1\"}, {\"params\": {\"missingBucketLabel\": \"Missing\", \"otherBucket\": false, \"otherBucketLabel\": \"Other\", \"size\": 5, \"order\": \"desc\", \"missingBucket\": false, \"field\": \"user.name\", \"orderBy\": \"1\", \"customLabel\": \"User\"}, \"type\": \"terms\", \"enabled\": true, \"schema\": \"bucket\", \"id\": \"3\"}, {\"params\": {\"field\": \"host.name\", \"customLabel\": \"Host count\"}, \"type\": \"cardinality\", \"enabled\": true, \"schema\": \"metric\", \"id\": \"4\"}], \"params\": {\"percentageCol\": \"\", \"dimensions\": {\"buckets\": [{\"label\": \"User\", \"aggType\": \"terms\", \"accessor\": 0, \"format\": {\"params\": {\"missingBucketLabel\": \"Missing\", \"parsedUrl\": {\"pathname\": \"/app/kibana\", \"origin\": \"http://192.168.1.48:5601\", \"basePath\": \"\"}, \"otherBucketLabel\": \"Other\", \"id\": \"string\"}, \"id\": \"terms\"}, \"params\": {}}], \"metrics\": [{\"label\": \"Count\", \"aggType\": \"count\", \"accessor\": 1, \"format\": {\"id\": \"number\"}, \"params\": {}}, {\"label\": \"Unique count of host.name\", \"aggType\": \"cardinality\", \"accessor\": 2, \"format\": {\"id\": \"number\"}, \"params\": {}}]}, \"showTotal\": false, \"sort\": {\"direction\": null, \"columnIndex\": null}, \"showPartialRows\": false, \"showMetricsAtAllLevels\": false, \"perPage\": 10, \"totalFunc\": \"sum\"}, \"type\": \"table\", \"title\": \"Users [Winlogbeat powershell]\"}"
            },
            "id": "3e55daa0-9e8e-11ea-af6f-cfdb1ee1d6c8",
            "migrationVersion": {
                "visualization": "7.4.2"
            },
            "references": [
                {
                    "id": "winlogbeat-*",
                    "name": "kibanaSavedObjectMeta.searchSourceJSON.index",
                    "type": "index-pattern"
                }
            ],
            "type": "visualization",
            "updated_at": "2020-05-26T12:55:23.284Z",
            "version": "Wzg0LDFd"
        },
        {
            "attributes": {
                "description": "",
                "kibanaSavedObjectMeta": {
                    "searchSourceJSON": "{\"indexRefName\": \"kibanaSavedObjectMeta.searchSourceJSON.index\", \"filter\": [], \"query\": {\"language\": \"kuery\", \"query\": \"winlog.provider_name : \\\"PowerShell\\\" or winlog.provider_name : \\\"Microsoft-Windows-PowerShell\\\" \"}}"
                },
                "title": "Event type [Winlogbeat powershell]",
                "uiStateJSON": "{}",
                "version": 1,
                "visState": "{\"aggs\": [{\"params\": {}, \"type\": \"count\", \"enabled\": true, \"schema\": \"metric\", \"id\": \"1\"}, {\"params\": {\"missingBucketLabel\": \"Missing\", \"otherBucket\": false, \"otherBucketLabel\": \"Other\", \"size\": 10, \"order\": \"desc\", \"missingBucket\": false, \"field\": \"event.code\", \"orderBy\": \"1\", \"customLabel\": \"Event type\"}, \"type\": \"terms\", \"enabled\": true, \"schema\": \"segment\", \"id\": \"2\"}], \"params\": {\"dimensions\": {\"buckets\": [{\"label\": \"event.code: Descending\", \"aggType\": \"terms\", \"accessor\": 0, \"format\": {\"params\": {\"missingBucketLabel\": \"Missing\", \"parsedUrl\": {\"pathname\": \"/app/kibana\", \"origin\": \"http://192.168.1.48:5601\", \"basePath\": \"\"}, \"otherBucketLabel\": \"Other\", \"id\": \"string\"}, \"id\": \"terms\"}, \"params\": {}}], \"metric\": {\"label\": \"Count\", \"aggType\": \"count\", \"accessor\": 1, \"format\": {\"id\": \"number\"}, \"params\": {}}}, \"labels\": {\"show\": false, \"values\": false, \"truncate\": 100, \"last_level\": false}, \"addTooltip\": true, \"isDonut\": false, \"legendPosition\": \"right\", \"type\": \"pie\", \"addLegend\": true}, \"type\": \"pie\", \"title\": \"Event type [Winlogbeat powershell]\"}"
            },
            "id": "d27dea70-9f32-11ea-bef1-95118e62a7c1",
            "migrationVersion": {
                "visualization": "7.4.2"
            },
            "references": [
                {
                    "id": "winlogbeat-*",
                    "name": "kibanaSavedObjectMeta.searchSourceJSON.index",
                    "type": "index-pattern"
                }
            ],
            "type": "visualization",
            "updated_at": "2020-05-26T12:55:23.284Z",
            "version": "Wzg1LDFd"
        },
        {
            "attributes": {
                "description": "",
                "kibanaSavedObjectMeta": {
                    "searchSourceJSON": "{\"indexRefName\": \"kibanaSavedObjectMeta.searchSourceJSON.index\", \"filter\": [], \"query\": {\"language\": \"kuery\", \"query\": \"winlog.provider_name : \\\"PowerShell\\\" or winlog.provider_name : \\\"Microsoft-Windows-PowerShell\\\" \"}}"
                },
                "title": "Event Levels [Winlogbeat powershell]",
                "uiStateJSON": "{}",
                "version": 1,
                "visState": "{\"aggs\": [{\"params\": {}, \"type\": \"count\", \"enabled\": true, \"schema\": \"metric\", \"id\": \"1\"}, {\"params\": {\"missingBucketLabel\": \"Missing\", \"otherBucket\": false, \"otherBucketLabel\": \"Other\", \"size\": 5, \"order\": \"desc\", \"missingBucket\": false, \"field\": \"log.level\", \"orderBy\": \"1\"}, \"type\": \"terms\", \"enabled\": true, \"schema\": \"segment\", \"id\": \"2\"}], \"params\": {\"dimensions\": {\"buckets\": [{\"label\": \"log.level: Descending\", \"aggType\": \"terms\", \"accessor\": 0, \"format\": {\"params\": {\"missingBucketLabel\": \"Missing\", \"parsedUrl\": {\"pathname\": \"/app/kibana\", \"origin\": \"http://192.168.1.48:5601\", \"basePath\": \"\"}, \"otherBucketLabel\": \"Other\", \"id\": \"string\"}, \"id\": \"terms\"}, \"params\": {}}], \"metric\": {\"label\": \"Count\", \"aggType\": \"count\", \"accessor\": 1, \"format\": {\"id\": \"number\"}, \"params\": {}}}, \"labels\": {\"show\": false, \"values\": false, \"truncate\": 100, \"last_level\": false}, \"addTooltip\": true, \"isDonut\": false, \"legendPosition\": \"right\", \"type\": \"pie\", \"addLegend\": true}, \"type\": \"pie\", \"title\": \"Event Levels [Winlogbeat powershell]\"}"
            },
            "id": "fbb025e0-9e7c-11ea-af6f-cfdb1ee1d6c8",
            "migrationVersion": {
                "visualization": "7.4.2"
            },
            "references": [
                {
                    "id": "winlogbeat-*",
                    "name": "kibanaSavedObjectMeta.searchSourceJSON.index",
                    "type": "index-pattern"
                }
            ],
            "type": "visualization",
            "updated_at": "2020-05-26T12:55:23.284Z",
            "version": "Wzg2LDFd"
        },
        {
            "attributes": {
                "description": "",
                "kibanaSavedObjectMeta": {
                    "searchSourceJSON": "{\"indexRefName\": \"kibanaSavedObjectMeta.searchSourceJSON.index\", \"filter\": [], \"query\": {\"language\": \"kuery\", \"query\": \"winlog.provider_name : \\\"PowerShell\\\" or winlog.provider_name : \\\"Microsoft-Windows-PowerShell\\\" \"}}"
                },
                "title": "Engine and Command started[Winlogbeat powershell]",
                "uiStateJSON": "{\"vis\": {\"colors\": {\"*\": \"#EAB839\", \"Engine stopped\": \"#BF1B00\"}}}",
                "version": 1,
                "visState": "{\"aggs\": [{\"params\": {}, \"type\": \"count\", \"enabled\": true, \"schema\": \"metric\", \"id\": \"1\"}, {\"params\": {\"min_doc_count\": 1, \"drop_partials\": false, \"scaleMetricValues\": false, \"useNormalizedEsInterval\": true, \"field\": \"@timestamp\", \"interval\": \"auto\", \"extended_bounds\": {}, \"timeRange\": {\"from\": \"now-1d\", \"to\": \"now\"}}, \"type\": \"date_histogram\", \"enabled\": true, \"schema\": \"segment\", \"id\": \"2\"}, {\"params\": {\"filters\": [{\"input\": {\"language\": \"kuery\", \"query\": \"event.code: \\\"400\\\" \"}, \"label\": \"Engine started\"}, {\"input\": {\"language\": \"kuery\", \"query\": \"event.code: \\\"4105\\\"  \"}, \"label\": \"Command started\"}]}, \"type\": \"filters\", \"enabled\": true, \"schema\": \"group\", \"id\": \"4\"}], \"params\": {\"dimensions\": {\"series\": [{\"label\": \"filters\", \"aggType\": \"filters\", \"accessor\": 1, \"format\": {}, \"params\": {}}], \"x\": {\"label\": \"@timestamp per 30 minutes\", \"aggType\": \"date_histogram\", \"accessor\": 0, \"format\": {\"params\": {\"pattern\": \"HH:mm\"}, \"id\": \"date\"}, \"params\": {\"intervalESValue\": 30, \"format\": \"HH:mm\", \"bounds\": {\"min\": \"2020-05-25T09:14:29.996Z\", \"max\": \"2020-05-26T09:14:29.996Z\"}, \"intervalESUnit\": \"m\", \"interval\": \"PT30M\", \"date\": true}}, \"y\": [{\"label\": \"Count\", \"aggType\": \"count\", \"accessor\": 2, \"format\": {\"id\": \"number\"}, \"params\": {}}]}, \"labels\": {}, \"addTooltip\": true, \"legendPosition\": \"right\", \"times\": [], \"addTimeMarker\": false, \"seriesParams\": [{\"mode\": \"normal\", \"drawLinesBetweenPoints\": true, \"lineWidth\": 2, \"valueAxis\": \"ValueAxis-1\", \"data\": {\"label\": \"Count\", \"id\": \"1\"}, \"show\": true, \"type\": \"line\", \"interpolate\": \"linear\", \"showCircles\": true}], \"grid\": {\"categoryLines\": false}, \"thresholdLine\": {\"show\": false, \"width\": 1, \"style\": \"full\", \"value\": 10, \"color\": \"#E7664C\"}, \"categoryAxes\": [{\"labels\": {\"show\": true, \"truncate\": 100, \"filter\": true}, \"title\": {}, \"style\": {}, \"position\": \"bottom\", \"show\": true, \"scale\": {\"type\": \"linear\"}, \"id\": \"CategoryAxis-1\", \"type\": \"category\"}], \"valueAxes\": [{\"name\": \"LeftAxis-1\", \"labels\": {\"rotate\": 0, \"show\": true, \"truncate\": 100, \"filter\": true}, \"title\": {\"text\": \"Count\"}, \"style\": {}, \"position\": \"left\", \"show\": true, \"scale\": {\"mode\": \"normal\", \"type\": \"log\", \"defaultYExtents\": false, \"setYExtents\": false}, \"id\": \"ValueAxis-1\", \"type\": \"value\"}], \"addLegend\": true, \"type\": \"line\"}, \"type\": \"line\", \"title\": \"Engine and Command started[Winlogbeat powershell]\"}"
            },
            "id": "7adbce50-9e96-11ea-af6f-cfdb1ee1d6c8",
            "migrationVersion": {
                "visualization": "7.4.2"
            },
            "references": [
                {
                    "id": "winlogbeat-*",
                    "name": "kibanaSavedObjectMeta.searchSourceJSON.index",
                    "type": "index-pattern"
                }
            ],
            "type": "visualization",
            "updated_at": "2020-05-26T12:55:23.284Z",
            "version": "Wzg3LDFd"
        },
        {
            "attributes": {
                "description": "",
                "kibanaSavedObjectMeta": {
                    "searchSourceJSON": "{\"indexRefName\": \"kibanaSavedObjectMeta.searchSourceJSON.index\", \"filter\": [], \"query\": {\"language\": \"kuery\", \"query\": \"winlog.provider_name : \\\"PowerShell\\\" or winlog.provider_name : \\\"Microsoft-Windows-PowerShell\\\" \"}}"
                },
                "title": "Top active hosts [Winlogbeat powershell]",
                "uiStateJSON": "{\"vis\": {\"params\": {\"sort\": {\"direction\": null, \"columnIndex\": null}}}}",
                "version": 1,
                "visState": "{\"aggs\": [{\"params\": {}, \"type\": \"count\", \"enabled\": true, \"schema\": \"metric\", \"id\": \"1\"}, {\"params\": {\"missingBucketLabel\": \"Missing\", \"otherBucket\": false, \"otherBucketLabel\": \"Other\", \"size\": 10, \"order\": \"desc\", \"missingBucket\": false, \"field\": \"host.name\", \"orderBy\": \"1\"}, \"type\": \"terms\", \"enabled\": true, \"schema\": \"bucket\", \"id\": \"2\"}], \"params\": {\"percentageCol\": \"\", \"dimensions\": {\"buckets\": [], \"metrics\": [{\"label\": \"Count\", \"aggType\": \"count\", \"accessor\": 0, \"format\": {\"id\": \"number\"}, \"params\": {}}]}, \"showTotal\": false, \"sort\": {\"direction\": null, \"columnIndex\": null}, \"showPartialRows\": false, \"showMetricsAtAllLevels\": false, \"perPage\": 10, \"totalFunc\": \"sum\"}, \"type\": \"table\", \"title\": \"Top active hosts [Winlogbeat powershell]\"}"
            },
            "id": "70751050-9f33-11ea-bef1-95118e62a7c1",
            "migrationVersion": {
                "visualization": "7.4.2"
            },
            "references": [
                {
                    "id": "winlogbeat-*",
                    "name": "kibanaSavedObjectMeta.searchSourceJSON.index",
                    "type": "index-pattern"
                }
            ],
            "type": "visualization",
            "updated_at": "2020-05-26T12:55:23.284Z",
            "version": "Wzg4LDFd"
        },
        {
            "attributes": {
                "description": "",
                "kibanaSavedObjectMeta": {
                    "searchSourceJSON": "{\"indexRefName\": \"kibanaSavedObjectMeta.searchSourceJSON.index\", \"filter\": [{\"$state\": {\"store\": \"appState\"}, \"meta\": {\"indexRefName\": \"kibanaSavedObjectMeta.searchSourceJSON.filter[0].meta.index\", \"negate\": false, \"alias\": null, \"params\": {\"query\": \"CommandInvocation\"}, \"disabled\": false, \"key\": \"powershell.command.invocation_details.type\", \"type\": \"phrase\"}, \"query\": {\"match_phrase\": {\"powershell.command.invocation_details.type\": \"CommandInvocation\"}}}], \"query\": {\"language\": \"kuery\", \"query\": \"winlog.provider_name : \\\"PowerShell\\\" or winlog.provider_name : \\\"Microsoft-Windows-PowerShell\\\" \"}}"
                },
                "title": "Top Invoked Commands [Winlogbeat powershell]",
                "uiStateJSON": "{}",
                "version": 1,
                "visState": "{\"aggs\": [{\"params\": {}, \"type\": \"count\", \"enabled\": true, \"schema\": \"metric\", \"id\": \"1\"}, {\"params\": {\"missingBucketLabel\": \"Missing\", \"otherBucket\": false, \"otherBucketLabel\": \"Other\", \"size\": 10, \"order\": \"desc\", \"missingBucket\": false, \"field\": \"powershell.command.name\", \"orderBy\": \"1\"}, \"type\": \"terms\", \"enabled\": true, \"schema\": \"segment\", \"id\": \"2\"}], \"params\": {\"dimensions\": {\"buckets\": [{\"label\": \"powershell.command.invocation_details.related_command: Descending\", \"aggType\": \"terms\", \"accessor\": 0, \"format\": {\"params\": {\"missingBucketLabel\": \"Missing\", \"parsedUrl\": {\"pathname\": \"/app/kibana\", \"origin\": \"http://192.168.1.48:5601\", \"basePath\": \"\"}, \"otherBucketLabel\": \"Other\", \"id\": \"string\"}, \"id\": \"terms\"}, \"params\": {}}], \"metric\": {\"label\": \"Count\", \"aggType\": \"count\", \"accessor\": 1, \"format\": {\"id\": \"number\"}, \"params\": {}}}, \"labels\": {\"show\": false, \"values\": true, \"truncate\": 100, \"last_level\": false}, \"addTooltip\": true, \"isDonut\": false, \"legendPosition\": \"right\", \"type\": \"pie\", \"addLegend\": true}, \"type\": \"pie\", \"title\": \"Top Invoked Commands [Winlogbeat powershell]\"}"
            },
            "id": "b0c5d570-9e7c-11ea-af6f-cfdb1ee1d6c8",
            "migrationVersion": {
                "visualization": "7.4.2"
            },
            "references": [
                {
                    "id": "winlogbeat-*",
                    "name": "kibanaSavedObjectMeta.searchSourceJSON.index",
                    "type": "index-pattern"
                },
                {
                    "id": "winlogbeat-*",
                    "name": "kibanaSavedObjectMeta.searchSourceJSON.filter[0].meta.index",
                    "type": "index-pattern"
                }
            ],
            "type": "visualization",
            "updated_at": "2020-05-26T12:55:23.284Z",
            "version": "Wzg5LDFd"
        },
        {
            "attributes": {
                "description": "",
                "kibanaSavedObjectMeta": {
                    "searchSourceJSON": "{\"indexRefName\": \"kibanaSavedObjectMeta.searchSourceJSON.index\", \"filter\": [], \"query\": {\"language\": \"kuery\", \"query\": \"winlog.provider_name : \\\"PowerShell\\\" or winlog.provider_name : \\\"Microsoft-Windows-PowerShell\\\" \"}}"
                },
                "title": "Started providers [Winlogbeat powershell]",
                "uiStateJSON": "{}",
                "version": 1,
                "visState": "{\"aggs\": [{\"params\": {}, \"type\": \"count\", \"enabled\": true, \"schema\": \"metric\", \"id\": \"1\"}, {\"params\": {\"missingBucketLabel\": \"Missing\", \"otherBucket\": false, \"otherBucketLabel\": \"Other\", \"size\": 10, \"order\": \"desc\", \"missingBucket\": false, \"field\": \"powershell.provider.name\", \"orderBy\": \"1\"}, \"type\": \"terms\", \"enabled\": true, \"schema\": \"segment\", \"id\": \"2\"}], \"params\": {\"dimensions\": {\"buckets\": [{\"label\": \"powershell.provider.name: Descending\", \"aggType\": \"terms\", \"accessor\": 0, \"format\": {\"params\": {\"missingBucketLabel\": \"Missing\", \"parsedUrl\": {\"pathname\": \"/app/kibana\", \"origin\": \"http://192.168.1.48:5601\", \"basePath\": \"\"}, \"otherBucketLabel\": \"Other\", \"id\": \"string\"}, \"id\": \"terms\"}, \"params\": {}}], \"metric\": {\"label\": \"Count\", \"aggType\": \"count\", \"accessor\": 1, \"format\": {\"id\": \"number\"}, \"params\": {}}}, \"labels\": {\"show\": false, \"values\": false, \"truncate\": 100, \"last_level\": false}, \"addTooltip\": true, \"isDonut\": false, \"legendPosition\": \"right\", \"type\": \"pie\", \"addLegend\": true}, \"type\": \"pie\", \"title\": \"Started providers [Winlogbeat powershell]\"}"
            },
            "id": "c0945210-9e8b-11ea-af6f-cfdb1ee1d6c8",
            "migrationVersion": {
                "visualization": "7.4.2"
            },
            "references": [
                {
                    "id": "winlogbeat-*",
                    "name": "kibanaSavedObjectMeta.searchSourceJSON.index",
                    "type": "index-pattern"
                }
            ],
            "type": "visualization",
            "updated_at": "2020-05-26T12:55:23.284Z",
            "version": "WzkwLDFd"
        },
        {
            "attributes": {
                "columns": [
                    "event.code",
                    "powershell.engine.version",
                    "powershell.runspace_id",
                    "process.args",
                    "powershell.command.invocation_details",
                    "powershell.file.script_block_text"
                ],
                "description": "",
                "hits": 0,
                "kibanaSavedObjectMeta": {
                    "searchSourceJSON": "{\"highlightAll\": true, \"indexRefName\": \"kibanaSavedObjectMeta.searchSourceJSON.index\", \"version\": true, \"filter\": [], \"query\": {\"language\": \"kuery\", \"query\": \"(winlog.provider_name : \\\"PowerShell\\\" or winlog.provider_name : \\\"Microsoft-Windows-PowerShell\\\" )\"}}"
                },
                "sort": [
                    [
                        "@timestamp",
                        "desc"
                    ]
                ],
                "title": "Details [Winlogbeat powershell]",
                "version": 1
            },
            "id": "11a61760-9f27-11ea-bef1-95118e62a7c1",
            "migrationVersion": {
                "search": "7.4.0"
            },
            "references": [
                {
                    "id": "winlogbeat-*",
                    "name": "kibanaSavedObjectMeta.searchSourceJSON.index",
                    "type": "index-pattern"
                }
            ],
            "type": "search",
            "updated_at": "2020-05-26T12:55:23.284Z",
            "version": "WzkxLDFd"
        }
    ],
    "version": "7.6.0"
}