{
    "objects": [
        {
            "attributes": {
                "description": "Overview of all Windows Event Logs.",
                "hits": 0,
                "kibanaSavedObjectMeta": {
                    "searchSourceJSON": "{\"filter\": [], \"query\": {\"language\": \"kuery\", \"query\": \"\"}}"
                },
                "optionsJSON": "{\"darkTheme\": false}",
                "panelsJSON": "[{\"version\": \"7.0.0-SNAPSHOT\", \"panelIndex\": \"1\", \"panelRefName\": \"panel_0\", \"gridData\": {\"x\": 12, \"y\": 0, \"i\": \"1\", \"w\": 36, \"h\": 20}}, {\"version\": \"7.0.0-SNAPSHOT\", \"panelIndex\": \"3\", \"panelRefName\": \"panel_1\", \"gridData\": {\"x\": 0, \"y\": 0, \"i\": \"3\", \"w\": 12, \"h\": 20}}, {\"version\": \"7.0.0-SNAPSHOT\", \"panelIndex\": \"4\", \"panelRefName\": \"panel_2\", \"embeddableConfig\": {\"vis\": {\"params\": {\"sort\": {\"direction\": null, \"columnIndex\": null}}}}, \"gridData\": {\"x\": 16, \"y\": 20, \"i\": \"4\", \"w\": 16, \"h\": 20}}, {\"version\": \"7.0.0-SNAPSHOT\", \"panelIndex\": \"5\", \"panelRefName\": \"panel_3\", \"gridData\": {\"x\": 32, \"y\": 20, \"i\": \"5\", \"w\": 16, \"h\": 20}}, {\"version\": \"7.0.0-SNAPSHOT\", \"panelIndex\": \"6\", \"panelRefName\": \"panel_4\", \"gridData\": {\"x\": 0, \"y\": 20, \"i\": \"6\", \"w\": 16, \"h\": 20}}]",
                "timeRestore": false,
                "title": "[Winlogbeat] Overview",
                "version": 1
            },
            "id": "Winlogbeat-Dashboard-ecs",
            "migrationVersion": {
                "dashboard": "7.0.0"
            },
            "references": [
                {
                    "id": "Number-of-Events-Over-Time-By-Event-Log-ecs",
                    "name": "panel_0",
                    "type": "visualization"
                },
                {
                    "id": "Number-of-Events-ecs",
                    "name": "panel_1",
                    "type": "visualization"
                },
                {
                    "id": "Top-Event-IDs-ecs",
                    "name": "panel_2",
                    "type": "visualization"
                },
                {
                    "id": "Event-Levels-ecs",
                    "name": "panel_3",
                    "type": "visualization"
                },
                {
                    "id": "Sources-ecs",
                    "name": "panel_4",
                    "type": "visualization"
                }
            ],
            "type": "dashboard",
            "updated_at": "2019-02-05T19:56:19.932Z",
            "version": 7
        },
        {
            "attributes": {
                "description": "",
                "kibanaSavedObjectMeta": {
                    "searchSourceJSON": "{\"indexRefName\": \"kibanaSavedObjectMeta.searchSourceJSON.index\", \"filter\": [], \"query\": {\"language\": \"kuery\", \"query\": \"\"}}"
                },
                "title": "Number of Events Over Time By Channel [Winlogbeat Overview]",
                "uiStateJSON": "{}",
                "version": 1,
                "visState": "{\"aggs\": [{\"params\": {}, \"type\": \"count\", \"enabled\": true, \"schema\": \"metric\", \"id\": \"1\"}, {\"params\": {\"min_doc_count\": 1, \"drop_partials\": false, \"customInterval\": \"2h\", \"time_zone\": \"America/Montreal\", \"useNormalizedEsInterval\": true, \"field\": \"@timestamp\", \"interval\": \"auto\", \"extended_bounds\": {}, \"timeRange\": {\"mode\": \"relative\", \"from\": \"now-15d\", \"to\": \"now\"}}, \"type\": \"date_histogram\", \"enabled\": true, \"schema\": \"segment\", \"id\": \"2\"}, {\"params\": {\"missingBucketLabel\": \"Missing\", \"otherBucket\": false, \"otherBucketLabel\": \"Other\", \"size\": 6, \"order\": \"desc\", \"missingBucket\": false, \"field\": \"winlog.channel\", \"orderBy\": \"1\", \"customLabel\": \"Channel\"}, \"type\": \"terms\", \"enabled\": true, \"schema\": \"group\", \"id\": \"3\"}], \"params\": {\"dimensions\": {\"series\": [{\"params\": {}, \"aggType\": \"terms\", \"accessor\": 1, \"format\": {\"params\": {\"missingBucketLabel\": \"Missing\", \"otherBucketLabel\": \"Other\", \"id\": \"string\"}, \"id\": \"terms\"}}], \"x\": {\"params\": {\"bounds\": {\"min\": \"2019-01-21T04:30:25.961Z\", \"max\": \"2019-02-05T04:30:25.961Z\"}, \"interval\": 43200000, \"date\": true, \"format\": \"YYYY-MM-DD HH:mm\"}, \"aggType\": \"date_histogram\", \"accessor\": 0, \"format\": {\"params\": {\"pattern\": \"YYYY-MM-DD HH:mm\"}, \"id\": \"date\"}}, \"y\": [{\"params\": {}, \"aggType\": \"count\", \"accessor\": 2, \"format\": {\"id\": \"number\"}}]}, \"addTooltip\": true, \"legendPosition\": \"right\", \"setYExtents\": false, \"addTimeMarker\": false, \"seriesParams\": [{\"data\": {\"label\": \"Count\", \"id\": \"1\"}, \"mode\": \"stacked\", \"type\": \"histogram\", \"valueAxis\": \"ValueAxis-1\", \"show\": \"true\"}], \"yAxis\": {}, \"type\": \"histogram\", \"grid\": {\"style\": {\"color\": \"#eee\"}, \"categoryLines\": false}, \"mode\": \"stacked\", \"categoryAxes\": [{\"labels\": {\"show\": true, \"truncate\": 100}, \"title\": {}, \"style\": {}, \"position\": \"bottom\", \"show\": true, \"scale\": {\"type\": \"linear\"}, \"id\": \"CategoryAxis-1\", \"type\": \"category\"}], \"valueAxes\": [{\"name\": \"LeftAxis-1\", \"labels\": {\"rotate\": 0, \"show\": true, \"truncate\": 100, \"filter\": false}, \"title\": {\"text\": \"Count\"}, \"style\": {}, \"position\": \"left\", \"show\": true, \"scale\": {\"mode\": \"normal\", \"type\": \"linear\", \"defaultYExtents\": false, \"setYExtents\": false}, \"id\": \"ValueAxis-1\", \"type\": \"value\"}], \"times\": [], \"shareYAxis\": true, \"addLegend\": true, \"scale\": \"linear\", \"defaultYExtents\": false}, \"type\": \"histogram\", \"title\": \"Number of Events Over Time By Channel [Winlogbeat Overview]\"}"
            },
            "id": "Number-of-Events-Over-Time-By-Event-Log-ecs",
            "migrationVersion": {
                "visualization": "7.0.0"
            },
            "references": [
                {
                    "id": "winlogbeat-*",
                    "name": "kibanaSavedObjectMeta.searchSourceJSON.index",
                    "type": "index-pattern"
                }
            ],
            "type": "visualization",
            "updated_at": "2019-02-05T19:56:19.932Z",
            "version": 7
        },
        {
            "attributes": {
                "description": "",
                "kibanaSavedObjectMeta": {
                    "searchSourceJSON": "{\"indexRefName\": \"kibanaSavedObjectMeta.searchSourceJSON.index\", \"filter\": [], \"query\": {\"language\": \"kuery\", \"query\": \"\"}}"
                },
                "title": "Number of Events [Winlogbeat Overview]",
                "uiStateJSON": "{}",
                "version": 1,
                "visState": "{\"aggs\": [{\"params\": {}, \"type\": \"count\", \"schema\": \"metric\", \"id\": \"1\"}], \"params\": {\"fontSize\": 60}, \"type\": \"metric\", \"listeners\": {}}"
            },
            "id": "Number-of-Events-ecs",
            "migrationVersion": {
                "visualization": "7.0.0"
            },
            "references": [
                {
                    "id": "winlogbeat-*",
                    "name": "kibanaSavedObjectMeta.searchSourceJSON.index",
                    "type": "index-pattern"
                }
            ],
            "type": "visualization",
            "updated_at": "2019-02-05T19:56:19.932Z",
            "version": 7
        },
        {
            "attributes": {
                "description": "",
                "kibanaSavedObjectMeta": {
                    "searchSourceJSON": "{\"indexRefName\": \"kibanaSavedObjectMeta.searchSourceJSON.index\", \"filter\": [], \"query\": {\"language\": \"kuery\", \"query\": \"\"}}"
                },
                "title": "Top Event IDs [Winlogbeat Overview]",
                "uiStateJSON": "{\"vis\": {\"params\": {\"sort\": {\"direction\": null, \"columnIndex\": null}}}}",
                "version": 1,
                "visState": "{\"aggs\": [{\"params\": {}, \"type\": \"count\", \"enabled\": true, \"schema\": \"metric\", \"id\": \"1\"}, {\"params\": {\"missingBucketLabel\": \"Missing\", \"otherBucket\": false, \"otherBucketLabel\": \"Other\", \"size\": 5, \"order\": \"desc\", \"missingBucket\": false, \"field\": \"winlog.event_id\", \"orderBy\": \"1\", \"customLabel\": \"Event IDs\"}, \"type\": \"terms\", \"enabled\": true, \"schema\": \"bucket\", \"id\": \"2\"}], \"params\": {\"dimensions\": {\"buckets\": [{\"params\": {}, \"aggType\": \"terms\", \"accessor\": 0, \"format\": {\"params\": {\"missingBucketLabel\": \"Missing\", \"otherBucketLabel\": \"Other\", \"id\": \"string\"}, \"id\": \"terms\"}}], \"metrics\": [{\"params\": {}, \"aggType\": \"count\", \"accessor\": 1, \"format\": {\"id\": \"number\"}}]}, \"showPartialRows\": false, \"sort\": {\"direction\": null, \"columnIndex\": null}, \"showTotal\": false, \"showMetricsAtAllLevels\": false, \"perPage\": 10, \"totalFunc\": \"sum\"}, \"type\": \"table\", \"title\": \"Top Event IDs [Winlogbeat Overview]\"}"
            },
            "id": "Top-Event-IDs-ecs",
            "migrationVersion": {
                "visualization": "7.0.0"
            },
            "references": [
                {
                    "id": "winlogbeat-*",
                    "name": "kibanaSavedObjectMeta.searchSourceJSON.index",
                    "type": "index-pattern"
                }
            ],
            "type": "visualization",
            "updated_at": "2019-02-05T19:56:19.932Z",
            "version": 7
        },
        {
            "attributes": {
                "description": "",
                "kibanaSavedObjectMeta": {
                    "searchSourceJSON": "{\"indexRefName\": \"kibanaSavedObjectMeta.searchSourceJSON.index\", \"filter\": [], \"query\": {\"language\": \"kuery\", \"query\": \"\"}}"
                },
                "title": "Event Levels [Winlogbeat Overview]",
                "uiStateJSON": "{\"vis\": {\"params\": {\"sort\": {\"direction\": null, \"columnIndex\": null}}}}",
                "version": 1,
                "visState": "{\"aggs\": [{\"params\": {}, \"type\": \"count\", \"enabled\": true, \"schema\": \"metric\", \"id\": \"1\"}, {\"params\": {\"missingBucketLabel\": \"Missing\", \"otherBucket\": false, \"otherBucketLabel\": \"Other\", \"size\": 5, \"order\": \"desc\", \"missingBucket\": false, \"field\": \"log.level\", \"orderBy\": \"1\", \"customLabel\": \"Log Levels\"}, \"type\": \"terms\", \"enabled\": true, \"schema\": \"bucket\", \"id\": \"2\"}], \"params\": {\"dimensions\": {\"buckets\": [{\"params\": {}, \"aggType\": \"terms\", \"accessor\": 0, \"format\": {\"params\": {\"missingBucketLabel\": \"Missing\", \"otherBucketLabel\": \"Other\", \"id\": \"string\"}, \"id\": \"terms\"}}], \"metrics\": [{\"params\": {}, \"aggType\": \"count\", \"accessor\": 1, \"format\": {\"id\": \"number\"}}]}, \"showPartialRows\": false, \"sort\": {\"direction\": null, \"columnIndex\": null}, \"showTotal\": false, \"showMetricsAtAllLevels\": false, \"perPage\": 10, \"totalFunc\": \"sum\"}, \"type\": \"table\", \"title\": \"Event Levels [Winlogbeat Overview]\"}"
            },
            "id": "Event-Levels-ecs",
            "migrationVersion": {
                "visualization": "7.0.0"
            },
            "references": [
                {
                    "id": "winlogbeat-*",
                    "name": "kibanaSavedObjectMeta.searchSourceJSON.index",
                    "type": "index-pattern"
                }
            ],
            "type": "visualization",
            "updated_at": "2019-02-05T19:56:19.932Z",
            "version": 7
        },
        {
            "attributes": {
                "description": "",
                "kibanaSavedObjectMeta": {
                    "searchSourceJSON": "{\"indexRefName\": \"kibanaSavedObjectMeta.searchSourceJSON.index\", \"filter\": [], \"query\": {\"language\": \"kuery\", \"query\": \"\"}}"
                },
                "title": "Sources (Provider Names) [Winlogbeat Overview]",
                "uiStateJSON": "{}",
                "version": 1,
                "visState": "{\"aggs\": [{\"params\": {}, \"type\": \"count\", \"enabled\": true, \"schema\": \"metric\", \"id\": \"1\"}, {\"params\": {\"missingBucketLabel\": \"Missing\", \"otherBucket\": false, \"otherBucketLabel\": \"Other\", \"size\": 7, \"order\": \"desc\", \"missingBucket\": false, \"field\": \"winlog.provider_name\", \"orderBy\": \"1\"}, \"type\": \"terms\", \"enabled\": true, \"schema\": \"segment\", \"id\": \"2\"}], \"params\": {\"labels\": {\"show\": false, \"values\": true, \"truncate\": 100, \"last_level\": true}, \"isDonut\": false, \"addTooltip\": true, \"legendPosition\": \"right\", \"shareYAxis\": true, \"addLegend\": true, \"type\": \"pie\"}, \"type\": \"pie\", \"title\": \"Sources (Provider Names) [Winlogbeat Overview]\"}"
            },
            "id": "Sources-ecs",
            "migrationVersion": {
                "visualization": "7.0.0"
            },
            "references": [
                {
                    "id": "winlogbeat-*",
                    "name": "kibanaSavedObjectMeta.searchSourceJSON.index",
                    "type": "index-pattern"
                }
            ],
            "type": "visualization",
            "updated_at": "2019-02-05T19:56:19.932Z",
            "version": 7
        }
    ],
    "version": "7.0.0-SNAPSHOT"
}